trade	UNKNOWN STEP	﻿2026-05-12T11:39:23.1240432Z Current runner version: '2.334.0'
2026-05-12T11:39:23.1306384Z ##[group]Runner Image Provisioner
2026-05-12T11:39:23.1307752Z Hosted Compute Agent
2026-05-12T11:39:23.1308711Z Version: 20260213.493
2026-05-12T11:39:23.1309980Z Commit: 5c115507f6dd24b8de37d8bbe0bb4509d0cc0fa3
2026-05-12T11:39:23.1311174Z Build Date: 2026-02-13T00:28:41Z
2026-05-12T11:39:23.1312208Z Worker ID: {64fd0dcf-bf02-4137-9431-81207e35eafe}
2026-05-12T11:39:23.1313465Z Azure Region: centralus
2026-05-12T11:39:23.1314429Z ##[endgroup]
2026-05-12T11:39:23.1316278Z ##[group]Operating System
2026-05-12T11:39:23.1317434Z Ubuntu
2026-05-12T11:39:23.1318217Z 24.04.4
2026-05-12T11:39:23.1319171Z LTS
2026-05-12T11:39:23.1327860Z ##[endgroup]
2026-05-12T11:39:23.1328746Z ##[group]Runner Image
2026-05-12T11:39:23.1330056Z Image: ubuntu-24.04
2026-05-12T11:39:23.1331052Z Version: 20260413.86.1
2026-05-12T11:39:23.1333426Z Included Software: https://github.com/actions/runner-images/blob/ubuntu24/20260413.86/images/ubuntu/Ubuntu2404-Readme.md
2026-05-12T11:39:23.1335983Z Image Release: https://github.com/actions/runner-images/releases/tag/ubuntu24%2F20260413.86
2026-05-12T11:39:23.1338150Z ##[endgroup]
2026-05-12T11:39:23.1340175Z ##[group]GITHUB_TOKEN Permissions
2026-05-12T11:39:23.1343122Z Contents: write
2026-05-12T11:39:23.1343933Z Metadata: read
2026-05-12T11:39:23.1344730Z ##[endgroup]
2026-05-12T11:39:23.1347891Z Secret source: Actions
2026-05-12T11:39:23.1349674Z Prepare workflow directory
2026-05-12T11:39:23.1967293Z Prepare all required actions
2026-05-12T11:39:23.2073265Z Getting action download info
2026-05-12T11:39:23.7827925Z Download action repository 'actions/checkout@v4' (SHA:34e114876b0b11c390a56381ad16ebd13914f8d5)
2026-05-12T11:39:24.5154320Z Download action repository 'actions/setup-python@v5' (SHA:a26af69be951a213d495a4c3e4e4022e16d87065)
2026-05-12T11:39:24.9990731Z Download action repository 'actions/cache@v4' (SHA:0057852bfaa89a56745cba8c7296529d2fc39830)
2026-05-12T11:39:25.5581536Z Download action repository 'actions/upload-artifact@v4' (SHA:ea165f8d65b6e75b540449e92b4886f43607fa02)
2026-05-12T11:39:25.8292544Z Complete job name: trade
2026-05-12T11:39:25.8971282Z ##[group]Run actions/checkout@v4
2026-05-12T11:39:25.8971872Z with:
2026-05-12T11:39:25.8972133Z   fetch-depth: 1
2026-05-12T11:39:25.8972756Z   token: ***
2026-05-12T11:39:25.8973039Z   repository: Southpaw3234/Quant-Terminal
2026-05-12T11:39:25.8973374Z   ssh-strict: true
2026-05-12T11:39:25.8973634Z   ssh-user: git
2026-05-12T11:39:25.8973903Z   persist-credentials: true
2026-05-12T11:39:25.8974201Z   clean: true
2026-05-12T11:39:25.8974470Z   sparse-checkout-cone-mode: true
2026-05-12T11:39:25.8974797Z   fetch-tags: false
2026-05-12T11:39:25.8975077Z   show-progress: true
2026-05-12T11:39:25.8975339Z   lfs: false
2026-05-12T11:39:25.8975583Z   submodules: false
2026-05-12T11:39:25.8975846Z   set-safe-directory: true
2026-05-12T11:39:25.8976301Z ##[endgroup]
2026-05-12T11:39:26.0147340Z Syncing repository: Southpaw3234/Quant-Terminal
2026-05-12T11:39:26.0153116Z ##[group]Getting Git version info
2026-05-12T11:39:26.0154144Z Working directory is '/home/runner/work/Quant-Terminal/Quant-Terminal'
2026-05-12T11:39:26.0156093Z [command]/usr/bin/git version
2026-05-12T11:39:26.0211566Z git version 2.53.0
2026-05-12T11:39:26.0238322Z ##[endgroup]
2026-05-12T11:39:26.0261538Z Temporarily overriding HOME='/home/runner/work/_temp/b6a64b51-6216-43a5-bb04-988a16979b12' before making global git config changes
2026-05-12T11:39:26.0263292Z Adding repository directory to the temporary git global config as a safe directory
2026-05-12T11:39:26.0275631Z [command]/usr/bin/git config --global --add safe.directory /home/runner/work/Quant-Terminal/Quant-Terminal
2026-05-12T11:39:26.0310482Z Deleting the contents of '/home/runner/work/Quant-Terminal/Quant-Terminal'
2026-05-12T11:39:26.0314833Z ##[group]Initializing the repository
2026-05-12T11:39:26.0319841Z [command]/usr/bin/git init /home/runner/work/Quant-Terminal/Quant-Terminal
2026-05-12T11:39:26.0407306Z hint: Using 'master' as the name for the initial branch. This default branch name
2026-05-12T11:39:26.0411669Z hint: will change to "main" in Git 3.0. To configure the initial branch name
2026-05-12T11:39:26.0412951Z hint: to use in all of your new repositories, which will suppress this warning,
2026-05-12T11:39:26.0416313Z hint: call:
2026-05-12T11:39:26.0416708Z hint:
2026-05-12T11:39:26.0417243Z hint: 	git config --global init.defaultBranch <name>
2026-05-12T11:39:26.0417830Z hint:
2026-05-12T11:39:26.0418351Z hint: Names commonly chosen instead of 'master' are 'main', 'trunk' and
2026-05-12T11:39:26.0419201Z hint: 'development'. The just-created branch can be renamed via this command:
2026-05-12T11:39:26.0420074Z hint:
2026-05-12T11:39:26.0420435Z hint: 	git branch -m <name>
2026-05-12T11:39:26.0420851Z hint:
2026-05-12T11:39:26.0421412Z hint: Disable this message with "git config set advice.defaultBranchName false"
2026-05-12T11:39:26.0422387Z Initialized empty Git repository in /home/runner/work/Quant-Terminal/Quant-Terminal/.git/
2026-05-12T11:39:26.0424242Z [command]/usr/bin/git remote add origin https://github.com/Southpaw3234/Quant-Terminal
2026-05-12T11:39:26.0443101Z ##[endgroup]
2026-05-12T11:39:26.0444168Z ##[group]Disabling automatic garbage collection
2026-05-12T11:39:26.0445810Z [command]/usr/bin/git config --local gc.auto 0
2026-05-12T11:39:26.0475899Z ##[endgroup]
2026-05-12T11:39:26.0477224Z ##[group]Setting up auth
2026-05-12T11:39:26.0483370Z [command]/usr/bin/git config --local --name-only --get-regexp core\.sshCommand
2026-05-12T11:39:26.0517150Z [command]/usr/bin/git submodule foreach --recursive sh -c "git config --local --name-only --get-regexp 'core\.sshCommand' && git config --local --unset-all 'core.sshCommand' || :"
2026-05-12T11:39:26.0819915Z [command]/usr/bin/git config --local --name-only --get-regexp http\.https\:\/\/github\.com\/\.extraheader
2026-05-12T11:39:26.0871719Z [command]/usr/bin/git submodule foreach --recursive sh -c "git config --local --name-only --get-regexp 'http\.https\:\/\/github\.com\/\.extraheader' && git config --local --unset-all 'http.https://github.com/.extraheader' || :"
2026-05-12T11:39:26.1223941Z [command]/usr/bin/git config --local --name-only --get-regexp ^includeIf\.gitdir:
2026-05-12T11:39:26.1233639Z [command]/usr/bin/git submodule foreach --recursive git config --local --show-origin --name-only --get-regexp remote.origin.url
2026-05-12T11:39:26.1456490Z [command]/usr/bin/git config --local http.https://github.com/.extraheader AUTHORIZATION: basic ***
2026-05-12T11:39:26.1494916Z ##[endgroup]
2026-05-12T11:39:26.1496074Z ##[group]Fetching the repository
2026-05-12T11:39:26.1505372Z [command]/usr/bin/git -c protocol.version=2 fetch --no-tags --prune --no-recurse-submodules --depth=1 origin +de8a6d4149647ad01aaef7df29fc9c1ca4b5cf59:refs/remotes/origin/master
2026-05-12T11:39:26.5898214Z From https://github.com/Southpaw3234/Quant-Terminal
2026-05-12T11:39:26.5903685Z  * [new ref]         de8a6d4149647ad01aaef7df29fc9c1ca4b5cf59 -> origin/master
2026-05-12T11:39:26.5929232Z ##[endgroup]
2026-05-12T11:39:26.5930728Z ##[group]Determining the checkout info
2026-05-12T11:39:26.5931936Z ##[endgroup]
2026-05-12T11:39:26.5937313Z [command]/usr/bin/git sparse-checkout disable
2026-05-12T11:39:26.5978537Z [command]/usr/bin/git config --local --unset-all extensions.worktreeConfig
2026-05-12T11:39:26.6010050Z ##[group]Checking out the ref
2026-05-12T11:39:26.6014032Z [command]/usr/bin/git checkout --progress --force -B master refs/remotes/origin/master
2026-05-12T11:39:26.6083502Z Reset branch 'master'
2026-05-12T11:39:26.6087168Z branch 'master' set up to track 'origin/master'.
2026-05-12T11:39:26.6096425Z ##[endgroup]
2026-05-12T11:39:26.6134068Z [command]/usr/bin/git log -1 --format=%H
2026-05-12T11:39:26.6162413Z de8a6d4149647ad01aaef7df29fc9c1ca4b5cf59
2026-05-12T11:39:26.6494992Z ##[group]Run actions/setup-python@v5
2026-05-12T11:39:26.6495350Z with:
2026-05-12T11:39:26.6495599Z   python-version: 3.11
2026-05-12T11:39:26.6495879Z   cache: pip
2026-05-12T11:39:26.6496126Z   check-latest: false
2026-05-12T11:39:26.6496707Z   token: ***
2026-05-12T11:39:26.6496971Z   update-environment: true
2026-05-12T11:39:26.6497267Z   allow-prereleases: false
2026-05-12T11:39:26.6497541Z   freethreaded: false
2026-05-12T11:39:26.6497807Z ##[endgroup]
2026-05-12T11:39:26.8244194Z ##[group]Installed versions
2026-05-12T11:39:26.8407804Z Successfully set up CPython (3.11.15)
2026-05-12T11:39:26.8408900Z ##[endgroup]
2026-05-12T11:39:26.8993179Z [command]/opt/hostedtoolcache/Python/3.11.15/x64/bin/pip cache dir
2026-05-12T11:39:28.5525183Z /home/runner/.cache/pip
2026-05-12T11:39:28.7891119Z Cache hit for: setup-python-Linux-x64-24.04-Ubuntu-python-3.11.15-pip-29d1884ad8d76d71444a8f5260d7b237b85565c21a77890334ed180d6b77ebaa
2026-05-12T11:39:29.9327398Z Received 117440512 of 710832175 (16.5%), 111.7 MBs/sec
2026-05-12T11:39:30.9316923Z Received 272629760 of 710832175 (38.4%), 129.7 MBs/sec
2026-05-12T11:39:31.9353166Z Received 503316480 of 710832175 (70.8%), 159.6 MBs/sec
2026-05-12T11:39:32.9346645Z Received 671088640 of 710832175 (94.4%), 159.7 MBs/sec
2026-05-12T11:39:33.2058822Z Received 710832175 of 710832175 (100.0%), 158.4 MBs/sec
2026-05-12T11:39:33.2060229Z Cache Size: ~678 MB (710832175 B)
2026-05-12T11:39:33.2102542Z [command]/usr/bin/tar -xf /home/runner/work/_temp/e0ab9cd0-776f-453c-9fb9-09d1b4466086/cache.tzst -P -C /home/runner/work/Quant-Terminal/Quant-Terminal --use-compress-program unzstd
2026-05-12T11:39:35.0175695Z Cache restored successfully
2026-05-12T11:39:35.1426673Z Cache restored from key: setup-python-Linux-x64-24.04-Ubuntu-python-3.11.15-pip-4c5473d0577cbb7e1f905746466a08e5abc76b7caa9e5f9b2f94042ef07892e0
2026-05-12T11:39:35.4007331Z ##[group]Run pip install --upgrade pip
2026-05-12T11:39:35.4007940Z ^[[36;1mpip install --upgrade pip^[[0m
2026-05-12T11:39:35.4008427Z ^[[36;1mpip install -r requirements.txt^[[0m
2026-05-12T11:39:35.4127429Z shell: /usr/bin/bash -e {0}
2026-05-12T11:39:35.4127871Z env:
2026-05-12T11:39:35.4128298Z   pythonLocation: /opt/hostedtoolcache/Python/3.11.15/x64
2026-05-12T11:39:35.4129055Z   PKG_CONFIG_PATH: /opt/hostedtoolcache/Python/3.11.15/x64/lib/pkgconfig
2026-05-12T11:39:35.4164161Z   Python_ROOT_DIR: /opt/hostedtoolcache/Python/3.11.15/x64
2026-05-12T11:39:35.4164834Z   Python2_ROOT_DIR: /opt/hostedtoolcache/Python/3.11.15/x64
2026-05-12T11:39:35.4165452Z   Python3_ROOT_DIR: /opt/hostedtoolcache/Python/3.11.15/x64
2026-05-12T11:39:35.4166082Z   LD_LIBRARY_PATH: /opt/hostedtoolcache/Python/3.11.15/x64/lib
2026-05-12T11:39:35.4166783Z ##[endgroup]
2026-05-12T11:39:38.4929372Z Requirement already satisfied: pip in /opt/hostedtoolcache/Python/3.11.15/x64/lib/python3.11/site-packages (26.0.1)
2026-05-12T11:39:38.6405527Z Collecting pip
2026-05-12T11:39:38.7423507Z   Downloading pip-26.1.1-py3-none-any.whl.metadata (4.6 kB)
2026-05-12T11:39:38.7617871Z Downloading pip-26.1.1-py3-none-any.whl (1.8 MB)
2026-05-12T11:39:38.9951685Z    ━━━━━━━━━━━━━━━━━━━━━━━━━━━━━━━━━━━━━━━━ 1.8/1.8 MB 8.8 MB/s  0:00:00
2026-05-12T11:39:39.0275431Z Installing collected packages: pip
2026-05-12T11:39:39.0276437Z   Attempting uninstall: pip
2026-05-12T11:39:39.0298224Z     Found existing installation: pip 26.0.1
2026-05-12T11:39:39.0865645Z     Uninstalling pip-26.0.1:
2026-05-12T11:39:39.0923542Z       Successfully uninstalled pip-26.0.1
2026-05-12T11:39:39.9473593Z Successfully installed pip-26.1.1
2026-05-12T11:39:40.6323882Z Collecting numpy>=1.24 (from -r requirements.txt (line 1))
2026-05-12T11:39:40.6342180Z   Using cached numpy-2.4.4-cp311-cp311-manylinux_2_27_x86_64.manylinux_2_28_x86_64.whl.metadata (6.6 kB)
2026-05-12T11:39:40.7638567Z Collecting pandas>=2.0 (from -r requirements.txt (line 2))
2026-05-12T11:39:40.8531008Z   Downloading pandas-3.0.3-cp311-cp311-manylinux_2_24_x86_64.manylinux_2_28_x86_64.whl.metadata (79 kB)
2026-05-12T11:39:41.0090716Z Collecting matplotlib>=3.7 (from -r requirements.txt (line 3))
2026-05-12T11:39:41.0108667Z   Using cached matplotlib-3.10.9-cp311-cp311-manylinux2014_x86_64.manylinux_2_17_x86_64.whl.metadata (52 kB)
2026-05-12T11:39:41.0457543Z Collecting requests>=2.31 (from -r requirements.txt (line 4))
2026-05-12T11:39:41.0623291Z   Downloading requests-2.34.0-py3-none-any.whl.metadata (4.8 kB)
2026-05-12T11:39:41.0890041Z Collecting yfinance>=0.2.40 (from -r requirements.txt (line 5))
2026-05-12T11:39:41.0908188Z   Using cached yfinance-1.3.0-py2.py3-none-any.whl.metadata (6.1 kB)
2026-05-12T11:39:41.1708695Z Collecting scikit-learn>=1.3 (from -r requirements.txt (line 6))
2026-05-12T11:39:41.1725072Z   Using cached scikit_learn-1.8.0-cp311-cp311-manylinux_2_27_x86_64.manylinux_2_28_x86_64.whl.metadata (11 kB)
2026-05-12T11:39:41.1944614Z Collecting imbalanced-learn>=0.11 (from -r requirements.txt (line 7))
2026-05-12T11:39:41.1960492Z   Using cached imbalanced_learn-0.14.1-py3-none-any.whl.metadata (8.9 kB)
2026-05-12T11:39:41.2304957Z Collecting xgboost>=2.1 (from -r requirements.txt (line 8))
2026-05-12T11:39:41.2319711Z   Using cached xgboost-3.2.0-py3-none-manylinux_2_28_x86_64.whl.metadata (2.1 kB)
2026-05-12T11:39:41.2545072Z Collecting lightgbm>=4.4 (from -r requirements.txt (line 9))
2026-05-12T11:39:41.2559892Z   Using cached lightgbm-4.6.0-py3-none-manylinux_2_28_x86_64.whl.metadata (17 kB)
2026-05-12T11:39:41.3198058Z Collecting catboost>=1.2 (from -r requirements.txt (line 10))
2026-05-12T11:39:41.3213239Z   Using cached catboost-1.2.10-cp311-cp311-manylinux2014_x86_64.whl.metadata (1.2 kB)
2026-05-12T11:39:41.3406162Z Collecting optuna>=3.6 (from -r requirements.txt (line 11))
2026-05-12T11:39:41.3421056Z   Using cached optuna-4.8.0-py3-none-any.whl.metadata (17 kB)
2026-05-12T11:39:41.3981794Z Collecting arch>=6.3 (from -r requirements.txt (line 12))
2026-05-12T11:39:41.3997045Z   Using cached arch-8.0.0-cp311-cp311-manylinux2014_x86_64.manylinux_2_17_x86_64.manylinux_2_28_x86_64.whl.metadata (13 kB)
2026-05-12T11:39:41.4247286Z Collecting hmmlearn>=0.3 (from -r requirements.txt (line 13))
2026-05-12T11:39:41.4262562Z   Using cached hmmlearn-0.3.3-cp311-cp311-manylinux_2_17_x86_64.manylinux2014_x86_64.whl.metadata (3.0 kB)
2026-05-12T11:39:41.4894930Z Collecting cvxpy>=1.4 (from -r requirements.txt (line 14))
2026-05-12T11:39:41.4909998Z   Using cached cvxpy-1.8.2-cp311-cp311-manylinux_2_24_x86_64.manylinux_2_28_x86_64.whl.metadata (9.6 kB)
2026-05-12T11:39:41.5316630Z Collecting ipython>=8.0 (from -r requirements.txt (line 15))
2026-05-12T11:39:41.5477788Z   Downloading ipython-9.13.0-py3-none-any.whl.metadata (4.6 kB)
2026-05-12T11:39:41.5691462Z Collecting ta>=0.10 (from -r requirements.txt (line 16))
2026-05-12T11:39:41.5692495Z   Using cached ta-0.11.0-py3-none-any.whl
2026-05-12T11:39:41.6711122Z Collecting scipy>=1.11 (from -r requirements.txt (line 17))
2026-05-12T11:39:41.6734757Z   Using cached scipy-1.17.1-cp311-cp311-manylinux_2_27_x86_64.manylinux_2_28_x86_64.whl.metadata (62 kB)
2026-05-12T11:39:41.7436025Z Collecting river>=0.21 (from -r requirements.txt (line 18))
2026-05-12T11:39:41.7451290Z   Using cached river-0.24.2-cp311-cp311-manylinux_2_28_x86_64.whl.metadata (8.3 kB)
2026-05-12T11:39:41.7645492Z Collecting mapie>=0.8 (from -r requirements.txt (line 19))
2026-05-12T11:39:41.7813894Z   Downloading mapie-1.4.0-py3-none-any.whl.metadata (14 kB)
2026-05-12T11:39:41.8076453Z Collecting clarabel>=0.6 (from -r requirements.txt (line 20))
2026-05-12T11:39:41.8091231Z   Using cached clarabel-0.11.1-cp39-abi3-manylinux_2_17_x86_64.manylinux2014_x86_64.whl.metadata (4.8 kB)
2026-05-12T11:39:41.8348686Z Collecting alpaca-py>=0.8 (from -r requirements.txt (line 21))
2026-05-12T11:39:41.8525108Z   Downloading alpaca_py-0.43.4-py3-none-any.whl.metadata (13 kB)
2026-05-12T11:39:41.9095796Z Collecting torch>=2.0 (from -r requirements.txt (line 22))
2026-05-12T11:39:41.9258295Z   Downloading torch-2.11.0-cp311-cp311-manylinux_2_28_x86_64.whl.metadata (29 kB)
2026-05-12T11:39:41.9687856Z Collecting transformers>=4.41 (from -r requirements.txt (line 23))
2026-05-12T11:39:41.9850949Z   Downloading transformers-5.8.0-py3-none-any.whl.metadata (33 kB)
2026-05-12T11:39:42.1225257Z Collecting numba>=0.61 (from -r requirements.txt (line 24))
2026-05-12T11:39:42.1388068Z   Downloading numba-0.65.1-cp311-cp311-manylinux2014_x86_64.manylinux_2_17_x86_64.whl.metadata (2.9 kB)
2026-05-12T11:39:42.1556140Z Collecting threadpoolctl>=3.1 (from -r requirements.txt (line 25))
2026-05-12T11:39:42.1570440Z   Using cached threadpoolctl-3.6.0-py3-none-any.whl.metadata (13 kB)
2026-05-12T11:39:42.1761742Z Collecting python-dateutil>=2.8.2 (from pandas>=2.0->-r requirements.txt (line 2))
2026-05-12T11:39:42.1776148Z   Using cached python_dateutil-2.9.0.post0-py2.py3-none-any.whl.metadata (8.4 kB)
2026-05-12T11:39:42.2322385Z Collecting contourpy>=1.0.1 (from matplotlib>=3.7->-r requirements.txt (line 3))
2026-05-12T11:39:42.2337284Z   Using cached contourpy-1.3.3-cp311-cp311-manylinux_2_27_x86_64.manylinux_2_28_x86_64.whl.metadata (5.5 kB)
2026-05-12T11:39:42.2494942Z Collecting cycler>=0.10 (from matplotlib>=3.7->-r requirements.txt (line 3))
2026-05-12T11:39:42.2509288Z   Using cached cycler-0.12.1-py3-none-any.whl.metadata (3.8 kB)
2026-05-12T11:39:42.3671032Z Collecting fonttools>=4.22.0 (from matplotlib>=3.7->-r requirements.txt (line 3))
2026-05-12T11:39:42.3687450Z   Using cached fonttools-4.62.1-cp311-cp311-manylinux2014_x86_64.manylinux_2_17_x86_64.whl.metadata (117 kB)
2026-05-12T11:39:42.4529906Z Collecting kiwisolver>=1.3.1 (from matplotlib>=3.7->-r requirements.txt (line 3))
2026-05-12T11:39:42.4545755Z   Using cached kiwisolver-1.5.0-cp311-cp311-manylinux2014_x86_64.manylinux_2_17_x86_64.whl.metadata (5.1 kB)
2026-05-12T11:39:42.4755092Z Collecting packaging>=20.0 (from matplotlib>=3.7->-r requirements.txt (line 3))
2026-05-12T11:39:42.4770428Z   Using cached packaging-26.2-py3-none-any.whl.metadata (3.5 kB)
2026-05-12T11:39:42.6641916Z Collecting pillow>=8 (from matplotlib>=3.7->-r requirements.txt (line 3))
2026-05-12T11:39:42.6657974Z   Using cached pillow-12.2.0-cp311-cp311-manylinux_2_27_x86_64.manylinux_2_28_x86_64.whl.metadata (8.8 kB)
2026-05-12T11:39:42.7054080Z Collecting pyparsing>=3 (from matplotlib>=3.7->-r requirements.txt (line 3))
2026-05-12T11:39:42.7069051Z   Using cached pyparsing-3.3.2-py3-none-any.whl.metadata (5.8 kB)
2026-05-12T11:39:42.7874218Z Collecting charset_normalizer<4,>=2 (from requests>=2.31->-r requirements.txt (line 4))
2026-05-12T11:39:42.7890833Z   Using cached charset_normalizer-3.4.7-cp311-cp311-manylinux2014_x86_64.manylinux_2_17_x86_64.manylinux_2_28_x86_64.whl.metadata (40 kB)
2026-05-12T11:39:42.8094234Z Collecting idna<4,>=2.5 (from requests>=2.31->-r requirements.txt (line 4))
2026-05-12T11:39:42.8257035Z   Downloading idna-3.14-py3-none-any.whl.metadata (8.0 kB)
2026-05-12T11:39:42.8521434Z Collecting urllib3<3,>=1.26 (from requests>=2.31->-r requirements.txt (line 4))
2026-05-12T11:39:42.8686272Z   Downloading urllib3-2.7.0-py3-none-any.whl.metadata (6.9 kB)
2026-05-12T11:39:42.8912768Z Collecting certifi>=2023.5.7 (from requests>=2.31->-r requirements.txt (line 4))
2026-05-12T11:39:42.8927111Z   Using cached certifi-2026.4.22-py3-none-any.whl.metadata (2.5 kB)
2026-05-12T11:39:42.9128405Z Collecting multitasking>=0.0.7 (from yfinance>=0.2.40->-r requirements.txt (line 5))
2026-05-12T11:39:42.9142831Z   Using cached multitasking-0.0.13-py3-none-any.whl.metadata (16 kB)
2026-05-12T11:39:42.9354493Z Collecting platformdirs>=2.0.0 (from yfinance>=0.2.40->-r requirements.txt (line 5))
2026-05-12T11:39:42.9368852Z   Using cached platformdirs-4.9.6-py3-none-any.whl.metadata (4.7 kB)
2026-05-12T11:39:42.9764469Z Collecting pytz>=2022.5 (from yfinance>=0.2.40->-r requirements.txt (line 5))
2026-05-12T11:39:42.9924511Z   Downloading pytz-2026.2-py2.py3-none-any.whl.metadata (22 kB)
2026-05-12T11:39:43.0372457Z Collecting frozendict>=2.3.4 (from yfinance>=0.2.40->-r requirements.txt (line 5))
2026-05-12T11:39:43.0386750Z   Using cached frozendict-2.4.7-py3-none-any.whl.metadata (23 kB)
2026-05-12T11:39:43.0607712Z Collecting peewee>=3.16.2 (from yfinance>=0.2.40->-r requirements.txt (line 5))
2026-05-12T11:39:43.0621532Z   Using cached peewee-4.0.5-py3-none-any.whl.metadata (8.6 kB)
2026-05-12T11:39:43.0813067Z Collecting beautifulsoup4>=4.11.1 (from yfinance>=0.2.40->-r requirements.txt (line 5))
2026-05-12T11:39:43.0827960Z   Using cached beautifulsoup4-4.14.3-py3-none-any.whl.metadata (3.8 kB)
2026-05-12T11:39:43.1313949Z Collecting curl_cffi>=0.15 (from yfinance>=0.2.40->-r requirements.txt (line 5))
2026-05-12T11:39:43.1415556Z   Using cached curl_cffi-0.15.0-cp310-abi3-manylinux2014_x86_64.manylinux_2_17_x86_64.whl.metadata (18 kB)
2026-05-12T11:39:43.3115596Z Collecting protobuf>=3.19.0 (from yfinance>=0.2.40->-r requirements.txt (line 5))
2026-05-12T11:39:43.3131679Z   Using cached protobuf-7.34.1-cp310-abi3-manylinux2014_x86_64.whl.metadata (595 bytes)
2026-05-12T11:39:43.3845881Z Collecting websockets>=13.0 (from yfinance>=0.2.40->-r requirements.txt (line 5))
2026-05-12T11:39:43.3860035Z   Using cached websockets-16.0-cp311-cp311-manylinux1_x86_64.manylinux_2_28_x86_64.manylinux_2_5_x86_64.whl.metadata (6.8 kB)
2026-05-12T11:39:43.4110755Z Collecting joblib>=1.3.0 (from scikit-learn>=1.3->-r requirements.txt (line 6))
2026-05-12T11:39:43.4124090Z   Using cached joblib-1.5.3-py3-none-any.whl.metadata (5.5 kB)
2026-05-12T11:39:43.4337492Z Collecting sklearn-compat<0.2,>=0.1.5 (from imbalanced-learn>=0.11->-r requirements.txt (line 7))
2026-05-12T11:39:43.4351216Z   Using cached sklearn_compat-0.1.5-py3-none-any.whl.metadata (20 kB)
2026-05-12T11:39:43.4622560Z Collecting nvidia-nccl-cu12 (from xgboost>=2.1->-r requirements.txt (line 8))
2026-05-12T11:39:43.4636407Z   Using cached nvidia_nccl_cu12-2.30.4-py3-none-manylinux_2_18_x86_64.whl.metadata (2.1 kB)
2026-05-12T11:39:43.4867779Z Collecting graphviz (from catboost>=1.2->-r requirements.txt (line 10))
2026-05-12T11:39:43.4881227Z   Using cached graphviz-0.21-py3-none-any.whl.metadata (12 kB)
2026-05-12T11:39:43.5269059Z Collecting plotly (from catboost>=1.2->-r requirements.txt (line 10))
2026-05-12T11:39:43.5283692Z   Using cached plotly-6.7.0-py3-none-any.whl.metadata (8.6 kB)
2026-05-12T11:39:43.5497748Z Collecting six (from catboost>=1.2->-r requirements.txt (line 10))
2026-05-12T11:39:43.5511391Z   Using cached six-1.17.0-py2.py3-none-any.whl.metadata (1.7 kB)
2026-05-12T11:39:43.5742697Z Collecting alembic>=1.5.0 (from optuna>=3.6->-r requirements.txt (line 11))
2026-05-12T11:39:43.5756008Z   Using cached alembic-1.18.4-py3-none-any.whl.metadata (7.2 kB)
2026-05-12T11:39:43.5955834Z Collecting colorlog (from optuna>=3.6->-r requirements.txt (line 11))
2026-05-12T11:39:43.5970041Z   Using cached colorlog-6.10.1-py3-none-any.whl.metadata (11 kB)
2026-05-12T11:39:43.8484835Z Collecting sqlalchemy>=1.4.2 (from optuna>=3.6->-r requirements.txt (line 11))
2026-05-12T11:39:43.8521970Z   Using cached sqlalchemy-2.0.49-cp311-cp311-manylinux2014_x86_64.manylinux_2_17_x86_64.manylinux_2_28_x86_64.whl.metadata (9.5 kB)
2026-05-12T11:39:43.8840198Z Collecting tqdm (from optuna>=3.6->-r requirements.txt (line 11))
2026-05-12T11:39:43.8854380Z   Using cached tqdm-4.67.3-py3-none-any.whl.metadata (57 kB)
2026-05-12T11:39:43.9238745Z Collecting PyYAML (from optuna>=3.6->-r requirements.txt (line 11))
2026-05-12T11:39:43.9254149Z   Using cached pyyaml-6.0.3-cp311-cp311-manylinux2014_x86_64.manylinux_2_17_x86_64.manylinux_2_28_x86_64.whl.metadata (2.4 kB)
2026-05-12T11:39:43.9746379Z Collecting statsmodels>=0.13.0 (from arch>=6.3->-r requirements.txt (line 12))
2026-05-12T11:39:43.9761892Z   Using cached statsmodels-0.14.6-cp311-cp311-manylinux2014_x86_64.manylinux_2_17_x86_64.manylinux_2_28_x86_64.whl.metadata (9.5 kB)
2026-05-12T11:39:44.0366631Z Collecting osqp>=1.0.0 (from cvxpy>=1.4->-r requirements.txt (line 14))
2026-05-12T11:39:44.0382146Z   Using cached osqp-1.1.1-cp311-cp311-manylinux_2_24_x86_64.manylinux_2_28_x86_64.whl.metadata (2.2 kB)
2026-05-12T11:39:44.0725663Z Collecting scs>=3.2.4.post1 (from cvxpy>=1.4->-r requirements.txt (line 14))
2026-05-12T11:39:44.0740178Z   Using cached scs-3.2.11-cp311-cp311-manylinux_2_27_x86_64.manylinux_2_28_x86_64.whl.metadata (2.8 kB)
2026-05-12T11:39:44.1294684Z Collecting highspy>=1.11.0 (from cvxpy>=1.4->-r requirements.txt (line 14))
2026-05-12T11:39:44.1368519Z   Using cached highspy-1.14.0-cp311-cp311-manylinux_2_24_x86_64.manylinux_2_28_x86_64.whl.metadata (11 kB)
2026-05-12T11:39:44.1529121Z Collecting decorator>=5.1.0 (from ipython>=8.0->-r requirements.txt (line 15))
2026-05-12T11:39:44.1689042Z   Downloading decorator-5.2.1-py3-none-any.whl.metadata (3.9 kB)
2026-05-12T11:39:44.1862779Z Collecting ipython-pygments-lexers>=1.0.0 (from ipython>=8.0->-r requirements.txt (line 15))
2026-05-12T11:39:44.2024253Z   Downloading ipython_pygments_lexers-1.1.1-py3-none-any.whl.metadata (1.1 kB)
2026-05-12T11:39:44.2209363Z Collecting jedi>=0.18.2 (from ipython>=8.0->-r requirements.txt (line 15))
2026-05-12T11:39:44.2370908Z   Downloading jedi-0.20.0-py2.py3-none-any.whl.metadata (23 kB)
2026-05-12T11:39:44.2595631Z Collecting matplotlib-inline>=0.1.6 (from ipython>=8.0->-r requirements.txt (line 15))
2026-05-12T11:39:44.2755744Z   Downloading matplotlib_inline-0.2.2-py3-none-any.whl.metadata (2.4 kB)
2026-05-12T11:39:44.2934358Z Collecting pexpect>4.6 (from ipython>=8.0->-r requirements.txt (line 15))
2026-05-12T11:39:44.3095466Z   Downloading pexpect-4.9.0-py2.py3-none-any.whl.metadata (2.5 kB)
2026-05-12T11:39:44.3387109Z Collecting prompt_toolkit<3.1.0,>=3.0.41 (from ipython>=8.0->-r requirements.txt (line 15))
2026-05-12T11:39:44.3549123Z   Downloading prompt_toolkit-3.0.52-py3-none-any.whl.metadata (6.4 kB)
2026-05-12T11:39:44.4242960Z Collecting psutil>=7 (from ipython>=8.0->-r requirements.txt (line 15))
2026-05-12T11:39:44.4405604Z   Downloading psutil-7.2.2-cp36-abi3-manylinux2010_x86_64.manylinux_2_12_x86_64.manylinux_2_28_x86_64.whl.metadata (22 kB)
2026-05-12T11:39:44.4690631Z Collecting pygments>=2.14.0 (from ipython>=8.0->-r requirements.txt (line 15))
2026-05-12T11:39:44.4705626Z   Using cached pygments-2.20.0-py3-none-any.whl.metadata (2.5 kB)
2026-05-12T11:39:44.4867056Z Collecting stack_data>=0.6.0 (from ipython>=8.0->-r requirements.txt (line 15))
2026-05-12T11:39:44.5026436Z   Downloading stack_data-0.6.3-py3-none-any.whl.metadata (18 kB)
2026-05-12T11:39:44.5260207Z Collecting traitlets>=5.13.0 (from ipython>=8.0->-r requirements.txt (line 15))
2026-05-12T11:39:44.5422161Z   Downloading traitlets-5.15.0-py3-none-any.whl.metadata (10 kB)
2026-05-12T11:39:44.5651892Z Collecting typing_extensions>=4.6 (from ipython>=8.0->-r requirements.txt (line 15))
2026-05-12T11:39:44.5665465Z   Using cached typing_extensions-4.15.0-py3-none-any.whl.metadata (3.3 kB)
2026-05-12T11:39:44.6257223Z Collecting wcwidth (from prompt_toolkit<3.1.0,>=3.0.41->ipython>=8.0->-r requirements.txt (line 15))
2026-05-12T11:39:44.6416923Z   Downloading wcwidth-0.7.0-py3-none-any.whl.metadata (36 kB)
2026-05-12T11:39:44.6572345Z Collecting pandas>=2.0 (from -r requirements.txt (line 2))
2026-05-12T11:39:44.6586736Z   Using cached pandas-2.3.3-cp311-cp311-manylinux_2_24_x86_64.manylinux_2_28_x86_64.whl.metadata (91 kB)
2026-05-12T11:39:44.7262407Z Collecting tzdata>=2022.7 (from pandas>=2.0->-r requirements.txt (line 2))
2026-05-12T11:39:44.7280270Z   Using cached tzdata-2026.2-py2.py3-none-any.whl.metadata (1.4 kB)
2026-05-12T11:39:44.8192655Z Collecting cffi (from clarabel>=0.6->-r requirements.txt (line 20))
2026-05-12T11:39:44.8207976Z   Using cached cffi-2.0.0-cp311-cp311-manylinux2014_x86_64.manylinux_2_17_x86_64.whl.metadata (2.6 kB)
2026-05-12T11:39:44.8811381Z Collecting msgpack<2.0.0,>=1.0.3 (from alpaca-py>=0.8->-r requirements.txt (line 21))
2026-05-12T11:39:44.8976070Z   Downloading msgpack-1.1.2-cp311-cp311-manylinux2014_x86_64.manylinux_2_17_x86_64.manylinux_2_28_x86_64.whl.metadata (8.1 kB)
2026-05-12T11:39:44.9974412Z Collecting pydantic<3.0.0,>=2.0.3 (from alpaca-py>=0.8->-r requirements.txt (line 21))
2026-05-12T11:39:45.0138535Z   Downloading pydantic-2.13.4-py3-none-any.whl.metadata (109 kB)
2026-05-12T11:39:45.0548257Z Collecting sseclient-py<2.0.0,>=1.7.2 (from alpaca-py>=0.8->-r requirements.txt (line 21))
2026-05-12T11:39:45.0707528Z   Downloading sseclient_py-1.9.0-py3-none-any.whl.metadata (1.9 kB)
2026-05-12T11:39:45.0896663Z Collecting annotated-types>=0.6.0 (from pydantic<3.0.0,>=2.0.3->alpaca-py>=0.8->-r requirements.txt (line 21))
2026-05-12T11:39:45.1057314Z   Downloading annotated_types-0.7.0-py3-none-any.whl.metadata (15 kB)
2026-05-12T11:39:45.7368003Z Collecting pydantic-core==2.46.4 (from pydantic<3.0.0,>=2.0.3->alpaca-py>=0.8->-r requirements.txt (line 21))
2026-05-12T11:39:45.7532932Z   Downloading pydantic_core-2.46.4-cp311-cp311-manylinux_2_17_x86_64.manylinux2014_x86_64.whl.metadata (6.6 kB)
2026-05-12T11:39:45.7707714Z Collecting typing-inspection>=0.4.2 (from pydantic<3.0.0,>=2.0.3->alpaca-py>=0.8->-r requirements.txt (line 21))
2026-05-12T11:39:45.7878678Z   Downloading typing_inspection-0.4.2-py3-none-any.whl.metadata (2.6 kB)
2026-05-12T11:39:45.8149731Z Collecting filelock (from torch>=2.0->-r requirements.txt (line 22))
2026-05-12T11:39:45.8313219Z   Downloading filelock-3.29.0-py3-none-any.whl.metadata (2.0 kB)
2026-05-12T11:39:45.8350287Z Requirement already satisfied: setuptools<82 in /opt/hostedtoolcache/Python/3.11.15/x64/lib/python3.11/site-packages (from torch>=2.0->-r requirements.txt (line 22)) (79.0.1)
2026-05-12T11:39:45.8534003Z Collecting sympy>=1.13.3 (from torch>=2.0->-r requirements.txt (line 22))
2026-05-12T11:39:45.8697346Z   Downloading sympy-1.14.0-py3-none-any.whl.metadata (12 kB)
2026-05-12T11:39:45.8969793Z Collecting networkx>=2.5.1 (from torch>=2.0->-r requirements.txt (line 22))
2026-05-12T11:39:45.9131291Z   Downloading networkx-3.6.1-py3-none-any.whl.metadata (6.8 kB)
2026-05-12T11:39:45.9353909Z Collecting jinja2 (from torch>=2.0->-r requirements.txt (line 22))
2026-05-12T11:39:45.9369875Z   Using cached jinja2-3.1.6-py3-none-any.whl.metadata (2.9 kB)
2026-05-12T11:39:45.9589715Z Collecting fsspec>=0.8.5 (from torch>=2.0->-r requirements.txt (line 22))
2026-05-12T11:39:45.9752782Z   Downloading fsspec-2026.4.0-py3-none-any.whl.metadata (10 kB)
2026-05-12T11:39:46.0720494Z Collecting cuda-toolkit==13.0.2 (from cuda-toolkit[cublas,cudart,cufft,cufile,cupti,curand,cusolver,cusparse,nvjitlink,nvrtc,nvtx]==13.0.2; platform_system == "Linux"->torch>=2.0->-r requirements.txt (line 22))
2026-05-12T11:39:46.0883383Z   Downloading cuda_toolkit-13.0.2-py2.py3-none-any.whl.metadata (9.4 kB)
2026-05-12T11:39:46.1237760Z Collecting cuda-bindings<14,>=13.0.3 (from torch>=2.0->-r requirements.txt (line 22))
2026-05-12T11:39:46.1400234Z   Downloading cuda_bindings-13.2.0-cp311-cp311-manylinux_2_24_x86_64.manylinux_2_28_x86_64.whl.metadata (2.3 kB)
2026-05-12T11:39:46.1595276Z Collecting nvidia-cudnn-cu13==9.19.0.56 (from torch>=2.0->-r requirements.txt (line 22))
2026-05-12T11:39:46.1756990Z   Downloading nvidia_cudnn_cu13-9.19.0.56-py3-none-manylinux_2_27_x86_64.whl.metadata (1.9 kB)
2026-05-12T11:39:46.1935484Z Collecting nvidia-cusparselt-cu13==0.8.0 (from torch>=2.0->-r requirements.txt (line 22))
2026-05-12T11:39:46.2097594Z   Downloading nvidia_cusparselt_cu13-0.8.0-py3-none-manylinux2014_x86_64.whl.metadata (12 kB)
2026-05-12T11:39:46.2295723Z Collecting nvidia-nccl-cu13==2.28.9 (from torch>=2.0->-r requirements.txt (line 22))
2026-05-12T11:39:46.2457252Z   Downloading nvidia_nccl_cu13-2.28.9-py3-none-manylinux_2_18_x86_64.whl.metadata (2.0 kB)
2026-05-12T11:39:46.2638923Z Collecting nvidia-nvshmem-cu13==3.4.5 (from torch>=2.0->-r requirements.txt (line 22))
2026-05-12T11:39:46.2800689Z   Downloading nvidia_nvshmem_cu13-3.4.5-py3-none-manylinux2014_x86_64.manylinux_2_17_x86_64.whl.metadata (2.1 kB)
2026-05-12T11:39:46.3018822Z Collecting triton==3.6.0 (from torch>=2.0->-r requirements.txt (line 22))
2026-05-12T11:39:46.3181254Z   Downloading triton-3.6.0-cp311-cp311-manylinux_2_27_x86_64.manylinux_2_28_x86_64.whl.metadata (1.7 kB)
2026-05-12T11:39:46.3417921Z Collecting nvidia-cublas==13.1.0.3.* (from cuda-toolkit[cublas,cudart,cufft,cufile,cupti,curand,cusolver,cusparse,nvjitlink,nvrtc,nvtx]==13.0.2; platform_system == "Linux"->torch>=2.0->-r requirements.txt (line 22))
2026-05-12T11:39:46.3580414Z   Downloading nvidia_cublas-13.1.0.3-py3-none-manylinux_2_27_x86_64.whl.metadata (1.7 kB)
2026-05-12T11:39:46.3765065Z Collecting nvidia-cuda-runtime==13.0.96.* (from cuda-toolkit[cublas,cudart,cufft,cufile,cupti,curand,cusolver,cusparse,nvjitlink,nvrtc,nvtx]==13.0.2; platform_system == "Linux"->torch>=2.0->-r requirements.txt (line 22))
2026-05-12T11:39:46.3927228Z   Downloading nvidia_cuda_runtime-13.0.96-py3-none-manylinux2014_x86_64.manylinux_2_17_x86_64.whl.metadata (1.7 kB)
2026-05-12T11:39:46.4136367Z Collecting nvidia-cufft==12.0.0.61.* (from cuda-toolkit[cublas,cudart,cufft,cufile,cupti,curand,cusolver,cusparse,nvjitlink,nvrtc,nvtx]==13.0.2; platform_system == "Linux"->torch>=2.0->-r requirements.txt (line 22))
2026-05-12T11:39:46.4297656Z   Downloading nvidia_cufft-12.0.0.61-py3-none-manylinux2014_x86_64.manylinux_2_17_x86_64.whl.metadata (1.8 kB)
2026-05-12T11:39:46.4531388Z Collecting nvidia-cufile==1.15.1.6.* (from cuda-toolkit[cublas,cudart,cufft,cufile,cupti,curand,cusolver,cusparse,nvjitlink,nvrtc,nvtx]==13.0.2; platform_system == "Linux"->torch>=2.0->-r requirements.txt (line 22))
2026-05-12T11:39:46.4685918Z   Downloading nvidia_cufile-1.15.1.6-py3-none-manylinux2014_x86_64.manylinux_2_17_x86_64.whl.metadata (1.7 kB)
2026-05-12T11:39:46.4876967Z Collecting nvidia-cuda-cupti==13.0.85.* (from cuda-toolkit[cublas,cudart,cufft,cufile,cupti,curand,cusolver,cusparse,nvjitlink,nvrtc,nvtx]==13.0.2; platform_system == "Linux"->torch>=2.0->-r requirements.txt (line 22))
2026-05-12T11:39:46.5040254Z   Downloading nvidia_cuda_cupti-13.0.85-py3-none-manylinux_2_25_x86_64.whl.metadata (1.7 kB)
2026-05-12T11:39:46.5231962Z Collecting nvidia-curand==10.4.0.35.* (from cuda-toolkit[cublas,cudart,cufft,cufile,cupti,curand,cusolver,cusparse,nvjitlink,nvrtc,nvtx]==13.0.2; platform_system == "Linux"->torch>=2.0->-r requirements.txt (line 22))
2026-05-12T11:39:46.5394056Z   Downloading nvidia_curand-10.4.0.35-py3-none-manylinux_2_27_x86_64.whl.metadata (1.7 kB)
2026-05-12T11:39:46.5583769Z Collecting nvidia-cusolver==12.0.4.66.* (from cuda-toolkit[cublas,cudart,cufft,cufile,cupti,curand,cusolver,cusparse,nvjitlink,nvrtc,nvtx]==13.0.2; platform_system == "Linux"->torch>=2.0->-r requirements.txt (line 22))
2026-05-12T11:39:46.5745682Z   Downloading nvidia_cusolver-12.0.4.66-py3-none-manylinux_2_27_x86_64.whl.metadata (1.8 kB)
2026-05-12T11:39:46.5934495Z Collecting nvidia-cusparse==12.6.3.3.* (from cuda-toolkit[cublas,cudart,cufft,cufile,cupti,curand,cusolver,cusparse,nvjitlink,nvrtc,nvtx]==13.0.2; platform_system == "Linux"->torch>=2.0->-r requirements.txt (line 22))
2026-05-12T11:39:46.6095516Z   Downloading nvidia_cusparse-12.6.3.3-py3-none-manylinux2014_x86_64.manylinux_2_17_x86_64.whl.metadata (1.8 kB)
2026-05-12T11:39:46.6277432Z Collecting nvidia-nvjitlink==13.0.88.* (from cuda-toolkit[cublas,cudart,cufft,cufile,cupti,curand,cusolver,cusparse,nvjitlink,nvrtc,nvtx]==13.0.2; platform_system == "Linux"->torch>=2.0->-r requirements.txt (line 22))
2026-05-12T11:39:46.6438929Z   Downloading nvidia_nvjitlink-13.0.88-py3-none-manylinux2010_x86_64.manylinux_2_12_x86_64.whl.metadata (1.7 kB)
2026-05-12T11:39:46.6616593Z Collecting nvidia-cuda-nvrtc==13.0.88.* (from cuda-toolkit[cublas,cudart,cufft,cufile,cupti,curand,cusolver,cusparse,nvjitlink,nvrtc,nvtx]==13.0.2; platform_system == "Linux"->torch>=2.0->-r requirements.txt (line 22))
2026-05-12T11:39:46.6777054Z   Downloading nvidia_cuda_nvrtc-13.0.88-py3-none-manylinux2010_x86_64.manylinux_2_12_x86_64.whl.metadata (1.7 kB)
2026-05-12T11:39:46.6958359Z Collecting nvidia-nvtx==13.0.85.* (from cuda-toolkit[cublas,cudart,cufft,cufile,cupti,curand,cusolver,cusparse,nvjitlink,nvrtc,nvtx]==13.0.2; platform_system == "Linux"->torch>=2.0->-r requirements.txt (line 22))
2026-05-12T11:39:46.7119022Z   Downloading nvidia_nvtx-13.0.85-py3-none-manylinux1_x86_64.manylinux_2_5_x86_64.whl.metadata (1.8 kB)
2026-05-12T11:39:46.7370540Z Collecting cuda-pathfinder~=1.1 (from cuda-bindings<14,>=13.0.3->torch>=2.0->-r requirements.txt (line 22))
2026-05-12T11:39:46.7538533Z   Downloading cuda_pathfinder-1.5.4-py3-none-any.whl.metadata (1.9 kB)
2026-05-12T11:39:46.8128853Z Collecting huggingface-hub<2.0,>=1.5.0 (from transformers>=4.41->-r requirements.txt (line 23))
2026-05-12T11:39:46.8291445Z   Downloading huggingface_hub-1.14.0-py3-none-any.whl.metadata (14 kB)
2026-05-12T11:39:47.2148986Z Collecting regex>=2025.10.22 (from transformers>=4.41->-r requirements.txt (line 23))
2026-05-12T11:39:47.2314091Z   Downloading regex-2026.5.9-cp311-cp311-manylinux2014_x86_64.manylinux_2_17_x86_64.manylinux_2_28_x86_64.whl.metadata (40 kB)
2026-05-12T11:39:47.3625739Z Collecting tokenizers<=0.23.0,>=0.22.0 (from transformers>=4.41->-r requirements.txt (line 23))
2026-05-12T11:39:47.3789139Z   Downloading tokenizers-0.22.2-cp39-abi3-manylinux_2_17_x86_64.manylinux2014_x86_64.whl.metadata (7.3 kB)
2026-05-12T11:39:47.4039597Z Collecting typer (from transformers>=4.41->-r requirements.txt (line 23))
2026-05-12T11:39:47.4201129Z   Downloading typer-0.25.1-py3-none-any.whl.metadata (15 kB)
2026-05-12T11:39:47.5240097Z Collecting safetensors>=0.4.3 (from transformers>=4.41->-r requirements.txt (line 23))
2026-05-12T11:39:47.5403180Z   Downloading safetensors-0.7.0-cp38-abi3-manylinux_2_17_x86_64.manylinux2014_x86_64.whl.metadata (4.1 kB)
2026-05-12T11:39:47.5848488Z Collecting hf-xet<2.0.0,>=1.4.3 (from huggingface-hub<2.0,>=1.5.0->transformers>=4.41->-r requirements.txt (line 23))
2026-05-12T11:39:47.6012046Z   Downloading hf_xet-1.5.0-cp37-abi3-manylinux2014_x86_64.manylinux_2_17_x86_64.whl.metadata (4.9 kB)
2026-05-12T11:39:47.6228693Z Collecting httpx<1,>=0.23.0 (from huggingface-hub<2.0,>=1.5.0->transformers>=4.41->-r requirements.txt (line 23))
2026-05-12T11:39:47.6390262Z   Downloading httpx-0.28.1-py3-none-any.whl.metadata (7.1 kB)
2026-05-12T11:39:47.6707026Z Collecting anyio (from httpx<1,>=0.23.0->huggingface-hub<2.0,>=1.5.0->transformers>=4.41->-r requirements.txt (line 23))
2026-05-12T11:39:47.6869591Z   Downloading anyio-4.13.0-py3-none-any.whl.metadata (4.5 kB)
2026-05-12T11:39:47.7081222Z Collecting httpcore==1.* (from httpx<1,>=0.23.0->huggingface-hub<2.0,>=1.5.0->transformers>=4.41->-r requirements.txt (line 23))
2026-05-12T11:39:47.7242673Z   Downloading httpcore-1.0.9-py3-none-any.whl.metadata (21 kB)
2026-05-12T11:39:47.7457863Z Collecting h11>=0.16 (from httpcore==1.*->httpx<1,>=0.23.0->huggingface-hub<2.0,>=1.5.0->transformers>=4.41->-r requirements.txt (line 23))
2026-05-12T11:39:47.7623033Z   Downloading h11-0.16.0-py3-none-any.whl.metadata (8.3 kB)
2026-05-12T11:39:47.8250063Z Collecting llvmlite<0.48,>=0.47.0dev0 (from numba>=0.61->-r requirements.txt (line 24))
2026-05-12T11:39:47.8414166Z   Downloading llvmlite-0.47.0-cp311-cp311-manylinux2014_x86_64.manylinux_2_17_x86_64.whl.metadata (5.0 kB)
2026-05-12T11:39:47.8730837Z Collecting Mako (from alembic>=1.5.0->optuna>=3.6->-r requirements.txt (line 11))
2026-05-12T11:39:47.8744434Z   Using cached mako-1.3.12-py3-none-any.whl.metadata (2.9 kB)
2026-05-12T11:39:47.8957555Z Collecting soupsieve>=1.6.1 (from beautifulsoup4>=4.11.1->yfinance>=0.2.40->-r requirements.txt (line 5))
2026-05-12T11:39:47.8971440Z   Using cached soupsieve-2.8.3-py3-none-any.whl.metadata (4.6 kB)
2026-05-12T11:39:47.9386151Z Collecting rich (from curl_cffi>=0.15->yfinance>=0.2.40->-r requirements.txt (line 5))
2026-05-12T11:39:47.9399711Z   Using cached rich-15.0.0-py3-none-any.whl.metadata (18 kB)
2026-05-12T11:39:47.9572647Z Collecting pycparser (from cffi->clarabel>=0.6->-r requirements.txt (line 20))
2026-05-12T11:39:47.9586604Z   Using cached pycparser-3.0-py3-none-any.whl.metadata (8.2 kB)
2026-05-12T11:39:47.9855630Z Collecting parso<0.9.0,>=0.8.6 (from jedi>=0.18.2->ipython>=8.0->-r requirements.txt (line 15))
2026-05-12T11:39:48.0016787Z   Downloading parso-0.8.7-py2.py3-none-any.whl.metadata (8.2 kB)
2026-05-12T11:39:48.0315555Z Collecting ptyprocess>=0.5 (from pexpect>4.6->ipython>=8.0->-r requirements.txt (line 15))
2026-05-12T11:39:48.0473863Z   Downloading ptyprocess-0.7.0-py2.py3-none-any.whl.metadata (1.3 kB)
2026-05-12T11:39:48.1714683Z Collecting greenlet>=1 (from sqlalchemy>=1.4.2->optuna>=3.6->-r requirements.txt (line 11))
2026-05-12T11:39:48.1730055Z   Using cached greenlet-3.5.0-cp311-cp311-manylinux_2_24_x86_64.manylinux_2_28_x86_64.whl.metadata (3.7 kB)
2026-05-12T11:39:48.1928109Z Collecting executing>=1.2.0 (from stack_data>=0.6.0->ipython>=8.0->-r requirements.txt (line 15))
2026-05-12T11:39:48.2087661Z   Downloading executing-2.2.1-py2.py3-none-any.whl.metadata (8.9 kB)
2026-05-12T11:39:48.2291765Z Collecting asttokens>=2.1.0 (from stack_data>=0.6.0->ipython>=8.0->-r requirements.txt (line 15))
2026-05-12T11:39:48.2453171Z   Downloading asttokens-3.0.1-py3-none-any.whl.metadata (4.9 kB)
2026-05-12T11:39:48.2621337Z Collecting pure-eval (from stack_data>=0.6.0->ipython>=8.0->-r requirements.txt (line 15))
2026-05-12T11:39:48.2784346Z   Downloading pure_eval-0.2.3-py3-none-any.whl.metadata (6.3 kB)
2026-05-12T11:39:48.3022796Z Collecting patsy>=0.5.6 (from statsmodels>=0.13.0->arch>=6.3->-r requirements.txt (line 12))
2026-05-12T11:39:48.3034775Z   Using cached patsy-1.0.2-py2.py3-none-any.whl.metadata (3.6 kB)
2026-05-12T11:39:48.3264117Z Collecting mpmath<1.4,>=1.1.0 (from sympy>=1.13.3->torch>=2.0->-r requirements.txt (line 22))
2026-05-12T11:39:48.3424154Z   Downloading mpmath-1.3.0-py3-none-any.whl.metadata (8.6 kB)
2026-05-12T11:39:48.3683907Z Collecting click>=8.2.1 (from typer->transformers>=4.41->-r requirements.txt (line 23))
2026-05-12T11:39:48.3843444Z   Downloading click-8.3.3-py3-none-any.whl.metadata (2.6 kB)
2026-05-12T11:39:48.4023472Z Collecting shellingham>=1.3.0 (from typer->transformers>=4.41->-r requirements.txt (line 23))
2026-05-12T11:39:48.4183496Z   Downloading shellingham-1.5.4-py2.py3-none-any.whl.metadata (3.5 kB)
2026-05-12T11:39:48.4361429Z Collecting annotated-doc>=0.0.2 (from typer->transformers>=4.41->-r requirements.txt (line 23))
2026-05-12T11:39:48.4520108Z   Downloading annotated_doc-0.0.4-py3-none-any.whl.metadata (6.6 kB)
2026-05-12T11:39:48.4759345Z Collecting markdown-it-py>=2.2.0 (from rich->curl_cffi>=0.15->yfinance>=0.2.40->-r requirements.txt (line 5))
2026-05-12T11:39:48.4920004Z   Downloading markdown_it_py-4.2.0-py3-none-any.whl.metadata (7.4 kB)
2026-05-12T11:39:48.5123933Z Collecting mdurl~=0.1 (from markdown-it-py>=2.2.0->rich->curl_cffi>=0.15->yfinance>=0.2.40->-r requirements.txt (line 5))
2026-05-12T11:39:48.5137120Z   Using cached mdurl-0.1.2-py3-none-any.whl.metadata (1.6 kB)
2026-05-12T11:39:48.5710559Z Collecting MarkupSafe>=2.0 (from jinja2->torch>=2.0->-r requirements.txt (line 22))
2026-05-12T11:39:48.5808200Z   Using cached markupsafe-3.0.3-cp311-cp311-manylinux2014_x86_64.manylinux_2_17_x86_64.manylinux_2_28_x86_64.whl.metadata (2.7 kB)
2026-05-12T11:39:48.6142029Z Collecting narwhals>=1.15.1 (from plotly->catboost>=1.2->-r requirements.txt (line 10))
2026-05-12T11:39:48.6303647Z   Downloading narwhals-2.21.0-py3-none-any.whl.metadata (16 kB)
2026-05-12T11:39:48.6453566Z Using cached numpy-2.4.4-cp311-cp311-manylinux_2_27_x86_64.manylinux_2_28_x86_64.whl (16.9 MB)
2026-05-12T11:39:48.6522029Z Using cached matplotlib-3.10.9-cp311-cp311-manylinux2014_x86_64.manylinux_2_17_x86_64.whl (8.8 MB)
2026-05-12T11:39:48.6712266Z Downloading requests-2.34.0-py3-none-any.whl (73 kB)
2026-05-12T11:39:48.6871695Z Using cached charset_normalizer-3.4.7-cp311-cp311-manylinux2014_x86_64.manylinux_2_17_x86_64.manylinux_2_28_x86_64.whl (214 kB)
2026-05-12T11:39:48.7032369Z Downloading idna-3.14-py3-none-any.whl (72 kB)
2026-05-12T11:39:48.7305486Z Downloading urllib3-2.7.0-py3-none-any.whl (131 kB)
2026-05-12T11:39:48.7539767Z Using cached yfinance-1.3.0-py2.py3-none-any.whl (133 kB)
2026-05-12T11:39:48.7553851Z Using cached scikit_learn-1.8.0-cp311-cp311-manylinux_2_27_x86_64.manylinux_2_28_x86_64.whl (9.1 MB)
2026-05-12T11:39:48.7596145Z Using cached imbalanced_learn-0.14.1-py3-none-any.whl (235 kB)
2026-05-12T11:39:48.7610433Z Using cached scipy-1.17.1-cp311-cp311-manylinux_2_27_x86_64.manylinux_2_28_x86_64.whl (35.3 MB)
2026-05-12T11:39:48.7734697Z Using cached threadpoolctl-3.6.0-py3-none-any.whl (18 kB)
2026-05-12T11:39:48.7747739Z Using cached joblib-1.5.3-py3-none-any.whl (309 kB)
2026-05-12T11:39:48.7761888Z Using cached sklearn_compat-0.1.5-py3-none-any.whl (20 kB)
2026-05-12T11:39:48.7775184Z Using cached xgboost-3.2.0-py3-none-manylinux_2_28_x86_64.whl (131.7 MB)
2026-05-12T11:39:48.8205265Z Using cached lightgbm-4.6.0-py3-none-manylinux_2_28_x86_64.whl (3.6 MB)
2026-05-12T11:39:48.8232997Z Using cached catboost-1.2.10-cp311-cp311-manylinux2014_x86_64.whl (97.2 MB)
2026-05-12T11:39:48.8554863Z Using cached optuna-4.8.0-py3-none-any.whl (419 kB)
2026-05-12T11:39:48.8568661Z Using cached arch-8.0.0-cp311-cp311-manylinux2014_x86_64.manylinux_2_17_x86_64.manylinux_2_28_x86_64.whl (990 kB)
2026-05-12T11:39:48.8585387Z Using cached hmmlearn-0.3.3-cp311-cp311-manylinux_2_17_x86_64.manylinux2014_x86_64.whl (165 kB)
2026-05-12T11:39:48.8599008Z Using cached cvxpy-1.8.2-cp311-cp311-manylinux_2_24_x86_64.manylinux_2_28_x86_64.whl (1.4 MB)
2026-05-12T11:39:48.8765536Z Downloading ipython-9.13.0-py3-none-any.whl (627 kB)
2026-05-12T11:39:48.9668562Z    ━━━━━━━━━━━━━━━━━━━━━━━━━━━━━━━━━━━━━━━━ 627.3/627.3 kB 7.4 MB/s  0:00:00
2026-05-12T11:39:48.9830036Z Downloading prompt_toolkit-3.0.52-py3-none-any.whl (391 kB)
2026-05-12T11:39:49.0285731Z Using cached river-0.24.2-cp311-cp311-manylinux_2_28_x86_64.whl (4.2 MB)
2026-05-12T11:39:49.0312336Z Using cached pandas-2.3.3-cp311-cp311-manylinux_2_24_x86_64.manylinux_2_28_x86_64.whl (12.8 MB)
2026-05-12T11:39:49.0526038Z Downloading mapie-1.4.0-py3-none-any.whl (265 kB)
2026-05-12T11:39:49.0791285Z Using cached clarabel-0.11.1-cp39-abi3-manylinux_2_17_x86_64.manylinux2014_x86_64.whl (1.2 MB)
2026-05-12T11:39:49.0955880Z Downloading alpaca_py-0.43.4-py3-none-any.whl (122 kB)
2026-05-12T11:39:49.1217180Z Downloading msgpack-1.1.2-cp311-cp311-manylinux2014_x86_64.manylinux_2_17_x86_64.manylinux_2_28_x86_64.whl (426 kB)
2026-05-12T11:39:49.1746449Z Downloading pydantic-2.13.4-py3-none-any.whl (472 kB)
2026-05-12T11:39:49.2273437Z Downloading pydantic_core-2.46.4-cp311-cp311-manylinux_2_17_x86_64.manylinux2014_x86_64.whl (2.1 MB)
2026-05-12T11:39:49.3543797Z    ━━━━━━━━━━━━━━━━━━━━━━━━━━━━━━━━━━━━━━━━ 2.1/2.1 MB 17.2 MB/s  0:00:00
2026-05-12T11:39:49.3710570Z Downloading sseclient_py-1.9.0-py3-none-any.whl (8.4 kB)
2026-05-12T11:39:49.3890029Z Downloading torch-2.11.0-cp311-cp311-manylinux_2_28_x86_64.whl (530.6 MB)
2026-05-12T11:39:59.1321254Z    ━━━━━━━━━━━━━━━━━━━━━━━━━━━━━━━━━━━━━━━━ 530.6/530.6 MB 30.9 MB/s  0:00:09
2026-05-12T11:39:59.1475630Z Downloading cuda_toolkit-13.0.2-py2.py3-none-any.whl (2.4 kB)
2026-05-12T11:39:59.1671476Z Downloading nvidia_cudnn_cu13-9.19.0.56-py3-none-manylinux_2_27_x86_64.whl (366.1 MB)
2026-05-12T11:40:03.5621360Z    ━━━━━━━━━━━━━━━━━━━━━━━━━━━━━━━━━━━━━━━━ 366.1/366.1 MB 62.4 MB/s  0:00:04
2026-05-12T11:40:03.5789204Z Downloading nvidia_cusparselt_cu13-0.8.0-py3-none-manylinux2014_x86_64.whl (169.9 MB)
2026-05-12T11:40:04.6153751Z    ━━━━━━━━━━━━━━━━━━━━━━━━━━━━━━━━━━━━━━━━ 169.9/169.9 MB 164.4 MB/s  0:00:01
2026-05-12T11:40:04.6325367Z Downloading nvidia_nccl_cu13-2.28.9-py3-none-manylinux_2_18_x86_64.whl (196.5 MB)
2026-05-12T11:40:07.5535593Z    ━━━━━━━━━━━━━━━━━━━━━━━━━━━━━━━━━━━━━━━━ 196.5/196.5 MB 67.2 MB/s  0:00:02
2026-05-12T11:40:07.5705602Z Downloading nvidia_nvshmem_cu13-3.4.5-py3-none-manylinux2014_x86_64.manylinux_2_17_x86_64.whl (60.4 MB)
2026-05-12T11:40:07.7982044Z    ━━━━━━━━━━━━━━━━━━━━━━━━━━━━━━━━━━━━━━━━ 60.4/60.4 MB 267.4 MB/s  0:00:00
2026-05-12T11:40:07.8148118Z Downloading triton-3.6.0-cp311-cp311-manylinux_2_27_x86_64.manylinux_2_28_x86_64.whl (188.2 MB)
2026-05-12T11:40:10.5006753Z    ━━━━━━━━━━━━━━━━━━━━━━━━━━━━━━━━━━━━━━━━ 188.2/188.2 MB 70.1 MB/s  0:00:02
2026-05-12T11:40:10.5178981Z Downloading cuda_bindings-13.2.0-cp311-cp311-manylinux_2_24_x86_64.manylinux_2_28_x86_64.whl (6.3 MB)
2026-05-12T11:40:10.5458889Z    ━━━━━━━━━━━━━━━━━━━━━━━━━━━━━━━━━━━━━━━━ 6.3/6.3 MB 251.9 MB/s  0:00:00
2026-05-12T11:40:10.5609586Z Downloading cuda_pathfinder-1.5.4-py3-none-any.whl (51 kB)
2026-05-12T11:40:10.5794422Z Downloading nvidia_cublas-13.1.0.3-py3-none-manylinux_2_27_x86_64.whl (423.1 MB)
2026-05-12T11:40:16.6178441Z    ━━━━━━━━━━━━━━━━━━━━━━━━━━━━━━━━━━━━━━━━ 423.1/423.1 MB 45.6 MB/s  0:00:06
2026-05-12T11:40:16.6349255Z Downloading nvidia_cuda_cupti-13.0.85-py3-none-manylinux_2_25_x86_64.whl (10.7 MB)
2026-05-12T11:40:16.6734928Z    ━━━━━━━━━━━━━━━━━━━━━━━━━━━━━━━━━━━━━━━━ 10.7/10.7 MB 302.9 MB/s  0:00:00
2026-05-12T11:40:16.6889362Z Downloading nvidia_cuda_nvrtc-13.0.88-py3-none-manylinux2010_x86_64.manylinux_2_12_x86_64.whl (90.2 MB)
2026-05-12T11:40:17.1055803Z    ━━━━━━━━━━━━━━━━━━━━━━━━━━━━━━━━━━━━━━━━ 90.2/90.2 MB 218.2 MB/s  0:00:00
2026-05-12T11:40:17.1226273Z Downloading nvidia_cuda_runtime-13.0.96-py3-none-manylinux2014_x86_64.manylinux_2_17_x86_64.whl (2.2 MB)
2026-05-12T11:40:17.1316521Z    ━━━━━━━━━━━━━━━━━━━━━━━━━━━━━━━━━━━━━━━━ 2.2/2.2 MB 326.4 MB/s  0:00:00
2026-05-12T11:40:17.1482058Z Downloading nvidia_cufft-12.0.0.61-py3-none-manylinux2014_x86_64.manylinux_2_17_x86_64.whl (214.1 MB)
2026-05-12T11:40:20.3587560Z    ━━━━━━━━━━━━━━━━━━━━━━━━━━━━━━━━━━━━━━━━ 214.1/214.1 MB 66.7 MB/s  0:00:03
2026-05-12T11:40:20.3758835Z Downloading nvidia_cufile-1.15.1.6-py3-none-manylinux2014_x86_64.manylinux_2_17_x86_64.whl (1.2 MB)
2026-05-12T11:40:20.3829620Z    ━━━━━━━━━━━━━━━━━━━━━━━━━━━━━━━━━━━━━━━━ 1.2/1.2 MB 241.4 MB/s  0:00:00
2026-05-12T11:40:20.3983849Z Downloading nvidia_curand-10.4.0.35-py3-none-manylinux_2_27_x86_64.whl (59.5 MB)
2026-05-12T11:40:20.6529372Z    ━━━━━━━━━━━━━━━━━━━━━━━━━━━━━━━━━━━━━━━━ 59.5/59.5 MB 235.4 MB/s  0:00:00
2026-05-12T11:40:20.6697741Z Downloading nvidia_cusolver-12.0.4.66-py3-none-manylinux_2_27_x86_64.whl (200.9 MB)
2026-05-12T11:40:22.5101974Z    ━━━━━━━━━━━━━━━━━━━━━━━━━━━━━━━━━━━━━━━━ 200.9/200.9 MB 109.2 MB/s  0:00:01
2026-05-12T11:40:22.5276941Z Downloading nvidia_cusparse-12.6.3.3-py3-none-manylinux2014_x86_64.manylinux_2_17_x86_64.whl (145.9 MB)
2026-05-12T11:40:23.3535652Z    ━━━━━━━━━━━━━━━━━━━━━━━━━━━━━━━━━━━━━━━━ 145.9/145.9 MB 176.9 MB/s  0:00:00
2026-05-12T11:40:23.3705539Z Downloading nvidia_nvjitlink-13.0.88-py3-none-manylinux2010_x86_64.manylinux_2_12_x86_64.whl (40.7 MB)
2026-05-12T11:40:23.5087913Z    ━━━━━━━━━━━━━━━━━━━━━━━━━━━━━━━━━━━━━━━━ 40.7/40.7 MB 300.8 MB/s  0:00:00
2026-05-12T11:40:23.5271072Z Downloading nvidia_nvtx-13.0.85-py3-none-manylinux1_x86_64.manylinux_2_5_x86_64.whl (148 kB)
2026-05-12T11:40:23.5486884Z Downloading transformers-5.8.0-py3-none-any.whl (10.6 MB)
2026-05-12T11:40:23.5980447Z    ━━━━━━━━━━━━━━━━━━━━━━━━━━━━━━━━━━━━━━━━ 10.6/10.6 MB 228.5 MB/s  0:00:00
2026-05-12T11:40:23.6148286Z Downloading huggingface_hub-1.14.0-py3-none-any.whl (661 kB)
2026-05-12T11:40:23.6196820Z    ━━━━━━━━━━━━━━━━━━━━━━━━━━━━━━━━━━━━━━━━ 661.5/661.5 kB 143.1 MB/s  0:00:00
2026-05-12T11:40:23.6363504Z Downloading hf_xet-1.5.0-cp37-abi3-manylinux2014_x86_64.manylinux_2_17_x86_64.whl (4.5 MB)
2026-05-12T11:40:23.6520127Z    ━━━━━━━━━━━━━━━━━━━━━━━━━━━━━━━━━━━━━━━━ 4.5/4.5 MB 343.4 MB/s  0:00:00
2026-05-12T11:40:23.6684893Z Downloading httpx-0.28.1-py3-none-any.whl (73 kB)
2026-05-12T11:40:23.6865156Z Downloading httpcore-1.0.9-py3-none-any.whl (78 kB)
2026-05-12T11:40:23.7048974Z Downloading tokenizers-0.22.2-cp39-abi3-manylinux_2_17_x86_64.manylinux2014_x86_64.whl (3.3 MB)
2026-05-12T11:40:23.7170663Z    ━━━━━━━━━━━━━━━━━━━━━━━━━━━━━━━━━━━━━━━━ 3.3/3.3 MB 335.5 MB/s  0:00:00
2026-05-12T11:40:23.7334257Z Downloading numba-0.65.1-cp311-cp311-manylinux2014_x86_64.manylinux_2_17_x86_64.whl (3.7 MB)
2026-05-12T11:40:23.7487867Z    ━━━━━━━━━━━━━━━━━━━━━━━━━━━━━━━━━━━━━━━━ 3.7/3.7 MB 268.5 MB/s  0:00:00
2026-05-12T11:40:23.7653163Z Downloading llvmlite-0.47.0-cp311-cp311-manylinux2014_x86_64.manylinux_2_17_x86_64.whl (56.3 MB)
2026-05-12T11:40:23.9679143Z    ━━━━━━━━━━━━━━━━━━━━━━━━━━━━━━━━━━━━━━━━ 56.3/56.3 MB 280.0 MB/s  0:00:00
2026-05-12T11:40:23.9696946Z Using cached alembic-1.18.4-py3-none-any.whl (263 kB)
2026-05-12T11:40:23.9862393Z Downloading annotated_types-0.7.0-py3-none-any.whl (13 kB)
2026-05-12T11:40:23.9896357Z Using cached beautifulsoup4-4.14.3-py3-none-any.whl (107 kB)
2026-05-12T11:40:23.9914639Z Using cached certifi-2026.4.22-py3-none-any.whl (135 kB)
2026-05-12T11:40:23.9934081Z Using cached contourpy-1.3.3-cp311-cp311-manylinux_2_27_x86_64.manylinux_2_28_x86_64.whl (355 kB)
2026-05-12T11:40:23.9954362Z Using cached curl_cffi-0.15.0-cp310-abi3-manylinux2014_x86_64.manylinux_2_17_x86_64.whl (11.1 MB)
2026-05-12T11:40:24.0017009Z Using cached cffi-2.0.0-cp311-cp311-manylinux2014_x86_64.manylinux_2_17_x86_64.whl (215 kB)
2026-05-12T11:40:24.0035243Z Using cached cycler-0.12.1-py3-none-any.whl (8.3 kB)
2026-05-12T11:40:24.0198271Z Downloading decorator-5.2.1-py3-none-any.whl (9.2 kB)
2026-05-12T11:40:24.0380007Z Downloading filelock-3.29.0-py3-none-any.whl (39 kB)
2026-05-12T11:40:24.0414871Z Using cached fonttools-4.62.1-cp311-cp311-manylinux2014_x86_64.manylinux_2_17_x86_64.whl (5.1 MB)
2026-05-12T11:40:24.0455058Z Using cached frozendict-2.4.7-py3-none-any.whl (16 kB)
2026-05-12T11:40:24.0618211Z Downloading fsspec-2026.4.0-py3-none-any.whl (203 kB)
2026-05-12T11:40:24.0799036Z Downloading h11-0.16.0-py3-none-any.whl (37 kB)
2026-05-12T11:40:24.0831221Z Using cached highspy-1.14.0-cp311-cp311-manylinux_2_24_x86_64.manylinux_2_28_x86_64.whl (2.6 MB)
2026-05-12T11:40:24.1007906Z Downloading ipython_pygments_lexers-1.1.1-py3-none-any.whl (8.1 kB)
2026-05-12T11:40:24.1190386Z Downloading jedi-0.20.0-py2.py3-none-any.whl (4.9 MB)
2026-05-12T11:40:24.1350027Z    ━━━━━━━━━━━━━━━━━━━━━━━━━━━━━━━━━━━━━━━━ 4.9/4.9 MB 360.0 MB/s  0:00:00
2026-05-12T11:40:24.1504844Z Downloading parso-0.8.7-py2.py3-none-any.whl (107 kB)
2026-05-12T11:40:24.1540244Z Using cached kiwisolver-1.5.0-cp311-cp311-manylinux2014_x86_64.manylinux_2_17_x86_64.whl (1.4 MB)
2026-05-12T11:40:24.1716122Z Downloading matplotlib_inline-0.2.2-py3-none-any.whl (9.5 kB)
2026-05-12T11:40:24.1747321Z Using cached multitasking-0.0.13-py3-none-any.whl (16 kB)
2026-05-12T11:40:24.1914577Z Downloading networkx-3.6.1-py3-none-any.whl (2.1 MB)
2026-05-12T11:40:24.1995226Z    ━━━━━━━━━━━━━━━━━━━━━━━━━━━━━━━━━━━━━━━━ 2.1/2.1 MB 314.6 MB/s  0:00:00
2026-05-12T11:40:24.2010697Z Using cached osqp-1.1.1-cp311-cp311-manylinux_2_24_x86_64.manylinux_2_28_x86_64.whl (343 kB)
2026-05-12T11:40:24.2030007Z Using cached packaging-26.2-py3-none-any.whl (100 kB)
2026-05-12T11:40:24.2046790Z Using cached peewee-4.0.5-py3-none-any.whl (144 kB)
2026-05-12T11:40:24.2216821Z Downloading pexpect-4.9.0-py2.py3-none-any.whl (63 kB)
2026-05-12T11:40:24.2247571Z Using cached pillow-12.2.0-cp311-cp311-manylinux_2_27_x86_64.manylinux_2_28_x86_64.whl (7.1 MB)
2026-05-12T11:40:24.2293606Z Using cached platformdirs-4.9.6-py3-none-any.whl (21 kB)
2026-05-12T11:40:24.2309222Z Using cached protobuf-7.34.1-cp310-abi3-manylinux2014_x86_64.whl (324 kB)
2026-05-12T11:40:24.2479371Z Downloading psutil-7.2.2-cp36-abi3-manylinux2010_x86_64.manylinux_2_12_x86_64.manylinux_2_28_x86_64.whl (155 kB)
2026-05-12T11:40:24.2662799Z Downloading ptyprocess-0.7.0-py2.py3-none-any.whl (13 kB)
2026-05-12T11:40:24.2695123Z Using cached pygments-2.20.0-py3-none-any.whl (1.2 MB)
2026-05-12T11:40:24.2722241Z Using cached pyparsing-3.3.2-py3-none-any.whl (122 kB)
2026-05-12T11:40:24.2740455Z Using cached python_dateutil-2.9.0.post0-py2.py3-none-any.whl (229 kB)
2026-05-12T11:40:24.2906962Z Downloading pytz-2026.2-py2.py3-none-any.whl (510 kB)
2026-05-12T11:40:24.2950549Z Using cached pyyaml-6.0.3-cp311-cp311-manylinux2014_x86_64.manylinux_2_17_x86_64.manylinux_2_28_x86_64.whl (806 kB)
2026-05-12T11:40:24.3119273Z Downloading regex-2026.5.9-cp311-cp311-manylinux2014_x86_64.manylinux_2_17_x86_64.manylinux_2_28_x86_64.whl (799 kB)
2026-05-12T11:40:24.3172803Z    ━━━━━━━━━━━━━━━━━━━━━━━━━━━━━━━━━━━━━━━━ 799.8/799.8 kB 192.3 MB/s  0:00:00
2026-05-12T11:40:24.3334904Z Downloading safetensors-0.7.0-cp38-abi3-manylinux_2_17_x86_64.manylinux2014_x86_64.whl (507 kB)
2026-05-12T11:40:24.3377759Z Using cached scs-3.2.11-cp311-cp311-manylinux_2_27_x86_64.manylinux_2_28_x86_64.whl (12.1 MB)
2026-05-12T11:40:24.3443420Z Using cached six-1.17.0-py2.py3-none-any.whl (11 kB)
2026-05-12T11:40:24.3459634Z Using cached soupsieve-2.8.3-py3-none-any.whl (37 kB)
2026-05-12T11:40:24.3476259Z Using cached sqlalchemy-2.0.49-cp311-cp311-manylinux2014_x86_64.manylinux_2_17_x86_64.manylinux_2_28_x86_64.whl (3.3 MB)
2026-05-12T11:40:24.3509880Z Using cached greenlet-3.5.0-cp311-cp311-manylinux_2_24_x86_64.manylinux_2_28_x86_64.whl (615 kB)
2026-05-12T11:40:24.3678274Z Downloading stack_data-0.6.3-py3-none-any.whl (24 kB)
2026-05-12T11:40:24.3856369Z Downloading asttokens-3.0.1-py3-none-any.whl (27 kB)
2026-05-12T11:40:24.4035121Z Downloading executing-2.2.1-py2.py3-none-any.whl (28 kB)
2026-05-12T11:40:24.4068858Z Using cached statsmodels-0.14.6-cp311-cp311-manylinux2014_x86_64.manylinux_2_17_x86_64.manylinux_2_28_x86_64.whl (10.4 MB)
2026-05-12T11:40:24.4140650Z Using cached patsy-1.0.2-py2.py3-none-any.whl (233 kB)
2026-05-12T11:40:24.4304675Z Downloading sympy-1.14.0-py3-none-any.whl (6.3 MB)
2026-05-12T11:40:24.4511480Z    ━━━━━━━━━━━━━━━━━━━━━━━━━━━━━━━━━━━━━━━━ 6.3/6.3 MB 334.5 MB/s  0:00:00
2026-05-12T11:40:24.4677325Z Downloading mpmath-1.3.0-py3-none-any.whl (536 kB)
2026-05-12T11:40:24.4724088Z    ━━━━━━━━━━━━━━━━━━━━━━━━━━━━━━━━━━━━━━━━ 536.2/536.2 kB 110.3 MB/s  0:00:00
2026-05-12T11:40:24.4740123Z Using cached tqdm-4.67.3-py3-none-any.whl (78 kB)
2026-05-12T11:40:24.4902759Z Downloading traitlets-5.15.0-py3-none-any.whl (85 kB)
2026-05-12T11:40:24.5086484Z Downloading typer-0.25.1-py3-none-any.whl (58 kB)
2026-05-12T11:40:24.5734208Z Downloading annotated_doc-0.0.4-py3-none-any.whl (5.3 kB)
2026-05-12T11:40:24.5914708Z Downloading click-8.3.3-py3-none-any.whl (110 kB)
2026-05-12T11:40:24.5949564Z Using cached rich-15.0.0-py3-none-any.whl (310 kB)
2026-05-12T11:40:24.6114935Z Downloading markdown_it_py-4.2.0-py3-none-any.whl (91 kB)
2026-05-12T11:40:24.6170194Z Using cached mdurl-0.1.2-py3-none-any.whl (10.0 kB)
2026-05-12T11:40:24.6320488Z Downloading shellingham-1.5.4-py2.py3-none-any.whl (9.8 kB)
2026-05-12T11:40:24.6353670Z Using cached typing_extensions-4.15.0-py3-none-any.whl (44 kB)
2026-05-12T11:40:24.6516102Z Downloading typing_inspection-0.4.2-py3-none-any.whl (14 kB)
2026-05-12T11:40:24.6550827Z Using cached tzdata-2026.2-py2.py3-none-any.whl (349 kB)
2026-05-12T11:40:24.6572363Z Using cached websockets-16.0-cp311-cp311-manylinux1_x86_64.manylinux_2_28_x86_64.manylinux_2_5_x86_64.whl (184 kB)
2026-05-12T11:40:24.6734696Z Downloading anyio-4.13.0-py3-none-any.whl (114 kB)
2026-05-12T11:40:24.6770470Z Using cached colorlog-6.10.1-py3-none-any.whl (11 kB)
2026-05-12T11:40:24.6786388Z Using cached graphviz-0.21-py3-none-any.whl (47 kB)
2026-05-12T11:40:24.6803525Z Using cached jinja2-3.1.6-py3-none-any.whl (134 kB)
2026-05-12T11:40:24.6821822Z Using cached markupsafe-3.0.3-cp311-cp311-manylinux2014_x86_64.manylinux_2_17_x86_64.manylinux_2_28_x86_64.whl (22 kB)
2026-05-12T11:40:24.6838303Z Using cached mako-1.3.12-py3-none-any.whl (78 kB)
2026-05-12T11:40:24.6855970Z Using cached nvidia_nccl_cu12-2.30.4-py3-none-manylinux_2_18_x86_64.whl (300.2 MB)
2026-05-12T11:40:26.7461930Z Using cached plotly-6.7.0-py3-none-any.whl (9.9 MB)
2026-05-12T11:40:27.0621030Z Downloading narwhals-2.21.0-py3-none-any.whl (451 kB)
2026-05-12T11:40:27.1578633Z Downloading pure_eval-0.2.3-py3-none-any.whl (11 kB)
2026-05-12T11:40:27.1614234Z Using cached pycparser-3.0-py3-none-any.whl (48 kB)
2026-05-12T11:40:27.1777117Z Downloading wcwidth-0.7.0-py3-none-any.whl (110 kB)
2026-05-12T11:40:42.5012732Z Installing collected packages: pytz, pure-eval, ptyprocess, peewee, nvidia-cusparselt-cu13, multitasking, mpmath, cuda-toolkit, websockets, wcwidth, urllib3, tzdata, typing_extensions, triton, traitlets, tqdm, threadpoolctl, sympy, sseclient-py, soupsieve, six, shellingham, safetensors, regex, PyYAML, pyparsing, pygments, pycparser, psutil, protobuf, platformdirs, pillow, pexpect, parso, packaging, nvidia-nvtx, nvidia-nvshmem-cu13, nvidia-nvjitlink, nvidia-nccl-cu13, nvidia-nccl-cu12, nvidia-curand, nvidia-cufile, nvidia-cuda-runtime, nvidia-cuda-nvrtc, nvidia-cuda-cupti, nvidia-cublas, numpy, networkx, narwhals, msgpack, mdurl, MarkupSafe, llvmlite, kiwisolver, joblib, idna, hf-xet, h11, greenlet, graphviz, fsspec, frozendict, fonttools, filelock, executing, decorator, cycler, cuda-pathfinder, colorlog, click, charset_normalizer, certifi, asttokens, annotated-types, annotated-doc, typing-inspection, stack_data, sqlalchemy, scipy, requests, python-dateutil, pydantic-core, prompt_toolkit, plotly, patsy, nvidia-cusparse, nvidia-cufft, nvidia-cudnn-cu13, numba, matplotlib-inline, markdown-it-py, Mako, jinja2, jedi, ipython-pygments-lexers, httpcore, highspy, cuda-bindings, contourpy, cffi, beautifulsoup4, anyio, xgboost, scs, scikit-learn, rich, pydantic, pandas, osqp, nvidia-cusolver, matplotlib, lightgbm, ipython, httpx, clarabel, alembic, typer, ta, statsmodels, sklearn-compat, river, optuna, mapie, hmmlearn, cvxpy, curl_cffi, catboost, alpaca-py, yfinance, torch, imbalanced-learn, huggingface-hub, arch, tokenizers, transformers
2026-05-12T11:42:08.0811911Z 
2026-05-12T11:42:08.0869323Z Successfully installed Mako-1.3.12 MarkupSafe-3.0.3 PyYAML-6.0.3 alembic-1.18.4 alpaca-py-0.43.4 annotated-doc-0.0.4 annotated-types-0.7.0 anyio-4.13.0 arch-8.0.0 asttokens-3.0.1 beautifulsoup4-4.14.3 catboost-1.2.10 certifi-2026.4.22 cffi-2.0.0 charset_normalizer-3.4.7 clarabel-0.11.1 click-8.3.3 colorlog-6.10.1 contourpy-1.3.3 cuda-bindings-13.2.0 cuda-pathfinder-1.5.4 cuda-toolkit-13.0.2 curl_cffi-0.15.0 cvxpy-1.8.2 cycler-0.12.1 decorator-5.2.1 executing-2.2.1 filelock-3.29.0 fonttools-4.62.1 frozendict-2.4.7 fsspec-2026.4.0 graphviz-0.21 greenlet-3.5.0 h11-0.16.0 hf-xet-1.5.0 highspy-1.14.0 hmmlearn-0.3.3 httpcore-1.0.9 httpx-0.28.1 huggingface-hub-1.14.0 idna-3.14 imbalanced-learn-0.14.1 ipython-9.13.0 ipython-pygments-lexers-1.1.1 jedi-0.20.0 jinja2-3.1.6 joblib-1.5.3 kiwisolver-1.5.0 lightgbm-4.6.0 llvmlite-0.47.0 mapie-1.4.0 markdown-it-py-4.2.0 matplotlib-3.10.9 matplotlib-inline-0.2.2 mdurl-0.1.2 mpmath-1.3.0 msgpack-1.1.2 multitasking-0.0.13 narwhals-2.21.0 networkx-3.6.1 numba-0.65.1 numpy-2.4.4 nvidia-cublas-13.1.0.3 nvidia-cuda-cupti-13.0.85 nvidia-cuda-nvrtc-13.0.88 nvidia-cuda-runtime-13.0.96 nvidia-cudnn-cu13-9.19.0.56 nvidia-cufft-12.0.0.61 nvidia-cufile-1.15.1.6 nvidia-curand-10.4.0.35 nvidia-cusolver-12.0.4.66 nvidia-cusparse-12.6.3.3 nvidia-cusparselt-cu13-0.8.0 nvidia-nccl-cu12-2.30.4 nvidia-nccl-cu13-2.28.9 nvidia-nvjitlink-13.0.88 nvidia-nvshmem-cu13-3.4.5 nvidia-nvtx-13.0.85 optuna-4.8.0 osqp-1.1.1 packaging-26.2 pandas-2.3.3 parso-0.8.7 patsy-1.0.2 peewee-4.0.5 pexpect-4.9.0 pillow-12.2.0 platformdirs-4.9.6 plotly-6.7.0 prompt_toolkit-3.0.52 protobuf-7.34.1 psutil-7.2.2 ptyprocess-0.7.0 pure-eval-0.2.3 pycparser-3.0 pydantic-2.13.4 pydantic-core-2.46.4 pygments-2.20.0 pyparsing-3.3.2 python-dateutil-2.9.0.post0 pytz-2026.2 regex-2026.5.9 requests-2.34.0 rich-15.0.0 river-0.24.2 safetensors-0.7.0 scikit-learn-1.8.0 scipy-1.17.1 scs-3.2.11 shellingham-1.5.4 six-1.17.0 sklearn-compat-0.1.5 soupsieve-2.8.3 sqlalchemy-2.0.49 sseclient-py-1.9.0 stack_data-0.6.3 statsmodels-0.14.6 sympy-1.14.0 ta-0.11.0 threadpoolctl-3.6.0 tokenizers-0.22.2 torch-2.11.0 tqdm-4.67.3 traitlets-5.15.0 transformers-5.8.0 triton-3.6.0 typer-0.25.1 typing-inspection-0.4.2 typing_extensions-4.15.0 tzdata-2026.2 urllib3-2.7.0 wcwidth-0.7.0 websockets-16.0 xgboost-3.2.0 yfinance-1.3.0
2026-05-12T11:42:08.4935537Z ##[group]Run pip install --no-deps "pandas-ta==0.3.14b0" || true
2026-05-12T11:42:08.4936030Z ^[[36;1mpip install --no-deps "pandas-ta==0.3.14b0" || true^[[0m
2026-05-12T11:42:08.5141869Z shell: /usr/bin/bash -e {0}
2026-05-12T11:42:08.5142145Z env:
2026-05-12T11:42:08.5142441Z   pythonLocation: /opt/hostedtoolcache/Python/3.11.15/x64
2026-05-12T11:42:08.5142890Z   PKG_CONFIG_PATH: /opt/hostedtoolcache/Python/3.11.15/x64/lib/pkgconfig
2026-05-12T11:42:08.5143341Z   Python_ROOT_DIR: /opt/hostedtoolcache/Python/3.11.15/x64
2026-05-12T11:42:08.5143742Z   Python2_ROOT_DIR: /opt/hostedtoolcache/Python/3.11.15/x64
2026-05-12T11:42:08.5144126Z   Python3_ROOT_DIR: /opt/hostedtoolcache/Python/3.11.15/x64
2026-05-12T11:42:08.5144517Z   LD_LIBRARY_PATH: /opt/hostedtoolcache/Python/3.11.15/x64/lib
2026-05-12T11:42:08.5144839Z ##[endgroup]
2026-05-12T11:42:09.0482088Z ERROR: Ignored the following versions that require a different python version: 0.4.67b0 Requires-Python >=3.12; 0.4.71b0 Requires-Python >=3.12
2026-05-12T11:42:09.0484600Z ERROR: Could not find a version that satisfies the requirement pandas-ta==0.3.14b0 (from versions: none)
2026-05-12T11:42:09.0486493Z ERROR: No matching distribution found for pandas-ta==0.3.14b0
2026-05-12T11:42:09.0943557Z ##[group]Run sudo apt-get install -y rclone
2026-05-12T11:42:09.0943938Z ^[[36;1msudo apt-get install -y rclone^[[0m
2026-05-12T11:42:09.0966728Z shell: /usr/bin/bash -e {0}
2026-05-12T11:42:09.0966976Z env:
2026-05-12T11:42:09.0967249Z   pythonLocation: /opt/hostedtoolcache/Python/3.11.15/x64
2026-05-12T11:42:09.0967704Z   PKG_CONFIG_PATH: /opt/hostedtoolcache/Python/3.11.15/x64/lib/pkgconfig
2026-05-12T11:42:09.0968128Z   Python_ROOT_DIR: /opt/hostedtoolcache/Python/3.11.15/x64
2026-05-12T11:42:09.0968499Z   Python2_ROOT_DIR: /opt/hostedtoolcache/Python/3.11.15/x64
2026-05-12T11:42:09.0968860Z   Python3_ROOT_DIR: /opt/hostedtoolcache/Python/3.11.15/x64
2026-05-12T11:42:09.0969227Z   LD_LIBRARY_PATH: /opt/hostedtoolcache/Python/3.11.15/x64/lib
2026-05-12T11:42:09.0969865Z ##[endgroup]
2026-05-12T11:42:10.0788979Z Reading package lists...
2026-05-12T11:42:10.2990127Z Building dependency tree...
2026-05-12T11:42:10.2999674Z Reading state information...
2026-05-12T11:42:10.4968611Z The following NEW packages will be installed:
2026-05-12T11:42:10.4969765Z   rclone
2026-05-12T11:42:10.5212455Z 0 upgraded, 1 newly installed, 0 to remove and 7 not upgraded.
2026-05-12T11:42:10.5213276Z Need to get 16.5 MB of archives.
2026-05-12T11:42:10.5214093Z After this operation, 62.6 MB of additional disk space will be used.
2026-05-12T11:42:10.5215105Z Get:1 file:/etc/apt/apt-mirrors.txt Mirrorlist [144 B]
2026-05-12T11:42:10.5939216Z Get:2 http://azure.archive.ubuntu.com/ubuntu noble-updates/universe amd64 rclone amd64 1.60.1+dfsg-3ubuntu0.24.04.4 [16.5 MB]
2026-05-12T11:42:11.1653084Z Fetched 16.5 MB in 0s (42.4 MB/s)
2026-05-12T11:42:11.1911603Z Selecting previously unselected package rclone.
2026-05-12T11:42:11.2206430Z (Reading database ... 
2026-05-12T11:42:11.2207348Z (Reading database ... 5%
2026-05-12T11:42:11.2208010Z (Reading database ... 10%
2026-05-12T11:42:11.2208495Z (Reading database ... 15%
2026-05-12T11:42:11.2208837Z (Reading database ... 20%
2026-05-12T11:42:11.2209203Z (Reading database ... 25%
2026-05-12T11:42:11.2209709Z (Reading database ... 30%
2026-05-12T11:42:11.2210053Z (Reading database ... 35%
2026-05-12T11:42:11.2210413Z (Reading database ... 40%
2026-05-12T11:42:11.2210746Z (Reading database ... 45%
2026-05-12T11:42:11.2211074Z (Reading database ... 50%
2026-05-12T11:42:11.2274747Z (Reading database ... 55%
2026-05-12T11:42:11.3440897Z (Reading database ... 60%
2026-05-12T11:42:11.4965706Z (Reading database ... 65%
2026-05-12T11:42:11.7013873Z (Reading database ... 70%
2026-05-12T11:42:11.8912707Z (Reading database ... 75%
2026-05-12T11:42:12.0966837Z (Reading database ... 80%
2026-05-12T11:42:12.3033708Z (Reading database ... 85%
2026-05-12T11:42:12.4999562Z (Reading database ... 90%
2026-05-12T11:42:12.6674520Z (Reading database ... 95%
2026-05-12T11:42:12.6675183Z (Reading database ... 100%
2026-05-12T11:42:12.6676121Z (Reading database ... 220764 files and directories currently installed.)
2026-05-12T11:42:12.6726803Z Preparing to unpack .../rclone_1.60.1+dfsg-3ubuntu0.24.04.4_amd64.deb ...
2026-05-12T11:42:12.6751282Z Unpacking rclone (1.60.1+dfsg-3ubuntu0.24.04.4) ...
2026-05-12T11:42:13.8157816Z Setting up rclone (1.60.1+dfsg-3ubuntu0.24.04.4) ...
2026-05-12T11:42:13.8600430Z Processing triggers for man-db (2.12.0-4build2) ...
2026-05-12T11:42:13.9044810Z Not building database; man-db/auto-update is not 'true'.
2026-05-12T11:42:15.0466214Z 
2026-05-12T11:42:15.0467019Z Running kernel seems to be up-to-date.
2026-05-12T11:42:15.0467656Z 
2026-05-12T11:42:15.0468060Z No services need to be restarted.
2026-05-12T11:42:15.0468515Z 
2026-05-12T11:42:15.0468852Z No containers need to be restarted.
2026-05-12T11:42:15.0469305Z 
2026-05-12T11:42:15.0469964Z No user sessions are running outdated binaries.
2026-05-12T11:42:15.0470502Z 
2026-05-12T11:42:15.0470968Z No VM guests are running outdated hypervisor (qemu) binaries on this host.
2026-05-12T11:42:16.0147922Z ##[group]Run MANUAL="morning"
2026-05-12T11:42:16.0148252Z ^[[36;1mMANUAL="morning"^[[0m
2026-05-12T11:42:16.0148501Z ^[[36;1mHOUR=$(date -u +%H)^[[0m
2026-05-12T11:42:16.0148737Z ^[[36;1mMIN=$(date -u +%M)^[[0m
2026-05-12T11:42:16.0149004Z ^[[36;1mDAY=$(date -u +%u)   # 1=Mon ... 6=Sat^[[0m
2026-05-12T11:42:16.0149291Z ^[[36;1m^[[0m
2026-05-12T11:42:16.0149780Z ^[[36;1mif [ -n "$MANUAL" ]; then^[[0m
2026-05-12T11:42:16.0150040Z ^[[36;1m  TYPE="$MANUAL"^[[0m
2026-05-12T11:42:16.0150331Z ^[[36;1melif [ "$HOUR" = "13" ] || [ "$HOUR" = "14" ]; then^[[0m
2026-05-12T11:42:16.0150639Z ^[[36;1m  TYPE="morning"^[[0m
2026-05-12T11:42:16.0150946Z ^[[36;1melif [ "$HOUR" = "16" ] || [ "$HOUR" = "17" ] || [ "$HOUR" = "18" ]; then^[[0m
2026-05-12T11:42:16.0151309Z ^[[36;1m  TYPE="intraday"^[[0m
2026-05-12T11:42:16.0151554Z ^[[36;1melif [ "$HOUR" = "19" ]; then^[[0m
2026-05-12T11:42:16.0151832Z ^[[36;1m  TYPE="intraday"^[[0m
2026-05-12T11:42:16.0152095Z ^[[36;1melif [ "$HOUR" = "21" ] || [ "$DAY" = "6" ]; then^[[0m
2026-05-12T11:42:16.0152419Z ^[[36;1m  TYPE="evening"^[[0m
2026-05-12T11:42:16.0152635Z ^[[36;1melse^[[0m
2026-05-12T11:42:16.0152834Z ^[[36;1m  TYPE="morning"^[[0m
2026-05-12T11:42:16.0153052Z ^[[36;1mfi^[[0m
2026-05-12T11:42:16.0153243Z ^[[36;1m^[[0m
2026-05-12T11:42:16.0153461Z ^[[36;1mecho "type=$TYPE" >> $GITHUB_OUTPUT^[[0m
2026-05-12T11:42:16.0153796Z ^[[36;1mecho "Run type: $TYPE (UTC hour=$HOUR day=$DAY)"^[[0m
2026-05-12T11:42:16.0176494Z shell: /usr/bin/bash -e {0}
2026-05-12T11:42:16.0176748Z env:
2026-05-12T11:42:16.0177017Z   pythonLocation: /opt/hostedtoolcache/Python/3.11.15/x64
2026-05-12T11:42:16.0177459Z   PKG_CONFIG_PATH: /opt/hostedtoolcache/Python/3.11.15/x64/lib/pkgconfig
2026-05-12T11:42:16.0177886Z   Python_ROOT_DIR: /opt/hostedtoolcache/Python/3.11.15/x64
2026-05-12T11:42:16.0178266Z   Python2_ROOT_DIR: /opt/hostedtoolcache/Python/3.11.15/x64
2026-05-12T11:42:16.0178633Z   Python3_ROOT_DIR: /opt/hostedtoolcache/Python/3.11.15/x64
2026-05-12T11:42:16.0179233Z   LD_LIBRARY_PATH: /opt/hostedtoolcache/Python/3.11.15/x64/lib
2026-05-12T11:42:16.0179787Z ##[endgroup]
2026-05-12T11:42:16.0268059Z Run type: morning (UTC hour=11 day=2)
2026-05-12T11:42:16.0374392Z ##[group]Run actions/cache@v4
2026-05-12T11:42:16.0374807Z with:
2026-05-12T11:42:16.0375027Z   path: data/models/
2026-05-12T11:42:16.0375259Z   key: model-cache-25732008349
2026-05-12T11:42:16.0375517Z   restore-keys: model-cache-

2026-05-12T11:42:16.0375775Z   enableCrossOsArchive: false
2026-05-12T11:42:16.0376013Z   fail-on-cache-miss: false
2026-05-12T11:42:16.0376246Z   lookup-only: false
2026-05-12T11:42:16.0376460Z   save-always: false
2026-05-12T11:42:16.0376657Z env:
2026-05-12T11:42:16.0376922Z   pythonLocation: /opt/hostedtoolcache/Python/3.11.15/x64
2026-05-12T11:42:16.0377373Z   PKG_CONFIG_PATH: /opt/hostedtoolcache/Python/3.11.15/x64/lib/pkgconfig
2026-05-12T11:42:16.0377797Z   Python_ROOT_DIR: /opt/hostedtoolcache/Python/3.11.15/x64
2026-05-12T11:42:16.0378204Z   Python2_ROOT_DIR: /opt/hostedtoolcache/Python/3.11.15/x64
2026-05-12T11:42:16.0378828Z   Python3_ROOT_DIR: /opt/hostedtoolcache/Python/3.11.15/x64
2026-05-12T11:42:16.0380266Z   LD_LIBRARY_PATH: /opt/hostedtoolcache/Python/3.11.15/x64/lib
2026-05-12T11:42:16.0380980Z ##[endgroup]
2026-05-12T11:42:16.3497039Z Cache not found for input keys: model-cache-25732008349, model-cache-
2026-05-12T11:42:16.3573080Z ##[group]Run python quant_runner.py
2026-05-12T11:42:16.3573405Z ^[[36;1mpython quant_runner.py^[[0m
2026-05-12T11:42:16.3596478Z shell: /usr/bin/bash -e {0}
2026-05-12T11:42:16.3596726Z env:
2026-05-12T11:42:16.3596999Z   pythonLocation: /opt/hostedtoolcache/Python/3.11.15/x64
2026-05-12T11:42:16.3597442Z   PKG_CONFIG_PATH: /opt/hostedtoolcache/Python/3.11.15/x64/lib/pkgconfig
2026-05-12T11:42:16.3597857Z   Python_ROOT_DIR: /opt/hostedtoolcache/Python/3.11.15/x64
2026-05-12T11:42:16.3598233Z   Python2_ROOT_DIR: /opt/hostedtoolcache/Python/3.11.15/x64
2026-05-12T11:42:16.3598628Z   Python3_ROOT_DIR: /opt/hostedtoolcache/Python/3.11.15/x64
2026-05-12T11:42:16.3599039Z   LD_LIBRARY_PATH: /opt/hostedtoolcache/Python/3.11.15/x64/lib
2026-05-12T11:42:16.3599355Z   GH_ACTIONS: true
2026-05-12T11:42:16.3599815Z   RUN_TYPE: morning
2026-05-12T11:42:16.3607387Z   GDRIVE_RCLONE_CONF: ***
2026-05-12T11:42:16.3607823Z   ALPACA_API_KEY: ***
2026-05-12T11:42:16.3608439Z   ALPACA_SECRET_KEY: ***
2026-05-12T11:42:16.3609005Z   ALPACA_BASE_URL: https://paper-api.alpaca.markets
2026-05-12T11:42:16.3668393Z   NEWS_API_KEY: ***
2026-05-12T11:42:16.3668794Z   FRED_API_KEY: ***
2026-05-12T11:42:16.3669095Z   QUIVER_QUANT_KEY: 
2026-05-12T11:42:16.3669572Z   DISCORD_WEBHOOK_URL: 
2026-05-12T11:42:16.3669920Z   GIT_USER_EMAIL: quant-bot@github-actions
2026-05-12T11:42:16.3670326Z   GIT_USER_NAME: Quant Terminal Bot
2026-05-12T11:42:16.3670663Z ##[endgroup]
2026-05-12T11:42:16.4090876Z 
2026-05-12T11:42:16.4091776Z ============================================================
2026-05-12T11:42:16.4093217Z QUANT TERMINAL v24.1 — MORNING RUN
2026-05-12T11:42:16.4093887Z Started: 2026-05-12 11:42 UTC
2026-05-12T11:42:16.4094792Z ============================================================
2026-05-12T11:42:16.4095426Z 
2026-05-12T11:42:16.4096064Z   rclone config written
2026-05-12T11:42:16.4096734Z Stage 0a: Drive -> local sync...
2026-05-12T11:42:33.3601418Z   Drive->local warning: <3>ERROR : Google drive root 'quant_terminal_v24.1': error reading source root directory: directory not found
2026-05-12T11:42:33.3602787Z <3>ERROR : Attempt 1/3 failed with 1 errors and: directory not found
2026-05-12T11:42:33.3603871Z <3>ERROR : Google dri
2026-05-12T11:42:33.3604310Z Loading: trading_model_v24.1.ipynb  run_type=morning
2026-05-12T11:42:33.3788100Z   23 cells  |  skipping: [0, 1, 16, 17, 18, 19, 20, 21, 22]
2026-05-12T11:42:33.3788743Z 
2026-05-12T11:42:33.3789255Z [SKIP] Cell 1 ()
2026-05-12T11:42:33.3789954Z 
2026-05-12T11:42:33.3790339Z --------------------------------------------------------
2026-05-12T11:42:33.3791353Z [CELL 2] Cell 2
2026-05-12T11:42:33.3791911Z --------------------------------------------------------
2026-05-12T11:42:41.1753523Z Imports OK — pandas 2.3.3 | numpy 2.4.4 | xgb 3.2.0
2026-05-12T11:42:41.1754553Z River online learning imported OK
2026-05-12T11:42:41.1755263Z 
2026-05-12T11:42:41.1755716Z --------------------------------------------------------
2026-05-12T11:42:41.1756448Z [CELL 3] Config
2026-05-12T11:42:41.1757002Z --------------------------------------------------------
2026-05-12T11:42:41.1827182Z ⚠️  Drive not available (No module named 'google.colab') — session-only mode
2026-05-12T11:42:41.1828174Z GH_ACTIONS morning: FAST_MODE=False GARCH_PATHS=100
2026-05-12T11:42:41.1828945Z 
2026-05-12T11:42:41.1829339Z --------------------------------------------------------
2026-05-12T11:42:41.1830331Z [CELL 4] Macro data
2026-05-12T11:42:41.1830904Z --------------------------------------------------------
2026-05-12T11:42:41.1856739Z Fetching macro data...
2026-05-12T11:42:44.5341978Z HTTP Error 404: {"quoteSummary":{"result":null,"error":{"code":"Not Found","description":"Quote not found for symbol: ^CPC"}}}
2026-05-12T11:42:44.8429953Z $^CPC: possibly delisted; no price data found  (period=5d) (Yahoo error = "No data found, symbol may be delisted")
2026-05-12T11:42:44.8431498Z 
2026-05-12T11:42:44.8433768Z 1 Failed download:
2026-05-12T11:42:44.8435328Z ['^CPC']: possibly delisted; no price data found  (period=5d) (Yahoo error = "No data found, symbol may be delisted")
2026-05-12T11:42:48.4957736Z   Congress signals: set QUIVER_QUANT_KEY to enable
2026-05-12T11:42:48.4959142Z   ⚡ NEAR ECON RELEASE — confidence will be dampened today
2026-05-12T11:42:48.7017996Z   fed_rate             3.5999999046325684
2026-05-12T11:42:48.7018850Z   tnx_10y              4.409999847412109
2026-05-12T11:42:48.7021556Z   yield_curve          0.81
2026-05-12T11:42:48.7022013Z   vix                  18.799999237060547
2026-05-12T11:42:48.7022419Z   dxy                  98.27300262451172
2026-05-12T11:42:48.7022852Z   wti_crude            101.30999755859375
2026-05-12T11:42:48.7023260Z   gold                 4707.7998046875
2026-05-12T11:42:48.7023656Z   credit_spread        0.7342
2026-05-12T11:42:48.7024027Z   earnings_yield       3.6
2026-05-12T11:42:48.7024390Z   ey_spread            -0.81
2026-05-12T11:42:48.7024762Z   unemployment         3.9
2026-05-12T11:42:48.7025114Z   cpi_yoy              3.1
2026-05-12T11:42:48.7025479Z   gdp_growth           2.8
2026-05-12T11:42:48.7025829Z   retail_sales         0.4
2026-05-12T11:42:48.7026182Z   ism_pmi              50.3
2026-05-12T11:42:48.7026539Z   pce_core             2.8
2026-05-12T11:42:48.7026885Z   jolts_openings       7800
2026-05-12T11:42:48.7027236Z   consumer_sent        68.0
2026-05-12T11:42:48.7027600Z   move_index           70.73999786376953
2026-05-12T11:42:48.7028017Z   ff_futures           96.375
2026-05-12T11:42:48.7028382Z   sector_rotation      0.0692
2026-05-12T11:42:48.7028742Z   crypto_fg            49
2026-05-12T11:42:48.7029104Z   t_bond_30y           4.986000061035156
2026-05-12T11:42:48.7029757Z   yc_2s10s             -0.09
2026-05-12T11:42:48.7030122Z   yc_3m10y             0.81
2026-05-12T11:42:48.7030713Z   yc_regime            flat
2026-05-12T11:42:48.7031048Z   vix3m                21.239999771118164
2026-05-12T11:42:48.7031423Z   vix_ts               contango
2026-05-12T11:42:48.7031780Z   copper               6.486499786376953
2026-05-12T11:42:48.7032148Z   natgas               2.9049999713897705
2026-05-12T11:42:48.7032517Z   silver               84.40499877929688
2026-05-12T11:42:48.7032903Z   brent                107.41999816894531
2026-05-12T11:42:48.7033839Z   sector_etf_momentum  {'XLC': 0.0061, 'XLV': -0.0036, 'XLB': -0.005, 'XLE': -0.0258, 'XLF': 0.008, 'XLP': 0.0379, 'XLRE': 0.0132, 'XLY': 0.0433, 'XLU': -0.0431, 'XLI': 0.0088, 'XLK': 0.1343}
2026-05-12T11:42:48.7034808Z   congress_signals     {}
2026-05-12T11:42:48.7035126Z   near_econ_release    True
2026-05-12T11:42:48.7035448Z   short_interest       {}
2026-05-12T11:42:48.7036015Z 
2026-05-12T11:42:48.7036153Z Macro ready | regime: Neutral / Mixed
2026-05-12T11:42:48.7036414Z 
2026-05-12T11:42:48.7036594Z --------------------------------------------------------
2026-05-12T11:42:48.7037019Z [CELL 5] Ticker download
2026-05-12T11:42:48.7037384Z --------------------------------------------------------
2026-05-12T11:42:48.7038744Z Batch downloading 140 tickers...
2026-05-12T11:42:50.0597855Z $SQ: possibly delisted; no timezone found
2026-05-12T11:42:57.2224050Z 
2026-05-12T11:42:57.2224900Z 1 Failed download:
2026-05-12T11:42:57.2225659Z ['SQ']: possibly delisted; no timezone found
2026-05-12T11:43:15.3214139Z   ✓ 139 tickers downloaded via batch
2026-05-12T11:43:15.3217425Z   OK AAPL       1849 rows  $292.68
2026-05-12T11:43:15.3220854Z   OK MSFT       1849 rows  $412.66
2026-05-12T11:43:15.3223972Z   OK NVDA       1849 rows  $219.44
2026-05-12T11:43:15.3227094Z   OK GOOGL      1849 rows  $388.64
2026-05-12T11:43:15.3230238Z   OK AMZN       1849 rows  $268.99
2026-05-12T11:43:15.3233322Z   OK META       1849 rows  $598.86
2026-05-12T11:43:15.3236266Z   OK TSLA       1849 rows  $445.00
2026-05-12T11:43:15.3239302Z   OK AVGO       1849 rows  $428.43
2026-05-12T11:43:15.3242428Z   OK ORCL       1849 rows  $193.84
2026-05-12T11:43:15.3245316Z   OK ADBE       1849 rows  $246.15
2026-05-12T11:43:15.3248172Z   OK CRM        1849 rows  $177.49
2026-05-12T11:43:15.3251716Z   OK NOW        1849 rows  $91.49
2026-05-12T11:43:15.3254140Z   OK SNOW       1419 rows  $151.50
2026-05-12T11:43:15.3256839Z   OK PLTR       1409 rows  $136.89
2026-05-12T11:43:15.3259657Z   OK NET        1673 rows  $193.52
2026-05-12T11:43:15.3262400Z   OK DDOG       1669 rows  $202.32
2026-05-12T11:43:15.3265338Z   OK ZS         1849 rows  $148.87
2026-05-12T11:43:15.3268026Z   OK CRWD       1738 rows  $542.26
2026-05-12T11:43:15.3271239Z   OK PANW       1849 rows  $213.66
2026-05-12T11:43:15.3274127Z   OK SHOP       1849 rows  $102.54
2026-05-12T11:43:15.3276966Z   OK WDAY       1849 rows  $121.42
2026-05-12T11:43:15.3279933Z   OK TEAM       1849 rows  $87.31
2026-05-12T11:43:15.5872296Z $SQ: possibly delisted; no timezone found
2026-05-12T11:43:15.5873875Z   SKIP SQ
2026-05-12T11:43:15.5880070Z   OK PYPL       1849 rows  $45.07
2026-05-12T11:43:15.5883147Z   OK COIN       1275 rows  $216.60
2026-05-12T11:43:15.5886029Z   OK AFRM       1337 rows  $66.45
2026-05-12T11:43:15.5888901Z   OK HOOD       1201 rows  $80.78
2026-05-12T11:43:15.5892100Z   OK JPM        1849 rows  $300.00
2026-05-12T11:43:15.5894982Z   OK V          1849 rows  $323.86
2026-05-12T11:43:15.5897875Z   OK MA         1849 rows  $497.81
2026-05-12T11:43:15.5901045Z   OK BAC        1849 rows  $50.55
2026-05-12T11:43:15.5903988Z   OK GS         1849 rows  $944.86
2026-05-12T11:43:15.5906878Z   OK MS         1849 rows  $191.10
2026-05-12T11:43:15.5909915Z   OK BLK        1849 rows  $1081.32
2026-05-12T11:43:15.5912854Z   OK AXP        1849 rows  $312.32
2026-05-12T11:43:15.5915639Z   OK WFC        1849 rows  $73.58
2026-05-12T11:43:15.5918389Z   OK C          1849 rows  $125.85
2026-05-12T11:43:15.5921420Z   OK SCHW       1849 rows  $87.83
2026-05-12T11:43:15.5924215Z   OK PGR        1849 rows  $196.91
2026-05-12T11:43:15.5927014Z   OK CB         1849 rows  $320.26
2026-05-12T11:43:15.5930052Z   OK COF        1849 rows  $183.93
2026-05-12T11:43:15.5932915Z   OK USB        1849 rows  $54.49
2026-05-12T11:43:15.5935691Z   OK TFC        1849 rows  $47.97
2026-05-12T11:43:15.5938439Z   OK PNC        1849 rows  $214.59
2026-05-12T11:43:15.5941435Z   OK ICE        1849 rows  $157.82
2026-05-12T11:43:15.5944235Z   OK UNH        1849 rows  $384.44
2026-05-12T11:43:15.5948589Z   OK LLY        1849 rows  $966.99
2026-05-12T11:43:15.5951676Z   OK JNJ        1849 rows  $221.43
2026-05-12T11:43:15.5954578Z   OK ABBV       1849 rows  $202.78
2026-05-12T11:43:15.5957299Z   OK MRK        1849 rows  $111.28
2026-05-12T11:43:15.5960320Z   OK TMO        1849 rows  $452.60
2026-05-12T11:43:15.5963182Z   OK ABT        1849 rows  $82.56
2026-05-12T11:43:15.5965935Z   OK DHR        1849 rows  $166.52
2026-05-12T11:43:15.5968815Z   OK PFE        1849 rows  $25.81
2026-05-12T11:43:15.5971831Z   OK AMGN       1849 rows  $329.59
2026-05-12T11:43:15.5974601Z   OK CVS        1849 rows  $92.22
2026-05-12T11:43:15.5977391Z   OK CI         1849 rows  $289.07
2026-05-12T11:43:15.5980468Z   OK HUM        1849 rows  $274.26
2026-05-12T11:43:15.5983366Z   OK BSX        1849 rows  $53.37
2026-05-12T11:43:15.5986170Z   OK MDT        1849 rows  $74.54
2026-05-12T11:43:15.5988961Z   OK SYK        1849 rows  $282.58
2026-05-12T11:43:15.5991972Z   OK ISRG       1849 rows  $420.06
2026-05-12T11:43:15.5995052Z   OK VRTX       1849 rows  $435.17
2026-05-12T11:43:15.5997859Z   OK REGN       1849 rows  $712.77
2026-05-12T11:43:15.6001044Z   OK BMY        1849 rows  $55.67
2026-05-12T11:43:15.6003973Z   OK GILD       1849 rows  $133.52
2026-05-12T11:43:15.6006781Z   OK SPY        1849 rows  $739.30
2026-05-12T11:43:15.6009752Z   OK QQQ        1849 rows  $713.29
2026-05-12T11:43:15.6012654Z   OK WMT        1849 rows  $127.59
2026-05-12T11:43:15.6015397Z   OK PG         1849 rows  $143.36
2026-05-12T11:43:15.6018195Z   OK KO         1849 rows  $78.66
2026-05-12T11:43:15.6021156Z   OK PEP        1849 rows  $149.41
2026-05-12T11:43:15.6023906Z   OK MCD        1849 rows  $274.60
2026-05-12T11:43:15.6026634Z   OK HD         1849 rows  $311.40
2026-05-12T11:43:15.6029303Z   OK NKE        1849 rows  $42.39
2026-05-12T11:43:15.6032432Z   OK COST       1849 rows  $999.47
2026-05-12T11:43:15.6035030Z   OK TGT        1849 rows  $118.44
2026-05-12T11:43:15.6037764Z   OK LOW        1849 rows  $226.06
2026-05-12T11:43:15.6040698Z   OK SBUX       1849 rows  $105.74
2026-05-12T11:43:15.6043521Z   OK CMG        1849 rows  $31.92
2026-05-12T11:43:15.6046243Z   OK MDLZ       1849 rows  $61.41
2026-05-12T11:43:15.6048921Z   OK CL         1849 rows  $86.74
2026-05-12T11:43:15.6051891Z   OK TJX        1849 rows  $148.91
2026-05-12T11:43:15.6054693Z   OK ROST       1849 rows  $214.55
2026-05-12T11:43:15.6057480Z   OK AMD        1849 rows  $458.79
2026-05-12T11:43:15.6060466Z   OK INTC       1849 rows  $129.44
2026-05-12T11:43:15.6063243Z   OK QCOM       1849 rows  $237.53
2026-05-12T11:43:15.6065986Z   OK AMAT       1849 rows  $443.62
2026-05-12T11:43:15.6068600Z   OK MU         1849 rows  $795.33
2026-05-12T11:43:15.6071581Z   OK TXN        1849 rows  $297.76
2026-05-12T11:43:15.6074330Z   OK LRCX       1849 rows  $296.05
2026-05-12T11:43:15.6077021Z   OK KLAC       1849 rows  $1845.19
2026-05-12T11:43:15.6080637Z   OK ADI        1849 rows  $422.73
2026-05-12T11:43:15.6083419Z   OK MRVL       1849 rows  $170.84
2026-05-12T11:43:15.6086170Z   OK ASML       1849 rows  $1565.81
2026-05-12T11:43:15.6088861Z   OK TSM        1849 rows  $404.54
2026-05-12T11:43:15.6091924Z   OK ON         1849 rows  $107.24
2026-05-12T11:43:15.6094684Z   OK MCHP       1849 rows  $99.03
2026-05-12T11:43:15.6097412Z   OK ENPH       1849 rows  $37.65
2026-05-12T11:43:15.6100243Z   OK FSLR       1849 rows  $233.27
2026-05-12T11:43:15.6102861Z   OK XOM        1849 rows  $149.68
2026-05-12T11:43:15.6105435Z   OK CVX        1849 rows  $184.74
2026-05-12T11:43:15.6107977Z   OK COP        1849 rows  $115.55
2026-05-12T11:43:15.6110798Z   OK SLB        1849 rows  $54.93
2026-05-12T11:43:15.6113393Z   OK EOG        1849 rows  $133.31
2026-05-12T11:43:15.6115892Z   OK HAL        1849 rows  $40.26
2026-05-12T11:43:15.6118436Z   OK OXY        1849 rows  $55.14
2026-05-12T11:43:15.6121231Z   OK PSX        1849 rows  $175.36
2026-05-12T11:43:15.6123800Z   OK BA         1849 rows  $238.21
2026-05-12T11:43:15.6126360Z   OK CAT        1849 rows  $926.79
2026-05-12T11:43:15.6128912Z   OK DE         1849 rows  $588.74
2026-05-12T11:43:15.6131716Z   OK HON        1849 rows  $219.11
2026-05-12T11:43:15.6134188Z   OK GE         1849 rows  $300.77
2026-05-12T11:43:15.6136762Z   OK RTX        1849 rows  $178.61
2026-05-12T11:43:15.6139229Z   OK LMT        1849 rows  $512.25
2026-05-12T11:43:15.6141971Z   OK NOC        1849 rows  $548.21
2026-05-12T11:43:15.6144574Z   OK UPS        1849 rows  $100.00
2026-05-12T11:43:15.6147201Z   OK FDX        1849 rows  $378.90
2026-05-12T11:43:15.6149889Z   OK AMT        1849 rows  $177.47
2026-05-12T11:43:15.6152557Z   OK PLD        1849 rows  $144.07
2026-05-12T11:43:15.6155190Z   OK EQIX       1849 rows  $1086.22
2026-05-12T11:43:15.6157769Z   OK CCI        1849 rows  $90.67
2026-05-12T11:43:15.6160488Z   OK NEE        1849 rows  $94.84
2026-05-12T11:43:15.6163067Z   OK DUK        1849 rows  $124.90
2026-05-12T11:43:15.6165544Z   OK SO         1849 rows  $93.10
2026-05-12T11:43:15.6168034Z   OK AEP        1849 rows  $130.70
2026-05-12T11:43:15.6170787Z   OK IWM        1849 rows  $285.33
2026-05-12T11:43:15.6173352Z   OK DIA        1849 rows  $497.11
2026-05-12T11:43:15.6175882Z   OK XLF        1849 rows  $51.18
2026-05-12T11:43:15.6178358Z   OK XLK        1849 rows  $177.88
2026-05-12T11:43:15.6181174Z   OK XLE        1849 rows  $57.17
2026-05-12T11:43:15.6183704Z   OK XLV        1849 rows  $143.04
2026-05-12T11:43:15.6186870Z   OK XLI        1849 rows  $175.04
2026-05-12T11:43:15.6189579Z   OK GLD        1849 rows  $434.65
2026-05-12T11:43:15.6192234Z   OK TLT        1849 rows  $85.56
2026-05-12T11:43:15.6195330Z   OK BTC-USD    2688 rows  $81728.30
2026-05-12T11:43:15.6198360Z   OK ETH-USD    2688 rows  $2339.36
2026-05-12T11:43:15.6201253Z   OK SOL-USD    2223 rows  $97.35
2026-05-12T11:43:15.6204215Z   OK XRP-USD    2688 rows  $1.48
2026-05-12T11:43:15.6207204Z   OK DOGE-USD   2688 rows  $0.11
2026-05-12T11:43:15.6207830Z 
2026-05-12T11:43:15.6208229Z 139/140 tickers ready
2026-05-12T11:43:15.6208590Z 
2026-05-12T11:43:15.6208918Z --------------------------------------------------------
2026-05-12T11:43:15.6209729Z [CELL 6] Feature engineering
2026-05-12T11:43:15.6210331Z --------------------------------------------------------
2026-05-12T11:43:15.6235697Z Building features...
2026-05-12T11:43:17.5422518Z   OK AAPL       1315 rows  65 features
2026-05-12T11:43:17.6098580Z   OK MSFT       1268 rows  65 features
2026-05-12T11:43:17.6776890Z   OK NVDA       1422 rows  65 features
2026-05-12T11:43:17.7444864Z   OK GOOGL      1291 rows  65 features
2026-05-12T11:43:17.8114676Z   OK AMZN       1298 rows  65 features
2026-05-12T11:43:17.8789219Z   OK META       1344 rows  65 features
2026-05-12T11:43:17.9460660Z   OK TSLA       1481 rows  65 features
2026-05-12T11:43:18.0140467Z   OK AVGO       1353 rows  65 features
2026-05-12T11:43:18.0808422Z   OK ORCL       1287 rows  65 features
2026-05-12T11:43:18.1486339Z   OK ADBE       1338 rows  65 features
2026-05-12T11:43:18.2158817Z   OK CRM        1352 rows  65 features
2026-05-12T11:43:18.2834152Z   OK NOW        1358 rows  65 features
2026-05-12T11:43:20.3337731Z   OK SNOW       1085 rows  65 features
2026-05-12T11:43:21.9285597Z   OK PLTR       1067 rows  65 features
2026-05-12T11:43:23.9332422Z   OK NET        1320 rows  65 features
2026-05-12T11:43:25.7021416Z   OK DDOG       1273 rows  65 features
2026-05-12T11:43:25.7700095Z   OK ZS         1452 rows  65 features
2026-05-12T11:43:27.5965966Z   OK CRWD       1338 rows  65 features
2026-05-12T11:43:27.6650086Z   OK PANW       1367 rows  65 features
2026-05-12T11:43:27.7322049Z   OK SHOP       1472 rows  65 features
2026-05-12T11:43:27.7998123Z   OK WDAY       1366 rows  65 features
2026-05-12T11:43:27.8678990Z   OK TEAM       1453 rows  65 features
2026-05-12T11:43:27.9360809Z   OK PYPL       1374 rows  65 features
2026-05-12T11:43:29.7144465Z   OK COIN       981 rows  65 features
2026-05-12T11:43:31.1110147Z   OK AFRM       1061 rows  65 features
2026-05-12T11:43:32.8761179Z   OK HOOD       902 rows  65 features
2026-05-12T11:43:32.9567041Z   OK JPM        1243 rows  65 features
2026-05-12T11:43:33.0244314Z   OK V          1204 rows  65 features
2026-05-12T11:43:33.0920526Z   OK MA         1220 rows  65 features
2026-05-12T11:43:33.1605085Z   OK BAC        1304 rows  65 features
2026-05-12T11:43:33.2276830Z   OK GS         1273 rows  65 features
2026-05-12T11:43:33.2946983Z   OK MS         1325 rows  65 features
2026-05-12T11:43:33.3621483Z   OK BLK        1239 rows  65 features
2026-05-12T11:43:33.4293856Z   OK AXP        1308 rows  65 features
2026-05-12T11:43:33.4973178Z   OK WFC        1313 rows  65 features
2026-05-12T11:43:33.5650634Z   OK C          1318 rows  65 features
2026-05-12T11:43:33.6323398Z   OK SCHW       1276 rows  65 features
2026-05-12T11:43:33.7001387Z   OK PGR        1236 rows  65 features
2026-05-12T11:43:33.7677913Z   OK CB         1124 rows  65 features
2026-05-12T11:43:33.8350314Z   OK COF        1320 rows  65 features
2026-05-12T11:43:33.9025510Z   OK USB        1301 rows  65 features
2026-05-12T11:43:33.9693883Z   OK TFC        1299 rows  65 features
2026-05-12T11:43:34.0365825Z   OK PNC        1282 rows  65 features
2026-05-12T11:43:34.1042525Z   OK ICE        1136 rows  65 features
2026-05-12T11:43:34.1723447Z   OK UNH        1233 rows  65 features
2026-05-12T11:43:34.2392837Z   OK LLY        1295 rows  65 features
2026-05-12T11:43:34.3071510Z   OK JNJ        1089 rows  65 features
2026-05-12T11:43:34.3745408Z   OK ABBV       1158 rows  65 features
2026-05-12T11:43:34.4424179Z   OK MRK        1220 rows  65 features
2026-05-12T11:43:34.5099355Z   OK TMO        1246 rows  65 features
2026-05-12T11:43:34.5774293Z   OK ABT        1177 rows  65 features
2026-05-12T11:43:34.6452360Z   OK DHR        1274 rows  65 features
2026-05-12T11:43:34.7129041Z   OK PFE        1244 rows  65 features
2026-05-12T11:43:34.7807410Z   OK AMGN       1237 rows  65 features
2026-05-12T11:43:34.8485435Z   OK CVS        1257 rows  65 features
2026-05-12T11:43:34.9160183Z   OK CI         1281 rows  65 features
2026-05-12T11:43:34.9834488Z   OK HUM        1298 rows  65 features
2026-05-12T11:43:35.0511546Z   OK BSX        1198 rows  65 features
2026-05-12T11:43:35.1190224Z   OK MDT        1184 rows  65 features
2026-05-12T11:43:35.1872194Z   OK SYK        1231 rows  65 features
2026-05-12T11:43:35.2541730Z   OK ISRG       1312 rows  65 features
2026-05-12T11:43:35.3235296Z   OK VRTX       1226 rows  65 features
2026-05-12T11:43:35.3916055Z   OK REGN       1252 rows  65 features
2026-05-12T11:43:35.4593601Z   OK BMY        1261 rows  65 features
2026-05-12T11:43:35.5273108Z   OK GILD       1208 rows  65 features
2026-05-12T11:43:35.5944591Z   OK SPY        1035 rows  65 features
2026-05-12T11:43:35.6617614Z   OK QQQ        1196 rows  65 features
2026-05-12T11:43:35.7291546Z   OK WMT        1131 rows  65 features
2026-05-12T11:43:35.7965544Z   OK PG         1082 rows  65 features
2026-05-12T11:43:35.8640651Z   OK KO         1038 rows  65 features
2026-05-12T11:43:35.9320376Z   OK PEP        1055 rows  65 features
2026-05-12T11:43:35.9999085Z   OK MCD        1093 rows  65 features
2026-05-12T11:43:36.0680759Z   OK HD         1239 rows  65 features
2026-05-12T11:43:36.1361207Z   OK NKE        1323 rows  65 features
2026-05-12T11:43:36.2044293Z   OK COST       1188 rows  65 features
2026-05-12T11:43:36.2715800Z   OK TGT        1307 rows  65 features
2026-05-12T11:43:36.5257369Z   OK LOW        1287 rows  65 features
2026-05-12T11:43:36.5942419Z   OK SBUX       1276 rows  65 features
2026-05-12T11:43:36.6627205Z   OK CMG        1315 rows  65 features
2026-05-12T11:43:36.7305865Z   OK MDLZ       1123 rows  65 features
2026-05-12T11:43:36.7988938Z   OK CL         1092 rows  65 features
2026-05-12T11:43:36.8680515Z   OK TJX        1178 rows  65 features
2026-05-12T11:43:36.9364088Z   OK ROST       1232 rows  65 features
2026-05-12T11:43:37.0048624Z   OK AMD        1429 rows  65 features
2026-05-12T11:43:37.0727184Z   OK INTC       1350 rows  65 features
2026-05-12T11:43:37.1410784Z   OK QCOM       1354 rows  65 features
2026-05-12T11:43:37.2100988Z   OK AMAT       1415 rows  65 features
2026-05-12T11:43:37.2779303Z   OK MU         1449 rows  65 features
2026-05-12T11:43:37.3461827Z   OK TXN        1286 rows  65 features
2026-05-12T11:43:37.4137022Z   OK LRCX       1439 rows  65 features
2026-05-12T11:43:37.4811977Z   OK KLAC       1377 rows  65 features
2026-05-12T11:43:37.5496510Z   OK ADI        1281 rows  65 features
2026-05-12T11:43:37.6172965Z   OK MRVL       1451 rows  65 features
2026-05-12T11:43:37.6854724Z   OK ASML       1362 rows  65 features
2026-05-12T11:43:37.7534859Z   OK TSM        1358 rows  65 features
2026-05-12T11:43:37.8212071Z   OK ON         1427 rows  65 features
2026-05-12T11:43:37.8891422Z   OK MCHP       1402 rows  65 features
2026-05-12T11:43:37.9573973Z   OK ENPH       1498 rows  65 features
2026-05-12T11:43:38.0255010Z   OK FSLR       1436 rows  65 features
2026-05-12T11:43:38.0942845Z   OK XOM        1286 rows  65 features
2026-05-12T11:43:38.1635448Z   OK CVX        1246 rows  65 features
2026-05-12T11:43:38.2311563Z   OK COP        1354 rows  65 features
2026-05-12T11:43:38.2985028Z   OK SLB        1377 rows  65 features
2026-05-12T11:43:38.3657054Z   OK EOG        1389 rows  65 features
2026-05-12T11:43:38.4335948Z   OK HAL        1400 rows  65 features
2026-05-12T11:43:38.5013115Z   OK OXY        1405 rows  65 features
2026-05-12T11:43:38.5694966Z   OK PSX        1354 rows  65 features
2026-05-12T11:43:38.6376569Z   OK BA         1390 rows  65 features
2026-05-12T11:43:38.7059059Z   OK CAT        1311 rows  65 features
2026-05-12T11:43:38.7733679Z   OK DE         1261 rows  65 features
2026-05-12T11:43:38.8412554Z   OK HON        1177 rows  65 features
2026-05-12T11:43:38.9090284Z   OK GE         1340 rows  65 features
2026-05-12T11:43:38.9765805Z   OK RTX        1218 rows  65 features
2026-05-12T11:43:39.0441638Z   OK LMT        1146 rows  65 features
2026-05-12T11:43:39.1117129Z   OK NOC        1176 rows  65 features
2026-05-12T11:43:39.1806543Z   OK UPS        1206 rows  65 features
2026-05-12T11:43:39.2483955Z   OK FDX        1329 rows  65 features
2026-05-12T11:43:39.3158587Z   OK AMT        1258 rows  65 features
2026-05-12T11:43:39.3837319Z   OK PLD        1247 rows  65 features
2026-05-12T11:43:39.4507010Z   OK EQIX       1223 rows  65 features
2026-05-12T11:43:39.5184529Z   OK CCI        1241 rows  65 features
2026-05-12T11:43:39.5861013Z   OK NEE        1252 rows  65 features
2026-05-12T11:43:39.6549139Z   OK DUK        1101 rows  65 features
2026-05-12T11:43:39.7226333Z   OK SO         1124 rows  65 features
2026-05-12T11:43:39.7902110Z   OK AEP        1153 rows  65 features
2026-05-12T11:43:39.8576285Z   OK IWM        1193 rows  65 features
2026-05-12T11:43:39.9250434Z   OK DIA        981 rows  65 features
2026-05-12T11:43:39.9922764Z   OK XLF        1107 rows  65 features
2026-05-12T11:43:40.0596940Z   OK XLK        1215 rows  65 features
2026-05-12T11:43:40.1270737Z   OK XLE        1279 rows  65 features
2026-05-12T11:43:40.1966570Z   OK XLV        995 rows  65 features
2026-05-12T11:43:40.2639826Z   OK XLI        1084 rows  65 features
2026-05-12T11:43:40.3315563Z   OK GLD        1030 rows  65 features
2026-05-12T11:43:40.3991495Z   OK TLT        959 rows  65 features
2026-05-12T11:43:42.2177580Z   OK BTC-USD    2044 rows  65 features
2026-05-12T11:43:42.3063098Z   OK ETH-USD    2164 rows  65 features
2026-05-12T11:43:44.3006769Z   OK SOL-USD    1876 rows  65 features
2026-05-12T11:43:44.3895013Z   OK XRP-USD    2143 rows  65 features
2026-05-12T11:43:44.4776874Z   OK DOGE-USD   2164 rows  65 features
2026-05-12T11:43:44.4777533Z 
2026-05-12T11:43:44.4778098Z 139 tickers | 58 features (incl macro)
2026-05-12T11:43:44.4778643Z 
2026-05-12T11:43:44.4779023Z --------------------------------------------------------
2026-05-12T11:43:44.4780044Z [CELL 7] HMM regimes
2026-05-12T11:43:44.4780623Z --------------------------------------------------------
2026-05-12T11:43:44.4782908Z Fitting HMM regimes...
2026-05-12T11:43:44.5960617Z   OK AAPL       regime=1
2026-05-12T11:43:44.6790208Z   OK MSFT       regime=1
2026-05-12T11:43:45.0781545Z   OK NVDA       regime=1
2026-05-12T11:43:45.1690121Z   OK GOOGL      regime=2
2026-05-12T11:43:45.2600365Z   OK AMZN       regime=0
2026-05-12T11:43:45.4200301Z   OK META       regime=0
2026-05-12T11:43:45.8270364Z   OK TSLA       regime=0
2026-05-12T11:43:45.9244530Z   OK AVGO       regime=1
2026-05-12T11:43:46.0730664Z   OK ORCL       regime=2
2026-05-12T11:43:46.1430531Z   OK ADBE       regime=1
2026-05-12T11:43:46.2320110Z   OK CRM        regime=2
2026-05-12T11:43:46.3799299Z   OK NOW        regime=0
2026-05-12T11:43:46.7090314Z   OK SNOW       regime=1
2026-05-12T11:43:46.7650485Z   OK PLTR       regime=1
2026-05-12T11:43:47.1041450Z   OK NET        regime=0
2026-05-12T11:43:47.4431611Z   OK DDOG       regime=1
2026-05-12T11:43:47.5270614Z   OK ZS         regime=1
2026-05-12T11:43:47.5960287Z   OK CRWD       regime=0
2026-05-12T11:43:47.6987481Z   OK PANW       regime=0
2026-05-12T11:43:48.0978886Z   OK SHOP       regime=1
2026-05-12T11:43:48.1860889Z   OK WDAY       regime=0
2026-05-12T11:43:48.4770549Z   OK TEAM       regime=0
2026-05-12T11:43:48.7040511Z   OK PYPL       regime=2
2026-05-12T11:43:49.0053660Z   OK COIN       regime=2
2026-05-12T11:43:49.0700441Z   OK AFRM       regime=1
2026-05-12T11:43:49.1720372Z   OK HOOD       regime=1
2026-05-12T11:43:49.2220449Z   OK JPM        regime=2
2026-05-12T11:43:49.3724228Z   OK V          regime=2
2026-05-12T11:43:49.4200657Z   OK MA         regime=2
2026-05-12T11:43:49.4540980Z Model is not converging.  Current: 4313.038757480566 is not greater than 4313.040728489229. Delta is -0.001971008662621898
2026-05-12T11:43:49.4541921Z   OK BAC        regime=2
2026-05-12T11:43:49.5871260Z   OK GS         regime=1
2026-05-12T11:43:49.6280443Z   OK MS         regime=2
2026-05-12T11:43:49.7795566Z   OK BLK        regime=1
2026-05-12T11:43:49.8628998Z   OK AXP        regime=2
2026-05-12T11:43:50.0534343Z   OK WFC        regime=2
2026-05-12T11:43:50.2330605Z   OK C          regime=2
2026-05-12T11:43:50.3100424Z   OK SCHW       regime=1
2026-05-12T11:43:50.3780608Z   OK PGR        regime=1
2026-05-12T11:43:50.4108615Z Model is not converging.  Current: 4674.5062188832535 is not greater than 4674.559623685141. Delta is -0.05340480188715446
2026-05-12T11:43:50.4130225Z   OK CB         regime=1
2026-05-12T11:43:50.4730507Z   OK COF        regime=1
2026-05-12T11:43:50.5560378Z   OK USB        regime=2
2026-05-12T11:43:50.6571606Z   OK TFC        regime=2
2026-05-12T11:43:50.6970634Z Model is not converging.  Current: 4291.464501413482 is not greater than 4291.4846793151355. Delta is -0.02017790165336919
2026-05-12T11:43:50.6990051Z   OK PNC        regime=2
2026-05-12T11:43:50.7750594Z   OK ICE        regime=2
2026-05-12T11:43:50.8350577Z   OK UNH        regime=1
2026-05-12T11:43:51.0781263Z   OK LLY        regime=0
2026-05-12T11:43:51.1080350Z Model is not converging.  Current: 5164.435984090465 is not greater than 5164.491453897774. Delta is -0.05546980730832729
2026-05-12T11:43:51.1099916Z   OK JNJ        regime=1
2026-05-12T11:43:51.3501130Z   OK ABBV       regime=2
2026-05-12T11:43:51.4984421Z   OK MRK        regime=1
2026-05-12T11:43:51.5780643Z   OK TMO        regime=0
2026-05-12T11:43:51.6200754Z Model is not converging.  Current: 4682.032206448975 is not greater than 4682.042733272342. Delta is -0.01052682336739963
2026-05-12T11:43:51.6220090Z   OK ABT        regime=2
2026-05-12T11:43:51.7150810Z   OK DHR        regime=2
2026-05-12T11:43:51.7840546Z   OK PFE        regime=1
2026-05-12T11:43:51.8460395Z   OK AMGN       regime=1
2026-05-12T11:43:51.9030323Z   OK CVS        regime=2
2026-05-12T11:43:51.9917592Z   OK CI         regime=1
2026-05-12T11:43:52.0590240Z   OK HUM        regime=1
2026-05-12T11:43:52.1150163Z   OK BSX        regime=0
2026-05-12T11:43:52.1735939Z   OK MDT        regime=1
2026-05-12T11:43:52.2297857Z   OK SYK        regime=1
2026-05-12T11:43:52.3495559Z   OK ISRG       regime=1
2026-05-12T11:43:52.4635736Z   OK VRTX       regime=1
2026-05-12T11:43:52.5490731Z   OK REGN       regime=0
2026-05-12T11:43:52.6050254Z   OK BMY        regime=1
2026-05-12T11:43:52.6510329Z   OK GILD       regime=0
2026-05-12T11:43:52.7320620Z   OK SPY        regime=1
2026-05-12T11:43:52.8030415Z   OK QQQ        regime=2
2026-05-12T11:43:52.8530334Z   OK WMT        regime=0
2026-05-12T11:43:52.8819992Z Model is not converging.  Current: 5076.314876025653 is not greater than 5076.327334218526. Delta is -0.01245819287305494
2026-05-12T11:43:52.8869978Z   OK PG         regime=2
2026-05-12T11:43:52.9445819Z   OK KO         regime=1
2026-05-12T11:43:52.9830329Z   OK PEP        regime=2
2026-05-12T11:43:53.0250562Z Model is not converging.  Current: 5035.990631512864 is not greater than 5036.006239382168. Delta is -0.015607869304403721
2026-05-12T11:43:53.0270206Z   OK MCD        regime=2
2026-05-12T11:43:53.0820514Z   OK HD         regime=1
2026-05-12T11:43:53.1460472Z   OK NKE        regime=1
2026-05-12T11:43:53.2220519Z   OK COST       regime=2
2026-05-12T11:43:53.2740383Z   OK TGT        regime=0
2026-05-12T11:43:53.3080271Z Model is not converging.  Current: 4385.3913479741805 is not greater than 4385.43154955112. Delta is -0.040201576939580264
2026-05-12T11:43:53.3120173Z   OK LOW        regime=1
2026-05-12T11:43:53.3630857Z Model is not converging.  Current: 4356.491002236197 is not greater than 4356.515750094067. Delta is -0.02474785786944267
2026-05-12T11:43:53.3670040Z   OK SBUX       regime=1
2026-05-12T11:43:53.4450372Z   OK CMG        regime=0
2026-05-12T11:43:53.5500395Z   OK MDLZ       regime=1
2026-05-12T11:43:53.6240404Z   OK CL         regime=1
2026-05-12T11:43:53.7180242Z   OK TJX        regime=2
2026-05-12T11:43:53.7548255Z Model is not converging.  Current: 4294.3920149919095 is not greater than 4294.401657644634. Delta is -0.009642652724323852
2026-05-12T11:43:53.7564225Z   OK ROST       regime=0
2026-05-12T11:43:54.1600347Z   OK AMD        regime=2
2026-05-12T11:43:54.2380443Z   OK INTC       regime=2
2026-05-12T11:43:54.3240761Z   OK QCOM       regime=1
2026-05-12T11:43:54.4120591Z   OK AMAT       regime=1
2026-05-12T11:43:54.4800319Z   OK MU         regime=2
2026-05-12T11:43:54.5220244Z   OK TXN        regime=2
2026-05-12T11:43:54.6080422Z   OK LRCX       regime=0
2026-05-12T11:43:54.6799998Z   OK KLAC       regime=1
2026-05-12T11:43:54.7300416Z   OK ADI        regime=1
2026-05-12T11:43:55.1069696Z   OK MRVL       regime=0
2026-05-12T11:43:55.2080293Z   OK ASML       regime=1
2026-05-12T11:43:55.5810500Z   OK TSM        regime=0
2026-05-12T11:43:55.6530605Z   OK ON         regime=1
2026-05-12T11:43:55.6920152Z   OK MCHP       regime=1
2026-05-12T11:43:56.0017813Z   OK ENPH       regime=1
2026-05-12T11:43:56.1481394Z   OK FSLR       regime=1
2026-05-12T11:43:56.2030112Z   OK XOM        regime=2
2026-05-12T11:43:56.2900716Z   OK CVX        regime=2
2026-05-12T11:43:56.3640694Z   OK COP        regime=2
2026-05-12T11:43:56.6721321Z   OK SLB        regime=2
2026-05-12T11:43:56.8420407Z   OK EOG        regime=2
2026-05-12T11:43:56.9020705Z   OK HAL        regime=2
2026-05-12T11:43:56.9820370Z   OK OXY        regime=2
2026-05-12T11:43:57.3848336Z   OK PSX        regime=2
2026-05-12T11:43:57.6523467Z Model is not converging.  Current: 3828.2549890681053 is not greater than 3828.260474607663. Delta is -0.005485539557867014
2026-05-12T11:43:57.6559979Z   OK BA         regime=1
2026-05-12T11:43:57.7230348Z   OK CAT        regime=2
2026-05-12T11:43:58.1250667Z   OK DE         regime=2
2026-05-12T11:43:58.1741683Z   OK HON        regime=1
2026-05-12T11:43:58.3264328Z   OK GE         regime=1
2026-05-12T11:43:58.3710528Z   OK RTX        regime=0
2026-05-12T11:43:58.4350369Z   OK LMT        regime=2
2026-05-12T11:43:58.5040562Z   OK NOC        regime=2
2026-05-12T11:43:58.5630581Z   OK UPS        regime=1
2026-05-12T11:43:58.6130878Z Model is not converging.  Current: 4217.597465100034 is not greater than 4217.6226376875375. Delta is -0.02517258750322071
2026-05-12T11:43:58.6150035Z   OK FDX        regime=1
2026-05-12T11:43:58.6690351Z   OK AMT        regime=0
2026-05-12T11:43:58.7028933Z Model is not converging.  Current: 4419.723117145189 is not greater than 4419.723699919488. Delta is -0.0005827742998008034
2026-05-12T11:43:58.7050051Z   OK PLD        regime=2
2026-05-12T11:43:58.7790424Z   OK EQIX       regime=0
2026-05-12T11:43:58.8190638Z   OK CCI        regime=2
2026-05-12T11:43:58.9090438Z   OK NEE        regime=1
2026-05-12T11:43:58.9391059Z Model is not converging.  Current: 4945.715324693654 is not greater than 4945.861838238263. Delta is -0.14651354460875154
2026-05-12T11:43:58.9410147Z   OK DUK        regime=1
2026-05-12T11:43:58.9665270Z Model is not converging.  Current: 4880.759559245922 is not greater than 4880.834006778694. Delta is -0.0744475327719556
2026-05-12T11:43:58.9700118Z   OK SO         regime=2
2026-05-12T11:43:59.0030823Z Model is not converging.  Current: 4825.39514967086 is not greater than 4825.524054655986. Delta is -0.12890498512660997
2026-05-12T11:43:59.0049981Z   OK AEP        regime=2
2026-05-12T11:43:59.0410919Z Model is not converging.  Current: 4618.72301300622 is not greater than 4618.7677958611785. Delta is -0.044782854958612006
2026-05-12T11:43:59.0440109Z   OK IWM        regime=1
2026-05-12T11:43:59.0789944Z Model is not converging.  Current: 5297.007084596192 is not greater than 5297.0764382519965. Delta is -0.06935365580466168
2026-05-12T11:43:59.0791539Z   OK DIA        regime=2
2026-05-12T11:43:59.1230211Z   OK XLF        regime=2
2026-05-12T11:43:59.1988340Z   OK XLK        regime=2
2026-05-12T11:43:59.3004370Z   OK XLE        regime=2
2026-05-12T11:43:59.3285229Z Model is not converging.  Current: 5321.457175746858 is not greater than 5321.65856067417. Delta is -0.2013849273116648
2026-05-12T11:43:59.3309998Z   OK XLV        regime=2
2026-05-12T11:43:59.3969071Z Model is not converging.  Current: 5018.110503158378 is not greater than 5018.348310081129. Delta is -0.2378069227506785
2026-05-12T11:43:59.3989949Z   OK XLI        regime=1
2026-05-12T11:43:59.4500609Z   OK GLD        regime=1
2026-05-12T11:43:59.4851479Z Model is not converging.  Current: 5258.518847940855 is not greater than 5258.6830871283055. Delta is -0.16423918745022092
2026-05-12T11:43:59.4870006Z   OK TLT        regime=1
2026-05-12T11:44:00.0390509Z   OK BTC-USD    regime=1
2026-05-12T11:44:00.5980850Z   OK ETH-USD    regime=1
2026-05-12T11:44:01.0194136Z   OK SOL-USD    regime=0
2026-05-12T11:44:01.4980385Z   OK XRP-USD    regime=0
2026-05-12T11:44:01.5700603Z   OK DOGE-USD   regime=0
2026-05-12T11:44:01.5719758Z 
2026-05-12T11:44:01.5720207Z Regimes complete
2026-05-12T11:44:01.5729856Z 
2026-05-12T11:44:01.5740167Z --------------------------------------------------------
2026-05-12T11:44:01.5759944Z [CELL 8] ML ensemble
2026-05-12T11:44:01.5760368Z --------------------------------------------------------
2026-05-12T11:44:01.5761302Z Training ensembles (10-20 min first run)...
2026-05-12T11:44:13.9139576Z   AAPL...     Calibration skipped: The 'cv' parameter of CalibratedClassifierCV must be an int in the range [2, inf), an object implementing 'split' and 'get_n_splits', an iterable or None. Got 'prefit' instead.
2026-05-12T11:44:13.9160278Z AUC=0.968 OK
2026-05-12T11:44:28.0779736Z   MSFT...     Calibration skipped: The 'cv' parameter of CalibratedClassifierCV must be an int in the range [2, inf), an object implementing 'split' and 'get_n_splits', an iterable or None. Got 'prefit' instead.
2026-05-12T11:44:28.0799974Z AUC=1.000 OK
2026-05-12T11:44:35.0472796Z   NVDA...     Calibration skipped: The 'cv' parameter of CalibratedClassifierCV must be an int in the range [2, inf), an object implementing 'split' and 'get_n_splits', an iterable or None. Got 'prefit' instead.
2026-05-12T11:44:35.0510063Z AUC=0.992 OK
2026-05-12T11:44:55.1911596Z   GOOGL...     Calibration skipped: The 'cv' parameter of CalibratedClassifierCV must be an int in the range [2, inf), an object implementing 'split' and 'get_n_splits', an iterable or None. Got 'prefit' instead.
2026-05-12T11:44:55.1920142Z AUC=0.992 OK
2026-05-12T11:45:22.0056486Z   AMZN...     Calibration skipped: The 'cv' parameter of CalibratedClassifierCV must be an int in the range [2, inf), an object implementing 'split' and 'get_n_splits', an iterable or None. Got 'prefit' instead.
2026-05-12T11:45:22.0070438Z AUC=0.984 OK
2026-05-12T11:45:33.5241265Z   META...     Calibration skipped: The 'cv' parameter of CalibratedClassifierCV must be an int in the range [2, inf), an object implementing 'split' and 'get_n_splits', an iterable or None. Got 'prefit' instead.
2026-05-12T11:45:33.5260278Z AUC=1.000 OK
2026-05-12T11:45:55.7891611Z   TSLA...     Calibration skipped: The 'cv' parameter of CalibratedClassifierCV must be an int in the range [2, inf), an object implementing 'split' and 'get_n_splits', an iterable or None. Got 'prefit' instead.
2026-05-12T11:45:55.7908295Z AUC=0.999 OK
2026-05-12T11:46:07.9011063Z   AVGO...     Calibration skipped: The 'cv' parameter of CalibratedClassifierCV must be an int in the range [2, inf), an object implementing 'split' and 'get_n_splits', an iterable or None. Got 'prefit' instead.
2026-05-12T11:46:07.9012701Z AUC=0.998 OK
2026-05-12T11:47:02.6331038Z   ORCL...     Calibration skipped: The 'cv' parameter of CalibratedClassifierCV must be an int in the range [2, inf), an object implementing 'split' and 'get_n_splits', an iterable or None. Got 'prefit' instead.
2026-05-12T11:47:02.6350078Z AUC=0.934 OK
2026-05-12T11:47:31.2701367Z   ADBE...     Calibration skipped: The 'cv' parameter of CalibratedClassifierCV must be an int in the range [2, inf), an object implementing 'split' and 'get_n_splits', an iterable or None. Got 'prefit' instead.
2026-05-12T11:47:31.2706223Z AUC=1.000 OK
2026-05-12T11:47:45.6071836Z   CRM...     Calibration skipped: The 'cv' parameter of CalibratedClassifierCV must be an int in the range [2, inf), an object implementing 'split' and 'get_n_splits', an iterable or None. Got 'prefit' instead.
2026-05-12T11:47:45.6090495Z AUC=1.000 OK
2026-05-12T11:48:00.9524632Z   NOW...     Calibration skipped: The 'cv' parameter of CalibratedClassifierCV must be an int in the range [2, inf), an object implementing 'split' and 'get_n_splits', an iterable or None. Got 'prefit' instead.
2026-05-12T11:48:00.9549730Z AUC=0.965 OK
2026-05-12T11:48:18.4973527Z   SNOW...     Calibration skipped: The 'cv' parameter of CalibratedClassifierCV must be an int in the range [2, inf), an object implementing 'split' and 'get_n_splits', an iterable or None. Got 'prefit' instead.
2026-05-12T11:48:18.4975199Z AUC=0.998 OK
2026-05-12T11:48:32.1422521Z   PLTR...     Calibration skipped: The 'cv' parameter of CalibratedClassifierCV must be an int in the range [2, inf), an object implementing 'split' and 'get_n_splits', an iterable or None. Got 'prefit' instead.
2026-05-12T11:48:32.1450211Z AUC=0.996 OK
2026-05-12T11:48:54.3220315Z   NET...     Calibration skipped: The 'cv' parameter of CalibratedClassifierCV must be an int in the range [2, inf), an object implementing 'split' and 'get_n_splits', an iterable or None. Got 'prefit' instead.
2026-05-12T11:48:54.3226184Z AUC=0.998 OK
2026-05-12T11:49:08.4201572Z   DDOG...     Calibration skipped: The 'cv' parameter of CalibratedClassifierCV must be an int in the range [2, inf), an object implementing 'split' and 'get_n_splits', an iterable or None. Got 'prefit' instead.
2026-05-12T11:49:08.4203304Z AUC=0.988 OK
2026-05-12T11:49:13.8927716Z   ZS...     Calibration skipped: The 'cv' parameter of CalibratedClassifierCV must be an int in the range [2, inf), an object implementing 'split' and 'get_n_splits', an iterable or None. Got 'prefit' instead.
2026-05-12T11:49:13.8950490Z AUC=0.989 OK
2026-05-12T11:49:33.6521644Z   CRWD...     Calibration skipped: The 'cv' parameter of CalibratedClassifierCV must be an int in the range [2, inf), an object implementing 'split' and 'get_n_splits', an iterable or None. Got 'prefit' instead.
2026-05-12T11:49:33.6530306Z AUC=0.990 OK
2026-05-12T11:49:59.6521700Z   PANW...     Calibration skipped: The 'cv' parameter of CalibratedClassifierCV must be an int in the range [2, inf), an object implementing 'split' and 'get_n_splits', an iterable or None. Got 'prefit' instead.
2026-05-12T11:49:59.6532713Z AUC=1.000 OK
2026-05-12T11:50:39.6501176Z   SHOP...     Calibration skipped: The 'cv' parameter of CalibratedClassifierCV must be an int in the range [2, inf), an object implementing 'split' and 'get_n_splits', an iterable or None. Got 'prefit' instead.
2026-05-12T11:50:39.6510105Z AUC=1.000 OK
2026-05-12T11:50:57.7356789Z   WDAY...     Calibration skipped: The 'cv' parameter of CalibratedClassifierCV must be an int in the range [2, inf), an object implementing 'split' and 'get_n_splits', an iterable or None. Got 'prefit' instead.
2026-05-12T11:50:57.7358860Z AUC=0.952 OK
2026-05-12T11:51:19.8131708Z   TEAM...     Calibration skipped: The 'cv' parameter of CalibratedClassifierCV must be an int in the range [2, inf), an object implementing 'split' and 'get_n_splits', an iterable or None. Got 'prefit' instead.
2026-05-12T11:51:19.8140231Z AUC=0.979 OK
2026-05-12T11:51:34.1665954Z   PYPL...     Calibration skipped: The 'cv' parameter of CalibratedClassifierCV must be an int in the range [2, inf), an object implementing 'split' and 'get_n_splits', an iterable or None. Got 'prefit' instead.
2026-05-12T11:51:34.1680115Z AUC=0.995 OK
2026-05-12T11:52:12.6122209Z   COIN...     Calibration skipped: The 'cv' parameter of CalibratedClassifierCV must be an int in the range [2, inf), an object implementing 'split' and 'get_n_splits', an iterable or None. Got 'prefit' instead.
2026-05-12T11:52:12.6130047Z AUC=0.920 OK
2026-05-12T11:52:34.9420159Z   AFRM...     Calibration skipped: The 'cv' parameter of CalibratedClassifierCV must be an int in the range [2, inf), an object implementing 'split' and 'get_n_splits', an iterable or None. Got 'prefit' instead.
2026-05-12T11:52:34.9430106Z AUC=1.000 OK
2026-05-12T11:52:57.0998046Z   HOOD...     Calibration skipped: The 'cv' parameter of CalibratedClassifierCV must be an int in the range [2, inf), an object implementing 'split' and 'get_n_splits', an iterable or None. Got 'prefit' instead.
2026-05-12T11:52:57.1010524Z AUC=1.000 OK
2026-05-12T11:53:08.2797562Z   JPM...     Calibration skipped: The 'cv' parameter of CalibratedClassifierCV must be an int in the range [2, inf), an object implementing 'split' and 'get_n_splits', an iterable or None. Got 'prefit' instead.
2026-05-12T11:53:08.2799935Z AUC=1.000 OK
2026-05-12T11:53:16.5511420Z   V...     Calibration skipped: The 'cv' parameter of CalibratedClassifierCV must be an int in the range [2, inf), an object implementing 'split' and 'get_n_splits', an iterable or None. Got 'prefit' instead.
2026-05-12T11:53:16.5530103Z AUC=1.000 OK
2026-05-12T11:53:31.8841544Z   MA...     Calibration skipped: The 'cv' parameter of CalibratedClassifierCV must be an int in the range [2, inf), an object implementing 'split' and 'get_n_splits', an iterable or None. Got 'prefit' instead.
2026-05-12T11:53:31.8859998Z AUC=1.000 OK
2026-05-12T11:53:40.2760559Z   BAC...     Calibration skipped: The 'cv' parameter of CalibratedClassifierCV must be an int in the range [2, inf), an object implementing 'split' and 'get_n_splits', an iterable or None. Got 'prefit' instead.
2026-05-12T11:53:40.2780012Z AUC=1.000 OK
2026-05-12T11:54:09.1256180Z   GS...     Calibration skipped: The 'cv' parameter of CalibratedClassifierCV must be an int in the range [2, inf), an object implementing 'split' and 'get_n_splits', an iterable or None. Got 'prefit' instead.
2026-05-12T11:54:09.1280063Z AUC=0.918 OK
2026-05-12T11:54:25.8653604Z   MS...     Calibration skipped: The 'cv' parameter of CalibratedClassifierCV must be an int in the range [2, inf), an object implementing 'split' and 'get_n_splits', an iterable or None. Got 'prefit' instead.
2026-05-12T11:54:25.8670065Z AUC=1.000 OK
2026-05-12T11:54:43.9236131Z   BLK...     Calibration skipped: The 'cv' parameter of CalibratedClassifierCV must be an int in the range [2, inf), an object implementing 'split' and 'get_n_splits', an iterable or None. Got 'prefit' instead.
2026-05-12T11:54:43.9237917Z AUC=0.998 OK
2026-05-12T11:54:59.9028500Z   AXP...     Calibration skipped: The 'cv' parameter of CalibratedClassifierCV must be an int in the range [2, inf), an object implementing 'split' and 'get_n_splits', an iterable or None. Got 'prefit' instead.
2026-05-12T11:54:59.9050060Z AUC=0.998 OK
2026-05-12T11:55:07.8729347Z   WFC...     Calibration skipped: The 'cv' parameter of CalibratedClassifierCV must be an int in the range [2, inf), an object implementing 'split' and 'get_n_splits', an iterable or None. Got 'prefit' instead.
2026-05-12T11:55:07.8731720Z AUC=0.989 OK
2026-05-12T11:55:27.3752170Z   C...     Calibration skipped: The 'cv' parameter of CalibratedClassifierCV must be an int in the range [2, inf), an object implementing 'split' and 'get_n_splits', an iterable or None. Got 'prefit' instead.
2026-05-12T11:55:27.3754383Z AUC=1.000 OK
2026-05-12T11:55:52.9265748Z   SCHW...     Calibration skipped: The 'cv' parameter of CalibratedClassifierCV must be an int in the range [2, inf), an object implementing 'split' and 'get_n_splits', an iterable or None. Got 'prefit' instead.
2026-05-12T11:55:52.9280135Z AUC=1.000 OK
2026-05-12T11:56:01.2310442Z   PGR...     Calibration skipped: The 'cv' parameter of CalibratedClassifierCV must be an int in the range [2, inf), an object implementing 'split' and 'get_n_splits', an iterable or None. Got 'prefit' instead.
2026-05-12T11:56:01.2339952Z AUC=0.995 OK
2026-05-12T11:56:12.0478812Z   CB...     Calibration skipped: The 'cv' parameter of CalibratedClassifierCV must be an int in the range [2, inf), an object implementing 'split' and 'get_n_splits', an iterable or None. Got 'prefit' instead.
2026-05-12T11:56:12.0490656Z AUC=1.000 OK
2026-05-12T11:56:24.6501026Z   COF...     Calibration skipped: The 'cv' parameter of CalibratedClassifierCV must be an int in the range [2, inf), an object implementing 'split' and 'get_n_splits', an iterable or None. Got 'prefit' instead.
2026-05-12T11:56:24.6512927Z AUC=0.943 OK
2026-05-12T11:56:52.3592208Z   USB...     Calibration skipped: The 'cv' parameter of CalibratedClassifierCV must be an int in the range [2, inf), an object implementing 'split' and 'get_n_splits', an iterable or None. Got 'prefit' instead.
2026-05-12T11:56:52.3610141Z AUC=1.000 OK
2026-05-12T11:57:07.3121850Z   TFC...     Calibration skipped: The 'cv' parameter of CalibratedClassifierCV must be an int in the range [2, inf), an object implementing 'split' and 'get_n_splits', an iterable or None. Got 'prefit' instead.
2026-05-12T11:57:07.3140175Z AUC=0.922 OK
2026-05-12T11:57:17.4287747Z   PNC...     Calibration skipped: The 'cv' parameter of CalibratedClassifierCV must be an int in the range [2, inf), an object implementing 'split' and 'get_n_splits', an iterable or None. Got 'prefit' instead.
2026-05-12T11:57:17.4299983Z AUC=1.000 OK
2026-05-12T11:57:30.9896901Z   ICE...     Calibration skipped: The 'cv' parameter of CalibratedClassifierCV must be an int in the range [2, inf), an object implementing 'split' and 'get_n_splits', an iterable or None. Got 'prefit' instead.
2026-05-12T11:57:30.9920267Z AUC=0.999 OK
2026-05-12T11:57:47.0410539Z   UNH...     Calibration skipped: The 'cv' parameter of CalibratedClassifierCV must be an int in the range [2, inf), an object implementing 'split' and 'get_n_splits', an iterable or None. Got 'prefit' instead.
2026-05-12T11:57:47.0430399Z AUC=1.000 OK
2026-05-12T11:58:12.5071612Z   LLY...     Calibration skipped: The 'cv' parameter of CalibratedClassifierCV must be an int in the range [2, inf), an object implementing 'split' and 'get_n_splits', an iterable or None. Got 'prefit' instead.
2026-05-12T11:58:12.5092578Z AUC=1.000 OK
2026-05-12T11:58:32.5736369Z   JNJ...     Calibration skipped: The 'cv' parameter of CalibratedClassifierCV must be an int in the range [2, inf), an object implementing 'split' and 'get_n_splits', an iterable or None. Got 'prefit' instead.
2026-05-12T11:58:32.5760381Z AUC=0.997 OK
2026-05-12T11:58:49.8786201Z   ABBV...     Calibration skipped: The 'cv' parameter of CalibratedClassifierCV must be an int in the range [2, inf), an object implementing 'split' and 'get_n_splits', an iterable or None. Got 'prefit' instead.
2026-05-12T11:58:49.8810161Z AUC=1.000 OK
2026-05-12T11:59:09.5221529Z   MRK...     Calibration skipped: The 'cv' parameter of CalibratedClassifierCV must be an int in the range [2, inf), an object implementing 'split' and 'get_n_splits', an iterable or None. Got 'prefit' instead.
2026-05-12T11:59:09.5223238Z AUC=1.000 OK
2026-05-12T11:59:51.0921645Z   TMO...     Calibration skipped: The 'cv' parameter of CalibratedClassifierCV must be an int in the range [2, inf), an object implementing 'split' and 'get_n_splits', an iterable or None. Got 'prefit' instead.
2026-05-12T11:59:51.0936943Z AUC=1.000 OK
2026-05-12T12:00:07.2431590Z   ABT...     Calibration skipped: The 'cv' parameter of CalibratedClassifierCV must be an int in the range [2, inf), an object implementing 'split' and 'get_n_splits', an iterable or None. Got 'prefit' instead.
2026-05-12T12:00:07.2435401Z AUC=0.999 OK
2026-05-12T12:00:27.0911975Z   DHR...     Calibration skipped: The 'cv' parameter of CalibratedClassifierCV must be an int in the range [2, inf), an object implementing 'split' and 'get_n_splits', an iterable or None. Got 'prefit' instead.
2026-05-12T12:00:27.0930006Z AUC=0.996 OK
2026-05-12T12:00:37.7441655Z   PFE...     Calibration skipped: The 'cv' parameter of CalibratedClassifierCV must be an int in the range [2, inf), an object implementing 'split' and 'get_n_splits', an iterable or None. Got 'prefit' instead.
2026-05-12T12:00:37.7462821Z AUC=1.000 OK
2026-05-12T12:00:45.7801508Z   AMGN...     Calibration skipped: The 'cv' parameter of CalibratedClassifierCV must be an int in the range [2, inf), an object implementing 'split' and 'get_n_splits', an iterable or None. Got 'prefit' instead.
2026-05-12T12:00:45.7819973Z AUC=1.000 OK
2026-05-12T12:00:57.7462028Z   CVS...     Calibration skipped: The 'cv' parameter of CalibratedClassifierCV must be an int in the range [2, inf), an object implementing 'split' and 'get_n_splits', an iterable or None. Got 'prefit' instead.
2026-05-12T12:00:57.7480752Z AUC=1.000 OK
2026-05-12T12:01:10.6260284Z   CI...     Calibration skipped: The 'cv' parameter of CalibratedClassifierCV must be an int in the range [2, inf), an object implementing 'split' and 'get_n_splits', an iterable or None. Got 'prefit' instead.
2026-05-12T12:01:10.6276746Z AUC=1.000 OK
2026-05-12T12:01:22.6705404Z   HUM...     Calibration skipped: The 'cv' parameter of CalibratedClassifierCV must be an int in the range [2, inf), an object implementing 'split' and 'get_n_splits', an iterable or None. Got 'prefit' instead.
2026-05-12T12:01:22.6730049Z AUC=0.972 OK
2026-05-12T12:02:30.2379302Z   BSX...     Calibration skipped: The 'cv' parameter of CalibratedClassifierCV must be an int in the range [2, inf), an object implementing 'split' and 'get_n_splits', an iterable or None. Got 'prefit' instead.
2026-05-12T12:02:30.2381044Z AUC=1.000 OK
2026-05-12T12:02:43.0401860Z   MDT...     Calibration skipped: The 'cv' parameter of CalibratedClassifierCV must be an int in the range [2, inf), an object implementing 'split' and 'get_n_splits', an iterable or None. Got 'prefit' instead.
2026-05-12T12:02:43.0430069Z AUC=1.000 OK
2026-05-12T12:02:50.5441536Z   SYK...     Calibration skipped: The 'cv' parameter of CalibratedClassifierCV must be an int in the range [2, inf), an object implementing 'split' and 'get_n_splits', an iterable or None. Got 'prefit' instead.
2026-05-12T12:02:50.5470122Z AUC=0.991 OK
2026-05-12T12:03:08.9651616Z   ISRG...     Calibration skipped: The 'cv' parameter of CalibratedClassifierCV must be an int in the range [2, inf), an object implementing 'split' and 'get_n_splits', an iterable or None. Got 'prefit' instead.
2026-05-12T12:03:08.9670058Z AUC=0.965 OK
2026-05-12T12:03:28.3347120Z   VRTX...     Calibration skipped: The 'cv' parameter of CalibratedClassifierCV must be an int in the range [2, inf), an object implementing 'split' and 'get_n_splits', an iterable or None. Got 'prefit' instead.
2026-05-12T12:03:28.3350334Z AUC=0.998 OK
2026-05-12T12:03:51.4486015Z   REGN...     Calibration skipped: The 'cv' parameter of CalibratedClassifierCV must be an int in the range [2, inf), an object implementing 'split' and 'get_n_splits', an iterable or None. Got 'prefit' instead.
2026-05-12T12:03:51.4490102Z AUC=1.000 OK
2026-05-12T12:04:08.7031942Z   BMY...     Calibration skipped: The 'cv' parameter of CalibratedClassifierCV must be an int in the range [2, inf), an object implementing 'split' and 'get_n_splits', an iterable or None. Got 'prefit' instead.
2026-05-12T12:04:08.7033554Z AUC=0.989 OK
2026-05-12T12:04:40.7468107Z   GILD...     Calibration skipped: The 'cv' parameter of CalibratedClassifierCV must be an int in the range [2, inf), an object implementing 'split' and 'get_n_splits', an iterable or None. Got 'prefit' instead.
2026-05-12T12:04:40.7490636Z AUC=1.000 OK
2026-05-12T12:04:53.2744200Z   SPY...     Calibration skipped: The 'cv' parameter of CalibratedClassifierCV must be an int in the range [2, inf), an object implementing 'split' and 'get_n_splits', an iterable or None. Got 'prefit' instead.
2026-05-12T12:04:53.2769090Z AUC=1.000 OK
2026-05-12T12:05:12.9708857Z   QQQ...     Calibration skipped: The 'cv' parameter of CalibratedClassifierCV must be an int in the range [2, inf), an object implementing 'split' and 'get_n_splits', an iterable or None. Got 'prefit' instead.
2026-05-12T12:05:12.9730115Z AUC=0.999 OK
2026-05-12T12:05:47.5319969Z   WMT...     Calibration skipped: The 'cv' parameter of CalibratedClassifierCV must be an int in the range [2, inf), an object implementing 'split' and 'get_n_splits', an iterable or None. Got 'prefit' instead.
2026-05-12T12:05:47.5325838Z AUC=1.000 OK
2026-05-12T12:05:56.8242783Z   PG...     Calibration skipped: The 'cv' parameter of CalibratedClassifierCV must be an int in the range [2, inf), an object implementing 'split' and 'get_n_splits', an iterable or None. Got 'prefit' instead.
2026-05-12T12:05:56.8259975Z AUC=1.000 OK
2026-05-12T12:06:24.1637568Z   KO...     Calibration skipped: The 'cv' parameter of CalibratedClassifierCV must be an int in the range [2, inf), an object implementing 'split' and 'get_n_splits', an iterable or None. Got 'prefit' instead.
2026-05-12T12:06:24.1649911Z AUC=1.000 OK
2026-05-12T12:06:45.3020029Z   PEP...     Calibration skipped: The 'cv' parameter of CalibratedClassifierCV must be an int in the range [2, inf), an object implementing 'split' and 'get_n_splits', an iterable or None. Got 'prefit' instead.
2026-05-12T12:06:45.3030235Z AUC=0.998 OK
2026-05-12T12:06:51.2902633Z   MCD...     Calibration skipped: The 'cv' parameter of CalibratedClassifierCV must be an int in the range [2, inf), an object implementing 'split' and 'get_n_splits', an iterable or None. Got 'prefit' instead.
2026-05-12T12:06:51.2908196Z AUC=1.000 OK
2026-05-12T12:07:16.5841492Z   HD...     Calibration skipped: The 'cv' parameter of CalibratedClassifierCV must be an int in the range [2, inf), an object implementing 'split' and 'get_n_splits', an iterable or None. Got 'prefit' instead.
2026-05-12T12:07:16.5859989Z AUC=1.000 OK
2026-05-12T12:07:27.0481657Z   NKE...     Calibration skipped: The 'cv' parameter of CalibratedClassifierCV must be an int in the range [2, inf), an object implementing 'split' and 'get_n_splits', an iterable or None. Got 'prefit' instead.
2026-05-12T12:07:27.0489989Z AUC=1.000 OK
2026-05-12T12:07:35.9895745Z   COST...     Calibration skipped: The 'cv' parameter of CalibratedClassifierCV must be an int in the range [2, inf), an object implementing 'split' and 'get_n_splits', an iterable or None. Got 'prefit' instead.
2026-05-12T12:07:35.9899935Z AUC=1.000 OK
2026-05-12T12:08:04.9082037Z   TGT...     Calibration skipped: The 'cv' parameter of CalibratedClassifierCV must be an int in the range [2, inf), an object implementing 'split' and 'get_n_splits', an iterable or None. Got 'prefit' instead.
2026-05-12T12:08:04.9100034Z AUC=1.000 OK
2026-05-12T12:08:17.4512217Z   LOW...     Calibration skipped: The 'cv' parameter of CalibratedClassifierCV must be an int in the range [2, inf), an object implementing 'split' and 'get_n_splits', an iterable or None. Got 'prefit' instead.
2026-05-12T12:08:17.4530100Z AUC=0.991 OK
2026-05-12T12:08:42.5051659Z   SBUX...     Calibration skipped: The 'cv' parameter of CalibratedClassifierCV must be an int in the range [2, inf), an object implementing 'split' and 'get_n_splits', an iterable or None. Got 'prefit' instead.
2026-05-12T12:08:42.5072021Z AUC=1.000 OK
2026-05-12T12:08:54.8711533Z   CMG...     Calibration skipped: The 'cv' parameter of CalibratedClassifierCV must be an int in the range [2, inf), an object implementing 'split' and 'get_n_splits', an iterable or None. Got 'prefit' instead.
2026-05-12T12:08:54.8725303Z AUC=0.986 OK
2026-05-12T12:09:07.6301385Z   MDLZ...     Calibration skipped: The 'cv' parameter of CalibratedClassifierCV must be an int in the range [2, inf), an object implementing 'split' and 'get_n_splits', an iterable or None. Got 'prefit' instead.
2026-05-12T12:09:07.6320433Z AUC=0.991 OK
2026-05-12T12:09:38.1838329Z   CL...     Calibration skipped: The 'cv' parameter of CalibratedClassifierCV must be an int in the range [2, inf), an object implementing 'split' and 'get_n_splits', an iterable or None. Got 'prefit' instead.
2026-05-12T12:09:38.1850257Z AUC=1.000 OK
2026-05-12T12:09:47.4071456Z   TJX...     Calibration skipped: The 'cv' parameter of CalibratedClassifierCV must be an int in the range [2, inf), an object implementing 'split' and 'get_n_splits', an iterable or None. Got 'prefit' instead.
2026-05-12T12:09:47.4088642Z AUC=1.000 OK
2026-05-12T12:09:55.0348042Z   ROST...     Calibration skipped: The 'cv' parameter of CalibratedClassifierCV must be an int in the range [2, inf), an object implementing 'split' and 'get_n_splits', an iterable or None. Got 'prefit' instead.
2026-05-12T12:09:55.0351711Z AUC=1.000 OK
2026-05-12T12:10:24.4443656Z   AMD...     Calibration skipped: The 'cv' parameter of CalibratedClassifierCV must be an int in the range [2, inf), an object implementing 'split' and 'get_n_splits', an iterable or None. Got 'prefit' instead.
2026-05-12T12:10:24.4445621Z AUC=1.000 OK
2026-05-12T12:10:53.5466848Z   INTC...     Calibration skipped: The 'cv' parameter of CalibratedClassifierCV must be an int in the range [2, inf), an object implementing 'split' and 'get_n_splits', an iterable or None. Got 'prefit' instead.
2026-05-12T12:10:53.5480170Z AUC=1.000 OK
2026-05-12T12:11:10.8281588Z   QCOM...     Calibration skipped: The 'cv' parameter of CalibratedClassifierCV must be an int in the range [2, inf), an object implementing 'split' and 'get_n_splits', an iterable or None. Got 'prefit' instead.
2026-05-12T12:11:10.8300139Z AUC=0.999 OK
2026-05-12T12:11:19.6824485Z   AMAT...     Calibration skipped: The 'cv' parameter of CalibratedClassifierCV must be an int in the range [2, inf), an object implementing 'split' and 'get_n_splits', an iterable or None. Got 'prefit' instead.
2026-05-12T12:11:19.6850131Z AUC=0.915 OK
2026-05-12T12:11:39.1334306Z   MU...     Calibration skipped: The 'cv' parameter of CalibratedClassifierCV must be an int in the range [2, inf), an object implementing 'split' and 'get_n_splits', an iterable or None. Got 'prefit' instead.
2026-05-12T12:11:39.1338180Z AUC=0.977 OK
2026-05-12T12:11:54.8951630Z   TXN...     Calibration skipped: The 'cv' parameter of CalibratedClassifierCV must be an int in the range [2, inf), an object implementing 'split' and 'get_n_splits', an iterable or None. Got 'prefit' instead.
2026-05-12T12:11:54.8970060Z AUC=0.973 OK
2026-05-12T12:12:29.3407265Z   LRCX...     Calibration skipped: The 'cv' parameter of CalibratedClassifierCV must be an int in the range [2, inf), an object implementing 'split' and 'get_n_splits', an iterable or None. Got 'prefit' instead.
2026-05-12T12:12:29.3410973Z AUC=0.993 OK
2026-05-12T12:12:40.9479652Z   KLAC...     Calibration skipped: The 'cv' parameter of CalibratedClassifierCV must be an int in the range [2, inf), an object implementing 'split' and 'get_n_splits', an iterable or None. Got 'prefit' instead.
2026-05-12T12:12:40.9481225Z AUC=0.984 OK
2026-05-12T12:13:19.2901892Z   ADI...     Calibration skipped: The 'cv' parameter of CalibratedClassifierCV must be an int in the range [2, inf), an object implementing 'split' and 'get_n_splits', an iterable or None. Got 'prefit' instead.
2026-05-12T12:13:19.2908714Z AUC=0.980 OK
2026-05-12T12:13:30.0880323Z   MRVL...     Calibration skipped: The 'cv' parameter of CalibratedClassifierCV must be an int in the range [2, inf), an object implementing 'split' and 'get_n_splits', an iterable or None. Got 'prefit' instead.
2026-05-12T12:13:30.0886433Z AUC=0.990 OK
2026-05-12T12:13:51.3775732Z   ASML...     Calibration skipped: The 'cv' parameter of CalibratedClassifierCV must be an int in the range [2, inf), an object implementing 'split' and 'get_n_splits', an iterable or None. Got 'prefit' instead.
2026-05-12T12:13:51.3778038Z AUC=1.000 OK
2026-05-12T12:14:05.4351354Z   TSM...     Calibration skipped: The 'cv' parameter of CalibratedClassifierCV must be an int in the range [2, inf), an object implementing 'split' and 'get_n_splits', an iterable or None. Got 'prefit' instead.
2026-05-12T12:14:05.4370047Z AUC=0.999 OK
2026-05-12T12:14:33.3224871Z   ON...     Calibration skipped: The 'cv' parameter of CalibratedClassifierCV must be an int in the range [2, inf), an object implementing 'split' and 'get_n_splits', an iterable or None. Got 'prefit' instead.
2026-05-12T12:14:33.3240234Z AUC=0.994 OK
2026-05-12T12:14:49.0921834Z   MCHP...     Calibration skipped: The 'cv' parameter of CalibratedClassifierCV must be an int in the range [2, inf), an object implementing 'split' and 'get_n_splits', an iterable or None. Got 'prefit' instead.
2026-05-12T12:14:49.0939985Z AUC=0.980 OK
2026-05-12T12:14:57.7493811Z   ENPH...     Calibration skipped: The 'cv' parameter of CalibratedClassifierCV must be an int in the range [2, inf), an object implementing 'split' and 'get_n_splits', an iterable or None. Got 'prefit' instead.
2026-05-12T12:14:57.7510063Z AUC=0.978 OK
2026-05-12T12:15:16.6768276Z   FSLR...     Calibration skipped: The 'cv' parameter of CalibratedClassifierCV must be an int in the range [2, inf), an object implementing 'split' and 'get_n_splits', an iterable or None. Got 'prefit' instead.
2026-05-12T12:15:16.6770125Z AUC=1.000 OK
2026-05-12T12:15:26.2340301Z   XOM...     Calibration skipped: The 'cv' parameter of CalibratedClassifierCV must be an int in the range [2, inf), an object implementing 'split' and 'get_n_splits', an iterable or None. Got 'prefit' instead.
2026-05-12T12:15:26.2360070Z AUC=1.000 OK
2026-05-12T12:16:00.2511595Z   CVX...     Calibration skipped: The 'cv' parameter of CalibratedClassifierCV must be an int in the range [2, inf), an object implementing 'split' and 'get_n_splits', an iterable or None. Got 'prefit' instead.
2026-05-12T12:16:00.2530158Z AUC=0.998 OK
2026-05-12T12:16:11.2891779Z   COP...     Calibration skipped: The 'cv' parameter of CalibratedClassifierCV must be an int in the range [2, inf), an object implementing 'split' and 'get_n_splits', an iterable or None. Got 'prefit' instead.
2026-05-12T12:16:11.2909903Z AUC=0.986 OK
2026-05-12T12:16:26.8835649Z   SLB...     Calibration skipped: The 'cv' parameter of CalibratedClassifierCV must be an int in the range [2, inf), an object implementing 'split' and 'get_n_splits', an iterable or None. Got 'prefit' instead.
2026-05-12T12:16:26.8850015Z AUC=0.997 OK
2026-05-12T12:16:34.9295808Z   EOG...     Calibration skipped: The 'cv' parameter of CalibratedClassifierCV must be an int in the range [2, inf), an object implementing 'split' and 'get_n_splits', an iterable or None. Got 'prefit' instead.
2026-05-12T12:16:34.9302478Z AUC=1.000 OK
2026-05-12T12:17:02.0290088Z   HAL...     Calibration skipped: The 'cv' parameter of CalibratedClassifierCV must be an int in the range [2, inf), an object implementing 'split' and 'get_n_splits', an iterable or None. Got 'prefit' instead.
2026-05-12T12:17:02.0293530Z AUC=0.994 OK
2026-05-12T12:17:29.9761928Z   OXY...     Calibration skipped: The 'cv' parameter of CalibratedClassifierCV must be an int in the range [2, inf), an object implementing 'split' and 'get_n_splits', an iterable or None. Got 'prefit' instead.
2026-05-12T12:17:29.9780399Z AUC=1.000 OK
2026-05-12T12:17:57.1560841Z   PSX...     Calibration skipped: The 'cv' parameter of CalibratedClassifierCV must be an int in the range [2, inf), an object implementing 'split' and 'get_n_splits', an iterable or None. Got 'prefit' instead.
2026-05-12T12:17:57.1579980Z AUC=0.987 OK
2026-05-12T12:18:13.9735836Z   BA...     Calibration skipped: The 'cv' parameter of CalibratedClassifierCV must be an int in the range [2, inf), an object implementing 'split' and 'get_n_splits', an iterable or None. Got 'prefit' instead.
2026-05-12T12:18:13.9750399Z AUC=0.950 OK
2026-05-12T12:18:25.1860003Z   CAT...     Calibration skipped: The 'cv' parameter of CalibratedClassifierCV must be an int in the range [2, inf), an object implementing 'split' and 'get_n_splits', an iterable or None. Got 'prefit' instead.
2026-05-12T12:18:25.1865452Z AUC=1.000 OK
2026-05-12T12:18:37.5139880Z   DE...     Calibration skipped: The 'cv' parameter of CalibratedClassifierCV must be an int in the range [2, inf), an object implementing 'split' and 'get_n_splits', an iterable or None. Got 'prefit' instead.
2026-05-12T12:18:37.5150065Z AUC=0.994 OK
2026-05-12T12:19:13.7541604Z   HON...     Calibration skipped: The 'cv' parameter of CalibratedClassifierCV must be an int in the range [2, inf), an object implementing 'split' and 'get_n_splits', an iterable or None. Got 'prefit' instead.
2026-05-12T12:19:13.7543069Z AUC=1.000 OK
2026-05-12T12:19:48.3080019Z   GE...     Calibration skipped: The 'cv' parameter of CalibratedClassifierCV must be an int in the range [2, inf), an object implementing 'split' and 'get_n_splits', an iterable or None. Got 'prefit' instead.
2026-05-12T12:19:48.3100371Z AUC=1.000 OK
2026-05-12T12:19:55.9931610Z   RTX...     Calibration skipped: The 'cv' parameter of CalibratedClassifierCV must be an int in the range [2, inf), an object implementing 'split' and 'get_n_splits', an iterable or None. Got 'prefit' instead.
2026-05-12T12:19:55.9940090Z AUC=0.924 OK
2026-05-12T12:20:05.1277161Z   LMT...     Calibration skipped: The 'cv' parameter of CalibratedClassifierCV must be an int in the range [2, inf), an object implementing 'split' and 'get_n_splits', an iterable or None. Got 'prefit' instead.
2026-05-12T12:20:05.1290329Z AUC=1.000 OK
2026-05-12T12:20:18.7612051Z   NOC...     Calibration skipped: The 'cv' parameter of CalibratedClassifierCV must be an int in the range [2, inf), an object implementing 'split' and 'get_n_splits', an iterable or None. Got 'prefit' instead.
2026-05-12T12:20:18.7640264Z AUC=1.000 OK
2026-05-12T12:20:37.0182064Z   UPS...     Calibration skipped: The 'cv' parameter of CalibratedClassifierCV must be an int in the range [2, inf), an object implementing 'split' and 'get_n_splits', an iterable or None. Got 'prefit' instead.
2026-05-12T12:20:37.0183642Z AUC=0.995 OK
2026-05-12T12:20:44.2284714Z   FDX...     Calibration skipped: The 'cv' parameter of CalibratedClassifierCV must be an int in the range [2, inf), an object implementing 'split' and 'get_n_splits', an iterable or None. Got 'prefit' instead.
2026-05-12T12:20:44.2290113Z AUC=0.978 OK
2026-05-12T12:21:23.9321787Z   AMT...     Calibration skipped: The 'cv' parameter of CalibratedClassifierCV must be an int in the range [2, inf), an object implementing 'split' and 'get_n_splits', an iterable or None. Got 'prefit' instead.
2026-05-12T12:21:23.9340145Z AUC=0.994 OK
2026-05-12T12:22:02.9078196Z   PLD...     Calibration skipped: The 'cv' parameter of CalibratedClassifierCV must be an int in the range [2, inf), an object implementing 'split' and 'get_n_splits', an iterable or None. Got 'prefit' instead.
2026-05-12T12:22:02.9100394Z AUC=0.929 OK
2026-05-12T12:22:29.2279299Z   EQIX...     Calibration skipped: The 'cv' parameter of CalibratedClassifierCV must be an int in the range [2, inf), an object implementing 'split' and 'get_n_splits', an iterable or None. Got 'prefit' instead.
2026-05-12T12:22:29.2290127Z AUC=0.921 OK
2026-05-12T12:22:43.0171763Z   CCI...     Calibration skipped: The 'cv' parameter of CalibratedClassifierCV must be an int in the range [2, inf), an object implementing 'split' and 'get_n_splits', an iterable or None. Got 'prefit' instead.
2026-05-12T12:22:43.0190004Z AUC=1.000 OK
2026-05-12T12:22:53.5206469Z   NEE...     Calibration skipped: The 'cv' parameter of CalibratedClassifierCV must be an int in the range [2, inf), an object implementing 'split' and 'get_n_splits', an iterable or None. Got 'prefit' instead.
2026-05-12T12:22:53.5213906Z AUC=1.000 OK
2026-05-12T12:23:03.3381711Z   DUK...     Calibration skipped: The 'cv' parameter of CalibratedClassifierCV must be an int in the range [2, inf), an object implementing 'split' and 'get_n_splits', an iterable or None. Got 'prefit' instead.
2026-05-12T12:23:03.3397339Z AUC=1.000 OK
2026-05-12T12:23:16.8055120Z   SO...     Calibration skipped: The 'cv' parameter of CalibratedClassifierCV must be an int in the range [2, inf), an object implementing 'split' and 'get_n_splits', an iterable or None. Got 'prefit' instead.
2026-05-12T12:23:16.8079988Z AUC=1.000 OK
2026-05-12T12:23:55.8501140Z   AEP...     Calibration skipped: The 'cv' parameter of CalibratedClassifierCV must be an int in the range [2, inf), an object implementing 'split' and 'get_n_splits', an iterable or None. Got 'prefit' instead.
2026-05-12T12:23:55.8502857Z AUC=0.994 OK
2026-05-12T12:24:28.2911743Z   IWM...     Calibration skipped: The 'cv' parameter of CalibratedClassifierCV must be an int in the range [2, inf), an object implementing 'split' and 'get_n_splits', an iterable or None. Got 'prefit' instead.
2026-05-12T12:24:28.2929971Z AUC=1.000 OK
2026-05-12T12:24:35.7651770Z   DIA...     Calibration skipped: The 'cv' parameter of CalibratedClassifierCV must be an int in the range [2, inf), an object implementing 'split' and 'get_n_splits', an iterable or None. Got 'prefit' instead.
2026-05-12T12:24:35.7660035Z AUC=0.999 OK
2026-05-12T12:25:19.1970433Z   XLF...     Calibration skipped: The 'cv' parameter of CalibratedClassifierCV must be an int in the range [2, inf), an object implementing 'split' and 'get_n_splits', an iterable or None. Got 'prefit' instead.
2026-05-12T12:25:19.1972037Z AUC=1.000 OK
2026-05-12T12:25:26.1051544Z   XLK...     Calibration skipped: The 'cv' parameter of CalibratedClassifierCV must be an int in the range [2, inf), an object implementing 'split' and 'get_n_splits', an iterable or None. Got 'prefit' instead.
2026-05-12T12:25:26.1069904Z AUC=0.974 OK
2026-05-12T12:26:06.8657192Z   XLE...     Calibration skipped: The 'cv' parameter of CalibratedClassifierCV must be an int in the range [2, inf), an object implementing 'split' and 'get_n_splits', an iterable or None. Got 'prefit' instead.
2026-05-12T12:26:06.8658810Z AUC=0.972 OK
2026-05-12T12:26:29.7546876Z   XLV...     Calibration skipped: The 'cv' parameter of CalibratedClassifierCV must be an int in the range [2, inf), an object implementing 'split' and 'get_n_splits', an iterable or None. Got 'prefit' instead.
2026-05-12T12:26:29.7570325Z AUC=0.999 OK
2026-05-12T12:26:39.4013115Z   XLI...     Calibration skipped: The 'cv' parameter of CalibratedClassifierCV must be an int in the range [2, inf), an object implementing 'split' and 'get_n_splits', an iterable or None. Got 'prefit' instead.
2026-05-12T12:26:39.4014505Z AUC=0.978 OK
2026-05-12T12:26:52.8775761Z   GLD...     Calibration skipped: The 'cv' parameter of CalibratedClassifierCV must be an int in the range [2, inf), an object implementing 'split' and 'get_n_splits', an iterable or None. Got 'prefit' instead.
2026-05-12T12:26:52.8790823Z AUC=0.982 OK
2026-05-12T12:27:14.6437164Z   TLT...     Calibration skipped: The 'cv' parameter of CalibratedClassifierCV must be an int in the range [2, inf), an object implementing 'split' and 'get_n_splits', an iterable or None. Got 'prefit' instead.
2026-05-12T12:27:14.6450060Z AUC=1.000 OK
2026-05-12T12:27:26.7151701Z   BTC-USD...     Calibration skipped: The 'cv' parameter of CalibratedClassifierCV must be an int in the range [2, inf), an object implementing 'split' and 'get_n_splits', an iterable or None. Got 'prefit' instead.
2026-05-12T12:27:26.7170434Z AUC=1.000 OK
2026-05-12T12:27:36.5196303Z   ETH-USD...     Calibration skipped: The 'cv' parameter of CalibratedClassifierCV must be an int in the range [2, inf), an object implementing 'split' and 'get_n_splits', an iterable or None. Got 'prefit' instead.
2026-05-12T12:27:36.5210281Z AUC=0.962 OK
2026-05-12T12:27:59.5371671Z   SOL-USD...     Calibration skipped: The 'cv' parameter of CalibratedClassifierCV must be an int in the range [2, inf), an object implementing 'split' and 'get_n_splits', an iterable or None. Got 'prefit' instead.
2026-05-12T12:27:59.5386852Z AUC=0.990 OK
2026-05-12T12:28:18.2099939Z   XRP-USD...     Calibration skipped: The 'cv' parameter of CalibratedClassifierCV must be an int in the range [2, inf), an object implementing 'split' and 'get_n_splits', an iterable or None. Got 'prefit' instead.
2026-05-12T12:28:18.2101585Z AUC=0.987 OK
2026-05-12T12:28:29.6878589Z   DOGE-USD...     Calibration skipped: The 'cv' parameter of CalibratedClassifierCV must be an int in the range [2, inf), an object implementing 'split' and 'get_n_splits', an iterable or None. Got 'prefit' instead.
2026-05-12T12:28:29.6880559Z AUC=0.961 OK
2026-05-12T12:28:29.6880857Z 
2026-05-12T12:28:29.6881077Z 139/139 trained
2026-05-12T12:28:29.6881360Z 
2026-05-12T12:28:29.6881648Z --------------------------------------------------------
2026-05-12T12:28:29.6882221Z [CELL 9] GARCH + IV
2026-05-12T12:28:29.6882702Z --------------------------------------------------------
2026-05-12T12:28:29.6922215Z Running GARCH...
2026-05-12T12:28:29.7136564Z   OK AAPL       annvol=30.1% p_up=45.0%
2026-05-12T12:28:29.7276531Z   OK MSFT       annvol=36.2% p_up=53.0%
2026-05-12T12:28:29.7433654Z   OK NVDA       annvol=50.1% p_up=50.0%
2026-05-12T12:28:29.7609279Z   OK GOOGL      annvol=40.9% p_up=57.0%
2026-05-12T12:28:29.7752335Z   OK AMZN       annvol=32.5% p_up=54.0%
2026-05-12T12:28:29.7893740Z   OK META       annvol=49.1% p_up=56.0%
2026-05-12T12:28:29.8033968Z   OK TSLA       annvol=49.7% p_up=46.0%
2026-05-12T12:28:29.8175977Z   OK AVGO       annvol=48.0% p_up=56.0%
2026-05-12T12:28:29.8324266Z   OK ORCL       annvol=57.7% p_up=47.0%
2026-05-12T12:28:29.8450760Z   OK ADBE       annvol=42.5% p_up=54.0%
2026-05-12T12:28:29.8629121Z   OK CRM        annvol=47.3% p_up=51.0%
2026-05-12T12:28:29.8775890Z   OK NOW        annvol=80.4% p_up=52.0%
2026-05-12T12:28:29.8922496Z   OK SNOW       annvol=64.4% p_up=52.0%
2026-05-12T12:28:29.9082887Z   OK PLTR       annvol=69.5% p_up=39.0%
2026-05-12T12:28:29.9295350Z   OK NET        annvol=71.3% p_up=53.0%
2026-05-12T12:28:29.9476027Z   OK DDOG       annvol=60.6% p_up=52.0%
2026-05-12T12:28:29.9609778Z   OK ZS         annvol=59.8% p_up=50.0%
2026-05-12T12:28:29.9806507Z   OK CRWD       annvol=53.1% p_up=46.0%
2026-05-12T12:28:29.9953345Z   OK PANW       annvol=44.4% p_up=51.0%
2026-05-12T12:28:30.0108111Z   OK SHOP       annvol=58.6% p_up=52.0%
2026-05-12T12:28:30.0264387Z   OK WDAY       annvol=52.1% p_up=51.0%
2026-05-12T12:28:30.0460658Z   OK TEAM       annvol=83.0% p_up=53.0%
2026-05-12T12:28:30.0595130Z   OK PYPL       annvol=42.5% p_up=54.0%
2026-05-12T12:28:30.0704708Z   OK COIN       annvol=80.1% p_up=47.0%
2026-05-12T12:28:30.0874893Z   OK AFRM       annvol=69.0% p_up=56.0%
2026-05-12T12:28:30.1034264Z   OK HOOD       annvol=73.8% p_up=61.0%
2026-05-12T12:28:30.1170849Z   OK JPM        annvol=30.8% p_up=46.0%
2026-05-12T12:28:30.1312570Z   OK V          annvol=36.4% p_up=55.0%
2026-05-12T12:28:30.1451973Z   OK MA         annvol=33.2% p_up=51.0%
2026-05-12T12:28:30.1596565Z   OK BAC        annvol=28.2% p_up=48.0%
2026-05-12T12:28:30.1737448Z   OK GS         annvol=36.1% p_up=46.0%
2026-05-12T12:28:30.1879045Z   OK MS         annvol=32.4% p_up=43.0%
2026-05-12T12:28:30.2026530Z   OK BLK        annvol=31.5% p_up=46.0%
2026-05-12T12:28:30.2195674Z   OK AXP        annvol=32.7% p_up=52.0%
2026-05-12T12:28:30.2345645Z   OK WFC        annvol=34.3% p_up=55.0%
2026-05-12T12:28:30.2492792Z   OK C          annvol=31.1% p_up=51.0%
2026-05-12T12:28:30.2634392Z   OK SCHW       annvol=32.1% p_up=47.0%
2026-05-12T12:28:30.2784154Z   OK PGR        annvol=29.3% p_up=52.0%
2026-05-12T12:28:30.2921448Z   OK CB         annvol=23.5% p_up=48.0%
2026-05-12T12:28:30.3063442Z   OK COF        annvol=33.0% p_up=45.0%
2026-05-12T12:28:30.3202575Z   OK USB        annvol=28.5% p_up=53.0%
2026-05-12T12:28:30.3362453Z   OK TFC        annvol=35.3% p_up=45.0%
2026-05-12T12:28:30.3518613Z   OK PNC        annvol=28.0% p_up=53.0%
2026-05-12T12:28:30.3671144Z   OK ICE        annvol=24.3% p_up=45.0%
2026-05-12T12:28:30.3795495Z   OK UNH        annvol=41.9% p_up=57.0%
2026-05-12T12:28:30.3914809Z   OK LLY        annvol=49.6% p_up=56.0%
2026-05-12T12:28:30.4065750Z   OK JNJ        annvol=21.1% p_up=51.0%
2026-05-12T12:28:30.4190644Z   OK ABBV       annvol=33.7% p_up=48.0%
2026-05-12T12:28:30.4366864Z   OK MRK        annvol=29.9% p_up=54.0%
2026-05-12T12:28:30.4499032Z   OK TMO        annvol=43.8% p_up=55.0%
2026-05-12T12:28:30.4630556Z   OK ABT        annvol=29.4% p_up=52.0%
2026-05-12T12:28:30.4755389Z   OK DHR        annvol=31.5% p_up=48.0%
2026-05-12T12:28:30.4893536Z   OK PFE        annvol=27.2% p_up=42.0%
2026-05-12T12:28:30.5081929Z   OK AMGN       annvol=34.8% p_up=51.0%
2026-05-12T12:28:30.5280286Z   OK CVS        annvol=37.3% p_up=50.0%
2026-05-12T12:28:30.5407244Z   OK CI         annvol=33.1% p_up=51.0%
2026-05-12T12:28:30.5521359Z   OK HUM        annvol=43.9% p_up=54.0%
2026-05-12T12:28:30.5652875Z   OK BSX        annvol=45.4% p_up=54.0%
2026-05-12T12:28:30.5793364Z   OK MDT        annvol=26.6% p_up=51.0%
2026-05-12T12:28:30.5941213Z   OK SYK        annvol=36.9% p_up=42.0%
2026-05-12T12:28:30.6067257Z   OK ISRG       annvol=37.5% p_up=48.0%
2026-05-12T12:28:30.6212925Z   OK VRTX       annvol=34.2% p_up=44.0%
2026-05-12T12:28:30.6394185Z   OK REGN       annvol=36.8% p_up=51.0%
2026-05-12T12:28:30.6649303Z   OK BMY        annvol=30.8% p_up=52.0%
2026-05-12T12:28:30.6810607Z   OK GILD       annvol=28.9% p_up=57.0%
2026-05-12T12:28:30.6960340Z   OK SPY        annvol=15.5% p_up=43.0%
2026-05-12T12:28:30.7101541Z   OK QQQ        annvol=19.9% p_up=53.0%
2026-05-12T12:28:30.7225219Z   OK WMT        annvol=26.8% p_up=48.0%
2026-05-12T12:28:30.7382267Z   OK PG         annvol=24.1% p_up=50.0%
2026-05-12T12:28:30.7505787Z   OK KO         annvol=20.3% p_up=53.0%
2026-05-12T12:28:30.7651575Z   OK PEP        annvol=23.7% p_up=62.0%
2026-05-12T12:28:30.7797130Z   OK MCD        annvol=23.7% p_up=50.0%
2026-05-12T12:28:30.7944475Z   OK HD         annvol=27.5% p_up=55.0%
2026-05-12T12:28:30.8101320Z   OK NKE        annvol=38.9% p_up=53.0%
2026-05-12T12:28:30.8273276Z   OK COST       annvol=25.3% p_up=52.0%
2026-05-12T12:28:30.8410399Z   OK TGT        annvol=37.5% p_up=49.0%
2026-05-12T12:28:30.8566943Z   OK LOW        annvol=35.8% p_up=56.0%
2026-05-12T12:28:30.8704669Z   OK SBUX       annvol=43.5% p_up=48.0%
2026-05-12T12:28:30.8848524Z   OK CMG        annvol=38.9% p_up=55.0%
2026-05-12T12:28:30.8983557Z   OK MDLZ       annvol=28.4% p_up=47.0%
2026-05-12T12:28:30.9124330Z   OK CL         annvol=23.2% p_up=58.0%
2026-05-12T12:28:30.9257588Z   OK TJX        annvol=25.0% p_up=52.0%
2026-05-12T12:28:30.9393455Z   OK ROST       annvol=30.7% p_up=45.0%
2026-05-12T12:28:30.9520311Z   OK AMD        annvol=65.9% p_up=57.0%
2026-05-12T12:28:30.9647929Z   OK INTC       annvol=66.5% p_up=50.0%
2026-05-12T12:28:30.9792381Z   OK QCOM       annvol=68.6% p_up=53.0%
2026-05-12T12:28:30.9966019Z   OK AMAT       annvol=46.5% p_up=44.0%
2026-05-12T12:28:31.0103594Z   OK MU         annvol=64.8% p_up=49.0%
2026-05-12T12:28:31.0254073Z   OK TXN        annvol=52.5% p_up=50.0%
2026-05-12T12:28:31.0415304Z   OK LRCX       annvol=54.3% p_up=44.0%
2026-05-12T12:28:31.0560651Z   OK KLAC       annvol=52.7% p_up=53.0%
2026-05-12T12:28:31.0720704Z   OK ADI        annvol=37.1% p_up=52.0%
2026-05-12T12:28:31.0870100Z   OK MRVL       annvol=56.2% p_up=42.0%
2026-05-12T12:28:31.1015515Z   OK ASML       annvol=45.9% p_up=46.0%
2026-05-12T12:28:31.1158337Z   OK TSM        annvol=42.7% p_up=42.0%
2026-05-12T12:28:31.1294863Z   OK ON         annvol=66.1% p_up=52.0%
2026-05-12T12:28:31.1437676Z   OK MCHP       annvol=53.3% p_up=57.0%
2026-05-12T12:28:31.1721376Z   OK ENPH       annvol=70.8% p_up=58.0%
2026-05-12T12:28:31.1854917Z   OK FSLR       annvol=55.5% p_up=51.0%
2026-05-12T12:28:31.1996290Z   OK XOM        annvol=30.6% p_up=46.0%
2026-05-12T12:28:31.2131365Z   OK CVX        annvol=28.3% p_up=56.0%
2026-05-12T12:28:31.2271066Z   OK COP        annvol=41.4% p_up=53.0%
2026-05-12T12:28:31.2421681Z   OK SLB        annvol=37.3% p_up=52.0%
2026-05-12T12:28:31.2572377Z   OK EOG        annvol=30.3% p_up=55.0%
2026-05-12T12:28:31.2707165Z   OK HAL        annvol=37.4% p_up=48.0%
2026-05-12T12:28:31.2867879Z   OK OXY        annvol=44.2% p_up=53.0%
2026-05-12T12:28:31.3005878Z   OK PSX        annvol=38.9% p_up=54.0%
2026-05-12T12:28:31.3142630Z   OK BA         annvol=38.9% p_up=50.0%
2026-05-12T12:28:31.3292154Z   OK CAT        annvol=44.6% p_up=52.0%
2026-05-12T12:28:31.3441597Z   OK DE         annvol=35.7% p_up=47.0%
2026-05-12T12:28:31.3565832Z   OK HON        annvol=29.1% p_up=50.0%
2026-05-12T12:28:31.3713255Z   OK GE         annvol=45.9% p_up=52.0%
2026-05-12T12:28:31.3862781Z   OK RTX        annvol=31.2% p_up=50.0%
2026-05-12T12:28:31.4001559Z   OK LMT        annvol=31.5% p_up=55.0%
2026-05-12T12:28:31.4146272Z   OK NOC        annvol=31.7% p_up=42.0%
2026-05-12T12:28:31.4277416Z   OK UPS        annvol=40.8% p_up=37.0%
2026-05-12T12:28:31.4432306Z   OK FDX        annvol=60.3% p_up=43.0%
2026-05-12T12:28:31.4588101Z   OK AMT        annvol=28.7% p_up=47.0%
2026-05-12T12:28:31.4742136Z   OK PLD        annvol=29.6% p_up=41.0%
2026-05-12T12:28:31.4874892Z   OK EQIX       annvol=28.8% p_up=45.0%
2026-05-12T12:28:31.5014771Z   OK CCI        annvol=35.3% p_up=53.0%
2026-05-12T12:28:31.5147846Z   OK NEE        annvol=36.1% p_up=45.0%
2026-05-12T12:28:31.5297169Z   OK DUK        annvol=22.0% p_up=53.0%
2026-05-12T12:28:31.5429915Z   OK SO         annvol=21.8% p_up=52.0%
2026-05-12T12:28:31.5575656Z   OK AEP        annvol=24.0% p_up=47.0%
2026-05-12T12:28:31.5715377Z   OK IWM        annvol=23.8% p_up=61.0%
2026-05-12T12:28:31.5858778Z   OK DIA        annvol=19.2% p_up=55.0%
2026-05-12T12:28:31.6011812Z   OK XLF        annvol=20.1% p_up=40.0%
2026-05-12T12:28:31.6163243Z   OK XLK        annvol=24.6% p_up=51.0%
2026-05-12T12:28:31.6294362Z   OK XLE        annvol=25.0% p_up=48.0%
2026-05-12T12:28:31.6425190Z   OK XLV        annvol=19.4% p_up=57.0%
2026-05-12T12:28:31.6570914Z   OK XLI        annvol=25.5% p_up=54.0%
2026-05-12T12:28:31.6714701Z   OK GLD        annvol=25.5% p_up=45.0%
2026-05-12T12:28:31.6850640Z   OK TLT        annvol=19.5% p_up=47.0%
2026-05-12T12:28:31.7018439Z   OK BTC-USD    annvol=39.4% p_up=47.0%
2026-05-12T12:28:31.7183107Z   OK ETH-USD    annvol=53.3% p_up=56.0%
2026-05-12T12:28:31.7341849Z   OK SOL-USD    annvol=58.3% p_up=51.0%
2026-05-12T12:28:31.7508737Z   OK XRP-USD    annvol=60.4% p_up=52.0%
2026-05-12T12:28:31.7669140Z   OK DOGE-USD   annvol=56.2% p_up=50.0%
2026-05-12T12:28:31.7669716Z 
2026-05-12T12:28:31.7669860Z GARCH complete
2026-05-12T12:28:31.7670239Z Fetching options IV flags...
2026-05-12T12:28:34.5140191Z   AAPL       NORMAL     scale=1.00  Â±0.1% via iv_col_fallback
2026-05-12T12:28:36.7706441Z   MSFT       NORMAL     scale=1.00  Â±0.0% via iv_col_fallback
2026-05-12T12:28:38.7052106Z   NVDA       NORMAL     scale=1.00  Â±0.2% via iv_col_fallback
2026-05-12T12:28:40.8788740Z   GOOGL      NORMAL     scale=1.00  Â±0.0% via iv_col_fallback
2026-05-12T12:28:43.0842102Z   AMZN       NORMAL     scale=1.00  Â±0.2% via iv_col_fallback
2026-05-12T12:28:45.3841518Z   META       NORMAL     scale=1.00  Â±0.1% via iv_col_fallback
2026-05-12T12:28:47.4212182Z   TSLA       NORMAL     scale=1.00  Â±0.0% via iv_col_fallback
2026-05-12T12:28:52.3822570Z   AVGO       NORMAL     scale=1.00  Â±0.0% via iv_col_fallback
2026-05-12T12:28:54.5817957Z   ORCL       NORMAL     scale=1.00  Â±0.3% via iv_col_fallback
2026-05-12T12:28:56.6813270Z   ADBE       NORMAL     scale=1.00  Â±0.1% via iv_col_fallback
2026-05-12T12:28:58.5585768Z   CRM        NORMAL     scale=1.00  Â±0.1% via iv_col_fallback
2026-05-12T12:29:00.8505590Z   NOW        NORMAL     scale=1.00  Â±0.1% via iv_col_fallback
2026-05-12T12:29:02.6870064Z   SNOW       NORMAL     scale=1.00  Â±0.1% via iv_col_fallback
2026-05-12T12:29:04.6878155Z   PLTR       NORMAL     scale=1.00  Â±0.1% via iv_col_fallback
2026-05-12T12:29:06.7805604Z   NET        NORMAL     scale=1.00  Â±0.1% via iv_col_fallback
2026-05-12T12:29:08.8578244Z   DDOG       NORMAL     scale=1.00  Â±0.1% via iv_col_fallback
2026-05-12T12:29:10.9100853Z   ZS         NORMAL     scale=1.00  Â±0.1% via iv_col_fallback
2026-05-12T12:29:13.3042101Z   CRWD       NORMAL     scale=1.00  Â±0.1% via iv_col_fallback
2026-05-12T12:29:15.0190547Z   PANW       NORMAL     scale=1.00  Â±0.1% via iv_col_fallback
2026-05-12T12:29:17.2813439Z   SHOP       NORMAL     scale=1.00  Â±0.3% via iv_col_fallback
2026-05-12T12:29:19.1236314Z   WDAY       NORMAL     scale=1.00  Â±0.1% via iv_col_fallback
2026-05-12T12:29:21.1074528Z   TEAM       NORMAL     scale=1.00  Â±0.1% via iv_col_fallback
2026-05-12T12:29:23.4444925Z   PYPL       NORMAL     scale=1.00  Â±0.1% via iv_col_fallback
2026-05-12T12:29:25.2529618Z   COIN       NORMAL     scale=1.00  Â±0.3% via iv_col_fallback
2026-05-12T12:29:27.0706004Z   AFRM       NORMAL     scale=1.00  Â±0.1% via iv_col_fallback
2026-05-12T12:29:29.2396115Z   HOOD       NORMAL     scale=1.00  Â±0.3% via iv_col_fallback
2026-05-12T12:29:31.3419208Z   JPM        NORMAL     scale=1.00  Â±0.1% via iv_col_fallback
2026-05-12T12:29:33.4838699Z   V          NORMAL     scale=1.00  Â±0.2% via iv_col_fallback
2026-05-12T12:29:35.5122735Z   MA         NORMAL     scale=1.00  Â±0.1% via iv_col_fallback
2026-05-12T12:29:37.5611306Z   BAC        NORMAL     scale=1.00  Â±0.1% via iv_col_fallback
2026-05-12T12:29:40.0968501Z   GS         NORMAL     scale=1.00  Â±0.0% via iv_col_fallback
2026-05-12T12:29:42.3881164Z   MS         NORMAL     scale=1.00  Â±0.1% via iv_col_fallback
2026-05-12T12:29:44.4954183Z   BLK        NORMAL     scale=1.00  Â±0.0% via iv_col_fallback
2026-05-12T12:29:46.2516208Z   AXP        NORMAL     scale=1.00  Â±0.1% via iv_col_fallback
2026-05-12T12:29:48.1333723Z   WFC        NORMAL     scale=1.00  Â±0.3% via iv_col_fallback
2026-05-12T12:29:50.1438382Z   C          NORMAL     scale=1.00  Â±0.1% via iv_col_fallback
2026-05-12T12:29:52.3639654Z   SCHW       NORMAL     scale=1.00  Â±0.1% via iv_col_fallback
2026-05-12T12:29:54.6377984Z   PGR        NORMAL     scale=1.00  Â±0.2% via iv_col_fallback
2026-05-12T12:29:56.5642028Z   CB         NORMAL     scale=1.00  Â±0.2% via iv_col_fallback
2026-05-12T12:29:58.6043787Z   COF        NORMAL     scale=1.00  Â±0.5% via iv_col_fallback
2026-05-12T12:30:00.4568814Z   USB        NORMAL     scale=1.00  Â±0.1% via iv_col_fallback
2026-05-12T12:30:02.6240466Z   TFC        NORMAL     scale=1.00  Â±0.4% via iv_col_fallback
2026-05-12T12:30:05.1144828Z   PNC        NORMAL     scale=1.00  Â±0.2% via iv_col_fallback
2026-05-12T12:30:07.3877510Z   ICE        NORMAL     scale=1.00  Â±0.3% via iv_col_fallback
2026-05-12T12:30:09.7558350Z   UNH        NORMAL     scale=1.00  Â±0.1% via iv_col_fallback
2026-05-12T12:30:11.9194191Z   LLY        NORMAL     scale=1.00  Â±0.0% via iv_col_fallback
2026-05-12T12:30:14.5505484Z   JNJ        NORMAL     scale=1.00  Â±0.3% via iv_col_fallback
2026-05-12T12:30:16.3568700Z   ABBV       NORMAL     scale=1.00  Â±0.1% via iv_col_fallback
2026-05-12T12:30:18.5336274Z   MRK        NORMAL     scale=1.00  Â±0.1% via iv_col_fallback
2026-05-12T12:30:20.6174399Z   TMO        NORMAL     scale=1.00  Â±0.4% via iv_col_fallback
2026-05-12T12:30:22.5878442Z   ABT        NORMAL     scale=1.00  Â±0.3% via iv_col_fallback
2026-05-12T12:30:24.7402332Z   DHR        NORMAL     scale=1.00  Â±1.0% via iv_col_fallback
2026-05-12T12:30:27.0724607Z   PFE        NORMAL     scale=1.00  Â±0.5% via iv_col_fallback
2026-05-12T12:30:29.2583805Z   AMGN       NORMAL     scale=1.00  Â±0.1% via iv_col_fallback
2026-05-12T12:30:31.1472132Z   CVS        NORMAL     scale=1.00  Â±0.1% via iv_col_fallback
2026-05-12T12:30:33.0415731Z   CI         NORMAL     scale=1.00  Â±0.1% via iv_col_fallback
2026-05-12T12:30:35.0010045Z   HUM        NORMAL     scale=1.00  Â±0.1% via iv_col_fallback
2026-05-12T12:30:37.3463642Z   BSX        NORMAL     scale=1.00  Â±0.1% via iv_col_fallback
2026-05-12T12:30:39.5161933Z   MDT        NORMAL     scale=1.00  Â±0.7% via iv_col_fallback
2026-05-12T12:30:41.5411150Z   SYK        NORMAL     scale=1.00  Â±0.2% via iv_col_fallback
2026-05-12T12:30:43.4636899Z   ISRG       NORMAL     scale=1.00  Â±0.2% via iv_col_fallback
2026-05-12T12:30:45.5060822Z   VRTX       NORMAL     scale=1.00  Â±0.2% via iv_col_fallback
2026-05-12T12:30:48.1441463Z   REGN       NORMAL     scale=1.00  Â±0.1% via iv_col_fallback
2026-05-12T12:30:50.0537835Z   BMY        NORMAL     scale=1.00  Â±0.3% via iv_col_fallback
2026-05-12T12:30:52.6031036Z   GILD       NORMAL     scale=1.00  Â±0.2% via iv_col_fallback
2026-05-12T12:30:52.8967886Z HTTP Error 404: {"quoteSummary":{"result":null,"error":{"code":"Not Found","description":"No fundamentals data found for symbol: SPY"}}}
2026-05-12T12:30:53.5510541Z SPY: No earnings dates found, symbol may be delisted
2026-05-12T12:30:54.7262418Z   SPY        NORMAL     scale=1.00  Â±0.0% via iv_col_fallback
2026-05-12T12:30:54.9728317Z HTTP Error 404: {"quoteSummary":{"result":null,"error":{"code":"Not Found","description":"No fundamentals data found for symbol: QQQ"}}}
2026-05-12T12:30:55.6814537Z QQQ: No earnings dates found, symbol may be delisted
2026-05-12T12:30:56.8173527Z   QQQ        NORMAL     scale=1.00  Â±0.0% via iv_col_fallback
2026-05-12T12:30:59.2485987Z   WMT        NORMAL     scale=1.00  Â±0.2% via iv_col_fallback
2026-05-12T12:31:01.3309185Z   PG         NORMAL     scale=1.00  Â±0.1% via iv_col_fallback
2026-05-12T12:31:04.2297321Z   KO         NORMAL     scale=1.00  Â±0.3% via iv_col_fallback
2026-05-12T12:31:06.2966789Z   PEP        NORMAL     scale=1.00  Â±0.3% via iv_col_fallback
2026-05-12T12:31:08.3444051Z   MCD        NORMAL     scale=1.00  Â±0.1% via iv_col_fallback
2026-05-12T12:31:10.5762244Z   HD         NORMAL     scale=0.50  Earnings 7d away (2026-05-19) [conf=HIGH, sources= [EARNINGS]
2026-05-12T12:31:12.8594129Z   NKE        NORMAL     scale=1.00  Â±0.3% via iv_col_fallback
2026-05-12T12:31:15.8187528Z   COST       NORMAL     scale=1.00  Â±0.0% via iv_col_fallback
2026-05-12T12:31:17.7053607Z   TGT        NORMAL     scale=1.00  Â±0.1% via iv_col_fallback
2026-05-12T12:31:19.6335263Z   LOW        NORMAL     scale=1.00  Â±0.1% via iv_col_fallback
2026-05-12T12:31:21.6118957Z   SBUX       NORMAL     scale=1.00  Â±0.1% via iv_col_fallback
2026-05-12T12:31:23.8602777Z   CMG        NORMAL     scale=1.00  Â±0.3% via iv_col_fallback
2026-05-12T12:31:25.9535715Z   MDLZ       NORMAL     scale=1.00  Â±0.1% via iv_col_fallback
2026-05-12T12:31:27.9187181Z   CL         NORMAL     scale=1.00  Â±0.3% via iv_col_fallback
2026-05-12T12:31:29.7622548Z   TJX        NORMAL     scale=1.00  Â±0.7% via iv_col_fallback
2026-05-12T12:31:31.5667875Z   ROST       NORMAL     scale=1.00  Â±0.2% via iv_col_fallback
2026-05-12T12:31:33.7653708Z   AMD        NORMAL     scale=1.00  Â±0.1% via iv_col_fallback
2026-05-12T12:31:35.6570377Z   INTC       NORMAL     scale=1.00  Â±0.1% via iv_col_fallback
2026-05-12T12:31:37.8870611Z   QCOM       NORMAL     scale=1.00  Â±0.3% via iv_col_fallback
2026-05-12T12:31:39.7162252Z   AMAT       NORMAL     scale=0.50  Earnings 2d away (2026-05-14) [conf=HIGH, sources= [EARNINGS]
2026-05-12T12:31:42.2484082Z   MU         NORMAL     scale=1.00  Â±0.1% via iv_col_fallback
2026-05-12T12:31:44.4535847Z   TXN        NORMAL     scale=1.00  Â±0.1% via iv_col_fallback
2026-05-12T12:31:46.3920770Z   LRCX       NORMAL     scale=1.00  Â±0.1% via iv_col_fallback
2026-05-12T12:31:48.4598409Z   KLAC       NORMAL     scale=1.00  Â±0.1% via iv_col_fallback
2026-05-12T12:31:50.2916050Z   ADI        NORMAL     scale=1.00  Â±0.1% via iv_col_fallback
2026-05-12T12:31:52.1698639Z   MRVL       NORMAL     scale=1.00  Â±0.1% via iv_col_fallback
2026-05-12T12:31:54.5796335Z   ASML       NORMAL     scale=1.00  Â±0.0% via iv_col_fallback
2026-05-12T12:31:56.6127224Z   TSM        NORMAL     scale=1.00  Â±0.1% via iv_col_fallback
2026-05-12T12:31:58.5985694Z   ON         NORMAL     scale=1.00  Â±0.1% via iv_col_fallback
2026-05-12T12:32:00.4512578Z   MCHP       NORMAL     scale=1.00  Â±0.1% via iv_col_fallback
2026-05-12T12:32:02.7480946Z   ENPH       NORMAL     scale=1.00  Â±0.1% via iv_col_fallback
2026-05-12T12:32:04.5998028Z   FSLR       NORMAL     scale=1.00  Â±0.1% via iv_col_fallback
2026-05-12T12:32:06.8566891Z   XOM        NORMAL     scale=1.00  Â±0.0% via iv_col_fallback
2026-05-12T12:32:08.9266986Z   CVX        NORMAL     scale=1.00  Â±0.2% via iv_col_fallback
2026-05-12T12:32:11.0550757Z   COP        NORMAL     scale=1.00  Â±0.2% via iv_col_fallback
2026-05-12T12:32:13.2588765Z   SLB        NORMAL     scale=1.00  Â±0.2% via iv_col_fallback
2026-05-12T12:32:15.3171204Z   EOG        NORMAL     scale=1.00  Â±0.1% via iv_col_fallback
2026-05-12T12:32:17.1905130Z   HAL        NORMAL     scale=1.00  Â±0.3% via iv_col_fallback
2026-05-12T12:32:19.2942650Z   OXY        NORMAL     scale=1.00  Â±0.2% via iv_col_fallback
2026-05-12T12:32:21.0465323Z   PSX        NORMAL     scale=1.00  Â±0.2% via iv_col_fallback
2026-05-12T12:32:22.9943704Z   BA         NORMAL     scale=1.00  Â±0.1% via iv_col_fallback
2026-05-12T12:32:25.2404588Z   CAT        NORMAL     scale=1.00  Â±0.0% via iv_col_fallback
2026-05-12T12:32:27.4825106Z   DE         NORMAL     scale=1.00  Â±0.1% via iv_col_fallback
2026-05-12T12:32:29.8172579Z   HON        NORMAL     scale=1.00  Â±0.3% via iv_col_fallback
2026-05-12T12:32:31.8823055Z   GE         NORMAL     scale=1.00  Â±0.1% via iv_col_fallback
2026-05-12T12:32:33.9257075Z   RTX        NORMAL     scale=1.00  Â±0.1% via iv_col_fallback
2026-05-12T12:32:36.4490951Z   LMT        NORMAL     scale=1.00  Â±0.1% via iv_col_fallback
2026-05-12T12:32:38.4758409Z   NOC        NORMAL     scale=1.00  Â±0.1% via iv_col_fallback
2026-05-12T12:32:40.4514003Z   UPS        NORMAL     scale=1.00  Â±0.1% via iv_col_fallback
2026-05-12T12:32:42.6775569Z   FDX        NORMAL     scale=1.00  Â±0.1% via iv_col_fallback
2026-05-12T12:32:44.6583162Z   AMT        NORMAL     scale=1.00  Â±0.2% via iv_col_fallback
2026-05-12T12:32:46.8929664Z   PLD        NORMAL     scale=1.00  Â±0.5% via iv_col_fallback
2026-05-12T12:32:49.0434287Z   EQIX       NORMAL     scale=1.00  Â±0.1% via iv_col_fallback
2026-05-12T12:32:52.0161058Z   CCI        NORMAL     scale=1.00  Â±0.2% via iv_col_fallback
2026-05-12T12:32:54.1032621Z   NEE        NORMAL     scale=1.00  Â±0.1% via iv_col_fallback
2026-05-12T12:32:56.0550254Z   DUK        NORMAL     scale=1.00  Â±0.4% via iv_col_fallback
2026-05-12T12:32:58.2839309Z   SO         NORMAL     scale=1.00  Â±0.1% via iv_col_fallback
2026-05-12T12:33:00.2825320Z   AEP        NORMAL     scale=1.00  Â±0.4% via iv_col_fallback
2026-05-12T12:33:00.5116554Z HTTP Error 404: {"quoteSummary":{"result":null,"error":{"code":"Not Found","description":"No fundamentals data found for symbol: IWM"}}}
2026-05-12T12:33:01.1816028Z IWM: No earnings dates found, symbol may be delisted
2026-05-12T12:33:02.2417457Z   IWM        NORMAL     scale=1.00  Â±0.0% via iv_col_fallback
2026-05-12T12:33:02.5032488Z HTTP Error 404: {"quoteSummary":{"result":null,"error":{"code":"Not Found","description":"No fundamentals data found for symbol: DIA"}}}
2026-05-12T12:33:03.1414127Z DIA: No earnings dates found, symbol may be delisted
2026-05-12T12:33:04.3288833Z   DIA        NORMAL     scale=1.00  Â±0.0% via iv_col_fallback
2026-05-12T12:33:04.5852478Z HTTP Error 404: {"quoteSummary":{"result":null,"error":{"code":"Not Found","description":"No fundamentals data found for symbol: XLF"}}}
2026-05-12T12:33:05.3042377Z XLF: No earnings dates found, symbol may be delisted
2026-05-12T12:33:06.3009135Z   XLF        NORMAL     scale=1.00  Â±0.1% via iv_col_fallback
2026-05-12T12:33:06.6357532Z HTTP Error 404: {"quoteSummary":{"result":null,"error":{"code":"Not Found","description":"No fundamentals data found for symbol: XLK"}}}
2026-05-12T12:33:07.6454507Z XLK: No earnings dates found, symbol may be delisted
2026-05-12T12:33:09.3799170Z   XLK        NORMAL     scale=1.00  Â±0.0% via iv_col_fallback
2026-05-12T12:33:09.6639867Z HTTP Error 404: {"quoteSummary":{"result":null,"error":{"code":"Not Found","description":"No fundamentals data found for symbol: XLE"}}}
2026-05-12T12:33:10.4681222Z XLE: No earnings dates found, symbol may be delisted
2026-05-12T12:33:11.4505320Z   XLE        NORMAL     scale=1.00  Â±0.1% via iv_col_fallback
2026-05-12T12:33:11.7331134Z HTTP Error 404: {"quoteSummary":{"result":null,"error":{"code":"Not Found","description":"No fundamentals data found for symbol: XLV"}}}
2026-05-12T12:33:12.3708016Z XLV: No earnings dates found, symbol may be delisted
2026-05-12T12:33:13.5045521Z   XLV        NORMAL     scale=1.00  Â±0.1% via iv_col_fallback
2026-05-12T12:33:13.7735266Z HTTP Error 404: {"quoteSummary":{"result":null,"error":{"code":"Not Found","description":"No fundamentals data found for symbol: XLI"}}}
2026-05-12T12:33:14.5610729Z XLI: No earnings dates found, symbol may be delisted
2026-05-12T12:33:15.7164545Z   XLI        NORMAL     scale=1.00  Â±0.1% via iv_col_fallback
2026-05-12T12:33:16.0032739Z HTTP Error 404: {"quoteSummary":{"result":null,"error":{"code":"Not Found","description":"No fundamentals data found for symbol: GLD"}}}
2026-05-12T12:33:16.7454973Z GLD: No earnings dates found, symbol may be delisted
2026-05-12T12:33:17.7678011Z   GLD        NORMAL     scale=1.00  Â±0.1% via iv_col_fallback
2026-05-12T12:33:18.0696120Z HTTP Error 404: {"quoteSummary":{"result":null,"error":{"code":"Not Found","description":"No fundamentals data found for symbol: TLT"}}}
2026-05-12T12:33:19.1482532Z TLT: No earnings dates found, symbol may be delisted
2026-05-12T12:33:20.2198819Z   TLT        NORMAL     scale=1.00  Â±0.1% via iv_col_fallback
2026-05-12T12:33:20.4824549Z HTTP Error 404: {"quoteSummary":{"result":null,"error":{"code":"Not Found","description":"No fundamentals data found for symbol: BTC-USD"}}}
2026-05-12T12:33:21.1288921Z BTC-USD: No earnings dates found, symbol may be delisted
2026-05-12T12:33:21.9046415Z   BTC-USD    NORMAL     scale=1.00  no options chain
2026-05-12T12:33:22.1358769Z HTTP Error 404: {"quoteSummary":{"result":null,"error":{"code":"Not Found","description":"No fundamentals data found for symbol: ETH-USD"}}}
2026-05-12T12:33:22.8862072Z ETH-USD: No earnings dates found, symbol may be delisted
2026-05-12T12:33:23.7215313Z   ETH-USD    NORMAL     scale=1.00  no options chain
2026-05-12T12:33:24.0362961Z HTTP Error 404: {"quoteSummary":{"result":null,"error":{"code":"Not Found","description":"No fundamentals data found for symbol: SOL-USD"}}}
2026-05-12T12:33:24.7404775Z SOL-USD: No earnings dates found, symbol may be delisted
2026-05-12T12:33:25.6817546Z   SOL-USD    NORMAL     scale=1.00  no options chain
2026-05-12T12:33:25.9414578Z HTTP Error 404: {"quoteSummary":{"result":null,"error":{"code":"Not Found","description":"No fundamentals data found for symbol: XRP-USD"}}}
2026-05-12T12:33:26.5879320Z XRP-USD: No earnings dates found, symbol may be delisted
2026-05-12T12:33:28.1180935Z   XRP-USD    NORMAL     scale=1.00  no options chain
2026-05-12T12:33:28.3318645Z HTTP Error 404: {"quoteSummary":{"result":null,"error":{"code":"Not Found","description":"No fundamentals data found for symbol: DOGE-USD"}}}
2026-05-12T12:33:29.0434790Z DOGE-USD: No earnings dates found, symbol may be delisted
2026-05-12T12:33:29.8156349Z   DOGE-USD   NORMAL     scale=1.00  no options chain
2026-05-12T12:33:29.8156999Z 
2026-05-12T12:33:29.8157473Z IV flags ready for 139 tickers
2026-05-12T12:33:29.8157987Z 
2026-05-12T12:33:29.8158354Z --------------------------------------------------------
2026-05-12T12:33:29.8159029Z [CELL 10] FinBERT sentiment
2026-05-12T12:33:29.8159809Z --------------------------------------------------------
2026-05-12T12:33:29.8168417Z Loading FinBERT (once per session)...
2026-05-12T12:33:32.8773954Z Warning: You are sending unauthenticated requests to the HF Hub. Please set a HF_TOKEN to enable higher rate limits and faster downloads.
2026-05-12T12:33:32.9165483Z 
2026-05-12T12:33:32.9168713Z config.json:   0%|          | 0.00/758 [00:00<?, ?B/s]
2026-05-12T12:33:32.9170104Z config.json: 100%|##########| 758/758 [00:00<00:00, 2.72MB/s]
2026-05-12T12:33:33.1636183Z 
2026-05-12T12:33:34.4330718Z pytorch_model.bin:   0%|          | 0.00/438M [00:00<?, ?B/s]
2026-05-12T12:33:34.6786472Z pytorch_model.bin:  61%|######1   | 268M/438M [00:01<00:00, 212MB/s]
2026-05-12T12:33:34.9281911Z pytorch_model.bin:  77%|#######6  | 335M/438M [00:01<00:00, 225MB/s]
2026-05-12T12:33:35.4903167Z pytorch_model.bin: 100%|##########| 438M/438M [00:01<00:00, 269MB/s]
2026-05-12T12:33:35.4904680Z pytorch_model.bin: 100%|##########| 438M/438M [00:02<00:00, 188MB/s]
2026-05-12T12:33:35.8422678Z 
2026-05-12T12:33:35.8489890Z Loading weights:   0%|          | 0/201 [00:00<?, ?it/s]
2026-05-12T12:33:35.8490566Z Loading weights: 100%|##########| 201/201 [00:00<00:00, 34073.85it/s]
2026-05-12T12:33:35.9524949Z 
2026-05-12T12:33:35.9527311Z tokenizer_config.json:   0%|          | 0.00/252 [00:00<?, ?B/s]
2026-05-12T12:33:35.9528321Z tokenizer_config.json: 100%|##########| 252/252 [00:00<00:00, 1.17MB/s]
2026-05-12T12:33:36.0819017Z 
2026-05-12T12:33:36.1942780Z model.safetensors:   0%|          | 0.00/438M [00:00<?, ?B/s]
2026-05-12T12:33:36.1943769Z 
2026-05-12T12:33:36.2161144Z vocab.txt: 0.00B [00:00, ?B/s]^[[A
2026-05-12T12:33:36.2161920Z vocab.txt: 232kB [00:00, 10.6MB/s]
2026-05-12T12:33:36.4420321Z 
2026-05-12T12:33:36.4440003Z 
2026-05-12T12:33:36.4462864Z special_tokens_map.json:   0%|          | 0.00/112 [00:00<?, ?B/s]^[[A
2026-05-12T12:33:36.4463828Z special_tokens_map.json: 100%|##########| 112/112 [00:00<00:00, 167kB/s]
2026-05-12T12:33:36.5971839Z   ✓ FinBERT loaded
2026-05-12T12:33:36.5998970Z Computing sentiment (parallelized)...
2026-05-12T12:33:36.6046952Z   OK AAPL       +0.000 (no key)
2026-05-12T12:33:36.6077963Z   OK NVDA       +0.000 (no key)
2026-05-12T12:33:36.6082232Z   OK PYPL       +0.000 (no key)
2026-05-12T12:33:36.6100536Z   OK V          +0.000 (no key)
2026-05-12T12:33:36.6120108Z   OK NOW        +0.000 (no key)
2026-05-12T12:33:36.6130382Z   OK AVGO       +0.000 (no key)
2026-05-12T12:33:36.6140086Z   OK TEAM       +0.000 (no key)
2026-05-12T12:33:36.6154330Z   OK SNOW       +0.000 (no key)
2026-05-12T12:33:36.6154947Z   OK PLTR       +0.000 (no key)
2026-05-12T12:33:36.6155484Z   OK ORCL       +0.000 (no key)
2026-05-12T12:33:36.6156008Z   OK C          +0.000 (no key)
2026-05-12T12:33:36.6156545Z   OK HOOD       +0.000 (no key)
2026-05-12T12:33:36.6157064Z   OK MS         +0.000 (no key)
2026-05-12T12:33:36.6157641Z   OK AMZN       +0.000 (no key)
2026-05-12T12:33:36.6158143Z   OK ZS         +0.000 (no key)
2026-05-12T12:33:36.6158651Z   OK COIN       +0.000 (no key)
2026-05-12T12:33:36.6159190Z   OK SHOP       +0.000 (no key)
2026-05-12T12:33:36.6160022Z   OK ADBE       +0.000 (no key)
2026-05-12T12:33:36.6160540Z   OK PANW       +0.000 (no key)
2026-05-12T12:33:36.6161068Z   OK AFRM       +0.000 (no key)
2026-05-12T12:33:36.6161609Z   OK CRM        +0.000 (no key)
2026-05-12T12:33:36.6162137Z   OK GOOGL      +0.000 (no key)
2026-05-12T12:33:36.6162656Z   OK DDOG       +0.000 (no key)
2026-05-12T12:33:36.6163217Z   OK META       +0.000 (no key)
2026-05-12T12:33:36.6163732Z   OK BLK        +0.000 (no key)
2026-05-12T12:33:36.6164223Z   OK JPM        +0.000 (no key)
2026-05-12T12:33:36.6164741Z   OK MA         +0.000 (no key)
2026-05-12T12:33:36.6165245Z   OK CRWD       +0.000 (no key)
2026-05-12T12:33:36.6165778Z   OK NET        +0.000 (no key)
2026-05-12T12:33:36.6166305Z   OK BAC        +0.000 (no key)
2026-05-12T12:33:36.6166838Z   OK WDAY       +0.000 (no key)
2026-05-12T12:33:36.6167340Z   OK MSFT       +0.000 (no key)
2026-05-12T12:33:36.6167862Z   OK AXP        +0.000 (no key)
2026-05-12T12:33:36.6168415Z   OK TSLA       +0.000 (no key)
2026-05-12T12:33:36.6168943Z   OK GS         +0.000 (no key)
2026-05-12T12:33:36.6169585Z   OK WFC        +0.000 (no key)
2026-05-12T12:33:36.6170239Z   OK SCHW       +0.000 (no key)
2026-05-12T12:33:36.6170760Z   OK PGR        +0.000 (no key)
2026-05-12T12:33:36.6171270Z   OK CB         +0.000 (no key)
2026-05-12T12:33:36.6171780Z   OK COF        +0.000 (no key)
2026-05-12T12:33:36.6172284Z   OK USB        +0.000 (no key)
2026-05-12T12:33:36.6172816Z   OK TFC        +0.000 (no key)
2026-05-12T12:33:36.6173351Z   OK PNC        +0.000 (no key)
2026-05-12T12:33:36.6173870Z   OK ICE        +0.000 (no key)
2026-05-12T12:33:36.6174379Z   OK UNH        +0.000 (no key)
2026-05-12T12:33:36.6174889Z   OK LLY        +0.000 (no key)
2026-05-12T12:33:36.6175397Z   OK JNJ        +0.000 (no key)
2026-05-12T12:33:36.6176296Z   OK ABBV       +0.000 (no key)
2026-05-12T12:33:36.6176835Z   OK MRK        +0.000 (no key)
2026-05-12T12:33:36.6177362Z   OK TMO        +0.000 (no key)
2026-05-12T12:33:36.6177869Z   OK ABT        +0.000 (no key)
2026-05-12T12:33:36.6178389Z   OK DHR        +0.000 (no key)
2026-05-12T12:33:36.6178888Z   OK PFE        +0.000 (no key)
2026-05-12T12:33:36.6179548Z   OK AMGN       +0.000 (no key)
2026-05-12T12:33:36.6180221Z   OK CVS        +0.000 (no key)
2026-05-12T12:33:36.6180736Z   OK CI         +0.000 (no key)
2026-05-12T12:33:36.6181242Z   OK HUM        +0.000 (no key)
2026-05-12T12:33:36.6181750Z   OK BSX        +0.000 (no key)
2026-05-12T12:33:36.6182260Z   OK MDT        +0.000 (no key)
2026-05-12T12:33:36.6182795Z   OK SYK        +0.000 (no key)
2026-05-12T12:33:36.6183307Z   OK ISRG       +0.000 (no key)
2026-05-12T12:33:36.6183827Z   OK VRTX       +0.000 (no key)
2026-05-12T12:33:36.6184372Z   OK REGN       +0.000 (no key)
2026-05-12T12:33:36.6184917Z   OK BMY        +0.000 (no key)
2026-05-12T12:33:36.6185514Z   OK GILD       +0.000 (no key)
2026-05-12T12:33:36.6186048Z   OK SPY        +0.000 (no key)
2026-05-12T12:33:36.6186695Z   OK QQQ        +0.000 (no key)
2026-05-12T12:33:36.6187181Z   OK WMT        +0.000 (no key)
2026-05-12T12:33:36.6187668Z   OK PG         +0.000 (no key)
2026-05-12T12:33:36.6188139Z   OK KO         +0.000 (no key)
2026-05-12T12:33:36.6188867Z   OK PEP        +0.000 (no key)
2026-05-12T12:33:36.6189572Z   OK MCD        +0.000 (no key)
2026-05-12T12:33:36.6190108Z   OK HD         +0.000 (no key)
2026-05-12T12:33:36.6190610Z   OK NKE        +0.000 (no key)
2026-05-12T12:33:36.6191098Z   OK COST       +0.000 (no key)
2026-05-12T12:33:36.6191590Z   OK TGT        +0.000 (no key)
2026-05-12T12:33:36.6192083Z   OK LOW        +0.000 (no key)
2026-05-12T12:33:36.6192575Z   OK SBUX       +0.000 (no key)
2026-05-12T12:33:36.6193071Z   OK CMG        +0.000 (no key)
2026-05-12T12:33:36.6193545Z   OK MDLZ       +0.000 (no key)
2026-05-12T12:33:36.6194042Z   OK CL         +0.000 (no key)
2026-05-12T12:33:36.6194551Z   OK TJX        +0.000 (no key)
2026-05-12T12:33:36.6195069Z   OK ROST       +0.000 (no key)
2026-05-12T12:33:36.6195553Z   OK AMD        +0.000 (no key)
2026-05-12T12:33:36.6196033Z   OK INTC       +0.000 (no key)
2026-05-12T12:33:36.6196511Z   OK QCOM       +0.000 (no key)
2026-05-12T12:33:36.6196987Z   OK AMAT       +0.000 (no key)
2026-05-12T12:33:36.6197478Z   OK MU         +0.000 (no key)
2026-05-12T12:33:36.6197957Z   OK TXN        +0.000 (no key)
2026-05-12T12:33:36.6198463Z   OK LRCX       +0.000 (no key)
2026-05-12T12:33:36.6198965Z   OK KLAC       +0.000 (no key)
2026-05-12T12:33:36.6199583Z   OK ADI        +0.000 (no key)
2026-05-12T12:33:36.6200076Z   OK MRVL       +0.000 (no key)
2026-05-12T12:33:36.6200574Z   OK ASML       +0.000 (no key)
2026-05-12T12:33:36.6201062Z   OK TSM        +0.000 (no key)
2026-05-12T12:33:36.6201566Z   OK ON         +0.000 (no key)
2026-05-12T12:33:36.6202070Z   OK MCHP       +0.000 (no key)
2026-05-12T12:33:36.6202587Z   OK ENPH       +0.000 (no key)
2026-05-12T12:33:36.6203084Z   OK FSLR       +0.000 (no key)
2026-05-12T12:33:36.6203557Z   OK XOM        +0.000 (no key)
2026-05-12T12:33:36.6204065Z   OK CVX        +0.000 (no key)
2026-05-12T12:33:36.6204553Z   OK COP        +0.000 (no key)
2026-05-12T12:33:36.6205039Z   OK SLB        +0.000 (no key)
2026-05-12T12:33:36.6205525Z   OK EOG        +0.000 (no key)
2026-05-12T12:33:36.6206047Z   OK HAL        +0.000 (no key)
2026-05-12T12:33:36.6206561Z   OK OXY        +0.000 (no key)
2026-05-12T12:33:36.6207058Z   OK PSX        +0.000 (no key)
2026-05-12T12:33:36.6207571Z   OK BA         +0.000 (no key)
2026-05-12T12:33:36.6208040Z   OK CAT        +0.000 (no key)
2026-05-12T12:33:36.6208522Z   OK DE         +0.000 (no key)
2026-05-12T12:33:36.6209044Z   OK HON        +0.000 (no key)
2026-05-12T12:33:36.6209670Z   OK GE         +0.000 (no key)
2026-05-12T12:33:36.6210155Z   OK RTX        +0.000 (no key)
2026-05-12T12:33:36.6210645Z   OK LMT        +0.000 (no key)
2026-05-12T12:33:36.6211401Z   OK NOC        +0.000 (no key)
2026-05-12T12:33:36.6211882Z   OK UPS        +0.000 (no key)
2026-05-12T12:33:36.6212377Z   OK FDX        +0.000 (no key)
2026-05-12T12:33:36.6212867Z   OK AMT        +0.000 (no key)
2026-05-12T12:33:36.6213364Z   OK PLD        +0.000 (no key)
2026-05-12T12:33:36.6213856Z   OK EQIX       +0.000 (no key)
2026-05-12T12:33:36.6214361Z   OK CCI        +0.000 (no key)
2026-05-12T12:33:36.6214845Z   OK NEE        +0.000 (no key)
2026-05-12T12:33:36.6215343Z   OK DUK        +0.000 (no key)
2026-05-12T12:33:36.6215832Z   OK SO         +0.000 (no key)
2026-05-12T12:33:36.6216322Z   OK AEP        +0.000 (no key)
2026-05-12T12:33:36.6216885Z   OK IWM        +0.000 (no key)
2026-05-12T12:33:36.6217394Z   OK DIA        +0.000 (no key)
2026-05-12T12:33:36.6217896Z   OK XLF        +0.000 (no key)
2026-05-12T12:33:36.6218371Z   OK XLK        +0.000 (no key)
2026-05-12T12:33:36.6218932Z   OK XLE        +0.000 (no key)
2026-05-12T12:33:36.6219543Z   OK XLV        +0.000 (no key)
2026-05-12T12:33:36.6220052Z   OK XLI        +0.000 (no key)
2026-05-12T12:33:36.6220496Z   OK GLD        +0.000 (no key)
2026-05-12T12:33:36.6220937Z   OK TLT        +0.000 (no key)
2026-05-12T12:33:36.6221425Z   OK BTC-USD    +0.000 (no key)
2026-05-12T12:33:36.6221923Z   OK ETH-USD    +0.000 (no key)
2026-05-12T12:33:36.6222393Z   OK SOL-USD    +0.000 (no key)
2026-05-12T12:33:36.6223093Z   OK XRP-USD    +0.000 (no key)
2026-05-12T12:33:36.6223614Z   OK DOGE-USD   +0.000 (no key)
2026-05-12T12:33:36.6223991Z 
2026-05-12T12:33:36.6224268Z Sentiment complete
2026-05-12T12:33:36.6224628Z 
2026-05-12T12:33:36.6224967Z --------------------------------------------------------
2026-05-12T12:33:36.6225617Z [CELL 11] Signal generator
2026-05-12T12:33:36.6226161Z --------------------------------------------------------
2026-05-12T12:33:36.6226767Z Generating signals...
2026-05-12T12:33:36.8220683Z   HOLD AAPL       conf=0.594
2026-05-12T12:33:37.0928569Z 
2026-05-12T12:33:37.2104468Z   HOLD MSFT       conf=0.584
2026-05-12T12:33:37.3396699Z model.safetensors:  62%|######1   | 270M/438M [00:01<00:00, 268MB/s]
2026-05-12T12:33:37.4830890Z   HOLD NVDA       conf=0.590
2026-05-12T12:33:37.6635889Z   BUY  GOOGL      conf=0.748
2026-05-12T12:33:37.9583498Z   HOLD AMZN       conf=0.576
2026-05-12T12:33:38.0952467Z model.safetensors:  95%|#########4| 414M/438M [00:01<00:00, 349MB/s]
2026-05-12T12:33:38.0953507Z model.safetensors: 100%|##########| 438M/438M [00:02<00:00, 218MB/s]
2026-05-12T12:33:38.2424549Z   HOLD META       conf=0.374
2026-05-12T12:33:38.4870473Z   HOLD TSLA       conf=0.544
2026-05-12T12:33:38.7398638Z   BUY  AVGO       conf=0.652
2026-05-12T12:33:39.0065884Z   HOLD ORCL       conf=0.605
2026-05-12T12:33:39.1160537Z   HOLD ADBE       conf=0.482
2026-05-12T12:33:39.2010588Z   HOLD CRM        conf=0.419
2026-05-12T12:33:39.3030563Z   HOLD NOW        conf=0.601
2026-05-12T12:33:39.4000582Z   HOLD SNOW       conf=0.578
2026-05-12T12:33:39.4650435Z   HOLD PLTR       conf=0.415
2026-05-12T12:33:39.5479849Z   HOLD NET        conf=0.517
2026-05-12T12:33:39.7929359Z   BUY  DDOG       conf=0.680
2026-05-12T12:33:40.1370540Z   HOLD ZS         conf=0.594
2026-05-12T12:33:40.3604425Z   BUY  CRWD       conf=0.661
2026-05-12T12:33:40.7948743Z   BUY  PANW       conf=0.741
2026-05-12T12:33:41.2179212Z   HOLD SHOP       conf=0.433
2026-05-12T12:33:41.3228657Z   HOLD WDAY       conf=0.522
2026-05-12T12:33:41.4094967Z   HOLD TEAM       conf=0.598
2026-05-12T12:33:41.4999709Z   HOLD PYPL       conf=0.487
2026-05-12T12:33:41.5819707Z   HOLD COIN       conf=0.545
2026-05-12T12:33:41.6588360Z   HOLD AFRM       conf=0.577
2026-05-12T12:33:41.7575425Z   HOLD HOOD       conf=0.606
2026-05-12T12:33:42.0622658Z   HOLD JPM        conf=0.396
2026-05-12T12:33:42.4040560Z   HOLD V          conf=0.464
2026-05-12T12:33:42.4701868Z   HOLD MA         conf=0.410
2026-05-12T12:33:42.7997104Z   HOLD BAC        conf=0.400
2026-05-12T12:33:43.0507087Z   HOLD GS         conf=0.549
2026-05-12T12:33:43.3153418Z   HOLD MS         conf=0.650
2026-05-12T12:33:43.7720637Z   HOLD BLK        conf=0.575
2026-05-12T12:33:44.0020574Z   HOLD AXP        conf=0.447
2026-05-12T12:33:44.0648539Z   HOLD WFC        conf=0.447
2026-05-12T12:33:44.1282838Z   HOLD C          conf=0.473
2026-05-12T12:33:44.2067153Z   HOLD SCHW       conf=0.405
2026-05-12T12:33:44.3000593Z   HOLD PGR        conf=0.493
2026-05-12T12:33:44.3647436Z   HOLD CB         conf=0.417
2026-05-12T12:33:44.4470615Z   HOLD COF        conf=0.476
2026-05-12T12:33:44.5245415Z   HOLD USB        conf=0.402
2026-05-12T12:33:44.6026976Z   HOLD TFC        conf=0.448
2026-05-12T12:33:44.6650588Z   HOLD PNC        conf=0.471
2026-05-12T12:33:44.7408276Z   HOLD ICE        conf=0.412
2026-05-12T12:33:45.0257009Z   BUY  UNH        conf=0.686
2026-05-12T12:33:45.4562788Z   HOLD LLY        conf=0.465
2026-05-12T12:33:45.7602480Z   HOLD JNJ        conf=0.362
2026-05-12T12:33:46.0017818Z   HOLD ABBV       conf=0.431
2026-05-12T12:33:46.0806550Z   HOLD MRK        conf=0.445
2026-05-12T12:33:46.3307295Z   HOLD TMO        conf=0.383
2026-05-12T12:33:46.8795331Z   HOLD ABT        conf=0.353
2026-05-12T12:33:47.1822206Z   HOLD DHR        conf=0.429
2026-05-12T12:33:47.2823881Z   HOLD PFE        conf=0.514
2026-05-12T12:33:47.3690568Z   HOLD AMGN       conf=0.505
2026-05-12T12:33:47.4600537Z   HOLD CVS        conf=0.594
2026-05-12T12:33:47.5530561Z   HOLD CI         conf=0.547
2026-05-12T12:33:47.8904023Z   HOLD HUM        conf=0.639
2026-05-12T12:33:48.6144177Z   HOLD BSX        conf=0.361
2026-05-12T12:33:48.9019561Z   HOLD MDT        conf=0.398
2026-05-12T12:33:49.1652906Z   HOLD SYK        conf=0.354
2026-05-12T12:33:49.4340531Z   HOLD ISRG       conf=0.438
2026-05-12T12:33:49.4948769Z   HOLD VRTX       conf=0.582
2026-05-12T12:33:49.5588447Z   HOLD REGN       conf=0.501
2026-05-12T12:33:49.6308913Z   HOLD BMY        conf=0.434
2026-05-12T12:33:49.7051402Z   HOLD GILD       conf=0.559
2026-05-12T12:33:49.9065313Z HTTP Error 404: {"quoteSummary":{"result":null,"error":{"code":"Not Found","description":"No fundamentals data found for symbol: SPY"}}}
2026-05-12T12:33:50.0692845Z   BUY  SPY        conf=0.666
2026-05-12T12:33:50.3580149Z HTTP Error 404: {"quoteSummary":{"result":null,"error":{"code":"Not Found","description":"No fundamentals data found for symbol: QQQ"}}}
2026-05-12T12:33:50.3700224Z   HOLD QQQ        conf=0.615
2026-05-12T12:33:50.6544811Z   HOLD WMT        conf=0.384
2026-05-12T12:33:50.8921878Z   HOLD PG         conf=0.423
2026-05-12T12:33:50.9631071Z   HOLD KO         conf=0.617
2026-05-12T12:33:51.0480544Z   HOLD PEP        conf=0.486
2026-05-12T12:33:51.1165272Z   HOLD MCD        conf=0.416
2026-05-12T12:33:51.1174898Z   HOLD HD         conf=0.000
2026-05-12T12:33:51.2220526Z   HOLD NKE        conf=0.440
2026-05-12T12:33:51.3020921Z   HOLD COST       conf=0.452
2026-05-12T12:33:51.3726877Z   HOLD TGT        conf=0.440
2026-05-12T12:33:51.4720593Z   HOLD LOW        conf=0.459
2026-05-12T12:33:51.5410620Z   HOLD SBUX       conf=0.527
2026-05-12T12:33:51.6068256Z   HOLD CMG        conf=0.437
2026-05-12T12:33:51.6748457Z   HOLD MDLZ       conf=0.608
2026-05-12T12:33:51.9513606Z   HOLD CL         conf=0.610
2026-05-12T12:33:52.4586585Z   HOLD TJX        conf=0.413
2026-05-12T12:33:52.7267032Z   HOLD ROST       conf=0.500
2026-05-12T12:33:52.9689085Z   BUY  AMD        conf=0.711
2026-05-12T12:33:53.4904576Z   BUY  INTC       conf=0.705
2026-05-12T12:33:54.0043101Z   BUY  QCOM       conf=0.701
2026-05-12T12:33:54.0043876Z   HOLD AMAT       conf=0.000
2026-05-12T12:33:54.4829207Z   BUY  MU         conf=0.682
2026-05-12T12:33:54.8680744Z   BUY  TXN        conf=0.723
2026-05-12T12:33:55.3156799Z   HOLD LRCX       conf=0.558
2026-05-12T12:33:55.4170390Z   HOLD KLAC       conf=0.612
2026-05-12T12:33:55.6786899Z   BUY  ADI        conf=0.668
2026-05-12T12:33:56.1764798Z   BUY  MRVL       conf=0.666
2026-05-12T12:33:56.5038034Z   HOLD ASML       conf=0.612
2026-05-12T12:33:56.7325227Z   BUY  TSM        conf=0.667
2026-05-12T12:33:57.1380831Z   BUY  ON         conf=0.761
2026-05-12T12:33:57.7229246Z   BUY  MCHP       conf=0.709
2026-05-12T12:33:57.9578663Z   HOLD ENPH       conf=0.593
2026-05-12T12:33:58.1907125Z   HOLD FSLR       conf=0.585
2026-05-12T12:33:58.4920555Z   HOLD XOM        conf=0.415
2026-05-12T12:33:58.5667856Z   HOLD CVX        conf=0.407
2026-05-12T12:33:58.6354961Z   HOLD COP        conf=0.497
2026-05-12T12:33:58.7041390Z   HOLD SLB        conf=0.457
2026-05-12T12:33:58.7799090Z   HOLD EOG        conf=0.480
2026-05-12T12:33:58.9846279Z   HOLD HAL        conf=0.437
2026-05-12T12:33:59.0506925Z   HOLD OXY        conf=0.470
2026-05-12T12:33:59.1155744Z   HOLD PSX        conf=0.514
2026-05-12T12:33:59.1830679Z   HOLD BA         conf=0.515
2026-05-12T12:33:59.4566910Z   BUY  CAT        conf=0.688
2026-05-12T12:33:59.7048167Z   HOLD DE         conf=0.591
2026-05-12T12:33:59.7820632Z   HOLD HON        conf=0.583
2026-05-12T12:33:59.8470596Z   HOLD GE         conf=0.631
2026-05-12T12:33:59.9280629Z   HOLD RTX        conf=0.494
2026-05-12T12:34:00.3789828Z   HOLD LMT        conf=0.373
2026-05-12T12:34:00.9521317Z   HOLD NOC        conf=0.362
2026-05-12T12:34:01.3054059Z   HOLD UPS        conf=0.486
2026-05-12T12:34:01.3930569Z   HOLD FDX        conf=0.443
2026-05-12T12:34:01.4951346Z   HOLD AMT        conf=0.476
2026-05-12T12:34:01.5870632Z   HOLD PLD        conf=0.479
2026-05-12T12:34:01.6890195Z   HOLD EQIX       conf=0.506
2026-05-12T12:34:01.9838706Z   HOLD CCI        conf=0.619
2026-05-12T12:34:02.2880257Z   HOLD NEE        conf=0.465
2026-05-12T12:34:02.3689196Z   HOLD DUK        conf=0.416
2026-05-12T12:34:02.4520825Z   HOLD SO         conf=0.414
2026-05-12T12:34:02.5708993Z   HOLD AEP        conf=0.487
2026-05-12T12:34:02.7787232Z HTTP Error 404: {"quoteSummary":{"result":null,"error":{"code":"Not Found","description":"No fundamentals data found for symbol: IWM"}}}
2026-05-12T12:34:02.7910509Z   HOLD IWM        conf=0.618
2026-05-12T12:34:03.0485487Z HTTP Error 404: {"quoteSummary":{"result":null,"error":{"code":"Not Found","description":"No fundamentals data found for symbol: DIA"}}}
2026-05-12T12:34:03.0610632Z   HOLD DIA        conf=0.587
2026-05-12T12:34:03.2800379Z HTTP Error 404: {"quoteSummary":{"result":null,"error":{"code":"Not Found","description":"No fundamentals data found for symbol: XLF"}}}
2026-05-12T12:34:03.2930589Z   HOLD XLF        conf=0.391
2026-05-12T12:34:03.5006790Z HTTP Error 404: {"quoteSummary":{"result":null,"error":{"code":"Not Found","description":"No fundamentals data found for symbol: XLK"}}}
2026-05-12T12:34:03.5130546Z   HOLD XLK        conf=0.619
2026-05-12T12:34:03.7257697Z HTTP Error 404: {"quoteSummary":{"result":null,"error":{"code":"Not Found","description":"No fundamentals data found for symbol: XLE"}}}
2026-05-12T12:34:03.7370481Z   HOLD XLE        conf=0.495
2026-05-12T12:34:04.3863813Z HTTP Error 404: {"quoteSummary":{"result":null,"error":{"code":"Not Found","description":"No fundamentals data found for symbol: XLV"}}}
2026-05-12T12:34:04.3980541Z   HOLD XLV        conf=0.422
2026-05-12T12:34:04.6624056Z HTTP Error 404: {"quoteSummary":{"result":null,"error":{"code":"Not Found","description":"No fundamentals data found for symbol: XLI"}}}
2026-05-12T12:34:04.6740543Z   HOLD XLI        conf=0.546
2026-05-12T12:34:04.9130943Z HTTP Error 404: {"quoteSummary":{"result":null,"error":{"code":"Not Found","description":"No fundamentals data found for symbol: GLD"}}}
2026-05-12T12:34:04.9260518Z   HOLD GLD        conf=0.551
2026-05-12T12:34:05.1344417Z HTTP Error 404: {"quoteSummary":{"result":null,"error":{"code":"Not Found","description":"No fundamentals data found for symbol: TLT"}}}
2026-05-12T12:34:05.1460347Z   HOLD TLT        conf=0.450
2026-05-12T12:34:05.3851323Z HTTP Error 404: {"quoteSummary":{"result":null,"error":{"code":"Not Found","description":"No fundamentals data found for symbol: BTC-USD"}}}
2026-05-12T12:34:05.5266979Z   HOLD BTC-USD    conf=0.585
2026-05-12T12:34:05.7404196Z HTTP Error 404: {"quoteSummary":{"result":null,"error":{"code":"Not Found","description":"No fundamentals data found for symbol: ETH-USD"}}}
2026-05-12T12:34:05.7527312Z   HOLD ETH-USD    conf=0.579
2026-05-12T12:34:06.0120165Z HTTP Error 404: {"quoteSummary":{"result":null,"error":{"code":"Not Found","description":"No fundamentals data found for symbol: SOL-USD"}}}
2026-05-12T12:34:06.0240434Z   HOLD SOL-USD    conf=0.615
2026-05-12T12:34:06.2310512Z HTTP Error 404: {"quoteSummary":{"result":null,"error":{"code":"Not Found","description":"No fundamentals data found for symbol: XRP-USD"}}}
2026-05-12T12:34:06.2438767Z   HOLD XRP-USD    conf=0.608
2026-05-12T12:34:06.4856140Z HTTP Error 404: {"quoteSummary":{"result":null,"error":{"code":"Not Found","description":"No fundamentals data found for symbol: DOGE-USD"}}}
2026-05-12T12:34:06.4980424Z   HOLD DOGE-USD   conf=0.571
2026-05-12T12:34:06.4990142Z 
2026-05-12T12:34:06.4996874Z 139 signals generated
2026-05-12T12:34:06.4997341Z 
2026-05-12T12:34:06.4997750Z --------------------------------------------------------
2026-05-12T12:34:06.4998508Z [CELL 12] CVaR optimization
2026-05-12T12:34:06.4999160Z --------------------------------------------------------
2026-05-12T12:34:06.5170627Z CVaR weights:
2026-05-12T12:34:06.5171260Z   MRVL       25.0%
2026-05-12T12:34:06.5171776Z   INTC       23.2%
2026-05-12T12:34:06.5172277Z   SPY        14.0%
2026-05-12T12:34:06.5172768Z   ON         13.8%
2026-05-12T12:34:06.5173237Z   MU         13.1%
2026-05-12T12:34:06.5173680Z   AMD        6.4%
2026-05-12T12:34:06.5174132Z   GOOGL      4.5%
2026-05-12T12:34:06.5174935Z   ADI        0.0%
2026-05-12T12:34:06.5175412Z   TXN        0.0%
2026-05-12T12:34:06.5175854Z   QCOM       0.0%
2026-05-12T12:34:06.5176304Z   AVGO       0.0%
2026-05-12T12:34:06.5176749Z   TSM        0.0%
2026-05-12T12:34:06.5177182Z   MCHP       0.0%
2026-05-12T12:34:06.5177633Z   CAT        0.0%
2026-05-12T12:34:06.5178114Z   DDOG       0.0%
2026-05-12T12:34:06.5178568Z   PANW       0.0%
2026-05-12T12:34:06.5179018Z   UNH        0.0%
2026-05-12T12:34:06.5179651Z   CRWD       0.0%
2026-05-12T12:34:06.5179962Z 
2026-05-12T12:34:06.5180283Z Optimisation complete
2026-05-12T12:34:06.5180682Z 
2026-05-12T12:34:06.5181075Z --------------------------------------------------------
2026-05-12T12:34:06.5181725Z [CELL 13] Paper trading
2026-05-12T12:34:06.5182281Z --------------------------------------------------------
2026-05-12T12:34:06.5237701Z 
2026-05-12T12:34:06.5238282Z =======================================================
2026-05-12T12:34:06.5239307Z  PAPER TRADE ENGINE â€” v24.1
2026-05-12T12:34:06.5240310Z =======================================================
2026-05-12T12:34:06.5240974Z  Run date: 2026-05-12 | Capital: $10,000
2026-05-12T12:34:06.5241527Z  Drive: session-only
2026-05-12T12:34:06.5270677Z  Current equity: $10,000.00
2026-05-12T12:34:06.5271450Z   Checking stops and position expiry...
2026-05-12T12:34:06.5467882Z     Dynamic leverage: 85% (VIX=18.8)
2026-05-12T12:34:07.0599745Z   BUY GOOGL x1 @ $383.25
2026-05-12T12:34:07.5311392Z     Dynamic leverage: 85% (VIX=18.8)
2026-05-12T12:34:07.8633396Z     Dynamic leverage: 85% (VIX=18.8)
2026-05-12T12:34:08.0863411Z     Dynamic leverage: 85% (VIX=18.8)
2026-05-12T12:34:08.3244707Z     Dynamic leverage: 85% (VIX=18.8)
2026-05-12T12:34:08.6967652Z     Dynamic leverage: 85% (VIX=18.8)
2026-05-12T12:34:09.0635165Z     Dynamic leverage: 85% (VIX=18.8)
2026-05-12T12:34:09.3417976Z   BUY SPY x2 @ $718.01
2026-05-12T12:34:09.7554490Z     Dynamic leverage: 85% (VIX=18.8)
2026-05-12T12:34:10.3244406Z   BUY AMD x2 @ $341.54
2026-05-12T12:34:10.6238543Z     Dynamic leverage: 85% (VIX=18.8)
2026-05-12T12:34:11.3115143Z   BUY INTC x28 @ $95.78
2026-05-12T12:34:11.7684652Z     Dynamic leverage: 85% (VIX=18.8)
2026-05-12T12:34:12.4173026Z     Dynamic leverage: 85% (VIX=18.8)
2026-05-12T12:34:12.8218136Z     ⏭ MU: sector Other would reach 51% > 40% limit
2026-05-12T12:34:13.1852217Z     Dynamic leverage: 85% (VIX=18.8)
2026-05-12T12:34:13.8441279Z     Dynamic leverage: 85% (VIX=18.8)
2026-05-12T12:34:14.4459291Z     Dynamic leverage: 85% (VIX=18.8)
2026-05-12T12:34:14.8000584Z     ⏭ MRVL: sector Other would reach 63% > 40% limit
2026-05-12T12:34:15.1411322Z     Dynamic leverage: 85% (VIX=18.8)
2026-05-12T12:34:15.3633315Z     Dynamic leverage: 85% (VIX=18.8)
2026-05-12T12:34:15.7698648Z     ⏭ ON: sector Other would reach 71% > 40% limit
2026-05-12T12:34:16.1640761Z     Dynamic leverage: 85% (VIX=18.8)
2026-05-12T12:34:16.7576123Z     Dynamic leverage: 85% (VIX=18.8)
2026-05-12T12:34:16.8961858Z 
2026-05-12T12:34:16.8962820Z   4 trades executed | 139 predictions logged
2026-05-12T12:34:16.8963760Z 
2026-05-12T12:34:16.8964211Z -------------------------------------------------------
2026-05-12T12:34:16.8964954Z  60-DAY P&L SUMMARY
2026-05-12T12:34:16.8965553Z -------------------------------------------------------
2026-05-12T12:34:17.2722207Z   Realised P&L:    $     +0.00
2026-05-12T12:34:17.2722967Z   Unrealised P&L:  $ +1,224.95
2026-05-12T12:34:17.2723661Z   Total P&L:       $ +1,224.95  (+12.2%)
2026-05-12T12:34:17.2724264Z   Max drawdown:    0.0%
2026-05-12T12:34:17.3585319Z 
2026-05-12T12:34:17.3590590Z   Open positions (4):
2026-05-12T12:34:17.3591609Z     GOOGL      1 sh @ $383.25 â†’ $388.64 â–² $+5.39 (+1.4%)
2026-05-12T12:34:17.3592415Z     SPY        2 sh @ $718.01 â†’ $739.30 â–² $+42.58 (+3.0%)
2026-05-12T12:34:17.3593177Z     AMD        2 sh @ $341.54 â†’ $458.79 â–² $+234.50 (+34.3%)
2026-05-12T12:34:17.3593965Z     INTC       28 sh @ $95.78 â†’ $129.44 â–² $+942.48 (+35.1%)
2026-05-12T12:34:17.3594603Z =======================================================
2026-05-12T12:34:17.3595462Z 
2026-05-12T12:34:17.3595807Z --------------------------------------------------------
2026-05-12T12:34:17.3596440Z [CELL 14] Outcome scoring
2026-05-12T12:34:17.3596997Z --------------------------------------------------------
2026-05-12T12:34:17.3684622Z   No mature unscored predictions (need 5+ days old)
2026-05-12T12:34:17.3687029Z 
2026-05-12T12:34:17.3687457Z --------------------------------------------------------
2026-05-12T12:34:17.3687975Z [CELL 15] Self-learning
2026-05-12T12:34:17.3692711Z --------------------------------------------------------
2026-05-12T12:34:17.3736254Z Running failure diagnosis and rule-writing engine...
2026-05-12T12:34:17.3756744Z   Not enough scored outcomes yet for diagnosis
2026-05-12T12:34:17.3757726Z   Have 0 â€” need at least 5
2026-05-12T12:34:17.3758158Z 
2026-05-12T12:34:17.3758590Z No new rules written â€” accumulating more data...
2026-05-12T12:34:17.3759182Z [SKIP] Cell 16 ()
2026-05-12T12:34:17.3759795Z [SKIP] Cell 17 ()
2026-05-12T12:34:17.3760207Z [SKIP] Cell 18 ()
2026-05-12T12:34:17.3779786Z [SKIP] Cell 19 ()
2026-05-12T12:34:17.3780315Z [SKIP] Cell 20 ()
2026-05-12T12:34:17.3799846Z [SKIP] Cell 21 ()
2026-05-12T12:34:17.3819748Z [SKIP] Cell 22 ()
2026-05-12T12:34:20.2411182Z   Model cache saved: ['models', 'regimes', 'garch_res', 'ADAPTIVE_WEIGHTS', 'LEARNED_RULES', 'FEATURE_COLS', 'featured']
2026-05-12T12:34:20.2465857Z 
2026-05-12T12:34:20.2466617Z =======================================================
2026-05-12T12:34:20.2467595Z 60-DAY PERFORMANCE TRACKER
2026-05-12T12:34:20.2468253Z =======================================================
2026-05-12T12:34:20.2469135Z   Predictions (60d): 139
2026-05-12T12:34:20.2469953Z   Scored (60d):      0
2026-05-12T12:34:20.2470495Z =======================================================
2026-05-12T12:34:20.2470979Z 
2026-05-12T12:34:20.2471317Z ============================================================
2026-05-12T12:34:20.2472025Z MORNING cycle complete -- 2026-05-12 12:34 UTC
2026-05-12T12:34:20.2472728Z ============================================================
2026-05-12T12:34:20.2473221Z 
2026-05-12T12:34:20.2473532Z Stage 6: local -> Drive sync...
2026-05-12T12:34:30.2925745Z   local->Drive OK
2026-05-12T12:34:32.5996735Z ##[group]Run actions/cache@v4
2026-05-12T12:34:32.5997003Z with:
2026-05-12T12:34:32.5997199Z   path: data/models/
2026-05-12T12:34:32.5997434Z   key: model-cache-25732008349
2026-05-12T12:34:32.5997693Z   enableCrossOsArchive: false
2026-05-12T12:34:32.5997943Z   fail-on-cache-miss: false
2026-05-12T12:34:32.5998179Z   lookup-only: false
2026-05-12T12:34:32.5998596Z   save-always: false
2026-05-12T12:34:32.5998792Z env:
2026-05-12T12:34:32.5999053Z   pythonLocation: /opt/hostedtoolcache/Python/3.11.15/x64
2026-05-12T12:34:32.5999805Z   PKG_CONFIG_PATH: /opt/hostedtoolcache/Python/3.11.15/x64/lib/pkgconfig
2026-05-12T12:34:32.6000254Z   Python_ROOT_DIR: /opt/hostedtoolcache/Python/3.11.15/x64
2026-05-12T12:34:32.6000624Z   Python2_ROOT_DIR: /opt/hostedtoolcache/Python/3.11.15/x64
2026-05-12T12:34:32.6000989Z   Python3_ROOT_DIR: /opt/hostedtoolcache/Python/3.11.15/x64
2026-05-12T12:34:32.6001355Z   LD_LIBRARY_PATH: /opt/hostedtoolcache/Python/3.11.15/x64/lib
2026-05-12T12:34:32.6001709Z ##[endgroup]
2026-05-12T12:34:32.9458198Z Cache not found for input keys: model-cache-25732008349
2026-05-12T12:34:32.9578040Z ##[group]Run git config user.email "$GIT_USER_EMAIL"
2026-05-12T12:34:32.9578651Z ^[[36;1mgit config user.email "$GIT_USER_EMAIL"^[[0m
2026-05-12T12:34:32.9579165Z ^[[36;1mgit config user.name  "$GIT_USER_NAME"^[[0m
2026-05-12T12:34:32.9580535Z ^[[36;1mgit pull --rebase origin master || true^[[0m
2026-05-12T12:34:32.9581629Z ^[[36;1mgit add data/paper_trades/ data/predictions/ data/weights/ || true^[[0m
2026-05-12T12:34:32.9582309Z ^[[36;1mgit diff --cached --quiet || \^[[0m
2026-05-12T12:34:32.9582910Z ^[[36;1m  git commit -m "Auto: morning cycle $(date -u +'%Y-%m-%d %H:%M UTC')"^[[0m
2026-05-12T12:34:32.9583505Z ^[[36;1mgit push origin master || true^[[0m
2026-05-12T12:34:32.9624508Z shell: /usr/bin/bash -e {0}
2026-05-12T12:34:32.9624907Z env:
2026-05-12T12:34:32.9625317Z   pythonLocation: /opt/hostedtoolcache/Python/3.11.15/x64
2026-05-12T12:34:32.9626015Z   PKG_CONFIG_PATH: /opt/hostedtoolcache/Python/3.11.15/x64/lib/pkgconfig
2026-05-12T12:34:32.9626731Z   Python_ROOT_DIR: /opt/hostedtoolcache/Python/3.11.15/x64
2026-05-12T12:34:32.9627327Z   Python2_ROOT_DIR: /opt/hostedtoolcache/Python/3.11.15/x64
2026-05-12T12:34:32.9627958Z   Python3_ROOT_DIR: /opt/hostedtoolcache/Python/3.11.15/x64
2026-05-12T12:34:32.9628582Z   LD_LIBRARY_PATH: /opt/hostedtoolcache/Python/3.11.15/x64/lib
2026-05-12T12:34:32.9629138Z   GIT_USER_EMAIL: quant-bot@github-actions
2026-05-12T12:34:32.9629934Z   GIT_USER_NAME: Quant Terminal Bot
2026-05-12T12:34:32.9630333Z ##[endgroup]
2026-05-12T12:34:32.9824894Z error: cannot pull with rebase: You have unstaged changes.
2026-05-12T12:34:32.9831228Z error: Please commit or stash them.
2026-05-12T12:34:33.0009055Z [master a3c0479] Auto: morning cycle 2026-05-12 12:34 UTC
2026-05-12T12:34:33.0020458Z  2 files changed, 145 insertions(+), 2 deletions(-)
2026-05-12T12:34:34.1100059Z To https://github.com/Southpaw3234/Quant-Terminal
2026-05-12T12:34:34.1100883Z    de8a6d4..a3c0479  master -> master
2026-05-12T12:34:34.1207161Z ##[group]Run actions/upload-artifact@v4
2026-05-12T12:34:34.1207456Z with:
2026-05-12T12:34:34.1207658Z   name: cycle-morning-13
2026-05-12T12:34:34.1207902Z   path: cycle_output.log
2026-05-12T12:34:34.1208137Z   retention-days: 60
2026-05-12T12:34:34.1208363Z   if-no-files-found: warn
2026-05-12T12:34:34.1208593Z   compression-level: 6
2026-05-12T12:34:34.1208840Z   overwrite: false
2026-05-12T12:34:34.1209062Z   include-hidden-files: false
2026-05-12T12:34:34.1209299Z env:
2026-05-12T12:34:34.1209910Z   pythonLocation: /opt/hostedtoolcache/Python/3.11.15/x64
2026-05-12T12:34:34.1210364Z   PKG_CONFIG_PATH: /opt/hostedtoolcache/Python/3.11.15/x64/lib/pkgconfig
2026-05-12T12:34:34.1210789Z   Python_ROOT_DIR: /opt/hostedtoolcache/Python/3.11.15/x64
2026-05-12T12:34:34.1211167Z   Python2_ROOT_DIR: /opt/hostedtoolcache/Python/3.11.15/x64
2026-05-12T12:34:34.1211532Z   Python3_ROOT_DIR: /opt/hostedtoolcache/Python/3.11.15/x64
2026-05-12T12:34:34.1211929Z   LD_LIBRARY_PATH: /opt/hostedtoolcache/Python/3.11.15/x64/lib
2026-05-12T12:34:34.1212248Z ##[endgroup]
2026-05-12T12:34:34.3740197Z With the provided path, there will be 1 file uploaded
2026-05-12T12:34:34.3760036Z Artifact name is valid!
2026-05-12T12:34:34.3790011Z Root directory input is valid!
2026-05-12T12:34:34.5680493Z Beginning upload of artifact content to blob storage
2026-05-12T12:34:34.7998464Z Uploaded bytes 12370
2026-05-12T12:34:34.8509743Z Finished uploading artifact content to blob storage!
2026-05-12T12:34:34.8513270Z SHA256 digest of uploaded artifact zip is 77f468f9f7d4fa52067d9e6bca1055247671c575466f613d01fb51c1341ac461
2026-05-12T12:34:34.8515351Z Finalizing artifact upload
2026-05-12T12:34:35.0038078Z Artifact cycle-morning-13.zip successfully finalized. Artifact ID 6944191824
2026-05-12T12:34:35.0039690Z Artifact cycle-morning-13 has been successfully uploaded! Final size is 12370 bytes. Artifact ID is 6944191824
2026-05-12T12:34:35.0047315Z Artifact download URL: https://github.com/Southpaw3234/Quant-Terminal/actions/runs/25732008349/artifacts/6944191824
2026-05-12T12:34:35.0217352Z Post job cleanup.
2026-05-12T12:34:35.1790874Z [command]/usr/bin/tar --posix -cf cache.tzst --exclude cache.tzst -P -C /home/runner/work/Quant-Terminal/Quant-Terminal --files-from manifest.txt --use-compress-program zstdmt
2026-05-12T12:34:37.8137918Z Sent 2423666 of 136641394 (1.8%), 2.3 MBs/sec
2026-05-12T12:34:38.6871537Z Sent 136641394 of 136641394 (100.0%), 69.6 MBs/sec
2026-05-12T12:34:38.7978062Z Cache saved with key: model-cache-25732008349
2026-05-12T12:34:38.8134624Z Post job cleanup.
2026-05-12T12:34:38.9892664Z [command]/usr/bin/tar --posix -cf cache.tzst --exclude cache.tzst -P -C /home/runner/work/Quant-Terminal/Quant-Terminal --files-from manifest.txt --use-compress-program zstdmt
2026-05-12T12:34:40.5883638Z Failed to save: Unable to reserve cache with key model-cache-25732008349, another job may be creating this cache.
2026-05-12T12:34:40.6150856Z Post job cleanup.
2026-05-12T12:34:40.8082237Z [command]/usr/bin/tar --posix -cf cache.tzst --exclude cache.tzst -P -C /home/runner/work/Quant-Terminal/Quant-Terminal --files-from manifest.txt --use-compress-program zstdmt
2026-05-12T12:35:10.7670934Z Sent 0 of 3449081573 (0.0%), 0.0 MBs/sec
2026-05-12T12:35:11.7760703Z Sent 0 of 3449081573 (0.0%), 0.0 MBs/sec
2026-05-12T12:35:12.7718521Z Sent 536870912 of 3449081573 (15.6%), 170.3 MBs/sec
2026-05-12T12:35:13.7761625Z Sent 536870912 of 3449081573 (15.6%), 127.8 MBs/sec
2026-05-12T12:35:14.7738312Z Sent 872415232 of 3449081573 (25.3%), 166.1 MBs/sec
2026-05-12T12:35:15.7830916Z Sent 1073741824 of 3449081573 (31.1%), 170.3 MBs/sec
2026-05-12T12:35:16.7851097Z Sent 1342177280 of 3449081573 (38.9%), 182.5 MBs/sec
2026-05-12T12:35:17.7824785Z Sent 1610612736 of 3449081573 (46.7%), 191.6 MBs/sec
2026-05-12T12:35:18.7881207Z Sent 1610612736 of 3449081573 (46.7%), 170.3 MBs/sec
2026-05-12T12:35:19.7840220Z Sent 2080374784 of 3449081573 (60.3%), 198.0 MBs/sec
2026-05-12T12:35:20.7880664Z Sent 2147483648 of 3449081573 (62.3%), 185.9 MBs/sec
2026-05-12T12:35:21.7848411Z Sent 2415919104 of 3449081573 (70.0%), 191.7 MBs/sec
2026-05-12T12:35:22.7846375Z Sent 2751463424 of 3449081573 (79.8%), 201.6 MBs/sec
2026-05-12T12:35:23.7849003Z Sent 3180646117 of 3449081573 (92.2%), 216.4 MBs/sec
2026-05-12T12:35:24.4301078Z Sent 3449081573 of 3449081573 (100.0%), 224.3 MBs/sec
2026-05-12T12:35:25.1728995Z Cache saved with the key: setup-python-Linux-x64-24.04-Ubuntu-python-3.11.15-pip-29d1884ad8d76d71444a8f5260d7b237b85565c21a77890334ed180d6b77ebaa
2026-05-12T12:35:25.1920859Z Post job cleanup.
2026-05-12T12:35:25.3027395Z [command]/usr/bin/git version
2026-05-12T12:35:25.3073189Z git version 2.53.0
2026-05-12T12:35:25.3121280Z Temporarily overriding HOME='/home/runner/work/_temp/ef8a3bc4-387f-4a77-a91b-f5788f4281b6' before making global git config changes
2026-05-12T12:35:25.3122968Z Adding repository directory to the temporary git global config as a safe directory
2026-05-12T12:35:25.3129268Z [command]/usr/bin/git config --global --add safe.directory /home/runner/work/Quant-Terminal/Quant-Terminal
2026-05-12T12:35:25.3184615Z [command]/usr/bin/git config --local --name-only --get-regexp core\.sshCommand
2026-05-12T12:35:25.3225556Z [command]/usr/bin/git submodule foreach --recursive sh -c "git config --local --name-only --get-regexp 'core\.sshCommand' && git config --local --unset-all 'core.sshCommand' || :"
2026-05-12T12:35:25.3521021Z [command]/usr/bin/git config --local --name-only --get-regexp http\.https\:\/\/github\.com\/\.extraheader
2026-05-12T12:35:25.3551074Z http.https://github.com/.extraheader
2026-05-12T12:35:25.3571389Z [command]/usr/bin/git config --local --unset-all http.https://github.com/.extraheader
2026-05-12T12:35:25.3626351Z [command]/usr/bin/git submodule foreach --recursive sh -c "git config --local --name-only --get-regexp 'http\.https\:\/\/github\.com\/\.extraheader' && git config --local --unset-all 'http.https://github.com/.extraheader' || :"
2026-05-12T12:35:25.3886207Z [command]/usr/bin/git config --local --name-only --get-regexp ^includeIf\.gitdir:
2026-05-12T12:35:25.3925092Z [command]/usr/bin/git submodule foreach --recursive git config --local --show-origin --name-only --get-regexp remote.origin.url
2026-05-12T12:35:25.4327086Z Cleaning up orphan processes
2026-05-12T12:35:25.4668647Z ##[warning]Node.js 20 actions are deprecated. The following actions are running on Node.js 20 and may not work as expected: actions/cache@v4, actions/checkout@v4, actions/setup-python@v5, actions/upload-artifact@v4. Actions will be forced to run with Node.js 24 by default starting June 2nd, 2026. Node.js 20 will be removed from the runner on September 16th, 2026. Please check if updated versions of these actions are available that support Node.js 24. To opt into Node.js 24 now, set the FORCE_JAVASCRIPT_ACTIONS_TO_NODE24=true environment variable on the runner or in your workflow file. Once Node.js 24 becomes the default, you can temporarily opt out by setting ACTIONS_ALLOW_USE_UNSECURE_NODE_VERSION=true. For more information see: https://github.blog/changelog/2025-09-19-deprecation-of-node-20-on-github-actions-runners/
