event_id,ticker,event_ts,event_type,car,day_A,acceptance_utc,filing_date
EVI_2023-10-05_car,EVI,2023-10-06,8k_item202_car_ge5_pit,0.14735,2023-10-05,2023-10-05T00:42:44.000Z,2023-10-05
AROW_2023-10-24_car,AROW,2023-10-25,8k_item202_car_ge5_pit,0.125328,2023-10-24,2023-10-24T12:21:51.000Z,2023-10-24
FCBC_2023-10-25_car,FCBC,2023-10-26,8k_item202_car_ge5_pit,0.126052,2023-10-25,2023-10-24T20:30:18.000Z,2023-10-24
TZOO_2023-10-25_car,TZOO,2023-10-26,8k_item202_car_ge5_pit,0.05372,2023-10-25,2023-10-24T20:29:24.000Z,2023-10-24
WSBF_2023-10-25_car,WSBF,2023-10-26,8k_item202_car_ge5_pit,0.053263,2023-10-25,2023-10-24T20:00:18.000Z,2023-10-24
INBK_2023-10-26_car,INBK,2023-10-27,8k_item202_car_ge5_pit,0.121463,2023-10-26,2023-10-25T20:31:10.000Z,2023-10-25
KRNY_2023-10-26_car,KRNY,2023-10-27,8k_item202_car_ge5_pit,0.05416,2023-10-26,2023-10-26T13:00:53.000Z,2023-10-26
SPOK_2023-10-26_car,SPOK,2023-10-27,8k_item202_car_ge5_pit,0.054835,2023-10-26,2023-10-25T20:12:59.000Z,2023-10-25
FRST_2023-10-27_car,FRST,2023-10-30,8k_item202_car_ge5_pit,0.177345,2023-10-27,2023-10-26T20:30:21.000Z,2023-10-26
SMP_2023-10-27_car,SMP,2023-10-30,8k_item202_car_ge5_pit,0.078158,2023-10-27,2023-10-27T14:05:43.000Z,2023-10-27
LUNG_2023-10-31_car,LUNG,2023-11-01,8k_item202_car_ge5_pit,0.133812,2023-10-31,2023-10-30T20:06:41.000Z,2023-10-30
MFIN_2023-10-31_car,MFIN,2023-11-01,8k_item202_car_ge5_pit,0.176834,2023-10-31,2023-10-30T20:31:40.000Z,2023-10-30
GTE_2023-11-01_car,GTE,2023-11-02,8k_item202_car_ge5_pit,0.123562,2023-11-01,2023-10-31T21:51:05.000Z,2023-11-01
RMNI_2023-11-01_car,RMNI,2023-11-02,8k_item202_car_ge5_pit,0.251073,2023-11-01,2023-11-01T11:07:19.000Z,2023-11-01
AMWL_2023-11-02_car,AMWL,2023-11-03,8k_item202_car_ge5_pit,0.174927,2023-11-02,2023-11-01T20:09:39.000Z,2023-11-01
AVNW_2023-11-02_car,AVNW,2023-11-03,8k_item202_car_ge5_pit,0.124599,2023-11-02,2023-11-01T20:05:40.000Z,2023-11-01
FLWS_2023-11-02_car,FLWS,2023-11-03,8k_item202_car_ge5_pit,0.109959,2023-11-02,2023-11-02T12:07:52.000Z,2023-11-02
GAIN_2023-11-02_car,GAIN,2023-11-03,8k_item202_car_ge5_pit,0.053051,2023-11-02,2023-11-01T20:21:35.000Z,2023-11-01
HVT_2023-11-02_car,HVT,2023-11-03,8k_item202_car_ge5_pit,0.094338,2023-11-02,2023-11-01T20:20:01.000Z,2023-11-01
KLRS_2023-11-02_car,KLRS,2023-11-03,8k_item202_car_ge5_pit,0.062446,2023-11-02,2023-11-02T12:11:30.000Z,2023-11-02
PKOH_2023-11-02_car,PKOH,2023-11-03,8k_item202_car_ge5_pit,0.075631,2023-11-02,2023-11-01T20:12:26.000Z,2023-11-01
RCKY_2023-11-02_car,RCKY,2023-11-03,8k_item202_car_ge5_pit,0.612013,2023-11-02,2023-11-01T20:21:56.000Z,2023-11-01
RRGB_2023-11-02_car,RRGB,2023-11-03,8k_item202_car_ge5_pit,0.171788,2023-11-02,2023-11-01T20:03:36.000Z,2023-11-01
TIPT_2023-11-02_car,TIPT,2023-11-03,8k_item202_car_ge5_pit,0.123811,2023-11-02,2023-11-01T20:09:30.000Z,2023-11-01
VMD_2023-11-02_car,VMD,2023-11-03,8k_item202_car_ge5_pit,0.203827,2023-11-02,2023-11-01T21:01:27.000Z,2023-11-01
ANIK_2023-11-03_car,ANIK,2023-11-06,8k_item202_car_ge5_pit,0.104932,2023-11-03,2023-11-02T20:11:11.000Z,2023-11-02
CPS_2023-11-03_car,CPS,2023-11-06,8k_item202_car_ge5_pit,0.399396,2023-11-03,2023-11-03T10:06:10.000Z,2023-11-03
EGAN_2023-11-03_car,EGAN,2023-11-06,8k_item202_car_ge5_pit,0.06484,2023-11-03,2023-11-02T20:00:32.000Z,2023-11-02
HIPO_2023-11-03_car,HIPO,2023-11-06,8k_item202_car_ge5_pit,0.201242,2023-11-03,2023-11-02T20:15:27.000Z,2023-11-02
JAKK_2023-11-03_car,JAKK,2023-11-06,8k_item202_car_ge5_pit,0.140729,2023-11-03,2023-11-03T19:19:01.000Z,2023-11-03
MG_2023-11-03_car,MG,2023-11-06,8k_item202_car_ge5_pit,0.08442,2023-11-03,2023-11-02T20:01:34.000Z,2023-11-02
MMI_2023-11-03_car,MMI,2023-11-06,8k_item202_car_ge5_pit,0.075512,2023-11-03,2023-11-03T00:45:00.000Z,2023-11-03
PBYI_2023-11-03_car,PBYI,2023-11-06,8k_item202_car_ge5_pit,0.117069,2023-11-03,2023-11-02T20:19:20.000Z,2023-11-02
SSP_2023-11-03_car,SSP,2023-11-06,8k_item202_car_ge5_pit,0.149211,2023-11-03,2023-11-03T12:01:19.000Z,2023-11-03
OPRX_2023-11-06_car,OPRX,2023-11-07,8k_item202_car_ge5_pit,0.133834,2023-11-06,2023-11-06T12:15:05.000Z,2023-11-06
FOR_2023-11-07_car,FOR,2023-11-08,8k_item202_car_ge5_pit,0.145586,2023-11-07,2023-11-07T18:43:05.000Z,2023-11-07
IMXI_2023-11-07_car,IMXI,2023-11-08,8k_item202_car_ge5_pit,0.149993,2023-11-07,2023-11-07T12:29:52.000Z,2023-11-07
MGNX_2023-11-07_car,MGNX,2023-11-08,8k_item202_car_ge5_pit,0.262963,2023-11-07,2023-11-06T21:04:39.000Z,2023-11-06
SBDS_2023-11-07_car,SBDS,2023-11-08,8k_item202_car_ge5_pit,0.143255,2023-11-07,2023-11-07T11:52:53.000Z,2023-11-07
SEAT_2023-11-07_car,SEAT,2023-11-08,8k_item202_car_ge5_pit,0.169219,2023-11-07,2023-11-07T11:18:37.000Z,2023-11-07
TASK_2023-11-07_car,TASK,2023-11-08,8k_item202_car_ge5_pit,0.240084,2023-11-07,2023-11-06T21:16:05.000Z,2023-11-06
TRDA_2023-11-07_car,TRDA,2023-11-08,8k_item202_car_ge5_pit,0.075064,2023-11-07,2023-11-07T12:08:39.000Z,2023-11-07
UIS_2023-11-07_car,UIS,2023-11-08,8k_item202_car_ge5_pit,0.408184,2023-11-07,2023-11-06T21:32:07.000Z,2023-11-06
DIBS_2023-11-08_car,DIBS,2023-11-09,8k_item202_car_ge5_pit,0.067072,2023-11-08,2023-11-08T12:03:46.000Z,2023-11-08
HGTY_2023-11-08_car,HGTY,2023-11-09,8k_item202_car_ge5_pit,0.110833,2023-11-08,2023-11-08T12:04:37.000Z,2023-11-08
NCMI_2023-11-08_car,NCMI,2023-11-09,8k_item202_car_ge5_pit,0.11247,2023-11-08,2023-11-07T21:17:46.000Z,2023-11-07
NDLS_2023-11-08_car,NDLS,2023-11-09,8k_item202_car_ge5_pit,0.152526,2023-11-08,2023-11-07T21:08:52.000Z,2023-11-07
OSG_2023-11-08_car,OSG,2023-11-09,8k_item202_car_ge5_pit,0.160918,2023-11-08,2023-11-07T21:17:02.000Z,2023-11-07
OSUR_2023-11-08_car,OSUR,2023-11-09,8k_item202_car_ge5_pit,0.087072,2023-11-08,2023-11-07T21:11:39.000Z,2023-11-07
SSTI_2023-11-08_car,SSTI,2023-11-09,8k_item202_car_ge5_pit,0.104262,2023-11-08,2023-11-07T21:13:54.000Z,2023-11-07
TBCH_2023-11-08_car,TBCH,2023-11-09,8k_item202_car_ge5_pit,0.15075,2023-11-08,2023-11-07T21:20:09.000Z,2023-11-07
UWMC_2023-11-08_car,UWMC,2023-11-09,8k_item202_car_ge5_pit,0.050379,2023-11-08,2023-11-08T13:32:15.000Z,2023-11-08
ALTG_2023-11-09_car,ALTG,2023-11-10,8k_item202_car_ge5_pit,0.20169,2023-11-09,2023-11-08T21:15:21.000Z,2023-11-08
CION_2023-11-09_car,CION,2023-11-10,8k_item202_car_ge5_pit,0.067291,2023-11-09,2023-11-09T13:30:23.000Z,2023-11-09
FLL_2023-11-09_car,FLL,2023-11-10,8k_item202_car_ge5_pit,0.181574,2023-11-09,2023-11-08T21:09:28.000Z,2023-11-08
KELYA_2023-11-09_car,KELYA,2023-11-10,8k_item202_car_ge5_pit,0.052499,2023-11-09,2023-11-09T12:35:11.000Z,2023-11-09
MTRX_2023-11-09_car,MTRX,2023-11-10,8k_item202_car_ge5_pit,0.054873,2023-11-09,2023-11-08T21:15:45.000Z,2023-11-08
PANL_2023-11-09_car,PANL,2023-11-10,8k_item202_car_ge5_pit,0.077062,2023-11-09,2023-11-08T21:42:18.000Z,2023-11-08
RCMT_2023-11-09_car,RCMT,2023-11-10,8k_item202_car_ge5_pit,0.296504,2023-11-09,2023-11-08T21:22:36.000Z,2023-11-08
SRG_2023-11-09_car,SRG,2023-11-10,8k_item202_car_ge5_pit,0.203337,2023-11-09,2023-11-08T21:35:18.000Z,2023-11-08
TLS_2023-11-09_car,TLS,2023-11-10,8k_item202_car_ge5_pit,0.240682,2023-11-09,2023-11-09T13:01:05.000Z,2023-11-09
AURA_2023-11-10_car,AURA,2023-11-13,8k_item202_car_ge5_pit,0.089352,2023-11-10,2023-11-09T21:15:12.000Z,2023-11-09
BRCC_2023-11-10_car,BRCC,2023-11-13,8k_item202_car_ge5_pit,0.064834,2023-11-10,2023-11-09T21:16:22.000Z,2023-11-09
CWCO_2023-11-10_car,CWCO,2023-11-13,8k_item202_car_ge5_pit,0.08366,2023-11-10,2023-11-09T21:55:15.000Z,2023-11-09
JYNT_2023-11-10_car,JYNT,2023-11-13,8k_item202_car_ge5_pit,0.111551,2023-11-10,2023-11-09T21:06:33.000Z,2023-11-09
LILA_2023-11-10_car,LILA,2023-11-13,8k_item202_car_ge5_pit,0.09178,2023-11-10,2023-11-09T21:58:36.000Z,2023-11-09
RCEL_2023-11-10_car,RCEL,2023-11-13,8k_item202_car_ge5_pit,0.250546,2023-11-10,2023-11-09T21:09:50.000Z,2023-11-09
RPAY_2023-11-10_car,RPAY,2023-11-13,8k_item202_car_ge5_pit,0.063159,2023-11-10,2023-11-09T21:08:22.000Z,2023-11-09
SENS_2023-11-10_car,SENS,2023-11-13,8k_item202_car_ge5_pit,0.067235,2023-11-10,2023-11-09T21:14:22.000Z,2023-11-09
ABOS_2023-11-13_car,ABOS,2023-11-14,8k_item202_car_ge5_pit,0.102624,2023-11-13,2023-11-13T12:20:00.000Z,2023-11-13
IRD_2023-11-13_car,IRD,2023-11-14,8k_item202_car_ge5_pit,0.115847,2023-11-13,2023-11-13T13:12:39.000Z,2023-11-13
ACIC_2023-11-14_car,ACIC,2023-11-15,8k_item202_car_ge5_pit,0.28939,2023-11-14,2023-11-13T21:01:47.000Z,2023-11-13
HYPD_2023-11-14_car,HYPD,2023-11-15,8k_item202_car_ge5_pit,0.112895,2023-11-14,2023-11-13T21:15:55.000Z,2023-11-13
SMTI_2023-11-14_car,SMTI,2023-11-15,8k_item202_car_ge5_pit,0.15485,2023-11-14,2023-11-13T21:42:17.000Z,2023-11-13
VUZI_2023-11-14_car,VUZI,2023-11-15,8k_item202_car_ge5_pit,0.335954,2023-11-14,2023-11-14T19:49:50.000Z,2023-11-14
XPER_2023-11-14_car,XPER,2023-11-15,8k_item202_car_ge5_pit,0.148604,2023-11-14,2023-11-13T21:15:18.000Z,2023-11-13
NGS_2023-11-15_car,NGS,2023-11-16,8k_item202_car_ge5_pit,0.059202,2023-11-15,2023-11-14T21:07:31.000Z,2023-11-14
QUIK_2023-11-15_car,QUIK,2023-11-16,8k_item202_car_ge5_pit,0.056657,2023-11-15,2023-11-14T21:11:52.000Z,2023-11-14
NGVC_2023-11-17_car,NGVC,2023-11-20,8k_item202_car_ge5_pit,0.314486,2023-11-17,2023-11-16T21:05:49.000Z,2023-11-16
ZUMZ_2023-12-01_car,ZUMZ,2023-12-04,8k_item202_car_ge5_pit,0.06928,2023-12-01,2023-11-30T21:15:13.000Z,2023-11-30
LE_2023-12-05_car,LE,2023-12-06,8k_item202_car_ge5_pit,0.258361,2023-12-05,2023-12-05T11:48:13.000Z,2023-12-05
VRA_2023-12-06_car,VRA,2023-12-07,8k_item202_car_ge5_pit,0.061459,2023-12-06,2023-12-06T13:50:06.000Z,2023-12-06
HOFT_2023-12-07_car,HOFT,2023-12-08,8k_item202_car_ge5_pit,0.14533,2023-12-07,2023-12-07T11:01:23.000Z,2023-12-07
CURV_2023-12-08_car,CURV,2023-12-11,8k_item202_car_ge5_pit,0.141192,2023-12-08,2023-12-07T21:05:55.000Z,2023-12-07
LMNR_2023-12-22_car,LMNR,2023-12-26,8k_item202_car_ge5_pit,0.075573,2023-12-22,2023-12-21T21:02:21.000Z,2023-12-21
VYGR_2024-01-02_car,VYGR,2024-01-03,8k_item202_car_ge5_pit,0.289784,2024-01-02,2024-01-02T12:05:31.000Z,2024-01-02
HURC_2024-01-05_car,HURC,2024-01-08,8k_item202_car_ge5_pit,0.098594,2024-01-05,2024-01-05T16:57:10.000Z,2024-01-05
BRCC_2024-01-08_car,BRCC,2024-01-09,8k_item202_car_ge5_pit,0.075263,2024-01-08,2024-01-08T14:19:51.000Z,2024-01-08
NPCE_2024-01-08_car,NPCE,2024-01-09,8k_item202_car_ge5_pit,0.191102,2024-01-08,2024-01-08T12:05:58.000Z,2024-01-08
BARK_2024-01-09_car,BARK,2024-01-10,8k_item202_car_ge5_pit,0.190961,2024-01-09,2024-01-08T21:04:07.000Z,2024-01-08
RCEL_2024-01-11_car,RCEL,2024-01-12,8k_item202_car_ge5_pit,0.051734,2024-01-11,2024-01-10T21:05:12.000Z,2024-01-10
EOLS_2024-01-17_car,EOLS,2024-01-18,8k_item202_car_ge5_pit,0.131902,2024-01-17,2024-01-16T22:28:48.000Z,2024-01-16
FPH_2024-01-19_car,FPH,2024-01-22,8k_item202_car_ge5_pit,0.062834,2024-01-19,2024-01-18T21:13:16.000Z,2024-01-18
CCBG_2024-01-23_car,CCBG,2024-01-24,8k_item202_car_ge5_pit,0.084265,2024-01-23,2024-01-23T10:57:24.000Z,2024-01-23
ACET_2024-01-25_car,ACET,2024-01-26,8k_item202_car_ge5_pit,0.050005,2024-01-25,2024-01-24T21:34:11.000Z,2024-01-24
INBK_2024-01-25_car,INBK,2024-01-26,8k_item202_car_ge5_pit,0.109267,2024-01-25,2024-01-24T21:32:53.000Z,2024-01-24
NKSH_2024-01-26_car,NKSH,2024-01-29,8k_item202_car_ge5_pit,0.052019,2024-01-26,2024-01-25T21:33:42.000Z,2024-01-25
SBSI_2024-01-26_car,SBSI,2024-01-29,8k_item202_car_ge5_pit,0.050725,2024-01-26,2024-01-25T22:53:50.000Z,2024-01-26
BRBS_2024-02-01_car,BRBS,2024-02-02,8k_item202_car_ge5_pit,0.088247,2024-02-01,2024-01-31T22:15:13.000Z,2024-01-31
RLYB_2024-02-06_car,RLYB,2024-02-07,8k_item202_car_ge5_pit,0.340732,2024-02-06,2024-02-06T13:15:06.000Z,2024-02-06
AVNW_2024-02-07_car,AVNW,2024-02-08,8k_item202_car_ge5_pit,0.091613,2024-02-07,2024-02-06T21:05:31.000Z,2024-02-06
EPM_2024-02-07_car,EPM,2024-02-08,8k_item202_car_ge5_pit,0.073567,2024-02-07,2024-02-06T21:15:59.000Z,2024-02-06
USNA_2024-02-07_car,USNA,2024-02-08,8k_item202_car_ge5_pit,0.055022,2024-02-07,2024-02-06T21:15:29.000Z,2024-02-06
BARK_2024-02-08_car,BARK,2024-02-09,8k_item202_car_ge5_pit,0.182665,2024-02-08,2024-02-07T21:04:24.000Z,2024-02-07
CENT_2024-02-08_car,CENT,2024-02-09,8k_item202_car_ge5_pit,0.120877,2024-02-08,2024-02-07T21:16:18.000Z,2024-02-07
MTRX_2024-02-08_car,MTRX,2024-02-09,8k_item202_car_ge5_pit,0.333624,2024-02-08,2024-02-07T21:09:01.000Z,2024-02-07
VNDA_2024-02-08_car,VNDA,2024-02-09,8k_item202_car_ge5_pit,0.136633,2024-02-08,2024-02-07T21:07:08.000Z,2024-02-07
EVI_2024-02-09_car,EVI,2024-02-12,8k_item202_car_ge5_pit,0.132528,2024-02-09,2024-02-09T13:48:41.000Z,2024-02-09
POWW_2024-02-09_car,POWW,2024-02-12,8k_item202_car_ge5_pit,0.202807,2024-02-09,2024-02-08T21:15:43.000Z,2024-02-08
ESOA_2024-02-13_car,ESOA,2024-02-14,8k_item202_car_ge5_pit,0.064242,2024-02-13,2024-02-12T21:31:19.000Z,2024-02-12
ANGI_2024-02-14_car,ANGI,2024-02-15,8k_item202_car_ge5_pit,0.193826,2024-02-14,2024-02-13T21:22:55.000Z,2024-02-13
BYRN_2024-02-14_car,BYRN,2024-02-15,8k_item202_car_ge5_pit,0.122754,2024-02-14,2024-02-14T13:00:13.000Z,2024-02-14
FMAO_2024-02-14_car,FMAO,2024-02-15,8k_item202_car_ge5_pit,0.109454,2024-02-14,2024-02-13T21:45:15.000Z,2024-02-13
AMWL_2024-02-15_car,AMWL,2024-02-16,8k_item202_car_ge5_pit,0.151268,2024-02-15,2024-02-14T21:15:48.000Z,2024-02-14
KELYA_2024-02-15_car,KELYA,2024-02-16,8k_item202_car_ge5_pit,0.069876,2024-02-15,2024-02-15T12:37:31.000Z,2024-02-15
MVBF_2024-02-15_car,MVBF,2024-02-16,8k_item202_car_ge5_pit,0.051113,2024-02-15,2024-02-14T21:41:01.000Z,2024-02-14
PRLD_2024-02-16_car,PRLD,2024-02-20,8k_item202_car_ge5_pit,0.20586,2024-02-16,2024-02-15T21:22:04.000Z,2024-02-15
GTE_2024-02-20_car,GTE,2024-02-21,8k_item202_car_ge5_pit,0.052043,2024-02-20,2024-02-20T12:20:39.000Z,2024-02-20
TRAK_2024-02-20_car,TRAK,2024-02-21,8k_item202_car_ge5_pit,0.084315,2024-02-20,2024-02-16T22:13:24.000Z,2024-02-16
CLW_2024-02-21_car,CLW,2024-02-22,8k_item202_car_ge5_pit,0.098023,2024-02-21,2024-02-20T21:33:37.000Z,2024-02-20
OM_2024-02-22_car,OM,2024-02-23,8k_item202_car_ge5_pit,0.137479,2024-02-22,2024-02-21T21:10:37.000Z,2024-02-21
SPOK_2024-02-22_car,SPOK,2024-02-23,8k_item202_car_ge5_pit,0.066004,2024-02-22,2024-02-21T21:01:41.000Z,2024-02-21
RCEL_2024-02-23_car,RCEL,2024-02-26,8k_item202_car_ge5_pit,0.078813,2024-02-23,2024-02-22T21:02:06.000Z,2024-02-22
QUIK_2024-02-28_car,QUIK,2024-02-29,8k_item202_car_ge5_pit,0.17161,2024-02-28,2024-02-27T21:57:46.000Z,2024-02-27
ACEL_2024-02-29_car,ACEL,2024-03-01,8k_item202_car_ge5_pit,0.076083,2024-02-29,2024-02-28T21:33:01.000Z,2024-02-28
CLMB_2024-02-29_car,CLMB,2024-03-01,8k_item202_car_ge5_pit,0.231175,2024-02-29,2024-02-28T21:15:32.000Z,2024-02-28
LYEL_2024-02-29_car,LYEL,2024-03-01,8k_item202_car_ge5_pit,0.067969,2024-02-29,2024-02-28T21:07:21.000Z,2024-02-28
TASK_2024-02-29_car,TASK,2024-03-01,8k_item202_car_ge5_pit,0.053166,2024-02-29,2024-02-28T21:15:28.000Z,2024-02-28
FIP_2024-03-01_car,FIP,2024-03-04,8k_item202_car_ge5_pit,0.068113,2024-03-01,2024-02-29T21:25:57.000Z,2024-02-29
RPAY_2024-03-01_car,RPAY,2024-03-04,8k_item202_car_ge5_pit,0.137839,2024-03-01,2024-02-29T21:10:51.000Z,2024-02-29
SMHI_2024-03-01_car,SMHI,2024-03-04,8k_item202_car_ge5_pit,0.161218,2024-03-01,2024-02-29T21:34:32.000Z,2024-02-29
STIM_2024-03-05_car,STIM,2024-03-06,8k_item202_car_ge5_pit,0.445838,2024-03-05,2024-03-05T12:31:27.000Z,2024-03-05
CXDO_2024-03-06_car,CXDO,2024-03-07,8k_item202_car_ge5_pit,0.184583,2024-03-06,2024-03-05T21:00:23.000Z,2024-03-05
HIPO_2024-03-06_car,HIPO,2024-03-07,8k_item202_car_ge5_pit,0.26089,2024-03-06,2024-03-05T23:34:15.000Z,2024-03-06
BRCC_2024-03-07_car,BRCC,2024-03-08,8k_item202_car_ge5_pit,0.301986,2024-03-07,2024-03-06T21:17:07.000Z,2024-03-06
HBB_2024-03-07_car,HBB,2024-03-08,8k_item202_car_ge5_pit,0.079695,2024-03-07,2024-03-06T21:30:51.000Z,2024-03-06
KRO_2024-03-07_car,KRO,2024-03-08,8k_item202_car_ge5_pit,0.191511,2024-03-07,2024-03-06T21:18:43.000Z,2024-03-06
MG_2024-03-07_car,MG,2024-03-08,8k_item202_car_ge5_pit,0.068078,2024-03-07,2024-03-06T21:02:00.000Z,2024-03-06
MLR_2024-03-07_car,MLR,2024-03-08,8k_item202_car_ge5_pit,0.065139,2024-03-07,2024-03-06T21:56:45.000Z,2024-03-06
VMD_2024-03-07_car,VMD,2024-03-08,8k_item202_car_ge5_pit,0.052638,2024-03-07,2024-03-06T22:04:54.000Z,2024-03-06
CLAR_2024-03-08_car,CLAR,2024-03-11,8k_item202_car_ge5_pit,0.287692,2024-03-08,2024-03-07T21:26:42.000Z,2024-03-07
IMMR_2024-03-08_car,IMMR,2024-03-11,8k_item202_car_ge5_pit,0.122647,2024-03-08,2024-03-07T21:23:16.000Z,2024-03-07
JYNT_2024-03-08_car,JYNT,2024-03-11,8k_item202_car_ge5_pit,0.437929,2024-03-08,2024-03-07T21:49:42.000Z,2024-03-07
AIOT_2024-03-12_car,AIOT,2024-03-13,8k_item202_car_ge5_pit,0.218413,2024-03-12,2024-03-12T11:24:08.000Z,2024-03-12
BWMN_2024-03-12_car,BWMN,2024-03-13,8k_item202_car_ge5_pit,0.224616,2024-03-12,2024-03-12T12:16:00.000Z,2024-03-12
PACK_2024-03-12_car,PACK,2024-03-13,8k_item202_car_ge5_pit,0.560621,2024-03-12,2024-03-11T20:05:12.000Z,2024-03-11
INVE_2024-03-13_car,INVE,2024-03-14,8k_item202_car_ge5_pit,0.070957,2024-03-13,2024-03-12T20:24:04.000Z,2024-03-12
NATR_2024-03-13_car,NATR,2024-03-14,8k_item202_car_ge5_pit,0.144239,2024-03-13,2024-03-12T20:28:50.000Z,2024-03-12
NOTE_2024-03-13_car,NOTE,2024-03-14,8k_item202_car_ge5_pit,0.059442,2024-03-13,2024-03-12T20:29:47.000Z,2024-03-12
SIGA_2024-03-13_car,SIGA,2024-03-14,8k_item202_car_ge5_pit,0.302413,2024-03-13,2024-03-12T20:05:52.000Z,2024-03-12
TRDA_2024-03-13_car,TRDA,2024-03-14,8k_item202_car_ge5_pit,0.057082,2024-03-13,2024-03-13T11:08:10.000Z,2024-03-13
WEST_2024-03-13_car,WEST,2024-03-14,8k_item202_car_ge5_pit,0.084504,2024-03-13,2024-03-12T20:10:22.000Z,2024-03-12
WHWK_2024-03-13_car,WHWK,2024-03-14,8k_item202_car_ge5_pit,0.060242,2024-03-13,2024-03-13T12:08:24.000Z,2024-03-13
SGC_2024-03-14_car,SGC,2024-03-15,8k_item202_car_ge5_pit,0.179493,2024-03-14,2024-03-13T20:15:39.000Z,2024-03-13
TBCH_2024-03-14_car,TBCH,2024-03-15,8k_item202_car_ge5_pit,0.405929,2024-03-14,2024-03-13T20:20:10.000Z,2024-03-13
ACTG_2024-03-15_car,ACTG,2024-03-18,8k_item202_car_ge5_pit,0.234633,2024-03-15,2024-03-14T20:48:44.000Z,2024-03-14
ALTG_2024-03-15_car,ALTG,2024-03-18,8k_item202_car_ge5_pit,0.068519,2024-03-15,2024-03-14T20:46:49.000Z,2024-03-14
KVHI_2024-03-15_car,KVHI,2024-03-18,8k_item202_car_ge5_pit,0.062503,2024-03-15,2024-03-15T12:58:31.000Z,2024-03-15
TG_2024-03-15_car,TG,2024-03-18,8k_item202_car_ge5_pit,0.235378,2024-03-15,2024-03-15T12:24:08.000Z,2024-03-15
TLS_2024-03-15_car,TLS,2024-03-18,8k_item202_car_ge5_pit,0.248583,2024-03-15,2024-03-15T12:00:19.000Z,2024-03-15
TSQ_2024-03-15_car,TSQ,2024-03-18,8k_item202_car_ge5_pit,0.072393,2024-03-15,2024-03-15T10:07:11.000Z,2024-03-15
AVD_2024-03-19_car,AVD,2024-03-20,8k_item202_car_ge5_pit,0.105758,2024-03-19,2024-03-18T20:04:53.000Z,2024-03-18
NCMI_2024-03-19_car,NCMI,2024-03-20,8k_item202_car_ge5_pit,0.21974,2024-03-19,2024-03-18T20:08:02.000Z,2024-03-18
JILL_2024-03-20_car,JILL,2024-03-21,8k_item202_car_ge5_pit,0.170594,2024-03-20,2024-03-20T13:05:41.000Z,2024-03-20
XFOR_2024-03-21_car,XFOR,2024-03-22,8k_item202_car_ge5_pit,0.42997,2024-03-21,2024-03-21T11:43:20.000Z,2024-03-21
EFTR_2024-03-25_car,EFTR,2024-03-26,8k_item202_car_ge5_pit,0.051644,2024-03-25,2024-03-25T16:10:36.000Z,2024-03-25
GYRE_2024-03-26_car,GYRE,2024-03-27,8k_item202_car_ge5_pit,0.076895,2024-03-26,2024-03-26T01:55:13.000Z,2024-03-26
DTIL_2024-03-27_car,DTIL,2024-03-28,8k_item202_car_ge5_pit,0.055318,2024-03-27,2024-03-27T11:15:11.000Z,2024-03-27
LE_2024-03-27_car,LE,2024-03-28,8k_item202_car_ge5_pit,0.162757,2024-03-27,2024-03-27T10:47:57.000Z,2024-03-27
PAYS_2024-03-27_car,PAYS,2024-03-28,8k_item202_car_ge5_pit,0.074629,2024-03-27,2024-03-26T20:10:14.000Z,2024-03-26
CATX_2024-03-28_car,CATX,2024-04-01,8k_item202_car_ge5_pit,0.068597,2024-03-28,2024-03-28T11:42:32.000Z,2024-03-28
INTT_2024-03-28_car,INTT,2024-04-01,8k_item202_car_ge5_pit,0.173435,2024-03-28,2024-03-27T21:19:15.000Z,2024-03-27
ZURA_2024-03-28_car,ZURA,2024-04-01,8k_item202_car_ge5_pit,0.230379,2024-03-28,2024-03-28T10:02:08.000Z,2024-03-28
ANTX_2024-04-01_car,ANTX,2024-04-02,8k_item202_car_ge5_pit,0.054241,2024-04-01,2024-03-28T20:15:15.000Z,2024-03-28
AISP_2024-04-02_car,AISP,2024-04-03,8k_item202_car_ge5_pit,0.362057,2024-04-02,2024-04-01T21:01:13.000Z,2024-04-01
NGS_2024-04-02_car,NGS,2024-04-03,8k_item202_car_ge5_pit,0.147983,2024-04-02,2024-04-01T20:41:16.000Z,2024-04-01
SLP_2024-04-04_car,SLP,2024-04-05,8k_item202_car_ge5_pit,0.242136,2024-04-04,2024-04-03T20:06:43.000Z,2024-04-03
RELL_2024-04-11_car,RELL,2024-04-12,8k_item202_car_ge5_pit,0.053419,2024-04-11,2024-04-10T20:51:24.000Z,2024-04-10
BSVN_2024-04-12_car,BSVN,2024-04-15,8k_item202_car_ge5_pit,0.051771,2024-04-12,2024-04-12T12:00:22.000Z,2024-04-12
BHB_2024-04-19_car,BHB,2024-04-22,8k_item202_car_ge5_pit,0.067495,2024-04-19,2024-04-18T20:18:24.000Z,2024-04-18
MCBS_2024-04-19_car,MCBS,2024-04-22,8k_item202_car_ge5_pit,0.071123,2024-04-19,2024-04-19T14:28:09.000Z,2024-04-19
OPRT_2024-04-23_car,OPRT,2024-04-24,8k_item202_car_ge5_pit,0.428614,2024-04-23,2024-04-22T20:25:58.000Z,2024-04-22
ULH_2024-04-26_car,ULH,2024-04-29,8k_item202_car_ge5_pit,0.36579,2024-04-26,2024-04-25T20:34:58.000Z,2024-04-25
CAC_2024-04-30_car,CAC,2024-05-01,8k_item202_car_ge5_pit,0.0731,2024-04-30,2024-04-30T12:09:04.000Z,2024-04-30
OPRX_2024-04-30_car,OPRX,2024-05-01,8k_item202_car_ge5_pit,0.061037,2024-04-30,2024-04-29T20:30:37.000Z,2024-04-29
PKOH_2024-04-30_car,PKOH,2024-05-01,8k_item202_car_ge5_pit,0.073597,2024-04-30,2024-04-29T20:18:38.000Z,2024-04-29
LXFR_2024-05-01_car,LXFR,2024-05-02,8k_item202_car_ge5_pit,0.143457,2024-05-01,2024-04-30T20:32:59.000Z,2024-04-30
MFIN_2024-05-01_car,MFIN,2024-05-02,8k_item202_car_ge5_pit,0.0605,2024-05-01,2024-04-30T20:13:15.000Z,2024-04-30
RCKY_2024-05-01_car,RCKY,2024-05-02,8k_item202_car_ge5_pit,0.313288,2024-05-01,2024-04-30T20:09:22.000Z,2024-04-30
USNA_2024-05-01_car,USNA,2024-05-02,8k_item202_car_ge5_pit,0.128317,2024-05-01,2024-04-30T20:08:14.000Z,2024-04-30
WSBF_2024-05-01_car,WSBF,2024-05-02,8k_item202_car_ge5_pit,0.058298,2024-05-01,2024-04-30T20:00:13.000Z,2024-04-30
AMWL_2024-05-02_car,AMWL,2024-05-03,8k_item202_car_ge5_pit,0.051582,2024-05-02,2024-05-01T20:14:10.000Z,2024-05-01
LUNG_2024-05-02_car,LUNG,2024-05-03,8k_item202_car_ge5_pit,0.250156,2024-05-02,2024-05-01T20:10:26.000Z,2024-05-01
NC_2024-05-02_car,NC,2024-05-03,8k_item202_car_ge5_pit,0.183943,2024-05-02,2024-05-01T20:47:43.000Z,2024-05-01
ONEW_2024-05-02_car,ONEW,2024-05-03,8k_item202_car_ge5_pit,0.103694,2024-05-02,2024-05-02T11:04:25.000Z,2024-05-02
RM_2024-05-02_car,RM,2024-05-03,8k_item202_car_ge5_pit,0.098736,2024-05-02,2024-05-01T20:21:42.000Z,2024-05-01
CLAR_2024-05-03_car,CLAR,2024-05-06,8k_item202_car_ge5_pit,0.115137,2024-05-03,2024-05-02T20:51:02.000Z,2024-05-02
JYNT_2024-05-03_car,JYNT,2024-05-06,8k_item202_car_ge5_pit,0.204988,2024-05-03,2024-05-02T20:15:36.000Z,2024-05-02
LOCO_2024-05-03_car,LOCO,2024-05-06,8k_item202_car_ge5_pit,0.17715,2024-05-03,2024-05-02T20:08:00.000Z,2024-05-02
LYEL_2024-05-06_car,LYEL,2024-05-07,8k_item202_car_ge5_pit,0.064829,2024-05-06,2024-05-06T12:03:04.000Z,2024-05-06
BWMN_2024-05-07_car,BWMN,2024-05-08,8k_item202_car_ge5_pit,0.053716,2024-05-07,2024-05-07T12:31:03.000Z,2024-05-07
FSTR_2024-05-07_car,FSTR,2024-05-08,8k_item202_car_ge5_pit,0.102461,2024-05-07,2024-05-07T12:01:08.000Z,2024-05-07
NEWT_2024-05-07_car,NEWT,2024-05-08,8k_item202_car_ge5_pit,0.135081,2024-05-07,2024-05-06T20:30:20.000Z,2024-05-06
OFIX_2024-05-07_car,OFIX,2024-05-08,8k_item202_car_ge5_pit,0.105783,2024-05-07,2024-05-07T12:04:46.000Z,2024-05-07
PMTS_2024-05-07_car,PMTS,2024-05-08,8k_item202_car_ge5_pit,0.1597,2024-05-07,2024-05-07T11:00:26.000Z,2024-05-07
CRCT_2024-05-08_car,CRCT,2024-05-09,8k_item202_car_ge5_pit,0.415479,2024-05-08,2024-05-07T20:08:04.000Z,2024-05-07
CTEV_2024-05-08_car,CTEV,2024-05-09,8k_item202_car_ge5_pit,0.103372,2024-05-08,2024-05-08T10:05:29.000Z,2024-05-08
FIP_2024-05-08_car,FIP,2024-05-09,8k_item202_car_ge5_pit,0.056811,2024-05-08,2024-05-07T20:16:07.000Z,2024-05-07
HY_2024-05-08_car,HY,2024-05-09,8k_item202_car_ge5_pit,0.332839,2024-05-08,2024-05-07T20:46:03.000Z,2024-05-07
IMXI_2024-05-08_car,IMXI,2024-05-09,8k_item202_car_ge5_pit,0.072242,2024-05-08,2024-05-08T11:30:43.000Z,2024-05-08
INGN_2024-05-08_car,INGN,2024-05-09,8k_item202_car_ge5_pit,0.184552,2024-05-08,2024-05-07T20:10:15.000Z,2024-05-07
LILA_2024-05-08_car,LILA,2024-05-09,8k_item202_car_ge5_pit,0.05017,2024-05-08,2024-05-07T21:02:04.000Z,2024-05-07
OPFI_2024-05-08_car,OPFI,2024-05-09,8k_item202_car_ge5_pit,0.142289,2024-05-08,2024-05-08T01:44:22.000Z,2024-05-08
RDNW_2024-05-08_car,RDNW,2024-05-09,8k_item202_car_ge5_pit,0.2559,2024-05-08,2024-05-08T12:11:36.000Z,2024-05-08
SGC_2024-05-08_car,SGC,2024-05-09,8k_item202_car_ge5_pit,0.189937,2024-05-08,2024-05-07T20:17:04.000Z,2024-05-07
SWIM_2024-05-08_car,SWIM,2024-05-09,8k_item202_car_ge5_pit,0.281766,2024-05-08,2024-05-07T20:15:57.000Z,2024-05-07
TBCH_2024-05-08_car,TBCH,2024-05-09,8k_item202_car_ge5_pit,0.092713,2024-05-08,2024-05-07T20:20:17.000Z,2024-05-07
BRCC_2024-05-09_car,BRCC,2024-05-10,8k_item202_car_ge5_pit,0.152567,2024-05-09,2024-05-08T20:17:34.000Z,2024-05-08
CENT_2024-05-09_car,CENT,2024-05-10,8k_item202_car_ge5_pit,0.111802,2024-05-09,2024-05-08T20:19:12.000Z,2024-05-08
CMRC_2024-05-09_car,CMRC,2024-05-10,8k_item202_car_ge5_pit,0.127472,2024-05-09,2024-05-09T11:10:49.000Z,2024-05-09
HY_2024-05-09_car,HY,2024-05-10,8k_item202_car_ge5_pit,0.05726,2024-05-09,2024-05-08T20:36:04.000Z,2024-05-08
IMMR_2024-05-09_car,IMMR,2024-05-10,8k_item202_car_ge5_pit,0.098135,2024-05-09,2024-05-08T20:37:03.000Z,2024-05-08
LCUT_2024-05-09_car,LCUT,2024-05-10,8k_item202_car_ge5_pit,0.142455,2024-05-09,2024-05-09T12:02:06.000Z,2024-05-09
NDLS_2024-05-09_car,NDLS,2024-05-10,8k_item202_car_ge5_pit,0.189474,2024-05-09,2024-05-08T20:09:39.000Z,2024-05-08
RCMT_2024-05-09_car,RCMT,2024-05-10,8k_item202_car_ge5_pit,0.050485,2024-05-09,2024-05-08T20:20:12.000Z,2024-05-08
TASK_2024-05-09_car,TASK,2024-05-10,8k_item202_car_ge5_pit,0.061705,2024-05-09,2024-05-08T20:08:02.000Z,2024-05-08
UFI_2024-05-09_car,UFI,2024-05-10,8k_item202_car_ge5_pit,0.105261,2024-05-09,2024-05-08T20:22:02.000Z,2024-05-08
ACIC_2024-05-10_car,ACIC,2024-05-13,8k_item202_car_ge5_pit,0.09482,2024-05-10,2024-05-09T20:01:41.000Z,2024-05-09
FNKO_2024-05-10_car,FNKO,2024-05-13,8k_item202_car_ge5_pit,0.12761,2024-05-10,2024-05-09T20:15:43.000Z,2024-05-09
GENC_2024-05-10_car,GENC,2024-05-13,8k_item202_car_ge5_pit,0.09841,2024-05-10,2024-05-10T12:00:56.000Z,2024-05-10
NGVC_2024-05-10_car,NGVC,2024-05-13,8k_item202_car_ge5_pit,0.091118,2024-05-10,2024-05-09T20:10:05.000Z,2024-05-09
OPRT_2024-05-10_car,OPRT,2024-05-13,8k_item202_car_ge5_pit,0.189834,2024-05-10,2024-05-09T20:25:37.000Z,2024-05-09
DTIL_2024-05-13_car,DTIL,2024-05-14,8k_item202_car_ge5_pit,0.087382,2024-05-13,2024-05-13T11:15:12.000Z,2024-05-13
ABOS_2024-05-14_car,ABOS,2024-05-15,8k_item202_car_ge5_pit,0.113924,2024-05-14,2024-05-14T11:35:38.000Z,2024-05-14
ANY_2024-05-14_car,ANY,2024-05-15,8k_item202_car_ge5_pit,0.19087,2024-05-14,2024-05-13T21:53:52.000Z,2024-05-14
MLP_2024-05-14_car,MLP,2024-05-15,8k_item202_car_ge5_pit,0.064273,2024-05-14,2024-05-13T20:51:54.000Z,2024-05-13
OVID_2024-05-14_car,OVID,2024-05-15,8k_item202_car_ge5_pit,0.08231,2024-05-14,2024-05-14T12:03:02.000Z,2024-05-14
SENS_2024-05-14_car,SENS,2024-05-15,8k_item202_car_ge5_pit,0.100089,2024-05-14,2024-05-13T20:13:02.000Z,2024-05-13
ACET_2024-05-15_car,ACET,2024-05-16,8k_item202_car_ge5_pit,0.170151,2024-05-15,2024-05-14T20:03:01.000Z,2024-05-14
HURA_2024-05-15_car,HURA,2024-05-16,8k_item202_car_ge5_pit,0.122512,2024-05-15,2024-05-14T20:50:14.000Z,2024-05-14
OPRX_2024-05-15_car,OPRX,2024-05-16,8k_item202_car_ge5_pit,0.215845,2024-05-15,2024-05-14T20:10:31.000Z,2024-05-14
NRXP_2024-05-16_car,NRXP,2024-05-17,8k_item202_car_ge5_pit,0.096598,2024-05-16,2024-05-16T00:16:50.000Z,2024-05-16
RRGB_2024-05-30_car,RRGB,2024-05-31,8k_item202_car_ge5_pit,0.201152,2024-05-30,2024-05-29T20:08:55.000Z,2024-05-29
LAKE_2024-06-05_car,LAKE,2024-06-06,8k_item202_car_ge5_pit,0.157895,2024-06-05,2024-06-04T23:35:59.000Z,2024-06-05
JILL_2024-06-07_car,JILL,2024-06-10,8k_item202_car_ge5_pit,0.115426,2024-06-07,2024-06-07T10:45:10.000Z,2024-06-07
SKIL_2024-06-11_car,SKIL,2024-06-12,8k_item202_car_ge5_pit,0.062841,2024-06-11,2024-06-10T20:06:41.000Z,2024-06-10
SMID_2024-06-12_car,SMID,2024-06-13,8k_item202_car_ge5_pit,0.088201,2024-06-12,2024-06-12T14:08:55.000Z,2024-06-12
EBF_2024-06-17_car,EBF,2024-06-18,8k_item202_car_ge5_pit,0.051711,2024-06-17,2024-06-17T13:37:41.000Z,2024-06-17
FC_2024-06-27_car,FC,2024-06-28,8k_item202_car_ge5_pit,0.090255,2024-06-27,2024-06-26T20:12:34.000Z,2024-06-26
BNED_2024-07-02_car,BNED,2024-07-03,8k_item202_car_ge5_pit,0.059039,2024-07-02,2024-07-01T20:36:32.000Z,2024-07-01
PCYO_2024-07-11_car,PCYO,2024-07-12,8k_item202_car_ge5_pit,0.108252,2024-07-11,2024-07-11T14:00:33.000Z,2024-07-11
RICK_2024-07-11_car,RICK,2024-07-12,8k_item202_car_ge5_pit,0.162546,2024-07-11,2024-07-11T17:11:02.000Z,2024-07-11
UNTY_2024-07-12_car,UNTY,2024-07-15,8k_item202_car_ge5_pit,0.064338,2024-07-12,2024-07-12T10:09:16.000Z,2024-07-12
ACU_2024-07-19_car,ACU,2024-07-22,8k_item202_car_ge5_pit,0.053349,2024-07-19,2024-07-19T14:30:10.000Z,2024-07-19
MCBS_2024-07-19_car,MCBS,2024-07-22,8k_item202_car_ge5_pit,0.076831,2024-07-19,2024-07-19T14:45:03.000Z,2024-07-19
RGP_2024-07-19_car,RGP,2024-07-22,8k_item202_car_ge5_pit,0.074554,2024-07-19,2024-07-18T20:14:34.000Z,2024-07-18
BSRR_2024-07-22_car,BSRR,2024-07-23,8k_item202_car_ge5_pit,0.111456,2024-07-22,2024-07-22T13:01:13.000Z,2024-07-22
HBT_2024-07-22_car,HBT,2024-07-23,8k_item202_car_ge5_pit,0.051986,2024-07-22,2024-07-22T11:04:08.000Z,2024-07-22
CBNK_2024-07-23_car,CBNK,2024-07-24,8k_item202_car_ge5_pit,0.088658,2024-07-23,2024-07-22T20:00:40.000Z,2024-07-22
CCBG_2024-07-23_car,CCBG,2024-07-24,8k_item202_car_ge5_pit,0.064612,2024-07-23,2024-07-23T09:31:09.000Z,2024-07-23
FUNC_2024-07-23_car,FUNC,2024-07-24,8k_item202_car_ge5_pit,0.132484,2024-07-23,2024-07-22T21:37:13.000Z,2024-07-23
CFFI_2024-07-24_car,CFFI,2024-07-25,8k_item202_car_ge5_pit,0.098287,2024-07-24,2024-07-24T18:54:38.000Z,2024-07-24
FCBC_2024-07-24_car,FCBC,2024-07-25,8k_item202_car_ge5_pit,0.062159,2024-07-24,2024-07-23T20:22:03.000Z,2024-07-23
FSBW_2024-07-24_car,FSBW,2024-07-25,8k_item202_car_ge5_pit,0.094963,2024-07-24,2024-07-23T20:49:21.000Z,2024-07-23
ORRF_2024-07-24_car,ORRF,2024-07-25,8k_item202_car_ge5_pit,0.107879,2024-07-24,2024-07-23T20:08:58.000Z,2024-07-23
ATNI_2024-07-25_car,ATNI,2024-07-26,8k_item202_car_ge5_pit,0.18508,2024-07-25,2024-07-25T00:21:10.000Z,2024-07-25
CBAN_2024-07-25_car,CBAN,2024-07-26,8k_item202_car_ge5_pit,0.09764,2024-07-25,2024-07-24T20:30:25.000Z,2024-07-24
CYH_2024-07-25_car,CYH,2024-07-26,8k_item202_car_ge5_pit,0.169589,2024-07-25,2024-07-24T20:30:20.000Z,2024-07-24
DGICA_2024-07-25_car,DGICA,2024-07-26,8k_item202_car_ge5_pit,0.054654,2024-07-25,2024-07-25T10:30:10.000Z,2024-07-25
INBK_2024-07-25_car,INBK,2024-07-26,8k_item202_car_ge5_pit,0.077471,2024-07-25,2024-07-24T20:37:50.000Z,2024-07-24
RELL_2024-07-25_car,RELL,2024-07-26,8k_item202_car_ge5_pit,0.073134,2024-07-25,2024-07-24T21:10:28.000Z,2024-07-24
SBSI_2024-07-25_car,SBSI,2024-07-26,8k_item202_car_ge5_pit,0.06997,2024-07-25,2024-07-24T22:25:52.000Z,2024-07-25
SHBI_2024-07-25_car,SHBI,2024-07-26,8k_item202_car_ge5_pit,0.05725,2024-07-25,2024-07-25T11:16:36.000Z,2024-07-25
AEYE_2024-07-26_car,AEYE,2024-07-29,8k_item202_car_ge5_pit,0.362952,2024-07-26,2024-07-25T20:10:25.000Z,2024-07-25
TZOO_2024-07-26_car,TZOO,2024-07-29,8k_item202_car_ge5_pit,0.058794,2024-07-26,2024-07-25T20:28:20.000Z,2024-07-25
CVEO_2024-07-30_car,CVEO,2024-07-31,8k_item202_car_ge5_pit,0.069546,2024-07-30,2024-07-30T12:02:47.000Z,2024-07-30
RNGR_2024-07-30_car,RNGR,2024-07-31,8k_item202_car_ge5_pit,0.136682,2024-07-30,2024-07-29T20:39:00.000Z,2024-07-29
AMWL_2024-08-01_car,AMWL,2024-08-02,8k_item202_car_ge5_pit,0.412041,2024-08-01,2024-07-31T20:18:18.000Z,2024-07-31
JAKK_2024-08-01_car,JAKK,2024-08-02,8k_item202_car_ge5_pit,0.09763,2024-08-01,2024-08-01T18:00:23.000Z,2024-08-01
MX_2024-08-01_car,MX,2024-08-02,8k_item202_car_ge5_pit,0.124853,2024-08-01,2024-07-31T20:15:32.000Z,2024-07-31
PACK_2024-08-01_car,PACK,2024-08-02,8k_item202_car_ge5_pit,0.107308,2024-08-01,2024-08-01T11:40:46.000Z,2024-08-01
ASIX_2024-08-02_car,ASIX,2024-08-05,8k_item202_car_ge5_pit,0.0745,2024-08-02,2024-08-02T10:31:13.000Z,2024-08-02
CPS_2024-08-02_car,CPS,2024-08-05,8k_item202_car_ge5_pit,0.053027,2024-08-02,2024-08-02T11:09:15.000Z,2024-08-02
FLGT_2024-08-02_car,FLGT,2024-08-05,8k_item202_car_ge5_pit,0.051443,2024-08-02,2024-08-02T11:09:49.000Z,2024-08-02
PBYI_2024-08-02_car,PBYI,2024-08-05,8k_item202_car_ge5_pit,0.072914,2024-08-02,2024-08-01T20:17:49.000Z,2024-08-01
AIOT_2024-08-06_car,AIOT,2024-08-07,8k_item202_car_ge5_pit,0.096583,2024-08-06,2024-08-05T20:49:07.000Z,2024-08-05
NCMI_2024-08-06_car,NCMI,2024-08-07,8k_item202_car_ge5_pit,0.131996,2024-08-06,2024-08-05T20:12:19.000Z,2024-08-05
OFIX_2024-08-06_car,OFIX,2024-08-07,8k_item202_car_ge5_pit,0.135977,2024-08-06,2024-08-06T11:06:38.000Z,2024-08-06
AFCG_2024-08-07_car,AFCG,2024-08-08,8k_item202_car_ge5_pit,0.101233,2024-08-07,2024-08-07T13:02:54.000Z,2024-08-07
CLMB_2024-08-07_car,CLMB,2024-08-08,8k_item202_car_ge5_pit,0.23718,2024-08-07,2024-08-06T20:14:47.000Z,2024-08-06
COOK_2024-08-07_car,COOK,2024-08-08,8k_item202_car_ge5_pit,0.180228,2024-08-07,2024-08-06T20:08:32.000Z,2024-08-06
CRCT_2024-08-07_car,CRCT,2024-08-08,8k_item202_car_ge5_pit,0.094832,2024-08-07,2024-08-06T20:08:08.000Z,2024-08-06
INGN_2024-08-07_car,INGN,2024-08-08,8k_item202_car_ge5_pit,0.415623,2024-08-07,2024-08-06T20:10:10.000Z,2024-08-06
OPFI_2024-08-07_car,OPFI,2024-08-08,8k_item202_car_ge5_pit,0.143013,2024-08-07,2024-08-07T01:48:02.000Z,2024-08-07
SWIM_2024-08-07_car,SWIM,2024-08-08,8k_item202_car_ge5_pit,0.607515,2024-08-07,2024-08-06T20:20:22.000Z,2024-08-06
TG_2024-08-07_car,TG,2024-08-08,8k_item202_car_ge5_pit,0.095275,2024-08-07,2024-08-07T12:10:40.000Z,2024-08-07
AMPY_2024-08-08_car,AMPY,2024-08-09,8k_item202_car_ge5_pit,0.081602,2024-08-08,2024-08-07T20:16:07.000Z,2024-08-07
BARK_2024-08-08_car,BARK,2024-08-09,8k_item202_car_ge5_pit,0.170844,2024-08-08,2024-08-07T20:02:10.000Z,2024-08-07
BKSY_2024-08-08_car,BKSY,2024-08-09,8k_item202_car_ge5_pit,0.087055,2024-08-08,2024-08-08T11:07:49.000Z,2024-08-08
DHX_2024-08-08_car,DHX,2024-08-09,8k_item202_car_ge5_pit,0.136213,2024-08-08,2024-08-07T20:18:23.000Z,2024-08-07
HIPO_2024-08-08_car,HIPO,2024-08-09,8k_item202_car_ge5_pit,0.157342,2024-08-08,2024-08-07T22:33:08.000Z,2024-08-08
INSG_2024-08-08_car,INSG,2024-08-09,8k_item202_car_ge5_pit,0.253425,2024-08-08,2024-08-07T20:10:22.000Z,2024-08-07
LYEL_2024-08-08_car,LYEL,2024-08-09,8k_item202_car_ge5_pit,0.057478,2024-08-08,2024-08-07T20:06:44.000Z,2024-08-07
MAGN_2024-08-08_car,MAGN,2024-08-09,8k_item202_car_ge5_pit,0.161182,2024-08-08,2024-08-08T12:25:21.000Z,2024-08-08
VMD_2024-08-08_car,VMD,2024-08-09,8k_item202_car_ge5_pit,0.084163,2024-08-08,2024-08-07T21:02:31.000Z,2024-08-07
FNKO_2024-08-09_car,FNKO,2024-08-12,8k_item202_car_ge5_pit,0.08534,2024-08-09,2024-08-08T20:17:12.000Z,2024-08-08
GDOT_2024-08-09_car,GDOT,2024-08-12,8k_item202_car_ge5_pit,0.141955,2024-08-09,2024-08-08T20:27:21.000Z,2024-08-08
RCEL_2024-08-09_car,RCEL,2024-08-12,8k_item202_car_ge5_pit,0.203133,2024-08-09,2024-08-08T20:09:21.000Z,2024-08-08
RPC_2024-08-09_car,RPC,2024-08-12,8k_item202_car_ge5_pit,0.103263,2024-08-09,2024-08-08T20:11:57.000Z,2024-08-08
TBCH_2024-08-09_car,TBCH,2024-08-12,8k_item202_car_ge5_pit,0.101927,2024-08-09,2024-08-08T20:22:06.000Z,2024-08-08
AVD_2024-08-12_car,AVD,2024-08-13,8k_item202_car_ge5_pit,0.08263,2024-08-12,2024-08-09T21:18:52.000Z,2024-08-09
FF_2024-08-12_car,FF,2024-08-13,8k_item202_car_ge5_pit,0.245733,2024-08-12,2024-08-09T20:06:05.000Z,2024-08-09
ACET_2024-08-13_car,ACET,2024-08-14,8k_item202_car_ge5_pit,0.059088,2024-08-13,2024-08-13T11:01:49.000Z,2024-08-13
CCLD_2024-08-13_car,CCLD,2024-08-14,8k_item202_car_ge5_pit,0.132308,2024-08-13,2024-08-13T11:05:43.000Z,2024-08-13
DERM_2024-08-13_car,DERM,2024-08-14,8k_item202_car_ge5_pit,0.10831,2024-08-13,2024-08-12T20:08:56.000Z,2024-08-12
ESOA_2024-08-13_car,ESOA,2024-08-14,8k_item202_car_ge5_pit,0.258375,2024-08-13,2024-08-12T20:30:45.000Z,2024-08-12
SMTI_2024-08-13_car,SMTI,2024-08-14,8k_item202_car_ge5_pit,0.156057,2024-08-13,2024-08-12T20:44:39.000Z,2024-08-12
TRDA_2024-08-13_car,TRDA,2024-08-14,8k_item202_car_ge5_pit,0.093648,2024-08-13,2024-08-13T11:05:42.000Z,2024-08-13
KRRO_2024-08-14_car,KRRO,2024-08-15,8k_item202_car_ge5_pit,0.220025,2024-08-14,2024-08-13T20:06:09.000Z,2024-08-13
SKYH_2024-08-14_car,SKYH,2024-08-15,8k_item202_car_ge5_pit,0.109842,2024-08-14,2024-08-13T20:06:07.000Z,2024-08-13
AISP_2024-08-15_car,AISP,2024-08-16,8k_item202_car_ge5_pit,0.397246,2024-08-15,2024-08-15T01:00:31.000Z,2024-08-15
NGS_2024-08-15_car,NGS,2024-08-16,8k_item202_car_ge5_pit,0.130394,2024-08-15,2024-08-14T20:14:18.000Z,2024-08-14
SMID_2024-08-15_car,SMID,2024-08-16,8k_item202_car_ge5_pit,0.113913,2024-08-15,2024-08-14T21:29:18.000Z,2024-08-14
SRG_2024-08-15_car,SRG,2024-08-16,8k_item202_car_ge5_pit,0.156255,2024-08-15,2024-08-14T20:41:36.000Z,2024-08-14
TWIN_2024-08-15_car,TWIN,2024-08-16,8k_item202_car_ge5_pit,0.065353,2024-08-15,2024-08-15T12:30:32.000Z,2024-08-15
ASNS_2024-08-20_car,ASNS,2024-08-21,8k_item202_car_ge5_pit,0.121272,2024-08-20,2024-08-19T21:27:12.000Z,2024-08-19
FLXS_2024-08-20_car,FLXS,2024-08-21,8k_item202_car_ge5_pit,0.05475,2024-08-20,2024-08-19T20:50:07.000Z,2024-08-19
UFI_2024-08-22_car,UFI,2024-08-23,8k_item202_car_ge5_pit,0.238332,2024-08-22,2024-08-21T20:22:15.000Z,2024-08-21
DLTH_2024-08-29_car,DLTH,2024-08-30,8k_item202_car_ge5_pit,0.24733,2024-08-29,2024-08-29T12:28:33.000Z,2024-08-29
TITN_2024-08-29_car,TITN,2024-08-30,8k_item202_car_ge5_pit,0.05972,2024-08-29,2024-08-29T11:45:01.000Z,2024-08-29
BYRN_2024-09-04_car,BYRN,2024-09-05,8k_item202_car_ge5_pit,0.409125,2024-09-04,2024-09-04T12:30:12.000Z,2024-09-04
MTRX_2024-09-10_car,MTRX,2024-09-11,8k_item202_car_ge5_pit,0.146172,2024-09-10,2024-09-09T20:32:25.000Z,2024-09-09
BNED_2024-09-11_car,BNED,2024-09-12,8k_item202_car_ge5_pit,0.069925,2024-09-11,2024-09-10T20:35:04.000Z,2024-09-10
EPM_2024-09-11_car,EPM,2024-09-12,8k_item202_car_ge5_pit,0.192439,2024-09-11,2024-09-10T20:18:17.000Z,2024-09-10
PLCE_2024-09-11_car,PLCE,2024-09-12,8k_item202_car_ge5_pit,1.295517,2024-09-11,2024-09-11T12:01:17.000Z,2024-09-11
EVI_2024-09-13_car,EVI,2024-09-16,8k_item202_car_ge5_pit,0.118671,2024-09-13,2024-09-12T21:07:33.000Z,2024-09-12
IBEX_2024-09-13_car,IBEX,2024-09-16,8k_item202_car_ge5_pit,0.185163,2024-09-13,2024-09-12T20:32:55.000Z,2024-09-12
LFCR_2024-10-04_car,LFCR,2024-10-07,8k_item202_car_ge5_pit,0.080715,2024-10-04,2024-10-04T11:36:01.000Z,2024-10-04
AVNW_2024-10-07_car,AVNW,2024-10-08,8k_item202_car_ge5_pit,0.127768,2024-10-07,2024-10-04T20:06:52.000Z,2024-10-04
BSVN_2024-10-11_car,BSVN,2024-10-14,8k_item202_car_ge5_pit,0.050051,2024-10-11,2024-10-11T12:00:29.000Z,2024-10-11
UNTY_2024-10-11_car,UNTY,2024-10-14,8k_item202_car_ge5_pit,0.130202,2024-10-11,2024-10-11T10:10:36.000Z,2024-10-11
PLBC_2024-10-16_car,PLBC,2024-10-17,8k_item202_car_ge5_pit,0.069632,2024-10-16,2024-10-16T13:00:12.000Z,2024-10-16
FLXS_2024-10-22_car,FLXS,2024-10-23,8k_item202_car_ge5_pit,0.391823,2024-10-22,2024-10-21T20:15:09.000Z,2024-10-21
BHB_2024-10-23_car,BHB,2024-10-24,8k_item202_car_ge5_pit,0.083413,2024-10-23,2024-10-22T20:18:28.000Z,2024-10-22
USNA_2024-10-23_car,USNA,2024-10-24,8k_item202_car_ge5_pit,0.103572,2024-10-23,2024-10-22T20:12:14.000Z,2024-10-22
COFS_2024-10-24_car,COFS,2024-10-25,8k_item202_car_ge5_pit,0.067127,2024-10-24,2024-10-23T20:02:17.000Z,2024-10-23
TCBX_2024-10-24_car,TCBX,2024-10-25,8k_item202_car_ge5_pit,0.121783,2024-10-24,2024-10-23T20:18:49.000Z,2024-10-23
TZOO_2024-10-24_car,TZOO,2024-10-25,8k_item202_car_ge5_pit,0.053663,2024-10-24,2024-10-23T20:19:34.000Z,2024-10-23
GSIT_2024-10-25_car,GSIT,2024-10-28,8k_item202_car_ge5_pit,0.073057,2024-10-25,2024-10-24T20:05:12.000Z,2024-10-24
CIVB_2024-10-29_car,CIVB,2024-10-30,8k_item202_car_ge5_pit,0.096006,2024-10-29,2024-10-29T11:30:09.000Z,2024-10-29
QUAD_2024-10-29_car,QUAD,2024-10-30,8k_item202_car_ge5_pit,0.245687,2024-10-29,2024-10-28T22:52:30.000Z,2024-10-29
ATOM_2024-10-30_car,ATOM,2024-10-31,8k_item202_car_ge5_pit,0.271818,2024-10-30,2024-10-29T20:45:37.000Z,2024-10-29
CVRX_2024-10-30_car,CVRX,2024-10-31,8k_item202_car_ge5_pit,0.24417,2024-10-30,2024-10-29T20:07:51.000Z,2024-10-29
KINS_2024-10-30_car,KINS,2024-10-31,8k_item202_car_ge5_pit,0.085632,2024-10-30,2024-10-29T21:29:24.000Z,2024-10-29
OPRT_2024-10-30_car,OPRT,2024-10-31,8k_item202_car_ge5_pit,0.095928,2024-10-30,2024-10-29T21:29:28.000Z,2024-10-29
SMP_2024-10-30_car,SMP,2024-10-31,8k_item202_car_ge5_pit,0.145737,2024-10-30,2024-10-30T13:57:01.000Z,2024-10-30
UIS_2024-10-30_car,UIS,2024-10-31,8k_item202_car_ge5_pit,0.306956,2024-10-30,2024-10-29T20:41:35.000Z,2024-10-29
CSV_2024-10-31_car,CSV,2024-11-01,8k_item202_car_ge5_pit,0.144981,2024-10-31,2024-10-30T21:22:00.000Z,2024-10-30
JAKK_2024-10-31_car,JAKK,2024-11-01,8k_item202_car_ge5_pit,0.105414,2024-10-31,2024-10-31T12:37:13.000Z,2024-10-31
MDXG_2024-10-31_car,MDXG,2024-11-01,8k_item202_car_ge5_pit,0.233391,2024-10-31,2024-10-30T20:56:00.000Z,2024-10-30
ORN_2024-10-31_car,ORN,2024-11-01,8k_item202_car_ge5_pit,0.177827,2024-10-31,2024-10-30T20:30:49.000Z,2024-10-30
SPOK_2024-10-31_car,SPOK,2024-11-01,8k_item202_car_ge5_pit,0.052973,2024-10-31,2024-10-30T20:02:39.000Z,2024-10-30
ACCO_2024-11-01_car,ACCO,2024-11-04,8k_item202_car_ge5_pit,0.132636,2024-11-01,2024-10-31T20:19:44.000Z,2024-10-31
CPS_2024-11-01_car,CPS,2024-11-04,8k_item202_car_ge5_pit,0.176429,2024-11-01,2024-11-01T11:01:50.000Z,2024-11-01
NAGE_2024-11-01_car,NAGE,2024-11-04,8k_item202_car_ge5_pit,0.642642,2024-11-01,2024-10-31T20:01:28.000Z,2024-10-31
PDEX_2024-11-01_car,PDEX,2024-11-04,8k_item202_car_ge5_pit,0.307743,2024-11-01,2024-10-31T20:02:08.000Z,2024-10-31
ARTNA_2024-11-05_car,ARTNA,2024-11-06,8k_item202_car_ge5_pit,0.055891,2024-11-05,2024-11-05T17:16:32.000Z,2024-11-05
BDTX_2024-11-05_car,BDTX,2024-11-06,8k_item202_car_ge5_pit,0.063076,2024-11-05,2024-11-05T12:01:16.000Z,2024-11-05
FHTX_2024-11-05_car,FHTX,2024-11-06,8k_item202_car_ge5_pit,0.084101,2024-11-05,2024-11-04T21:12:29.000Z,2024-11-04
HCKT_2024-11-05_car,HCKT,2024-11-06,8k_item202_car_ge5_pit,0.225165,2024-11-05,2024-11-04T21:36:30.000Z,2024-11-04
HPK_2024-11-05_car,HPK,2024-11-06,8k_item202_car_ge5_pit,0.051563,2024-11-05,2024-11-04T21:02:27.000Z,2024-11-04
KE_2024-11-05_car,KE,2024-11-06,8k_item202_car_ge5_pit,0.109467,2024-11-05,2024-11-04T22:25:53.000Z,2024-11-04
LUCK_2024-11-05_car,LUCK,2024-11-06,8k_item202_car_ge5_pit,0.094727,2024-11-05,2024-11-04T21:04:22.000Z,2024-11-04
NVCT_2024-11-05_car,NVCT,2024-11-06,8k_item202_car_ge5_pit,0.254343,2024-11-05,2024-11-05T12:08:41.000Z,2024-11-05
PMTS_2024-11-05_car,PMTS,2024-11-06,8k_item202_car_ge5_pit,0.151296,2024-11-05,2024-11-05T12:01:08.000Z,2024-11-05
CTKB_2024-11-06_car,CTKB,2024-11-07,8k_item202_car_ge5_pit,0.294416,2024-11-06,2024-11-05T21:25:30.000Z,2024-11-05
FORR_2024-11-06_car,FORR,2024-11-07,8k_item202_car_ge5_pit,0.066141,2024-11-06,2024-11-05T21:10:32.000Z,2024-11-05
GNE_2024-11-06_car,GNE,2024-11-07,8k_item202_car_ge5_pit,0.050171,2024-11-06,2024-11-06T12:30:13.000Z,2024-11-06
LENZ_2024-11-06_car,LENZ,2024-11-07,8k_item202_car_ge5_pit,0.102638,2024-11-06,2024-11-06T12:26:10.000Z,2024-11-06
MCFT_2024-11-06_car,MCFT,2024-11-07,8k_item202_car_ge5_pit,0.252519,2024-11-06,2024-11-06T12:32:17.000Z,2024-11-06
MGNX_2024-11-06_car,MGNX,2024-11-07,8k_item202_car_ge5_pit,0.150234,2024-11-06,2024-11-05T21:03:32.000Z,2024-11-05
TCPC_2024-11-06_car,TCPC,2024-11-07,8k_item202_car_ge5_pit,0.083877,2024-11-06,2024-11-06T13:05:09.000Z,2024-11-06
TMCI_2024-11-06_car,TMCI,2024-11-07,8k_item202_car_ge5_pit,0.338738,2024-11-06,2024-11-05T21:06:06.000Z,2024-11-05
ADV_2024-11-07_car,ADV,2024-11-08,8k_item202_car_ge5_pit,0.089395,2024-11-07,2024-11-07T12:13:55.000Z,2024-11-07
ALEC_2024-11-07_car,ALEC,2024-11-08,8k_item202_car_ge5_pit,0.085231,2024-11-07,2024-11-06T21:10:09.000Z,2024-11-06
ALGS_2024-11-07_car,ALGS,2024-11-08,8k_item202_car_ge5_pit,0.077742,2024-11-07,2024-11-06T21:05:22.000Z,2024-11-06
ARQ_2024-11-07_car,ARQ,2024-11-08,8k_item202_car_ge5_pit,0.137404,2024-11-07,2024-11-07T11:35:38.000Z,2024-11-07
BKSY_2024-11-07_car,BKSY,2024-11-08,8k_item202_car_ge5_pit,0.051311,2024-11-07,2024-11-07T12:02:18.000Z,2024-11-07
BWMN_2024-11-07_car,BWMN,2024-11-08,8k_item202_car_ge5_pit,0.053435,2024-11-07,2024-11-06T22:10:05.000Z,2024-11-06
CMRC_2024-11-07_car,CMRC,2024-11-08,8k_item202_car_ge5_pit,0.082806,2024-11-07,2024-11-07T11:08:07.000Z,2024-11-07
IHRT_2024-11-07_car,IHRT,2024-11-08,8k_item202_car_ge5_pit,0.390202,2024-11-07,2024-11-07T13:06:19.000Z,2024-11-07
INFU_2024-11-07_car,INFU,2024-11-08,8k_item202_car_ge5_pit,0.106814,2024-11-07,2024-11-07T11:30:35.000Z,2024-11-07
OM_2024-11-07_car,OM,2024-11-08,8k_item202_car_ge5_pit,0.224999,2024-11-07,2024-11-06T21:00:09.000Z,2024-11-06
OPFI_2024-11-07_car,OPFI,2024-11-08,8k_item202_car_ge5_pit,0.189381,2024-11-07,2024-11-06T23:59:11.000Z,2024-11-07
SGC_2024-11-07_car,SGC,2024-11-08,8k_item202_car_ge5_pit,0.054569,2024-11-07,2024-11-06T21:10:56.000Z,2024-11-06
TPVG_2024-11-07_car,TPVG,2024-11-08,8k_item202_car_ge5_pit,0.143556,2024-11-07,2024-11-06T21:23:07.000Z,2024-11-06
ZURA_2024-11-07_car,ZURA,2024-11-08,8k_item202_car_ge5_pit,0.053019,2024-11-07,2024-11-07T11:51:19.000Z,2024-11-07
AEYE_2024-11-08_car,AEYE,2024-11-11,8k_item202_car_ge5_pit,0.239254,2024-11-08,2024-11-07T21:10:22.000Z,2024-11-07
AIRS_2024-11-08_car,AIRS,2024-11-11,8k_item202_car_ge5_pit,0.153265,2024-11-08,2024-11-08T11:02:39.000Z,2024-11-08
BNED_2024-11-08_car,BNED,2024-11-11,8k_item202_car_ge5_pit,0.139178,2024-11-08,2024-11-07T22:06:18.000Z,2024-11-07
HIPO_2024-11-08_car,HIPO,2024-11-11,8k_item202_car_ge5_pit,0.250427,2024-11-08,2024-11-07T23:14:06.000Z,2024-11-08
IMXI_2024-11-08_car,IMXI,2024-11-11,8k_item202_car_ge5_pit,0.162279,2024-11-08,2024-11-08T12:30:21.000Z,2024-11-08
INGN_2024-11-08_car,INGN,2024-11-11,8k_item202_car_ge5_pit,0.159616,2024-11-08,2024-11-07T21:10:21.000Z,2024-11-07
JYNT_2024-11-08_car,JYNT,2024-11-11,8k_item202_car_ge5_pit,0.053634,2024-11-08,2024-11-07T21:17:43.000Z,2024-11-07
MBI_2024-11-08_car,MBI,2024-11-11,8k_item202_car_ge5_pit,0.099224,2024-11-08,2024-11-07T21:17:08.000Z,2024-11-07
NATR_2024-11-08_car,NATR,2024-11-11,8k_item202_car_ge5_pit,0.252287,2024-11-08,2024-11-07T21:19:09.000Z,2024-11-07
PBYI_2024-11-08_car,PBYI,2024-11-11,8k_item202_car_ge5_pit,0.08382,2024-11-08,2024-11-07T21:14:48.000Z,2024-11-07
RCMT_2024-11-08_car,RCMT,2024-11-11,8k_item202_car_ge5_pit,0.081517,2024-11-08,2024-11-07T21:16:32.000Z,2024-11-07
RPC_2024-11-08_car,RPC,2024-11-11,8k_item202_car_ge5_pit,0.071296,2024-11-08,2024-11-07T21:14:19.000Z,2024-11-07
TKNO_2024-11-08_car,TKNO,2024-11-11,8k_item202_car_ge5_pit,0.091954,2024-11-08,2024-11-07T21:14:53.000Z,2024-11-07
XPOF_2024-11-08_car,XPOF,2024-11-11,8k_item202_car_ge5_pit,0.239593,2024-11-08,2024-11-07T21:26:30.000Z,2024-11-07
AIOT_2024-11-12_car,AIOT,2024-11-13,8k_item202_car_ge5_pit,0.141056,2024-11-12,2024-11-12T12:27:37.000Z,2024-11-12
CRON_2024-11-12_car,CRON,2024-11-13,8k_item202_car_ge5_pit,0.104145,2024-11-12,2024-11-12T12:32:14.000Z,2024-11-12
MPAA_2024-11-12_car,MPAA,2024-11-13,8k_item202_car_ge5_pit,0.161674,2024-11-12,2024-11-12T12:58:16.000Z,2024-11-12
ATRA_2024-11-13_car,ATRA,2024-11-14,8k_item202_car_ge5_pit,0.100206,2024-11-13,2024-11-12T21:05:13.000Z,2024-11-12
DSP_2024-11-13_car,DSP,2024-11-14,8k_item202_car_ge5_pit,0.145001,2024-11-13,2024-11-12T21:33:13.000Z,2024-11-12
ELMD_2024-11-13_car,ELMD,2024-11-14,8k_item202_car_ge5_pit,0.09861,2024-11-13,2024-11-12T21:05:58.000Z,2024-11-12
EPM_2024-11-13_car,EPM,2024-11-14,8k_item202_car_ge5_pit,0.067653,2024-11-13,2024-11-12T21:17:17.000Z,2024-11-12
NPCE_2024-11-13_car,NPCE,2024-11-14,8k_item202_car_ge5_pit,0.36169,2024-11-13,2024-11-12T21:07:37.000Z,2024-11-12
SKYH_2024-11-13_car,SKYH,2024-11-14,8k_item202_car_ge5_pit,0.082138,2024-11-13,2024-11-12T21:05:58.000Z,2024-11-12
BKTI_2024-11-14_car,BKTI,2024-11-15,8k_item202_car_ge5_pit,0.14053,2024-11-14,2024-11-14T12:23:32.000Z,2024-11-14
PCYO_2024-11-14_car,PCYO,2024-11-15,8k_item202_car_ge5_pit,0.111622,2024-11-14,2024-11-14T16:47:46.000Z,2024-11-14
CWCO_2024-11-15_car,CWCO,2024-11-18,8k_item202_car_ge5_pit,0.077001,2024-11-15,2024-11-15T15:30:15.000Z,2024-11-15
RVPH_2024-11-15_car,RVPH,2024-11-18,8k_item202_car_ge5_pit,0.05835,2024-11-15,2024-11-14T22:25:45.000Z,2024-11-14
SMID_2024-11-15_car,SMID,2024-11-18,8k_item202_car_ge5_pit,0.275039,2024-11-15,2024-11-14T21:00:21.000Z,2024-11-14
TRAK_2024-11-18_car,TRAK,2024-11-19,8k_item202_car_ge5_pit,0.056554,2024-11-18,2024-11-18T13:30:10.000Z,2024-11-18
KINS_2024-11-19_car,KINS,2024-11-20,8k_item202_car_ge5_pit,0.078138,2024-11-19,2024-11-18T22:28:15.000Z,2024-11-18
NGVC_2024-11-22_car,NGVC,2024-11-25,8k_item202_car_ge5_pit,0.289498,2024-11-22,2024-11-21T21:05:48.000Z,2024-11-21
CRMT_2024-12-05_car,CRMT,2024-12-06,8k_item202_car_ge5_pit,0.173495,2024-12-05,2024-12-05T12:30:22.000Z,2024-12-05
ZUMZ_2024-12-06_car,ZUMZ,2024-12-09,8k_item202_car_ge5_pit,0.079653,2024-12-06,2024-12-05T21:15:11.000Z,2024-12-05
BNED_2024-12-09_car,BNED,2024-12-10,8k_item202_car_ge5_pit,0.146338,2024-12-09,2024-12-09T14:10:27.000Z,2024-12-09
SKIL_2024-12-11_car,SKIL,2024-12-12,8k_item202_car_ge5_pit,0.244744,2024-12-11,2024-12-10T21:07:38.000Z,2024-12-10
ESOA_2024-12-16_car,ESOA,2024-12-17,8k_item202_car_ge5_pit,0.119317,2024-12-16,2024-12-16T14:00:32.000Z,2024-12-16
IMMR_2024-12-16_car,IMMR,2024-12-17,8k_item202_car_ge5_pit,0.069813,2024-12-16,2024-12-16T14:19:13.000Z,2024-12-16
RICK_2024-12-17_car,RICK,2024-12-18,8k_item202_car_ge5_pit,0.125111,2024-12-17,2024-12-16T21:14:50.000Z,2024-12-16
PPIH_2024-12-23_car,PPIH,2024-12-24,8k_item202_car_ge5_pit,0.198705,2024-12-23,2024-12-23T17:31:49.000Z,2024-12-23
DTIL_2025-01-08_car,DTIL,2025-01-10,8k_item202_car_ge5_pit,0.203808,2025-01-08,2025-01-08T13:05:15.000Z,2025-01-08
BBCP_2025-01-10_car,BBCP,2025-01-13,8k_item202_car_ge5_pit,0.219578,2025-01-10,2025-01-08T22:07:42.000Z,2025-01-08
CVRX_2025-01-13_car,CVRX,2025-01-14,8k_item202_car_ge5_pit,0.136803,2025-01-13,2025-01-13T13:10:31.000Z,2025-01-13
NUS_2025-01-13_car,NUS,2025-01-14,8k_item202_car_ge5_pit,0.101573,2025-01-13,2025-01-13T12:01:11.000Z,2025-01-13
RRGB_2025-01-13_car,RRGB,2025-01-14,8k_item202_car_ge5_pit,0.069833,2025-01-13,2025-01-13T12:05:21.000Z,2025-01-13
TMCI_2025-01-13_car,TMCI,2025-01-14,8k_item202_car_ge5_pit,0.094332,2025-01-13,2025-01-13T13:05:14.000Z,2025-01-13
NNBR_2025-01-14_car,NNBR,2025-01-15,8k_item202_car_ge5_pit,0.122076,2025-01-14,2025-01-14T13:53:30.000Z,2025-01-14
UNTY_2025-01-15_car,UNTY,2025-01-16,8k_item202_car_ge5_pit,0.051158,2025-01-15,2025-01-15T11:09:09.000Z,2025-01-15
SMTI_2025-01-22_car,SMTI,2025-01-23,8k_item202_car_ge5_pit,0.110066,2025-01-22,2025-01-21T21:15:22.000Z,2025-01-21
CBAN_2025-01-23_car,CBAN,2025-01-24,8k_item202_car_ge5_pit,0.072,2025-01-23,2025-01-22T21:30:09.000Z,2025-01-22
FCCO_2025-01-23_car,FCCO,2025-01-24,8k_item202_car_ge5_pit,0.055271,2025-01-23,2025-01-22T21:06:16.000Z,2025-01-22
TCBX_2025-01-23_car,TCBX,2025-01-24,8k_item202_car_ge5_pit,0.097297,2025-01-23,2025-01-22T21:25:49.000Z,2025-01-22
BCML_2025-01-24_car,BCML,2025-01-27,8k_item202_car_ge5_pit,0.057992,2025-01-24,2025-01-23T21:47:18.000Z,2025-01-23
CZNC_2025-01-24_car,CZNC,2025-01-27,8k_item202_car_ge5_pit,0.155205,2025-01-24,2025-01-23T21:02:01.000Z,2025-01-23
FPH_2025-01-24_car,FPH,2025-01-27,8k_item202_car_ge5_pit,0.549043,2025-01-24,2025-01-23T21:13:34.000Z,2025-01-23
MRBK_2025-01-24_car,MRBK,2025-01-27,8k_item202_car_ge5_pit,0.0668,2025-01-24,2025-01-24T14:50:48.000Z,2025-01-24
MYFW_2025-01-24_car,MYFW,2025-01-27,8k_item202_car_ge5_pit,0.133957,2025-01-24,2025-01-23T21:23:42.000Z,2025-01-23
USCB_2025-01-24_car,USCB,2025-01-27,8k_item202_car_ge5_pit,0.076684,2025-01-24,2025-01-23T21:00:17.000Z,2025-01-23
CBNK_2025-01-28_car,CBNK,2025-01-29,8k_item202_car_ge5_pit,0.079291,2025-01-28,2025-01-27T21:20:01.000Z,2025-01-27
CHMG_2025-01-29_car,CHMG,2025-01-30,8k_item202_car_ge5_pit,0.090184,2025-01-29,2025-01-28T21:20:34.000Z,2025-01-28
WNEB_2025-01-29_car,WNEB,2025-01-30,8k_item202_car_ge5_pit,0.057698,2025-01-29,2025-01-28T21:30:51.000Z,2025-01-28
ONEW_2025-01-30_car,ONEW,2025-01-31,8k_item202_car_ge5_pit,0.177182,2025-01-30,2025-01-30T12:05:30.000Z,2025-01-30
FBIZ_2025-01-31_car,FBIZ,2025-02-03,8k_item202_car_ge5_pit,0.071753,2025-01-31,2025-01-30T21:00:29.000Z,2025-01-30
SES_2025-01-31_car,SES,2025-02-03,8k_item202_car_ge5_pit,0.116777,2025-01-31,2025-01-31T12:00:32.000Z,2025-01-31
FLXS_2025-02-04_car,FLXS,2025-02-05,8k_item202_car_ge5_pit,0.225932,2025-02-04,2025-02-03T21:11:49.000Z,2025-02-03
AVNW_2025-02-05_car,AVNW,2025-02-06,8k_item202_car_ge5_pit,0.188076,2025-02-05,2025-02-04T21:08:20.000Z,2025-02-04
FUNC_2025-02-06_car,FUNC,2025-02-07,8k_item202_car_ge5_pit,0.202368,2025-02-06,2025-02-05T21:48:02.000Z,2025-02-05
FXNC_2025-02-06_car,FXNC,2025-02-07,8k_item202_car_ge5_pit,0.055631,2025-02-06,2025-02-06T18:43:38.000Z,2025-02-06
MCFT_2025-02-06_car,MCFT,2025-02-07,8k_item202_car_ge5_pit,0.087902,2025-02-06,2025-02-06T12:31:33.000Z,2025-02-06
IBEX_2025-02-07_car,IBEX,2025-02-10,8k_item202_car_ge5_pit,0.130084,2025-02-07,2025-02-06T21:09:42.000Z,2025-02-06
MPAA_2025-02-10_car,MPAA,2025-02-11,8k_item202_car_ge5_pit,0.173313,2025-02-10,2025-02-10T12:58:17.000Z,2025-02-10
ENTA_2025-02-11_car,ENTA,2025-02-12,8k_item202_car_ge5_pit,0.198382,2025-02-11,2025-02-10T21:05:08.000Z,2025-02-10
ESOA_2025-02-11_car,ESOA,2025-02-12,8k_item202_car_ge5_pit,0.065084,2025-02-11,2025-02-10T21:36:26.000Z,2025-02-10
ANGI_2025-02-12_car,ANGI,2025-02-13,8k_item202_car_ge5_pit,0.056282,2025-02-12,2025-02-11T21:12:20.000Z,2025-02-11
ELMD_2025-02-12_car,ELMD,2025-02-13,8k_item202_car_ge5_pit,0.130027,2025-02-12,2025-02-11T21:05:32.000Z,2025-02-11
MTW_2025-02-13_car,MTW,2025-02-14,8k_item202_car_ge5_pit,0.119482,2025-02-13,2025-02-12T21:21:00.000Z,2025-02-12
OPRT_2025-02-13_car,OPRT,2025-02-14,8k_item202_car_ge5_pit,0.270372,2025-02-13,2025-02-12T21:52:32.000Z,2025-02-12
BNTC_2025-02-14_car,BNTC,2025-02-18,8k_item202_car_ge5_pit,0.157938,2025-02-14,2025-02-14T13:19:07.000Z,2025-02-14
CPS_2025-02-14_car,CPS,2025-02-18,8k_item202_car_ge5_pit,0.074347,2025-02-14,2025-02-14T12:03:46.000Z,2025-02-14
NUS_2025-02-14_car,NUS,2025-02-18,8k_item202_car_ge5_pit,0.129512,2025-02-14,2025-02-13T21:21:31.000Z,2025-02-13
RCEL_2025-02-14_car,RCEL,2025-02-18,8k_item202_car_ge5_pit,0.17479,2025-02-14,2025-02-13T21:05:10.000Z,2025-02-13
INSG_2025-02-20_car,INSG,2025-02-21,8k_item202_car_ge5_pit,0.052496,2025-02-20,2025-02-19T21:05:37.000Z,2025-02-19
LUNG_2025-02-20_car,LUNG,2025-02-21,8k_item202_car_ge5_pit,0.370591,2025-02-20,2025-02-19T21:09:24.000Z,2025-02-19
LAW_2025-02-21_car,LAW,2025-02-24,8k_item202_car_ge5_pit,0.051577,2025-02-21,2025-02-20T21:12:07.000Z,2025-02-20
BOOM_2025-02-25_car,BOOM,2025-02-26,8k_item202_car_ge5_pit,0.070656,2025-02-25,2025-02-24T21:05:00.000Z,2025-02-24
HVT_2025-02-25_car,HVT,2025-02-26,8k_item202_car_ge5_pit,0.070853,2025-02-25,2025-02-24T21:31:19.000Z,2025-02-24
HY_2025-02-26_car,HY,2025-02-27,8k_item202_car_ge5_pit,0.054885,2025-02-26,2025-02-25T21:49:56.000Z,2025-02-25
SSTI_2025-02-26_car,SSTI,2025-02-27,8k_item202_car_ge5_pit,0.204061,2025-02-26,2025-02-25T21:10:11.000Z,2025-02-25
HBB_2025-02-27_car,HBB,2025-02-28,8k_item202_car_ge5_pit,0.089432,2025-02-27,2025-02-26T21:08:13.000Z,2025-02-26
LNSR_2025-02-27_car,LNSR,2025-02-28,8k_item202_car_ge5_pit,0.373362,2025-02-27,2025-02-27T12:30:08.000Z,2025-02-27
NEWT_2025-02-27_car,NEWT,2025-02-28,8k_item202_car_ge5_pit,0.062748,2025-02-27,2025-02-26T22:28:47.000Z,2025-02-26
RRGB_2025-02-27_car,RRGB,2025-02-28,8k_item202_car_ge5_pit,0.246181,2025-02-27,2025-02-26T21:10:35.000Z,2025-02-26
SRI_2025-02-27_car,SRI,2025-02-28,8k_item202_car_ge5_pit,0.338701,2025-02-27,2025-02-26T21:58:15.000Z,2025-02-26
EXFY_2025-02-28_car,EXFY,2025-03-03,8k_item202_car_ge5_pit,0.113989,2025-02-28,2025-02-27T21:10:23.000Z,2025-02-27
PBYI_2025-02-28_car,PBYI,2025-03-03,8k_item202_car_ge5_pit,0.122589,2025-02-28,2025-02-27T21:22:28.000Z,2025-02-27
RMNI_2025-02-28_car,RMNI,2025-03-03,8k_item202_car_ge5_pit,0.218581,2025-02-28,2025-02-27T21:04:27.000Z,2025-02-27
BDSX_2025-03-04_car,BDSX,2025-03-05,8k_item202_car_ge5_pit,0.221412,2025-03-04,2025-03-03T21:03:07.000Z,2025-03-03
GENC_2025-03-04_car,GENC,2025-03-05,8k_item202_car_ge5_pit,0.060383,2025-03-04,2025-03-03T21:14:04.000Z,2025-03-03
MASS_2025-03-04_car,MASS,2025-03-05,8k_item202_car_ge5_pit,0.703236,2025-03-04,2025-03-04T13:00:45.000Z,2025-03-04
RILY_2025-03-04_car,RILY,2025-03-05,8k_item202_car_ge5_pit,0.056772,2025-03-04,2025-03-03T21:15:20.000Z,2025-03-03
STIM_2025-03-04_car,STIM,2025-03-05,8k_item202_car_ge5_pit,0.273517,2025-03-04,2025-03-04T12:00:54.000Z,2025-03-04
ACNT_2025-03-05_car,ACNT,2025-03-06,8k_item202_car_ge5_pit,0.078687,2025-03-05,2025-03-04T21:13:26.000Z,2025-03-04
ATNI_2025-03-05_car,ATNI,2025-03-06,8k_item202_car_ge5_pit,0.142059,2025-03-05,2025-03-05T00:36:45.000Z,2025-03-05
CPIX_2025-03-05_car,CPIX,2025-03-06,8k_item202_car_ge5_pit,0.099756,2025-03-05,2025-03-04T22:09:59.000Z,2025-03-04
CRCT_2025-03-05_car,CRCT,2025-03-06,8k_item202_car_ge5_pit,0.095317,2025-03-05,2025-03-04T21:07:51.000Z,2025-03-04
CTOS_2025-03-05_car,CTOS,2025-03-06,8k_item202_car_ge5_pit,0.238537,2025-03-05,2025-03-04T21:17:45.000Z,2025-03-04
CXDO_2025-03-05_car,CXDO,2025-03-06,8k_item202_car_ge5_pit,0.177038,2025-03-05,2025-03-04T21:03:10.000Z,2025-03-04
MFIN_2025-03-05_car,MFIN,2025-03-06,8k_item202_car_ge5_pit,0.076962,2025-03-05,2025-03-04T21:05:09.000Z,2025-03-04
NAGE_2025-03-05_car,NAGE,2025-03-06,8k_item202_car_ge5_pit,0.380408,2025-03-05,2025-03-04T21:02:10.000Z,2025-03-04
SWIM_2025-03-05_car,SWIM,2025-03-06,8k_item202_car_ge5_pit,0.386315,2025-03-05,2025-03-04T21:11:09.000Z,2025-03-04
TARA_2025-03-05_car,TARA,2025-03-06,8k_item202_car_ge5_pit,0.173861,2025-03-05,2025-03-05T13:07:29.000Z,2025-03-05
CLMB_2025-03-06_car,CLMB,2025-03-07,8k_item202_car_ge5_pit,0.122085,2025-03-06,2025-03-05T21:06:53.000Z,2025-03-05
CRMT_2025-03-06_car,CRMT,2025-03-07,8k_item202_car_ge5_pit,0.173351,2025-03-06,2025-03-05T22:41:59.000Z,2025-03-06
DSGR_2025-03-06_car,DSGR,2025-03-07,8k_item202_car_ge5_pit,0.110985,2025-03-06,2025-03-06T12:40:47.000Z,2025-03-06
MG_2025-03-06_car,MG,2025-03-07,8k_item202_car_ge5_pit,0.139558,2025-03-06,2025-03-05T21:25:46.000Z,2025-03-05
OFLX_2025-03-06_car,OFLX,2025-03-07,8k_item202_car_ge5_pit,0.076345,2025-03-06,2025-03-05T21:01:38.000Z,2025-03-05
PKOH_2025-03-06_car,PKOH,2025-03-07,8k_item202_car_ge5_pit,0.066193,2025-03-06,2025-03-05T21:13:01.000Z,2025-03-05
ASLE_2025-03-07_car,ASLE,2025-03-10,8k_item202_car_ge5_pit,0.141406,2025-03-07,2025-03-06T21:05:18.000Z,2025-03-06
ASUR_2025-03-07_car,ASUR,2025-03-10,8k_item202_car_ge5_pit,0.065556,2025-03-07,2025-03-06T21:01:16.000Z,2025-03-06
CTNM_2025-03-07_car,CTNM,2025-03-10,8k_item202_car_ge5_pit,0.170248,2025-03-07,2025-03-06T21:08:27.000Z,2025-03-06
DOMO_2025-03-07_car,DOMO,2025-03-10,8k_item202_car_ge5_pit,0.15735,2025-03-07,2025-03-06T21:30:46.000Z,2025-03-06
HDSN_2025-03-07_car,HDSN,2025-03-10,8k_item202_car_ge5_pit,0.058613,2025-03-07,2025-03-06T21:15:17.000Z,2025-03-06
III_2025-03-07_car,III,2025-03-10,8k_item202_car_ge5_pit,0.066341,2025-03-07,2025-03-06T21:32:40.000Z,2025-03-06
FENC_2025-03-11_car,FENC,2025-03-12,8k_item202_car_ge5_pit,0.06688,2025-03-11,2025-03-10T20:46:12.000Z,2025-03-10
LFMD_2025-03-11_car,LFMD,2025-03-12,8k_item202_car_ge5_pit,0.354338,2025-03-11,2025-03-10T20:10:29.000Z,2025-03-10
VMD_2025-03-11_car,VMD,2025-03-12,8k_item202_car_ge5_pit,0.058456,2025-03-11,2025-03-10T21:03:32.000Z,2025-03-10
XGN_2025-03-11_car,XGN,2025-03-12,8k_item202_car_ge5_pit,0.171471,2025-03-11,2025-03-11T12:00:19.000Z,2025-03-11
BWMN_2025-03-12_car,BWMN,2025-03-13,8k_item202_car_ge5_pit,0.258095,2025-03-12,2025-03-11T20:35:03.000Z,2025-03-11
CURI_2025-03-12_car,CURI,2025-03-13,8k_item202_car_ge5_pit,0.202407,2025-03-12,2025-03-11T20:12:41.000Z,2025-03-11
NSLR_2025-03-12_car,NSLR,2025-03-13,8k_item202_car_ge5_pit,0.066918,2025-03-12,2025-03-11T21:32:39.000Z,2025-03-12
OPRX_2025-03-12_car,OPRX,2025-03-13,8k_item202_car_ge5_pit,0.735148,2025-03-12,2025-03-12T11:45:15.000Z,2025-03-12
TG_2025-03-12_car,TG,2025-03-13,8k_item202_car_ge5_pit,0.078891,2025-03-12,2025-03-12T12:22:02.000Z,2025-03-12
CIA_2025-03-14_car,CIA,2025-03-17,8k_item202_car_ge5_pit,0.105104,2025-03-14,2025-03-13T20:12:12.000Z,2025-03-13
EVCM_2025-03-14_car,EVCM,2025-03-17,8k_item202_car_ge5_pit,0.08544,2025-03-14,2025-03-13T20:08:42.000Z,2025-03-13
NOTE_2025-03-14_car,NOTE,2025-03-17,8k_item202_car_ge5_pit,0.059557,2025-03-14,2025-03-13T21:01:55.000Z,2025-03-13
PANL_2025-03-14_car,PANL,2025-03-17,8k_item202_car_ge5_pit,0.099573,2025-03-14,2025-03-13T21:07:29.000Z,2025-03-13
ZUMZ_2025-03-14_car,ZUMZ,2025-03-17,8k_item202_car_ge5_pit,0.114666,2025-03-14,2025-03-13T20:15:09.000Z,2025-03-13
PLX_2025-03-17_car,PLX,2025-03-18,8k_item202_car_ge5_pit,0.052287,2025-03-17,2025-03-17T10:55:30.000Z,2025-03-17
CRVO_2025-03-19_car,CRVO,2025-03-20,8k_item202_car_ge5_pit,0.22972,2025-03-19,2025-03-18T20:06:53.000Z,2025-03-18
TITN_2025-03-20_car,TITN,2025-03-21,8k_item202_car_ge5_pit,0.160064,2025-03-20,2025-03-20T11:44:26.000Z,2025-03-20
CURV_2025-03-21_car,CURV,2025-03-24,8k_item202_car_ge5_pit,0.057705,2025-03-21,2025-03-20T20:20:26.000Z,2025-03-20
LXEO_2025-03-24_car,LXEO,2025-03-25,8k_item202_car_ge5_pit,0.618021,2025-03-24,2025-03-24T11:01:55.000Z,2025-03-24
ARTNA_2025-03-26_car,ARTNA,2025-03-27,8k_item202_car_ge5_pit,0.050242,2025-03-26,2025-03-26T14:12:44.000Z,2025-03-26
CING_2025-03-26_car,CING,2025-03-27,8k_item202_car_ge5_pit,0.102062,2025-03-26,2025-03-26T13:05:34.000Z,2025-03-26
BKTI_2025-03-27_car,BKTI,2025-03-28,8k_item202_car_ge5_pit,0.252669,2025-03-27,2025-03-27T12:00:15.000Z,2025-03-27
ZNTL_2025-03-27_car,ZNTL,2025-03-28,8k_item202_car_ge5_pit,0.05115,2025-03-27,2025-03-26T20:19:53.000Z,2025-03-26
INMB_2025-03-28_car,INMB,2025-03-31,8k_item202_car_ge5_pit,0.067542,2025-03-28,2025-03-27T20:30:23.000Z,2025-03-27
FTCI_2025-03-31_car,FTCI,2025-04-01,8k_item202_car_ge5_pit,0.090444,2025-03-31,2025-03-31T10:40:06.000Z,2025-03-31
HURA_2025-04-01_car,HURA,2025-04-02,8k_item202_car_ge5_pit,0.068229,2025-04-01,2025-04-01T12:00:13.000Z,2025-04-01
FGNX_2025-04-03_car,FGNX,2025-04-04,8k_item202_car_ge5_pit,0.080395,2025-04-03,2025-04-02T20:15:24.000Z,2025-04-02
GENC_2025-04-03_car,GENC,2025-04-04,8k_item202_car_ge5_pit,0.070942,2025-04-03,2025-04-03T12:00:26.000Z,2025-04-03
SKIL_2025-04-15_car,SKIL,2025-04-16,8k_item202_car_ge5_pit,0.254193,2025-04-15,2025-04-14T20:06:30.000Z,2025-04-14
HOFT_2025-04-17_car,HOFT,2025-04-21,8k_item202_car_ge5_pit,0.212635,2025-04-17,2025-04-17T10:01:19.000Z,2025-04-17
BVFL_2025-04-21_car,BVFL,2025-04-22,8k_item202_car_ge5_pit,0.057803,2025-04-21,2025-04-18T18:55:48.000Z,2025-04-18
CCBG_2025-04-21_car,CCBG,2025-04-22,8k_item202_car_ge5_pit,0.051174,2025-04-21,2025-04-21T14:22:31.000Z,2025-04-21
HBT_2025-04-21_car,HBT,2025-04-22,8k_item202_car_ge5_pit,0.055248,2025-04-21,2025-04-21T11:04:20.000Z,2025-04-21
ISTR_2025-04-21_car,ISTR,2025-04-22,8k_item202_car_ge5_pit,0.131656,2025-04-21,2025-04-21T10:01:23.000Z,2025-04-21
MCBS_2025-04-21_car,MCBS,2025-04-22,8k_item202_car_ge5_pit,0.056204,2025-04-21,2025-04-18T17:01:26.000Z,2025-04-18
PKBK_2025-04-21_car,PKBK,2025-04-22,8k_item202_car_ge5_pit,0.079362,2025-04-21,2025-04-17T20:13:01.000Z,2025-04-17
FLXS_2025-04-22_car,FLXS,2025-04-23,8k_item202_car_ge5_pit,0.053888,2025-04-22,2025-04-21T20:15:54.000Z,2025-04-21
HNVR_2025-04-23_car,HNVR,2025-04-24,8k_item202_car_ge5_pit,0.065947,2025-04-23,2025-04-23T12:10:11.000Z,2025-04-23
MIND_2025-04-23_car,MIND,2025-04-24,8k_item202_car_ge5_pit,0.167174,2025-04-23,2025-04-22T20:29:20.000Z,2025-04-22
MYFW_2025-04-25_car,MYFW,2025-04-28,8k_item202_car_ge5_pit,0.103266,2025-04-25,2025-04-24T20:16:04.000Z,2025-04-24
OPBK_2025-04-25_car,OPBK,2025-04-28,8k_item202_car_ge5_pit,0.065133,2025-04-25,2025-04-24T20:44:58.000Z,2025-04-24
PDLB_2025-04-25_car,PDLB,2025-04-28,8k_item202_car_ge5_pit,0.090077,2025-04-25,2025-04-25T11:43:50.000Z,2025-04-25
CBNK_2025-04-29_car,CBNK,2025-04-30,8k_item202_car_ge5_pit,0.110345,2025-04-29,2025-04-28T20:21:59.000Z,2025-04-28
FMAO_2025-04-29_car,FMAO,2025-04-30,8k_item202_car_ge5_pit,0.124244,2025-04-29,2025-04-28T21:20:10.000Z,2025-04-28
TZOO_2025-04-29_car,TZOO,2025-04-30,8k_item202_car_ge5_pit,0.101129,2025-04-29,2025-04-29T19:14:13.000Z,2025-04-29
GIC_2025-04-30_car,GIC,2025-05-01,8k_item202_car_ge5_pit,0.146637,2025-04-30,2025-04-29T20:36:22.000Z,2025-04-29
RCKY_2025-04-30_car,RCKY,2025-05-01,8k_item202_car_ge5_pit,0.259897,2025-04-30,2025-04-29T20:11:04.000Z,2025-04-29
SMP_2025-04-30_car,SMP,2025-05-01,8k_item202_car_ge5_pit,0.12675,2025-04-30,2025-04-30T13:45:26.000Z,2025-04-30
STEM_2025-04-30_car,STEM,2025-05-01,8k_item202_car_ge5_pit,0.286489,2025-04-30,2025-04-29T20:32:37.000Z,2025-04-29
GBFH_2025-05-01_car,GBFH,2025-05-02,8k_item202_car_ge5_pit,0.057964,2025-05-01,2025-05-01T16:40:05.000Z,2025-05-01
HVT_2025-05-01_car,HVT,2025-05-02,8k_item202_car_ge5_pit,0.090299,2025-05-01,2025-04-30T20:34:05.000Z,2025-04-30
LARK_2025-05-01_car,LARK,2025-05-02,8k_item202_car_ge5_pit,0.060559,2025-05-01,2025-04-30T21:22:44.000Z,2025-04-30
SPOK_2025-05-01_car,SPOK,2025-05-02,8k_item202_car_ge5_pit,0.111158,2025-05-01,2025-04-30T20:01:18.000Z,2025-04-30
SRI_2025-05-01_car,SRI,2025-05-02,8k_item202_car_ge5_pit,0.112679,2025-05-01,2025-04-30T21:20:36.000Z,2025-04-30
UIS_2025-05-01_car,UIS,2025-05-02,8k_item202_car_ge5_pit,0.119022,2025-05-01,2025-04-30T20:37:49.000Z,2025-04-30
AIRS_2025-05-02_car,AIRS,2025-05-05,8k_item202_car_ge5_pit,0.066197,2025-05-02,2025-05-02T10:01:26.000Z,2025-05-02
AMWL_2025-05-02_car,AMWL,2025-05-05,8k_item202_car_ge5_pit,0.171912,2025-05-02,2025-05-01T20:10:12.000Z,2025-05-01
ASIX_2025-05-02_car,ASIX,2025-05-05,8k_item202_car_ge5_pit,0.051539,2025-05-02,2025-05-02T10:31:00.000Z,2025-05-02
BOOM_2025-05-02_car,BOOM,2025-05-05,8k_item202_car_ge5_pit,0.074696,2025-05-02,2025-05-01T20:06:27.000Z,2025-05-01
CPS_2025-05-02_car,CPS,2025-05-05,8k_item202_car_ge5_pit,0.517256,2025-05-02,2025-05-02T11:02:20.000Z,2025-05-02
GSIT_2025-05-02_car,GSIT,2025-05-05,8k_item202_car_ge5_pit,0.16295,2025-05-02,2025-05-01T20:05:19.000Z,2025-05-01
PPIH_2025-05-02_car,PPIH,2025-05-05,8k_item202_car_ge5_pit,0.181536,2025-05-02,2025-05-01T20:14:32.000Z,2025-05-01
XGN_2025-05-05_car,XGN,2025-05-06,8k_item202_car_ge5_pit,0.08049,2025-05-05,2025-05-05T12:01:54.000Z,2025-05-05
ACEL_2025-05-06_car,ACEL,2025-05-07,8k_item202_car_ge5_pit,0.080467,2025-05-06,2025-05-05T20:17:39.000Z,2025-05-05
GNE_2025-05-06_car,GNE,2025-05-07,8k_item202_car_ge5_pit,0.050654,2025-05-06,2025-05-06T11:30:37.000Z,2025-05-06
NMFC_2025-05-06_car,NMFC,2025-05-07,8k_item202_car_ge5_pit,0.053368,2025-05-06,2025-05-05T20:16:38.000Z,2025-05-05
ANGI_2025-05-07_car,ANGI,2025-05-08,8k_item202_car_ge5_pit,0.320353,2025-05-07,2025-05-06T20:15:12.000Z,2025-05-06
ATOM_2025-05-07_car,ATOM,2025-05-08,8k_item202_car_ge5_pit,0.270849,2025-05-07,2025-05-06T20:45:20.000Z,2025-05-06
AVNW_2025-05-07_car,AVNW,2025-05-08,8k_item202_car_ge5_pit,0.051329,2025-05-07,2025-05-06T20:22:55.000Z,2025-05-06
BWMN_2025-05-07_car,BWMN,2025-05-08,8k_item202_car_ge5_pit,0.078343,2025-05-07,2025-05-06T21:02:02.000Z,2025-05-06
CRCT_2025-05-07_car,CRCT,2025-05-08,8k_item202_car_ge5_pit,0.257042,2025-05-07,2025-05-06T20:10:14.000Z,2025-05-06
CURI_2025-05-07_car,CURI,2025-05-08,8k_item202_car_ge5_pit,0.343343,2025-05-07,2025-05-06T20:10:12.000Z,2025-05-06
FOA_2025-05-07_car,FOA,2025-05-08,8k_item202_car_ge5_pit,0.059748,2025-05-07,2025-05-06T20:06:18.000Z,2025-05-06
FORR_2025-05-07_car,FORR,2025-05-08,8k_item202_car_ge5_pit,0.090649,2025-05-07,2025-05-06T20:04:14.000Z,2025-05-06
HGTY_2025-05-07_car,HGTY,2025-05-08,8k_item202_car_ge5_pit,0.08114,2025-05-07,2025-05-07T11:08:25.000Z,2025-05-07
KE_2025-05-07_car,KE,2025-05-08,8k_item202_car_ge5_pit,0.232169,2025-05-07,2025-05-06T21:24:54.000Z,2025-05-06
MCFT_2025-05-07_car,MCFT,2025-05-08,8k_item202_car_ge5_pit,0.095895,2025-05-07,2025-05-07T11:31:30.000Z,2025-05-07
MTW_2025-05-07_car,MTW,2025-05-08,8k_item202_car_ge5_pit,0.166255,2025-05-07,2025-05-06T20:10:36.000Z,2025-05-06
NEWT_2025-05-07_car,NEWT,2025-05-08,8k_item202_car_ge5_pit,0.060076,2025-05-07,2025-05-06T20:17:27.000Z,2025-05-06
TWIN_2025-05-07_car,TWIN,2025-05-08,8k_item202_car_ge5_pit,0.076774,2025-05-07,2025-05-07T12:30:13.000Z,2025-05-07
ACTG_2025-05-08_car,ACTG,2025-05-09,8k_item202_car_ge5_pit,0.222328,2025-05-08,2025-05-08T11:39:16.000Z,2025-05-08
HDSN_2025-05-08_car,HDSN,2025-05-09,8k_item202_car_ge5_pit,0.106089,2025-05-08,2025-05-07T20:10:25.000Z,2025-05-07
INFU_2025-05-08_car,INFU,2025-05-09,8k_item202_car_ge5_pit,0.124842,2025-05-08,2025-05-08T10:27:27.000Z,2025-05-08
KELYA_2025-05-08_car,KELYA,2025-05-09,8k_item202_car_ge5_pit,0.055773,2025-05-08,2025-05-08T11:35:25.000Z,2025-05-08
KRMD_2025-05-08_car,KRMD,2025-05-09,8k_item202_car_ge5_pit,0.152403,2025-05-08,2025-05-07T20:21:14.000Z,2025-05-07
KRRO_2025-05-08_car,KRRO,2025-05-09,8k_item202_car_ge5_pit,0.111329,2025-05-08,2025-05-07T20:35:10.000Z,2025-05-07
LAW_2025-05-08_car,LAW,2025-05-09,8k_item202_car_ge5_pit,0.093489,2025-05-08,2025-05-07T20:21:25.000Z,2025-05-07
MATV_2025-05-08_car,MATV,2025-05-09,8k_item202_car_ge5_pit,0.121552,2025-05-08,2025-05-07T20:05:51.000Z,2025-05-07
MLR_2025-05-08_car,MLR,2025-05-09,8k_item202_car_ge5_pit,0.064391,2025-05-08,2025-05-07T20:42:26.000Z,2025-05-07
NAGE_2025-05-08_car,NAGE,2025-05-09,8k_item202_car_ge5_pit,0.053487,2025-05-08,2025-05-07T20:01:53.000Z,2025-05-07
OM_2025-05-08_car,OM,2025-05-09,8k_item202_car_ge5_pit,0.297552,2025-05-08,2025-05-07T20:15:09.000Z,2025-05-07
RCMT_2025-05-08_car,RCMT,2025-05-09,8k_item202_car_ge5_pit,0.114784,2025-05-08,2025-05-07T20:31:05.000Z,2025-05-07
SD_2025-05-08_car,SD,2025-05-09,8k_item202_car_ge5_pit,0.063538,2025-05-08,2025-05-07T21:17:38.000Z,2025-05-07
TCPC_2025-05-08_car,TCPC,2025-05-09,8k_item202_car_ge5_pit,0.083574,2025-05-08,2025-05-08T12:10:08.000Z,2025-05-08
TPVG_2025-05-08_car,TPVG,2025-05-09,8k_item202_car_ge5_pit,0.055644,2025-05-08,2025-05-07T20:21:32.000Z,2025-05-07
XPER_2025-05-08_car,XPER,2025-05-09,8k_item202_car_ge5_pit,0.159783,2025-05-08,2025-05-07T20:10:10.000Z,2025-05-07
EVCM_2025-05-09_car,EVCM,2025-05-12,8k_item202_car_ge5_pit,0.06682,2025-05-09,2025-05-08T20:11:36.000Z,2025-05-08
GYRE_2025-05-09_car,GYRE,2025-05-12,8k_item202_car_ge5_pit,0.110674,2025-05-09,2025-05-09T00:30:09.000Z,2025-05-09
IBEX_2025-05-09_car,IBEX,2025-05-12,8k_item202_car_ge5_pit,0.064138,2025-05-09,2025-05-08T20:20:07.000Z,2025-05-08
III_2025-05-09_car,III,2025-05-12,8k_item202_car_ge5_pit,0.168269,2025-05-09,2025-05-08T20:52:38.000Z,2025-05-08
NUS_2025-05-09_car,NUS,2025-05-12,8k_item202_car_ge5_pit,0.176061,2025-05-09,2025-05-08T20:16:05.000Z,2025-05-08
OPRT_2025-05-09_car,OPRT,2025-05-12,8k_item202_car_ge5_pit,0.06583,2025-05-09,2025-05-08T20:18:24.000Z,2025-05-08
PAYS_2025-05-09_car,PAYS,2025-05-12,8k_item202_car_ge5_pit,0.05683,2025-05-09,2025-05-08T20:05:45.000Z,2025-05-08
SIGA_2025-05-09_car,SIGA,2025-05-12,8k_item202_car_ge5_pit,0.060181,2025-05-09,2025-05-08T20:05:21.000Z,2025-05-08
TASK_2025-05-09_car,TASK,2025-05-12,8k_item202_car_ge5_pit,0.142121,2025-05-09,2025-05-09T12:52:37.000Z,2025-05-09
TBCH_2025-05-09_car,TBCH,2025-05-12,8k_item202_car_ge5_pit,0.127822,2025-05-09,2025-05-08T20:30:17.000Z,2025-05-08
TKNO_2025-05-09_car,TKNO,2025-05-12,8k_item202_car_ge5_pit,0.076589,2025-05-09,2025-05-08T20:15:48.000Z,2025-05-08
WEST_2025-05-09_car,WEST,2025-05-12,8k_item202_car_ge5_pit,0.164204,2025-05-09,2025-05-08T20:10:21.000Z,2025-05-08
CWCO_2025-05-13_car,CWCO,2025-05-14,8k_item202_car_ge5_pit,0.072262,2025-05-13,2025-05-13T14:45:19.000Z,2025-05-13
FF_2025-05-13_car,FF,2025-05-14,8k_item202_car_ge5_pit,0.053838,2025-05-13,2025-05-12T20:15:16.000Z,2025-05-12
MX_2025-05-13_car,MX,2025-05-14,8k_item202_car_ge5_pit,0.084924,2025-05-13,2025-05-12T20:20:50.000Z,2025-05-12
NGS_2025-05-13_car,NGS,2025-05-14,8k_item202_car_ge5_pit,0.155148,2025-05-13,2025-05-12T20:11:39.000Z,2025-05-12
OPRX_2025-05-13_car,OPRX,2025-05-14,8k_item202_car_ge5_pit,0.091023,2025-05-13,2025-05-12T20:08:06.000Z,2025-05-12
RWAY_2025-05-13_car,RWAY,2025-05-14,8k_item202_car_ge5_pit,0.058918,2025-05-13,2025-05-12T20:05:27.000Z,2025-05-12
NPCE_2025-05-14_car,NPCE,2025-05-15,8k_item202_car_ge5_pit,0.31275,2025-05-14,2025-05-13T20:08:23.000Z,2025-05-13
AURA_2025-05-15_car,AURA,2025-05-16,8k_item202_car_ge5_pit,0.203036,2025-05-15,2025-05-15T10:02:09.000Z,2025-05-15
DERM_2025-05-15_car,DERM,2025-05-16,8k_item202_car_ge5_pit,0.150392,2025-05-15,2025-05-14T20:05:58.000Z,2025-05-14
AISP_2025-05-16_car,AISP,2025-05-19,8k_item202_car_ge5_pit,0.348626,2025-05-16,2025-05-15T20:17:15.000Z,2025-05-15
RVPH_2025-05-16_car,RVPH,2025-05-19,8k_item202_car_ge5_pit,0.053352,2025-05-16,2025-05-15T20:10:24.000Z,2025-05-15
DOMO_2025-05-22_car,DOMO,2025-05-23,8k_item202_car_ge5_pit,0.333919,2025-05-22,2025-05-21T20:16:26.000Z,2025-05-21
RRGB_2025-05-30_car,RRGB,2025-06-02,8k_item202_car_ge5_pit,0.874086,2025-05-30,2025-05-29T20:10:22.000Z,2025-05-29
PPIH_2025-06-13_car,PPIH,2025-06-16,8k_item202_car_ge5_pit,0.517901,2025-06-13,2025-06-13T13:13:59.000Z,2025-06-13
GTN_2025-07-08_car,GTN,2025-07-09,8k_item202_car_ge5_pit,0.178487,2025-07-08,2025-07-08T12:44:23.000Z,2025-07-08
CENT_2025-07-11_car,CENT,2025-07-14,8k_item202_car_ge5_pit,0.112999,2025-07-11,2025-07-11T13:20:05.000Z,2025-07-11
SMID_2025-07-11_car,SMID,2025-07-14,8k_item202_car_ge5_pit,0.06933,2025-07-11,2025-07-10T20:05:34.000Z,2025-07-10
RRGB_2025-07-15_car,RRGB,2025-07-16,8k_item202_car_ge5_pit,0.118173,2025-07-15,2025-07-14T20:10:16.000Z,2025-07-14
PKBK_2025-07-16_car,PKBK,2025-07-17,8k_item202_car_ge5_pit,0.059331,2025-07-16,2025-07-16T12:33:37.000Z,2025-07-16
BSVN_2025-07-17_car,BSVN,2025-07-18,8k_item202_car_ge5_pit,0.058899,2025-07-17,2025-07-17T12:00:47.000Z,2025-07-17
FOR_2025-07-22_car,FOR,2025-07-23,8k_item202_car_ge5_pit,0.156203,2025-07-22,2025-07-22T16:11:23.000Z,2025-07-22
MNSB_2025-07-22_car,MNSB,2025-07-23,8k_item202_car_ge5_pit,0.07489,2025-07-22,2025-07-22T11:36:30.000Z,2025-07-22
RBB_2025-07-22_car,RBB,2025-07-23,8k_item202_car_ge5_pit,0.054362,2025-07-22,2025-07-21T23:37:43.000Z,2025-07-22
WNEB_2025-07-23_car,WNEB,2025-07-24,8k_item202_car_ge5_pit,0.111356,2025-07-23,2025-07-22T20:19:20.000Z,2025-07-22
RELL_2025-07-24_car,RELL,2025-07-25,8k_item202_car_ge5_pit,0.071108,2025-07-24,2025-07-23T20:24:40.000Z,2025-07-23
EAF_2025-07-25_car,EAF,2025-07-28,8k_item202_car_ge5_pit,0.210843,2025-07-25,2025-07-25T10:52:29.000Z,2025-07-25
FINW_2025-07-25_car,FINW,2025-07-28,8k_item202_car_ge5_pit,0.110332,2025-07-25,2025-07-24T20:16:15.000Z,2025-07-24
GENC_2025-07-25_car,GENC,2025-07-28,8k_item202_car_ge5_pit,0.13829,2025-07-25,2025-07-25T11:20:46.000Z,2025-07-25
USCB_2025-07-25_car,USCB,2025-07-28,8k_item202_car_ge5_pit,0.073444,2025-07-25,2025-07-24T20:04:23.000Z,2025-07-24
BWFG_2025-07-28_car,BWFG,2025-07-29,8k_item202_car_ge5_pit,0.056646,2025-07-28,2025-07-28T11:06:27.000Z,2025-07-28
RNGR_2025-07-29_car,RNGR,2025-07-30,8k_item202_car_ge5_pit,0.100344,2025-07-29,2025-07-28T21:08:37.000Z,2025-07-28
XGN_2025-07-29_car,XGN,2025-07-30,8k_item202_car_ge5_pit,0.171688,2025-07-29,2025-07-29T12:02:38.000Z,2025-07-29
GIC_2025-07-30_car,GIC,2025-07-31,8k_item202_car_ge5_pit,0.261369,2025-07-30,2025-07-29T20:56:43.000Z,2025-07-29
RCKY_2025-07-30_car,RCKY,2025-07-31,8k_item202_car_ge5_pit,0.143387,2025-07-30,2025-07-29T20:07:47.000Z,2025-07-29
CLMB_2025-07-31_car,CLMB,2025-08-01,8k_item202_car_ge5_pit,0.115707,2025-07-31,2025-07-30T20:07:28.000Z,2025-07-30
CTOS_2025-07-31_car,CTOS,2025-08-01,8k_item202_car_ge5_pit,0.100782,2025-07-31,2025-07-30T20:11:15.000Z,2025-07-30
HDSN_2025-07-31_car,HDSN,2025-08-01,8k_item202_car_ge5_pit,0.167917,2025-07-31,2025-07-30T20:10:43.000Z,2025-07-30
MDXG_2025-07-31_car,MDXG,2025-08-01,8k_item202_car_ge5_pit,0.11824,2025-07-31,2025-07-30T20:03:53.000Z,2025-07-30
ONEW_2025-07-31_car,ONEW,2025-08-01,8k_item202_car_ge5_pit,0.101811,2025-07-31,2025-07-31T11:04:58.000Z,2025-07-31
RM_2025-07-31_car,RM,2025-08-01,8k_item202_car_ge5_pit,0.074725,2025-07-31,2025-07-30T20:19:25.000Z,2025-07-30
SPOK_2025-07-31_car,SPOK,2025-08-01,8k_item202_car_ge5_pit,0.106986,2025-07-31,2025-07-30T20:00:53.000Z,2025-07-30
FORR_2025-08-01_car,FORR,2025-08-04,8k_item202_car_ge5_pit,0.065095,2025-08-01,2025-07-31T20:05:30.000Z,2025-07-31
JOUT_2025-08-01_car,JOUT,2025-08-04,8k_item202_car_ge5_pit,0.177946,2025-08-01,2025-08-01T11:23:35.000Z,2025-08-01
NATR_2025-08-01_car,NATR,2025-08-04,8k_item202_car_ge5_pit,0.107792,2025-08-01,2025-07-31T20:09:48.000Z,2025-07-31
AVD_2025-08-04_car,AVD,2025-08-05,8k_item202_car_ge5_pit,0.075458,2025-08-04,2025-08-01T20:22:34.000Z,2025-08-01
HGTY_2025-08-04_car,HGTY,2025-08-05,8k_item202_car_ge5_pit,0.099728,2025-08-04,2025-08-04T10:54:30.000Z,2025-08-04
CCLD_2025-08-05_car,CCLD,2025-08-06,8k_item202_car_ge5_pit,0.068878,2025-08-05,2025-08-05T11:05:48.000Z,2025-08-05
INFU_2025-08-05_car,INFU,2025-08-06,8k_item202_car_ge5_pit,0.22309,2025-08-05,2025-08-05T10:29:43.000Z,2025-08-05
JRVR_2025-08-05_car,JRVR,2025-08-06,8k_item202_car_ge5_pit,0.051797,2025-08-05,2025-08-04T20:05:20.000Z,2025-08-04
OFIX_2025-08-05_car,OFIX,2025-08-06,8k_item202_car_ge5_pit,0.153209,2025-08-05,2025-08-05T11:03:36.000Z,2025-08-05
ONIT_2025-08-05_car,ONIT,2025-08-06,8k_item202_car_ge5_pit,0.061131,2025-08-05,2025-08-05T10:45:18.000Z,2025-08-05
PACK_2025-08-05_car,PACK,2025-08-06,8k_item202_car_ge5_pit,0.214963,2025-08-05,2025-08-05T11:30:19.000Z,2025-08-05
SMP_2025-08-05_car,SMP,2025-08-06,8k_item202_car_ge5_pit,0.15641,2025-08-05,2025-08-05T14:02:35.000Z,2025-08-05
ARDT_2025-08-06_car,ARDT,2025-08-07,8k_item202_car_ge5_pit,0.07018,2025-08-06,2025-08-05T20:30:58.000Z,2025-08-05
CRCT_2025-08-06_car,CRCT,2025-08-07,8k_item202_car_ge5_pit,0.16638,2025-08-06,2025-08-05T20:11:00.000Z,2025-08-05
CTEV_2025-08-06_car,CTEV,2025-08-07,8k_item202_car_ge5_pit,0.38286,2025-08-06,2025-08-06T10:06:40.000Z,2025-08-06
CTNM_2025-08-06_car,CTNM,2025-08-07,8k_item202_car_ge5_pit,0.114851,2025-08-06,2025-08-05T20:08:50.000Z,2025-08-05
CXDO_2025-08-06_car,CXDO,2025-08-07,8k_item202_car_ge5_pit,0.13432,2025-08-06,2025-08-05T20:01:19.000Z,2025-08-05
FOA_2025-08-06_car,FOA,2025-08-07,8k_item202_car_ge5_pit,0.062647,2025-08-06,2025-08-05T20:05:51.000Z,2025-08-05
HLLY_2025-08-06_car,HLLY,2025-08-07,8k_item202_car_ge5_pit,0.419655,2025-08-06,2025-08-06T12:01:05.000Z,2025-08-06
MCRB_2025-08-06_car,MCRB,2025-08-07,8k_item202_car_ge5_pit,0.063913,2025-08-06,2025-08-06T11:05:21.000Z,2025-08-06
SGC_2025-08-06_car,SGC,2025-08-07,8k_item202_car_ge5_pit,0.185251,2025-08-06,2025-08-05T20:11:12.000Z,2025-08-05
SIGA_2025-08-06_car,SIGA,2025-08-07,8k_item202_car_ge5_pit,0.288639,2025-08-06,2025-08-05T20:06:53.000Z,2025-08-05
SWIM_2025-08-06_car,SWIM,2025-08-07,8k_item202_car_ge5_pit,0.061898,2025-08-06,2025-08-05T20:11:11.000Z,2025-08-05
ADV_2025-08-07_car,ADV,2025-08-08,8k_item202_car_ge5_pit,0.366181,2025-08-07,2025-08-07T11:05:19.000Z,2025-08-07
ASLE_2025-08-07_car,ASLE,2025-08-08,8k_item202_car_ge5_pit,0.333956,2025-08-07,2025-08-06T20:10:49.000Z,2025-08-06
BWMN_2025-08-07_car,BWMN,2025-08-08,8k_item202_car_ge5_pit,0.078832,2025-08-07,2025-08-06T21:04:12.000Z,2025-08-06
CION_2025-08-07_car,CION,2025-08-08,8k_item202_car_ge5_pit,0.081193,2025-08-07,2025-08-07T12:30:53.000Z,2025-08-07
CRON_2025-08-07_car,CRON,2025-08-08,8k_item202_car_ge5_pit,0.088285,2025-08-07,2025-08-07T11:41:32.000Z,2025-08-07
EVCM_2025-08-07_car,EVCM,2025-08-08,8k_item202_car_ge5_pit,0.050496,2025-08-07,2025-08-06T20:11:32.000Z,2025-08-06
KELYA_2025-08-07_car,KELYA,2025-08-08,8k_item202_car_ge5_pit,0.148149,2025-08-07,2025-08-07T11:57:11.000Z,2025-08-07
KRMD_2025-08-07_car,KRMD,2025-08-08,8k_item202_car_ge5_pit,0.207771,2025-08-07,2025-08-06T20:08:43.000Z,2025-08-06
LAW_2025-08-07_car,LAW,2025-08-08,8k_item202_car_ge5_pit,0.082635,2025-08-07,2025-08-06T20:08:12.000Z,2025-08-06
LILA_2025-08-07_car,LILA,2025-08-08,8k_item202_car_ge5_pit,0.079518,2025-08-07,2025-08-07T11:04:50.000Z,2025-08-07
MATV_2025-08-07_car,MATV,2025-08-08,8k_item202_car_ge5_pit,0.48827,2025-08-07,2025-08-06T20:04:26.000Z,2025-08-06
MG_2025-08-07_car,MG,2025-08-08,8k_item202_car_ge5_pit,0.088404,2025-08-07,2025-08-06T20:51:25.000Z,2025-08-06
PKOH_2025-08-07_car,PKOH,2025-08-08,8k_item202_car_ge5_pit,0.104992,2025-08-07,2025-08-06T20:55:29.000Z,2025-08-06
PRTH_2025-08-07_car,PRTH,2025-08-08,8k_item202_car_ge5_pit,0.118047,2025-08-07,2025-08-07T11:44:31.000Z,2025-08-07
SD_2025-08-07_car,SD,2025-08-08,8k_item202_car_ge5_pit,0.069209,2025-08-07,2025-08-06T21:22:18.000Z,2025-08-06
VMD_2025-08-07_car,VMD,2025-08-08,8k_item202_car_ge5_pit,0.093822,2025-08-07,2025-08-06T21:04:31.000Z,2025-08-06
XPER_2025-08-07_car,XPER,2025-08-08,8k_item202_car_ge5_pit,0.068618,2025-08-07,2025-08-06T20:18:22.000Z,2025-08-06
ALTG_2025-08-08_car,ALTG,2025-08-11,8k_item202_car_ge5_pit,0.054168,2025-08-08,2025-08-07T20:17:05.000Z,2025-08-07
CIA_2025-08-08_car,CIA,2025-08-11,8k_item202_car_ge5_pit,0.12007,2025-08-08,2025-08-07T20:13:13.000Z,2025-08-07
FIRY_2025-08-08_car,FIRY,2025-08-11,8k_item202_car_ge5_pit,0.199015,2025-08-08,2025-08-07T20:13:00.000Z,2025-08-07
FRD_2025-08-08_car,FRD,2025-08-11,8k_item202_car_ge5_pit,0.122517,2025-08-08,2025-08-07T20:32:08.000Z,2025-08-07
GRNT_2025-08-08_car,GRNT,2025-08-11,8k_item202_car_ge5_pit,0.070015,2025-08-08,2025-08-07T21:12:32.000Z,2025-08-07
INGN_2025-08-08_car,INGN,2025-08-11,8k_item202_car_ge5_pit,0.193514,2025-08-08,2025-08-07T20:24:22.000Z,2025-08-07
NUS_2025-08-08_car,NUS,2025-08-11,8k_item202_car_ge5_pit,0.284439,2025-08-08,2025-08-07T20:33:03.000Z,2025-08-07
OPRX_2025-08-08_car,OPRX,2025-08-11,8k_item202_car_ge5_pit,0.25432,2025-08-08,2025-08-07T20:13:02.000Z,2025-08-07
OWLT_2025-08-08_car,OWLT,2025-08-11,8k_item202_car_ge5_pit,0.140162,2025-08-08,2025-08-07T20:24:21.000Z,2025-08-07
PBYI_2025-08-08_car,PBYI,2025-08-11,8k_item202_car_ge5_pit,0.46836,2025-08-08,2025-08-07T20:32:18.000Z,2025-08-07
SGHT_2025-08-08_car,SGHT,2025-08-11,8k_item202_car_ge5_pit,0.154759,2025-08-08,2025-08-07T20:09:30.000Z,2025-08-07
STEM_2025-08-08_car,STEM,2025-08-11,8k_item202_car_ge5_pit,0.113071,2025-08-08,2025-08-07T20:26:32.000Z,2025-08-07
TBCH_2025-08-08_car,TBCH,2025-08-11,8k_item202_car_ge5_pit,0.085798,2025-08-08,2025-08-07T20:16:58.000Z,2025-08-07
TMCI_2025-08-08_car,TMCI,2025-08-11,8k_item202_car_ge5_pit,0.119195,2025-08-08,2025-08-07T20:13:49.000Z,2025-08-07
VEL_2025-08-08_car,VEL,2025-08-11,8k_item202_car_ge5_pit,0.090338,2025-08-08,2025-08-08T15:46:17.000Z,2025-08-08
VREX_2025-08-08_car,VREX,2025-08-11,8k_item202_car_ge5_pit,0.245156,2025-08-08,2025-08-07T20:24:01.000Z,2025-08-07
IMXI_2025-08-11_car,IMXI,2025-08-12,8k_item202_car_ge5_pit,0.58187,2025-08-11,2025-08-11T11:00:27.000Z,2025-08-11
MPAA_2025-08-11_car,MPAA,2025-08-12,8k_item202_car_ge5_pit,0.278587,2025-08-11,2025-08-11T11:58:57.000Z,2025-08-11
TLS_2025-08-11_car,TLS,2025-08-12,8k_item202_car_ge5_pit,1.193033,2025-08-11,2025-08-11T13:00:44.000Z,2025-08-11
WHG_2025-08-11_car,WHG,2025-08-12,8k_item202_car_ge5_pit,0.10979,2025-08-11,2025-08-08T20:12:16.000Z,2025-08-08
ARQ_2025-08-12_car,ARQ,2025-08-13,8k_item202_car_ge5_pit,0.167851,2025-08-12,2025-08-11T20:32:45.000Z,2025-08-11
ATRA_2025-08-12_car,ATRA,2025-08-13,8k_item202_car_ge5_pit,0.161282,2025-08-12,2025-08-11T20:05:30.000Z,2025-08-11
CWCO_2025-08-12_car,CWCO,2025-08-13,8k_item202_car_ge5_pit,0.099324,2025-08-12,2025-08-12T14:37:23.000Z,2025-08-12
ENTA_2025-08-12_car,ENTA,2025-08-13,8k_item202_car_ge5_pit,0.153845,2025-08-12,2025-08-11T20:15:28.000Z,2025-08-11
ESOA_2025-08-12_car,ESOA,2025-08-13,8k_item202_car_ge5_pit,0.060583,2025-08-12,2025-08-11T20:30:52.000Z,2025-08-11
GYRE_2025-08-12_car,GYRE,2025-08-13,8k_item202_car_ge5_pit,0.147139,2025-08-12,2025-08-11T20:00:57.000Z,2025-08-11
KRRO_2025-08-12_car,KRRO,2025-08-13,8k_item202_car_ge5_pit,0.243702,2025-08-12,2025-08-12T11:05:30.000Z,2025-08-12
LWAY_2025-08-12_car,LWAY,2025-08-13,8k_item202_car_ge5_pit,0.078943,2025-08-12,2025-08-12T13:00:33.000Z,2025-08-12
PAL_2025-08-12_car,PAL,2025-08-13,8k_item202_car_ge5_pit,0.257251,2025-08-12,2025-08-11T20:36:33.000Z,2025-08-11
QNCX_2025-08-12_car,QNCX,2025-08-13,8k_item202_car_ge5_pit,0.060894,2025-08-12,2025-08-11T20:05:35.000Z,2025-08-11
ZIP_2025-08-12_car,ZIP,2025-08-13,8k_item202_car_ge5_pit,0.233021,2025-08-12,2025-08-11T20:11:44.000Z,2025-08-11
DMAC_2025-08-13_car,DMAC,2025-08-14,8k_item202_car_ge5_pit,0.147825,2025-08-13,2025-08-12T20:15:41.000Z,2025-08-12
NKTX_2025-08-13_car,NKTX,2025-08-14,8k_item202_car_ge5_pit,0.118932,2025-08-13,2025-08-12T20:08:09.000Z,2025-08-12
QUIK_2025-08-13_car,QUIK,2025-08-14,8k_item202_car_ge5_pit,0.118477,2025-08-13,2025-08-12T20:17:40.000Z,2025-08-12
SMTI_2025-08-13_car,SMTI,2025-08-14,8k_item202_car_ge5_pit,0.103145,2025-08-13,2025-08-13T11:05:13.000Z,2025-08-13
SSTI_2025-08-13_car,SSTI,2025-08-14,8k_item202_car_ge5_pit,0.11634,2025-08-13,2025-08-12T20:10:47.000Z,2025-08-12
WBTN_2025-08-13_car,WBTN,2025-08-14,8k_item202_car_ge5_pit,0.752894,2025-08-13,2025-08-12T20:15:17.000Z,2025-08-12
BKTI_2025-08-14_car,BKTI,2025-08-15,8k_item202_car_ge5_pit,0.505011,2025-08-14,2025-08-14T11:04:12.000Z,2025-08-14
IMRX_2025-08-14_car,IMRX,2025-08-15,8k_item202_car_ge5_pit,0.16995,2025-08-14,2025-08-13T20:13:47.000Z,2025-08-13
KE_2025-08-14_car,KE,2025-08-15,8k_item202_car_ge5_pit,0.233531,2025-08-14,2025-08-13T21:15:57.000Z,2025-08-13
LIEN_2025-08-14_car,LIEN,2025-08-15,8k_item202_car_ge5_pit,0.058925,2025-08-14,2025-08-14T11:10:50.000Z,2025-08-14
RILY_2025-08-14_car,RILY,2025-08-15,8k_item202_car_ge5_pit,0.137024,2025-08-14,2025-08-13T20:44:46.000Z,2025-08-13
RRGB_2025-08-14_car,RRGB,2025-08-15,8k_item202_car_ge5_pit,0.122249,2025-08-14,2025-08-13T20:10:20.000Z,2025-08-13
HURA_2025-08-15_car,HURA,2025-08-18,8k_item202_car_ge5_pit,0.122123,2025-08-15,2025-08-14T20:20:29.000Z,2025-08-14
RVPH_2025-08-15_car,RVPH,2025-08-18,8k_item202_car_ge5_pit,0.116243,2025-08-15,2025-08-14T20:35:31.000Z,2025-08-14
SRG_2025-08-15_car,SRG,2025-08-18,8k_item202_car_ge5_pit,0.246461,2025-08-15,2025-08-14T20:43:56.000Z,2025-08-14
FLXS_2025-08-19_car,FLXS,2025-08-20,8k_item202_car_ge5_pit,0.102459,2025-08-19,2025-08-18T20:10:11.000Z,2025-08-18
LNZA_2025-08-20_car,LNZA,2025-08-21,8k_item202_car_ge5_pit,0.107571,2025-08-20,2025-08-19T21:02:45.000Z,2025-08-19
TWIN_2025-08-21_car,TWIN,2025-08-22,8k_item202_car_ge5_pit,0.261338,2025-08-21,2025-08-21T12:30:12.000Z,2025-08-21
WYY_2025-08-22_car,WYY,2025-08-25,8k_item202_car_ge5_pit,0.132729,2025-08-22,2025-08-21T20:45:11.000Z,2025-08-21
ELMD_2025-08-27_car,ELMD,2025-08-28,8k_item202_car_ge5_pit,0.181491,2025-08-27,2025-08-26T20:05:20.000Z,2025-08-26
BBCP_2025-09-05_car,BBCP,2025-09-08,8k_item202_car_ge5_pit,0.065058,2025-09-05,2025-09-04T20:05:29.000Z,2025-09-04
HURC_2025-09-05_car,HURC,2025-09-08,8k_item202_car_ge5_pit,0.0586,2025-09-05,2025-09-05T13:36:37.000Z,2025-09-05
ZUMZ_2025-09-05_car,ZUMZ,2025-09-08,8k_item202_car_ge5_pit,0.151666,2025-09-05,2025-09-04T20:15:30.000Z,2025-09-04
PLCE_2025-09-08_car,PLCE,2025-09-09,8k_item202_car_ge5_pit,0.184564,2025-09-08,2025-09-05T20:30:38.000Z,2025-09-05
DBI_2025-09-09_car,DBI,2025-09-10,8k_item202_car_ge5_pit,0.121889,2025-09-09,2025-09-09T12:05:18.000Z,2025-09-09
LE_2025-09-10_car,LE,2025-09-11,8k_item202_car_ge5_pit,0.066999,2025-09-10,2025-09-09T20:13:17.000Z,2025-09-09
LAKE_2025-09-11_car,LAKE,2025-09-12,8k_item202_car_ge5_pit,0.052172,2025-09-11,2025-09-10T21:20:11.000Z,2025-09-10
IBEX_2025-09-12_car,IBEX,2025-09-15,8k_item202_car_ge5_pit,0.270456,2025-09-12,2025-09-11T20:19:29.000Z,2025-09-11
BNED_2025-09-15_car,BNED,2025-09-16,8k_item202_car_ge5_pit,0.091883,2025-09-15,2025-09-12T20:34:30.000Z,2025-09-12
OCC_2025-09-17_car,OCC,2025-09-18,8k_item202_car_ge5_pit,0.062052,2025-09-17,2025-09-16T20:35:39.000Z,2025-09-16
BNTC_2025-09-23_car,BNTC,2025-09-24,8k_item202_car_ge5_pit,0.051539,2025-09-23,2025-09-22T20:53:37.000Z,2025-09-22
RELL_2025-10-09_car,RELL,2025-10-10,8k_item202_car_ge5_pit,0.090167,2025-10-09,2025-10-08T20:37:44.000Z,2025-10-08
CLNN_2025-10-14_car,CLNN,2025-10-15,8k_item202_car_ge5_pit,0.074363,2025-10-14,2025-10-14T12:00:12.000Z,2025-10-14
UNTY_2025-10-14_car,UNTY,2025-10-15,8k_item202_car_ge5_pit,0.05616,2025-10-14,2025-10-14T12:16:09.000Z,2025-10-14
WATT_2025-10-16_car,WATT,2025-10-17,8k_item202_car_ge5_pit,0.104543,2025-10-16,2025-10-15T20:05:33.000Z,2025-10-15
BVFL_2025-10-20_car,BVFL,2025-10-21,8k_item202_car_ge5_pit,0.084853,2025-10-20,2025-10-20T18:21:57.000Z,2025-10-20
ISTR_2025-10-20_car,ISTR,2025-10-21,8k_item202_car_ge5_pit,0.064893,2025-10-20,2025-10-20T10:01:48.000Z,2025-10-20
FUNC_2025-10-21_car,FUNC,2025-10-22,8k_item202_car_ge5_pit,0.089631,2025-10-21,2025-10-21T10:04:14.000Z,2025-10-21
RBB_2025-10-21_car,RBB,2025-10-22,8k_item202_car_ge5_pit,0.086985,2025-10-21,2025-10-20T21:53:48.000Z,2025-10-21
NWFL_2025-10-22_car,NWFL,2025-10-23,8k_item202_car_ge5_pit,0.057124,2025-10-22,2025-10-22T13:10:18.000Z,2025-10-22
NRIM_2025-10-23_car,NRIM,2025-10-24,8k_item202_car_ge5_pit,0.070505,2025-10-23,2025-10-22T20:19:38.000Z,2025-10-22
OWLT_2025-10-23_car,OWLT,2025-10-24,8k_item202_car_ge5_pit,0.158611,2025-10-23,2025-10-22T22:38:14.000Z,2025-10-23
FRST_2025-10-24_car,FRST,2025-10-27,8k_item202_car_ge5_pit,0.100552,2025-10-24,2025-10-23T21:00:39.000Z,2025-10-23
NRC_2025-10-28_car,NRC,2025-10-29,8k_item202_car_ge5_pit,0.174621,2025-10-28,2025-10-27T21:03:13.000Z,2025-10-27
FNWD_2025-10-29_car,FNWD,2025-10-30,8k_item202_car_ge5_pit,0.086309,2025-10-29,2025-10-28T21:28:22.000Z,2025-10-28
HRZN_2025-10-29_car,HRZN,2025-10-30,8k_item202_car_ge5_pit,0.107029,2025-10-29,2025-10-28T20:28:24.000Z,2025-10-28
AROW_2025-10-30_car,AROW,2025-10-31,8k_item202_car_ge5_pit,0.062595,2025-10-30,2025-10-30T11:51:40.000Z,2025-10-30
HVT_2025-10-30_car,HVT,2025-10-31,8k_item202_car_ge5_pit,0.086389,2025-10-30,2025-10-29T20:24:59.000Z,2025-10-29
MDXG_2025-10-30_car,MDXG,2025-10-31,8k_item202_car_ge5_pit,0.071732,2025-10-30,2025-10-29T20:07:26.000Z,2025-10-29
MFIN_2025-10-30_car,MFIN,2025-10-31,8k_item202_car_ge5_pit,0.064743,2025-10-30,2025-10-29T20:10:25.000Z,2025-10-29
ORN_2025-10-30_car,ORN,2025-10-31,8k_item202_car_ge5_pit,0.062602,2025-10-30,2025-10-29T20:09:46.000Z,2025-10-29
SMHI_2025-10-30_car,SMHI,2025-10-31,8k_item202_car_ge5_pit,0.057259,2025-10-30,2025-10-29T20:31:19.000Z,2025-10-29
DMRC_2025-10-31_car,DMRC,2025-11-03,8k_item202_car_ge5_pit,0.062289,2025-10-31,2025-10-30T20:04:45.000Z,2025-10-30
LOCO_2025-10-31_car,LOCO,2025-11-03,8k_item202_car_ge5_pit,0.131702,2025-10-31,2025-10-30T20:08:22.000Z,2025-10-30
NCMI_2025-10-31_car,NCMI,2025-11-03,8k_item202_car_ge5_pit,0.096322,2025-10-31,2025-10-30T20:08:54.000Z,2025-10-30
PDEX_2025-10-31_car,PDEX,2025-11-03,8k_item202_car_ge5_pit,0.166891,2025-10-31,2025-10-30T20:05:26.000Z,2025-10-30
III_2025-11-03_car,III,2025-11-04,8k_item202_car_ge5_pit,0.082594,2025-11-03,2025-11-03T11:49:39.000Z,2025-11-03
PYXS_2025-11-03_car,PYXS,2025-11-04,8k_item202_car_ge5_pit,0.105505,2025-11-03,2025-11-03T12:33:23.000Z,2025-11-03
BDSX_2025-11-04_car,BDSX,2025-11-05,8k_item202_car_ge5_pit,0.364896,2025-11-04,2025-11-03T21:02:26.000Z,2025-11-03
JRVR_2025-11-04_car,JRVR,2025-11-05,8k_item202_car_ge5_pit,0.08193,2025-11-04,2025-11-03T21:05:12.000Z,2025-11-03
TBI_2025-11-04_car,TBI,2025-11-05,8k_item202_car_ge5_pit,0.091763,2025-11-04,2025-11-03T21:11:26.000Z,2025-11-03
ACTG_2025-11-05_car,ACTG,2025-11-06,8k_item202_car_ge5_pit,0.098765,2025-11-05,2025-11-05T12:02:50.000Z,2025-11-05
CXDO_2025-11-05_car,CXDO,2025-11-06,8k_item202_car_ge5_pit,0.052193,2025-11-05,2025-11-04T21:00:46.000Z,2025-11-04
FHTX_2025-11-05_car,FHTX,2025-11-06,8k_item202_car_ge5_pit,0.140446,2025-11-05,2025-11-05T12:02:44.000Z,2025-11-05
HCKT_2025-11-05_car,HCKT,2025-11-06,8k_item202_car_ge5_pit,0.070155,2025-11-05,2025-11-04T21:57:58.000Z,2025-11-04
INSE_2025-11-05_car,INSE,2025-11-06,8k_item202_car_ge5_pit,0.075812,2025-11-05,2025-11-05T12:55:53.000Z,2025-11-05
MBI_2025-11-05_car,MBI,2025-11-06,8k_item202_car_ge5_pit,0.083997,2025-11-05,2025-11-04T21:20:36.000Z,2025-11-04
MG_2025-11-05_car,MG,2025-11-06,8k_item202_car_ge5_pit,0.222557,2025-11-05,2025-11-04T22:02:48.000Z,2025-11-04
NPCE_2025-11-05_car,NPCE,2025-11-06,8k_item202_car_ge5_pit,0.366876,2025-11-05,2025-11-04T21:10:15.000Z,2025-11-04
SBFG_2025-11-05_car,SBFG,2025-11-06,8k_item202_car_ge5_pit,0.065287,2025-11-05,2025-11-04T21:34:58.000Z,2025-11-04
WEYS_2025-11-05_car,WEYS,2025-11-06,8k_item202_car_ge5_pit,0.09879,2025-11-05,2025-11-04T21:05:56.000Z,2025-11-04
AMPY_2025-11-06_car,AMPY,2025-11-07,8k_item202_car_ge5_pit,0.182622,2025-11-06,2025-11-05T21:13:13.000Z,2025-11-05
ATNI_2025-11-06_car,ATNI,2025-11-07,8k_item202_car_ge5_pit,0.251135,2025-11-06,2025-11-06T00:42:53.000Z,2025-11-06
CBIO_2025-11-06_car,CBIO,2025-11-07,8k_item202_car_ge5_pit,0.066071,2025-11-06,2025-11-06T12:30:49.000Z,2025-11-06
CCLD_2025-11-06_car,CCLD,2025-11-07,8k_item202_car_ge5_pit,0.184332,2025-11-06,2025-11-06T12:06:03.000Z,2025-11-06
CION_2025-11-06_car,CION,2025-11-07,8k_item202_car_ge5_pit,0.06458,2025-11-06,2025-11-06T13:30:40.000Z,2025-11-06
CTKB_2025-11-06_car,CTKB,2025-11-07,8k_item202_car_ge5_pit,0.161875,2025-11-06,2025-11-05T21:15:17.000Z,2025-11-05
ECOR_2025-11-06_car,ECOR,2025-11-07,8k_item202_car_ge5_pit,0.239713,2025-11-06,2025-11-05T21:16:00.000Z,2025-11-05
FLL_2025-11-06_car,FLL,2025-11-07,8k_item202_car_ge5_pit,0.110174,2025-11-06,2025-11-06T14:13:45.000Z,2025-11-06
LAW_2025-11-06_car,LAW,2025-11-07,8k_item202_car_ge5_pit,0.069241,2025-11-06,2025-11-05T21:07:44.000Z,2025-11-05
MTW_2025-11-06_car,MTW,2025-11-07,8k_item202_car_ge5_pit,0.070861,2025-11-06,2025-11-05T21:19:45.000Z,2025-11-05
YARW_2025-11-06_car,YARW,2025-11-07,8k_item202_car_ge5_pit,0.051175,2025-11-06,2025-11-06T13:02:05.000Z,2025-11-06
ZIP_2025-11-06_car,ZIP,2025-11-07,8k_item202_car_ge5_pit,0.083465,2025-11-06,2025-11-05T21:10:35.000Z,2025-11-05
CLAR_2025-11-07_car,CLAR,2025-11-10,8k_item202_car_ge5_pit,0.091088,2025-11-07,2025-11-06T21:29:16.000Z,2025-11-06
FLGT_2025-11-07_car,FLGT,2025-11-10,8k_item202_car_ge5_pit,0.200787,2025-11-07,2025-11-07T12:10:36.000Z,2025-11-07
FNKO_2025-11-07_car,FNKO,2025-11-10,8k_item202_car_ge5_pit,0.221806,2025-11-07,2025-11-06T21:25:13.000Z,2025-11-06
GYRE_2025-11-07_car,GYRE,2025-11-10,8k_item202_car_ge5_pit,0.062415,2025-11-07,2025-11-07T02:55:26.000Z,2025-11-07
HLLY_2025-11-07_car,HLLY,2025-11-10,8k_item202_car_ge5_pit,0.298414,2025-11-07,2025-11-07T12:32:36.000Z,2025-11-07
LFCR_2025-11-07_car,LFCR,2025-11-10,8k_item202_car_ge5_pit,0.084604,2025-11-07,2025-11-06T21:26:18.000Z,2025-11-06
NATR_2025-11-07_car,NATR,2025-11-10,8k_item202_car_ge5_pit,0.424037,2025-11-07,2025-11-06T21:44:52.000Z,2025-11-06
PANL_2025-11-07_car,PANL,2025-11-10,8k_item202_car_ge5_pit,0.273457,2025-11-07,2025-11-06T21:43:01.000Z,2025-11-06
RCEL_2025-11-07_car,RCEL,2025-11-10,8k_item202_car_ge5_pit,0.151043,2025-11-07,2025-11-06T21:12:25.000Z,2025-11-06
SGHT_2025-11-07_car,SGHT,2025-11-10,8k_item202_car_ge5_pit,0.287396,2025-11-07,2025-11-06T21:11:19.000Z,2025-11-06
SNWV_2025-11-07_car,SNWV,2025-11-10,8k_item202_car_ge5_pit,0.280632,2025-11-07,2025-11-07T11:10:06.000Z,2025-11-07
TG_2025-11-07_car,TG,2025-11-10,8k_item202_car_ge5_pit,0.283873,2025-11-07,2025-11-07T13:08:26.000Z,2025-11-07
TARA_2025-11-10_car,TARA,2025-11-11,8k_item202_car_ge5_pit,0.231488,2025-11-10,2025-11-10T13:05:33.000Z,2025-11-10
CRVO_2025-11-11_car,CRVO,2025-11-12,8k_item202_car_ge5_pit,0.071066,2025-11-11,2025-11-10T21:05:32.000Z,2025-11-10
CWCO_2025-11-11_car,CWCO,2025-11-12,8k_item202_car_ge5_pit,0.067176,2025-11-11,2025-11-10T22:03:55.000Z,2025-11-10
DSP_2025-11-11_car,DSP,2025-11-12,8k_item202_car_ge5_pit,0.239716,2025-11-11,2025-11-10T21:31:02.000Z,2025-11-10
FLD_2025-11-11_car,FLD,2025-11-12,8k_item202_car_ge5_pit,0.051575,2025-11-11,2025-11-10T21:05:29.000Z,2025-11-10
ATRA_2025-11-12_car,ATRA,2025-11-13,8k_item202_car_ge5_pit,0.08213,2025-11-12,2025-11-12T14:05:09.000Z,2025-11-12
AVD_2025-11-12_car,AVD,2025-11-13,8k_item202_car_ge5_pit,0.061221,2025-11-12,2025-11-12T12:24:53.000Z,2025-11-12
CRBP_2025-11-12_car,CRBP,2025-11-13,8k_item202_car_ge5_pit,0.078427,2025-11-12,2025-11-12T13:14:37.000Z,2025-11-12
FTCI_2025-11-12_car,FTCI,2025-11-13,8k_item202_car_ge5_pit,0.498574,2025-11-12,2025-11-12T11:40:07.000Z,2025-11-12
KLRS_2025-11-12_car,KLRS,2025-11-13,8k_item202_car_ge5_pit,0.067329,2025-11-12,2025-11-12T13:13:33.000Z,2025-11-12
NGS_2025-11-12_car,NGS,2025-11-13,8k_item202_car_ge5_pit,0.065355,2025-11-12,2025-11-12T14:41:14.000Z,2025-11-12
PAL_2025-11-12_car,PAL,2025-11-13,8k_item202_car_ge5_pit,0.201457,2025-11-12,2025-11-12T11:24:27.000Z,2025-11-12
PEPG_2025-11-12_car,PEPG,2025-11-13,8k_item202_car_ge5_pit,0.06766,2025-11-12,2025-11-12T13:02:42.000Z,2025-11-12
TONX_2025-11-12_car,TONX,2025-11-13,8k_item202_car_ge5_pit,0.123983,2025-11-12,2025-11-12T13:10:38.000Z,2025-11-12
BBOT_2025-11-13_car,BBOT,2025-11-14,8k_item202_car_ge5_pit,0.055551,2025-11-13,2025-11-12T21:12:56.000Z,2025-11-12
BWEN_2025-11-13_car,BWEN,2025-11-14,8k_item202_car_ge5_pit,0.185705,2025-11-13,2025-11-13T12:00:43.000Z,2025-11-13
CURI_2025-11-13_car,CURI,2025-11-14,8k_item202_car_ge5_pit,0.229521,2025-11-13,2025-11-12T21:10:58.000Z,2025-11-12
IDN_2025-11-13_car,IDN,2025-11-14,8k_item202_car_ge5_pit,0.322558,2025-11-13,2025-11-12T21:09:49.000Z,2025-11-12
KRMD_2025-11-13_car,KRMD,2025-11-14,8k_item202_car_ge5_pit,0.159612,2025-11-13,2025-11-12T21:03:15.000Z,2025-11-12
FBIO_2025-11-14_car,FBIO,2025-11-17,8k_item202_car_ge5_pit,0.057671,2025-11-14,2025-11-14T13:35:15.000Z,2025-11-14
GALT_2025-11-14_car,GALT,2025-11-17,8k_item202_car_ge5_pit,0.09447,2025-11-14,2025-11-14T12:55:39.000Z,2025-11-14
OWLT_2025-11-14_car,OWLT,2025-11-17,8k_item202_car_ge5_pit,0.125621,2025-11-14,2025-11-13T21:17:06.000Z,2025-11-13
SMTK_2025-11-14_car,SMTK,2025-11-17,8k_item202_car_ge5_pit,0.085868,2025-11-14,2025-11-13T21:11:18.000Z,2025-11-13
CNVS_2025-11-17_car,CNVS,2025-11-18,8k_item202_car_ge5_pit,0.117221,2025-11-17,2025-11-14T22:21:18.000Z,2025-11-14
GLAD_2025-11-18_car,GLAD,2025-11-19,8k_item202_car_ge5_pit,0.086612,2025-11-18,2025-11-17T21:26:32.000Z,2025-11-17
ALCO_2025-11-25_car,ALCO,2025-11-26,8k_item202_car_ge5_pit,0.069034,2025-11-25,2025-11-24T21:11:05.000Z,2025-11-24
BNED_2025-11-25_car,BNED,2025-11-26,8k_item202_car_ge5_pit,0.361802,2025-11-25,2025-11-25T13:34:27.000Z,2025-11-25
CENT_2025-11-25_car,CENT,2025-11-26,8k_item202_car_ge5_pit,0.072076,2025-11-25,2025-11-24T21:24:04.000Z,2025-11-24
TITN_2025-11-25_car,TITN,2025-11-26,8k_item202_car_ge5_pit,0.120404,2025-11-25,2025-11-25T12:09:19.000Z,2025-11-25
CRMT_2025-12-04_car,CRMT,2025-12-05,8k_item202_car_ge5_pit,0.111617,2025-12-04,2025-12-04T19:00:26.000Z,2025-12-04
CHPT_2025-12-05_car,CHPT,2025-12-08,8k_item202_car_ge5_pit,0.116134,2025-12-05,2025-12-04T21:16:28.000Z,2025-12-04
ZUMZ_2025-12-05_car,ZUMZ,2025-12-08,8k_item202_car_ge5_pit,0.087684,2025-12-05,2025-12-04T21:15:27.000Z,2025-12-04
DBI_2025-12-09_car,DBI,2025-12-10,8k_item202_car_ge5_pit,0.740628,2025-12-09,2025-12-09T13:17:43.000Z,2025-12-09
VNCE_2025-12-09_car,VNCE,2025-12-10,8k_item202_car_ge5_pit,0.053612,2025-12-09,2025-12-09T12:01:36.000Z,2025-12-09
PPIH_2025-12-12_car,PPIH,2025-12-15,8k_item202_car_ge5_pit,0.117743,2025-12-12,2025-12-12T14:00:34.000Z,2025-12-12
RILY_2025-12-16_car,RILY,2025-12-17,8k_item202_car_ge5_pit,0.282523,2025-12-16,2025-12-15T21:15:47.000Z,2025-12-15
OPXS_2025-12-18_car,OPXS,2025-12-19,8k_item202_car_ge5_pit,0.051552,2025-12-18,2025-12-17T21:05:32.000Z,2025-12-17
BNED_2025-12-23_car,BNED,2025-12-24,8k_item202_car_ge5_pit,0.107054,2025-12-23,2025-12-23T13:07:39.000Z,2025-12-23
FC_2026-01-08_car,FC,2026-01-09,8k_item202_car_ge5_pit,0.057462,2026-01-08,2026-01-07T21:16:23.000Z,2026-01-07
NEWT_2026-01-08_car,NEWT,2026-01-09,8k_item202_car_ge5_pit,0.107487,2026-01-08,2026-01-08T13:32:53.000Z,2026-01-08
QTRX_2026-01-09_car,QTRX,2026-01-12,8k_item202_car_ge5_pit,0.122374,2026-01-09,2026-01-08T21:46:24.000Z,2026-01-08
APYX_2026-01-12_car,APYX,2026-01-13,8k_item202_car_ge5_pit,0.11218,2026-01-12,2026-01-12T13:02:36.000Z,2026-01-12
FHTX_2026-01-12_car,FHTX,2026-01-13,8k_item202_car_ge5_pit,0.295006,2026-01-12,2026-01-12T13:50:28.000Z,2026-01-12
NDLS_2026-01-12_car,NDLS,2026-01-13,8k_item202_car_ge5_pit,0.067099,2026-01-12,2026-01-12T13:03:06.000Z,2026-01-12
OM_2026-01-12_car,OM,2026-01-13,8k_item202_car_ge5_pit,0.123239,2026-01-12,2026-01-12T13:31:06.000Z,2026-01-12
RFIL_2026-01-15_car,RFIL,2026-01-16,8k_item202_car_ge5_pit,0.296314,2026-01-15,2026-01-14T21:08:13.000Z,2026-01-14
RILY_2026-01-15_car,RILY,2026-01-16,8k_item202_car_ge5_pit,0.177162,2026-01-15,2026-01-14T21:10:37.000Z,2026-01-14
MASS_2026-01-20_car,MASS,2026-01-21,8k_item202_car_ge5_pit,0.239398,2026-01-20,2026-01-20T12:15:12.000Z,2026-01-20
OESX_2026-01-20_car,OESX,2026-01-21,8k_item202_car_ge5_pit,0.06064,2026-01-20,2026-01-20T12:00:53.000Z,2026-01-20
FVCB_2026-01-21_car,FVCB,2026-01-22,8k_item202_car_ge5_pit,0.069639,2026-01-21,2026-01-20T21:53:20.000Z,2026-01-20
PLBC_2026-01-21_car,PLBC,2026-01-22,8k_item202_car_ge5_pit,0.105789,2026-01-21,2026-01-21T14:00:11.000Z,2026-01-21
OPRT_2026-01-22_car,OPRT,2026-01-23,8k_item202_car_ge5_pit,0.180362,2026-01-22,2026-01-21T21:05:12.000Z,2026-01-21
FRAF_2026-01-28_car,FRAF,2026-01-29,8k_item202_car_ge5_pit,0.050265,2026-01-28,2026-01-27T21:04:23.000Z,2026-01-27
CBAN_2026-01-29_car,CBAN,2026-01-30,8k_item202_car_ge5_pit,0.053452,2026-01-29,2026-01-28T21:15:12.000Z,2026-01-28
CZNC_2026-01-29_car,CZNC,2026-01-30,8k_item202_car_ge5_pit,0.06901,2026-01-29,2026-01-28T21:10:35.000Z,2026-01-28
FDBC_2026-01-29_car,FDBC,2026-01-30,8k_item202_car_ge5_pit,0.051064,2026-01-29,2026-01-28T21:24:17.000Z,2026-01-28
FLWS_2026-01-29_car,FLWS,2026-01-30,8k_item202_car_ge5_pit,0.074268,2026-01-29,2026-01-29T12:06:49.000Z,2026-01-29
WSBF_2026-01-29_car,WSBF,2026-01-30,8k_item202_car_ge5_pit,0.078948,2026-01-29,2026-01-28T21:00:12.000Z,2026-01-28
WTBA_2026-01-29_car,WTBA,2026-01-30,8k_item202_car_ge5_pit,0.067657,2026-01-29,2026-01-29T12:07:33.000Z,2026-01-29
AVBH_2026-01-30_car,AVBH,2026-02-02,8k_item202_car_ge5_pit,0.085739,2026-01-30,2026-01-29T21:05:22.000Z,2026-01-29
CZFS_2026-01-30_car,CZFS,2026-02-02,8k_item202_car_ge5_pit,0.055118,2026-01-30,2026-01-29T21:10:34.000Z,2026-01-29
MCBS_2026-01-30_car,MCBS,2026-02-02,8k_item202_car_ge5_pit,0.06552,2026-01-30,2026-01-30T14:57:16.000Z,2026-01-30
CATX_2026-02-02_car,CATX,2026-02-03,8k_item202_car_ge5_pit,0.375558,2026-02-02,2026-02-02T12:44:33.000Z,2026-02-02
PFIS_2026-02-02_car,PFIS,2026-02-03,8k_item202_car_ge5_pit,0.058804,2026-02-02,2026-01-30T21:05:16.000Z,2026-01-30
FLXS_2026-02-03_car,FLXS,2026-02-04,8k_item202_car_ge5_pit,0.069187,2026-02-03,2026-02-02T21:33:17.000Z,2026-02-02
AVNW_2026-02-04_car,AVNW,2026-02-05,8k_item202_car_ge5_pit,0.166626,2026-02-04,2026-02-03T21:06:56.000Z,2026-02-03
INNV_2026-02-04_car,INNV,2026-02-05,8k_item202_car_ge5_pit,0.337061,2026-02-04,2026-02-03T21:06:52.000Z,2026-02-03
RSVR_2026-02-04_car,RSVR,2026-02-05,8k_item202_car_ge5_pit,0.050514,2026-02-04,2026-02-04T13:00:37.000Z,2026-02-04
CENT_2026-02-05_car,CENT,2026-02-06,8k_item202_car_ge5_pit,0.075572,2026-02-05,2026-02-04T21:15:56.000Z,2026-02-04
CFBK_2026-02-05_car,CFBK,2026-02-06,8k_item202_car_ge5_pit,0.050333,2026-02-05,2026-02-05T14:03:39.000Z,2026-02-05
MCFT_2026-02-05_car,MCFT,2026-02-06,8k_item202_car_ge5_pit,0.082212,2026-02-05,2026-02-05T12:20:16.000Z,2026-02-05
RMR_2026-02-05_car,RMR,2026-02-06,8k_item202_car_ge5_pit,0.116709,2026-02-05,2026-02-04T21:16:35.000Z,2026-02-04
GENC_2026-02-06_car,GENC,2026-02-09,8k_item202_car_ge5_pit,0.075532,2026-02-06,2026-02-06T12:30:15.000Z,2026-02-06
ESOA_2026-02-10_car,ESOA,2026-02-11,8k_item202_car_ge5_pit,0.466025,2026-02-10,2026-02-09T21:30:38.000Z,2026-02-09
FRD_2026-02-10_car,FRD,2026-02-11,8k_item202_car_ge5_pit,0.067678,2026-02-10,2026-02-09T21:56:29.000Z,2026-02-09
RLGT_2026-02-10_car,RLGT,2026-02-11,8k_item202_car_ge5_pit,0.16764,2026-02-10,2026-02-09T21:05:26.000Z,2026-02-09
STIM_2026-02-11_car,STIM,2026-02-12,8k_item202_car_ge5_pit,0.097868,2026-02-11,2026-02-10T22:09:09.000Z,2026-02-10
ONIT_2026-02-12_car,ONIT,2026-02-13,8k_item202_car_ge5_pit,0.123625,2026-02-12,2026-02-12T11:45:46.000Z,2026-02-12
AMWL_2026-02-13_car,AMWL,2026-02-17,8k_item202_car_ge5_pit,0.274817,2026-02-13,2026-02-12T21:11:48.000Z,2026-02-12
ATOM_2026-02-13_car,ATOM,2026-02-17,8k_item202_car_ge5_pit,1.39517,2026-02-13,2026-02-12T21:45:51.000Z,2026-02-12
CNVS_2026-02-13_car,CNVS,2026-02-17,8k_item202_car_ge5_pit,0.300566,2026-02-13,2026-02-12T21:39:38.000Z,2026-02-12
CPS_2026-02-13_car,CPS,2026-02-17,8k_item202_car_ge5_pit,0.27528,2026-02-13,2026-02-13T12:42:46.000Z,2026-02-13
FMAO_2026-02-13_car,FMAO,2026-02-17,8k_item202_car_ge5_pit,0.051558,2026-02-13,2026-02-12T21:45:28.000Z,2026-02-12
RCEL_2026-02-13_car,RCEL,2026-02-17,8k_item202_car_ge5_pit,0.156283,2026-02-13,2026-02-12T21:15:26.000Z,2026-02-12
CNVS_2026-02-18_car,CNVS,2026-02-19,8k_item202_car_ge5_pit,0.097244,2026-02-18,2026-02-17T21:00:26.000Z,2026-02-17
JELD_2026-02-18_car,JELD,2026-02-19,8k_item202_car_ge5_pit,0.130946,2026-02-18,2026-02-17T21:35:40.000Z,2026-02-17
OEC_2026-02-18_car,OEC,2026-02-19,8k_item202_car_ge5_pit,0.089947,2026-02-18,2026-02-17T21:12:54.000Z,2026-02-17
CYH_2026-02-19_car,CYH,2026-02-20,8k_item202_car_ge5_pit,0.061293,2026-02-19,2026-02-18T21:30:34.000Z,2026-02-18
INSG_2026-02-20_car,INSG,2026-02-23,8k_item202_car_ge5_pit,0.211387,2026-02-20,2026-02-19T21:05:38.000Z,2026-02-19
JAKK_2026-02-20_car,JAKK,2026-02-23,8k_item202_car_ge5_pit,0.243142,2026-02-20,2026-02-20T13:30:59.000Z,2026-02-20
RMNI_2026-02-20_car,RMNI,2026-02-23,8k_item202_car_ge5_pit,0.147835,2026-02-20,2026-02-19T21:03:45.000Z,2026-02-19
INFU_2026-02-24_car,INFU,2026-02-25,8k_item202_car_ge5_pit,0.11352,2026-02-24,2026-02-24T11:30:13.000Z,2026-02-24
GIC_2026-02-25_car,GIC,2026-02-26,8k_item202_car_ge5_pit,0.072494,2026-02-25,2026-02-24T21:42:01.000Z,2026-02-24
INGN_2026-02-25_car,INGN,2026-02-26,8k_item202_car_ge5_pit,0.099903,2026-02-25,2026-02-24T21:06:52.000Z,2026-02-24
RCKY_2026-02-25_car,RCKY,2026-02-26,8k_item202_car_ge5_pit,0.422962,2026-02-25,2026-02-24T21:12:56.000Z,2026-02-24
UIS_2026-02-25_car,UIS,2026-02-26,8k_item202_car_ge5_pit,0.138008,2026-02-25,2026-02-24T21:35:54.000Z,2026-02-24
ANIK_2026-02-26_car,ANIK,2026-02-27,8k_item202_car_ge5_pit,0.322944,2026-02-26,2026-02-26T12:18:31.000Z,2026-02-26
CSV_2026-02-26_car,CSV,2026-02-27,8k_item202_car_ge5_pit,0.055475,2026-02-26,2026-02-25T22:35:51.000Z,2026-02-26
IMUX_2026-02-26_car,IMUX,2026-02-27,8k_item202_car_ge5_pit,0.131209,2026-02-26,2026-02-26T12:00:56.000Z,2026-02-26
OSUR_2026-02-26_car,OSUR,2026-02-27,8k_item202_car_ge5_pit,0.13533,2026-02-26,2026-02-25T21:13:25.000Z,2026-02-25
RRGB_2026-02-26_car,RRGB,2026-02-27,8k_item202_car_ge5_pit,0.396005,2026-02-26,2026-02-25T21:09:02.000Z,2026-02-25
SSP_2026-02-26_car,SSP,2026-02-27,8k_item202_car_ge5_pit,0.15358,2026-02-26,2026-02-26T12:19:50.000Z,2026-02-26
TWFG_2026-02-26_car,TWFG,2026-02-27,8k_item202_car_ge5_pit,0.145299,2026-02-26,2026-02-25T21:09:43.000Z,2026-02-25
XPER_2026-02-26_car,XPER,2026-02-27,8k_item202_car_ge5_pit,0.112848,2026-02-26,2026-02-25T21:22:55.000Z,2026-02-25
ALTG_2026-02-27_car,ALTG,2026-03-02,8k_item202_car_ge5_pit,0.176544,2026-02-27,2026-02-26T21:30:29.000Z,2026-02-26
ASUR_2026-02-27_car,ASUR,2026-03-02,8k_item202_car_ge5_pit,0.201401,2026-02-27,2026-02-26T21:14:04.000Z,2026-02-26
BDSX_2026-02-27_car,BDSX,2026-03-02,8k_item202_car_ge5_pit,0.111831,2026-02-27,2026-02-26T21:02:25.000Z,2026-02-26
INTT_2026-02-27_car,INTT,2026-03-02,8k_item202_car_ge5_pit,0.225457,2026-02-27,2026-02-27T11:40:23.000Z,2026-02-27
KIDS_2026-02-27_car,KIDS,2026-03-02,8k_item202_car_ge5_pit,0.084618,2026-02-27,2026-02-26T21:13:17.000Z,2026-02-26
MBI_2026-02-27_car,MBI,2026-03-02,8k_item202_car_ge5_pit,0.053132,2026-02-27,2026-02-26T21:40:28.000Z,2026-02-26
WHF_2026-03-02_car,WHF,2026-03-03,8k_item202_car_ge5_pit,0.09079,2026-03-02,2026-03-02T12:30:22.000Z,2026-03-02
ACEL_2026-03-04_car,ACEL,2026-03-05,8k_item202_car_ge5_pit,0.099734,2026-03-04,2026-03-03T21:23:13.000Z,2026-03-03
AFCG_2026-03-04_car,AFCG,2026-03-05,8k_item202_car_ge5_pit,0.161456,2026-03-04,2026-03-04T12:35:08.000Z,2026-03-04
CXDO_2026-03-04_car,CXDO,2026-03-05,8k_item202_car_ge5_pit,0.058652,2026-03-04,2026-03-03T21:00:47.000Z,2026-03-03
GTE_2026-03-04_car,GTE,2026-03-05,8k_item202_car_ge5_pit,0.11862,2026-03-04,2026-03-03T23:59:00.000Z,2026-03-04
QUIK_2026-03-04_car,QUIK,2026-03-05,8k_item202_car_ge5_pit,0.125646,2026-03-04,2026-03-03T21:16:02.000Z,2026-03-03
NCSM_2026-03-05_car,NCSM,2026-03-06,8k_item202_car_ge5_pit,0.23803,2026-03-05,2026-03-04T21:17:05.000Z,2026-03-04
PMTS_2026-03-05_car,PMTS,2026-03-06,8k_item202_car_ge5_pit,0.264196,2026-03-05,2026-03-05T12:01:04.000Z,2026-03-05
STEM_2026-03-05_car,STEM,2026-03-06,8k_item202_car_ge5_pit,0.223585,2026-03-05,2026-03-04T21:19:47.000Z,2026-03-04
AVIR_2026-03-06_car,AVIR,2026-03-09,8k_item202_car_ge5_pit,0.164839,2026-03-06,2026-03-05T21:11:16.000Z,2026-03-05
DTI_2026-03-06_car,DTI,2026-03-09,8k_item202_car_ge5_pit,0.143435,2026-03-06,2026-03-05T21:23:24.000Z,2026-03-05
FLL_2026-03-06_car,FLL,2026-03-09,8k_item202_car_ge5_pit,0.167458,2026-03-06,2026-03-05T21:07:41.000Z,2026-03-05
CRBP_2026-03-09_car,CRBP,2026-03-10,8k_item202_car_ge5_pit,0.246294,2026-03-09,2026-03-09T11:43:03.000Z,2026-03-09
RNAC_2026-03-09_car,RNAC,2026-03-10,8k_item202_car_ge5_pit,0.241036,2026-03-09,2026-03-09T11:03:06.000Z,2026-03-09
SPRB_2026-03-09_car,SPRB,2026-03-10,8k_item202_car_ge5_pit,0.11672,2026-03-09,2026-03-09T11:23:32.000Z,2026-03-09
APYX_2026-03-10_car,APYX,2026-03-11,8k_item202_car_ge5_pit,0.148633,2026-03-10,2026-03-10T11:01:32.000Z,2026-03-10
GLRE_2026-03-10_car,GLRE,2026-03-11,8k_item202_car_ge5_pit,0.050747,2026-03-10,2026-03-09T20:28:30.000Z,2026-03-09
IPWR_2026-03-10_car,IPWR,2026-03-11,8k_item202_car_ge5_pit,0.060262,2026-03-10,2026-03-10T14:32:50.000Z,2026-03-10
IRD_2026-03-10_car,IRD,2026-03-11,8k_item202_car_ge5_pit,0.053175,2026-03-10,2026-03-10T11:17:07.000Z,2026-03-10
KVHI_2026-03-10_car,KVHI,2026-03-11,8k_item202_car_ge5_pit,0.113239,2026-03-10,2026-03-10T12:27:27.000Z,2026-03-10
LFMD_2026-03-10_car,LFMD,2026-03-11,8k_item202_car_ge5_pit,0.304142,2026-03-10,2026-03-09T20:37:40.000Z,2026-03-09
NSLR_2026-03-10_car,NSLR,2026-03-11,8k_item202_car_ge5_pit,0.126493,2026-03-10,2026-03-10T13:18:47.000Z,2026-03-10
PRLD_2026-03-10_car,PRLD,2026-03-11,8k_item202_car_ge5_pit,0.23587,2026-03-10,2026-03-10T12:17:31.000Z,2026-03-10
VYGR_2026-03-10_car,VYGR,2026-03-11,8k_item202_car_ge5_pit,0.182909,2026-03-10,2026-03-09T20:04:13.000Z,2026-03-09
ACTG_2026-03-11_car,ACTG,2026-03-12,8k_item202_car_ge5_pit,0.189915,2026-03-11,2026-03-11T11:05:42.000Z,2026-03-11
ARTV_2026-03-11_car,ARTV,2026-03-12,8k_item202_car_ge5_pit,0.126618,2026-03-11,2026-03-10T20:07:18.000Z,2026-03-10
BODI_2026-03-11_car,BODI,2026-03-12,8k_item202_car_ge5_pit,0.305737,2026-03-11,2026-03-10T20:08:01.000Z,2026-03-10
CCLD_2026-03-12_car,CCLD,2026-03-13,8k_item202_car_ge5_pit,0.20121,2026-03-12,2026-03-12T11:05:49.000Z,2026-03-12
DMRC_2026-03-12_car,DMRC,2026-03-13,8k_item202_car_ge5_pit,0.182681,2026-03-12,2026-03-11T20:05:29.000Z,2026-03-11
DSP_2026-03-12_car,DSP,2026-03-13,8k_item202_car_ge5_pit,0.13167,2026-03-12,2026-03-11T20:29:57.000Z,2026-03-11
DTIL_2026-03-12_car,DTIL,2026-03-13,8k_item202_car_ge5_pit,0.141313,2026-03-12,2026-03-12T11:30:09.000Z,2026-03-12
FOSL_2026-03-12_car,FOSL,2026-03-13,8k_item202_car_ge5_pit,0.178526,2026-03-12,2026-03-11T20:08:43.000Z,2026-03-11
VRA_2026-03-12_car,VRA,2026-03-13,8k_item202_car_ge5_pit,0.41835,2026-03-12,2026-03-12T11:33:31.000Z,2026-03-12
WOOF_2026-03-12_car,WOOF,2026-03-13,8k_item202_car_ge5_pit,0.529092,2026-03-12,2026-03-11T20:10:25.000Z,2026-03-11
ELTX_2026-03-13_car,ELTX,2026-03-16,8k_item202_car_ge5_pit,0.111137,2026-03-13,2026-03-12T20:08:43.000Z,2026-03-12
KRRO_2026-03-13_car,KRRO,2026-03-16,8k_item202_car_ge5_pit,0.091193,2026-03-13,2026-03-12T20:08:25.000Z,2026-03-12
LOCO_2026-03-13_car,LOCO,2026-03-16,8k_item202_car_ge5_pit,0.219806,2026-03-13,2026-03-12T20:08:23.000Z,2026-03-12
SVCO_2026-03-13_car,SVCO,2026-03-16,8k_item202_car_ge5_pit,0.525844,2026-03-13,2026-03-12T20:15:33.000Z,2026-03-12
ULH_2026-03-16_car,ULH,2026-03-17,8k_item202_car_ge5_pit,0.152912,2026-03-16,2026-03-13T20:18:57.000Z,2026-03-13
NGS_2026-03-19_car,NGS,2026-03-20,8k_item202_car_ge5_pit,0.063108,2026-03-19,2026-03-18T20:16:22.000Z,2026-03-18
ELDN_2026-03-20_car,ELDN,2026-03-23,8k_item202_car_ge5_pit,0.091706,2026-03-20,2026-03-19T21:02:09.000Z,2026-03-19
IDN_2026-03-20_car,IDN,2026-03-23,8k_item202_car_ge5_pit,0.172736,2026-03-20,2026-03-19T20:09:07.000Z,2026-03-19
RICK_2026-03-20_car,RICK,2026-03-23,8k_item202_car_ge5_pit,0.068915,2026-03-20,2026-03-19T20:13:04.000Z,2026-03-19
FENC_2026-03-25_car,FENC,2026-03-26,8k_item202_car_ge5_pit,0.093781,2026-03-25,2026-03-24T20:22:46.000Z,2026-03-24
PAYS_2026-03-25_car,PAYS,2026-03-26,8k_item202_car_ge5_pit,0.426179,2026-03-25,2026-03-24T20:10:08.000Z,2026-03-24
LOVE_2026-03-26_car,LOVE,2026-03-27,8k_item202_car_ge5_pit,0.233012,2026-03-26,2026-03-26T11:00:43.000Z,2026-03-26
LWAY_2026-04-01_car,LWAY,2026-04-02,8k_item202_car_ge5_pit,0.130131,2026-04-01,2026-04-01T13:00:09.000Z,2026-04-01
AIRS_2026-04-02_car,AIRS,2026-04-06,8k_item202_car_ge5_pit,0.1299,2026-04-02,2026-04-02T10:31:49.000Z,2026-04-02
FC_2026-04-02_car,FC,2026-04-06,8k_item202_car_ge5_pit,0.434616,2026-04-02,2026-04-01T20:19:38.000Z,2026-04-01
RCMT_2026-04-06_car,RCMT,2026-04-07,8k_item202_car_ge5_pit,0.406748,2026-04-06,2026-04-03T18:39:46.000Z,2026-04-03
NSLR_2026-04-07_car,NSLR,2026-04-08,8k_item202_car_ge5_pit,0.073447,2026-04-07,2026-04-07T12:08:49.000Z,2026-04-07
RELL_2026-04-09_car,RELL,2026-04-10,8k_item202_car_ge5_pit,0.130101,2026-04-09,2026-04-08T20:34:01.000Z,2026-04-08
CVRX_2026-04-13_car,CVRX,2026-04-14,8k_item202_car_ge5_pit,0.056889,2026-04-13,2026-04-13T12:05:51.000Z,2026-04-13
DSP_2026-04-15_car,DSP,2026-04-16,8k_item202_car_ge5_pit,0.195139,2026-04-15,2026-04-15T11:29:29.000Z,2026-04-15
CHMG_2026-04-17_car,CHMG,2026-04-20,8k_item202_car_ge5_pit,0.135807,2026-04-17,2026-04-17T12:35:20.000Z,2026-04-17
LAKE_2026-04-17_car,LAKE,2026-04-20,8k_item202_car_ge5_pit,0.204064,2026-04-17,2026-04-16T20:12:54.000Z,2026-04-16
SNWV_2026-04-17_car,SNWV,2026-04-20,8k_item202_car_ge5_pit,0.096486,2026-04-17,2026-04-16T21:05:51.000Z,2026-04-16
FLXS_2026-04-21_car,FLXS,2026-04-22,8k_item202_car_ge5_pit,0.070649,2026-04-21,2026-04-20T20:15:21.000Z,2026-04-20
TZOO_2026-04-23_car,TZOO,2026-04-24,8k_item202_car_ge5_pit,0.291222,2026-04-23,2026-04-23T15:58:19.000Z,2026-04-23
MYFW_2026-04-24_car,MYFW,2026-04-27,8k_item202_car_ge5_pit,0.055031,2026-04-24,2026-04-23T20:15:15.000Z,2026-04-23
FCAP_2026-04-27_car,FCAP,2026-04-28,8k_item202_car_ge5_pit,0.051869,2026-04-27,2026-04-24T20:45:18.000Z,2026-04-24
MCBS_2026-04-27_car,MCBS,2026-04-28,8k_item202_car_ge5_pit,0.050136,2026-04-27,2026-04-24T20:00:28.000Z,2026-04-24
RPAY_2026-04-27_car,RPAY,2026-04-28,8k_item202_car_ge5_pit,0.112441,2026-04-27,2026-04-27T12:03:46.000Z,2026-04-27
ORN_2026-04-29_car,ORN,2026-04-30,8k_item202_car_ge5_pit,0.168407,2026-04-29,2026-04-29T12:35:16.000Z,2026-04-29
SRI_2026-04-29_car,SRI,2026-04-30,8k_item202_car_ge5_pit,0.106634,2026-04-29,2026-04-28T20:45:19.000Z,2026-04-28
GBFH_2026-04-30_car,GBFH,2026-05-01,8k_item202_car_ge5_pit,0.076419,2026-04-30,2026-04-29T20:12:45.000Z,2026-04-29
MDXG_2026-04-30_car,MDXG,2026-05-01,8k_item202_car_ge5_pit,0.178192,2026-04-30,2026-04-29T20:01:07.000Z,2026-04-29
PACK_2026-04-30_car,PACK,2026-05-01,8k_item202_car_ge5_pit,0.411112,2026-04-30,2026-04-30T11:30:21.000Z,2026-04-30
RJET_2026-04-30_car,RJET,2026-05-01,8k_item202_car_ge5_pit,0.055011,2026-04-30,2026-04-29T20:45:03.000Z,2026-04-29
ACCO_2026-05-01_car,ACCO,2026-05-04,8k_item202_car_ge5_pit,0.24701,2026-05-01,2026-04-30T20:42:42.000Z,2026-04-30
BOOM_2026-05-01_car,BOOM,2026-05-04,8k_item202_car_ge5_pit,0.256568,2026-05-01,2026-04-30T20:07:08.000Z,2026-04-30
EAF_2026-05-01_car,EAF,2026-05-04,8k_item202_car_ge5_pit,0.086787,2026-05-01,2026-05-01T10:46:43.000Z,2026-05-01
INBK_2026-05-01_car,INBK,2026-05-04,8k_item202_car_ge5_pit,0.071585,2026-05-01,2026-04-30T20:08:46.000Z,2026-04-30
JAKK_2026-05-01_car,JAKK,2026-05-04,8k_item202_car_ge5_pit,0.059268,2026-05-01,2026-05-01T10:30:33.000Z,2026-05-01
RMNI_2026-05-01_car,RMNI,2026-05-04,8k_item202_car_ge5_pit,0.141667,2026-05-01,2026-04-30T20:03:16.000Z,2026-04-30
FSTR_2026-05-04_car,FSTR,2026-05-05,8k_item202_car_ge5_pit,0.290133,2026-05-04,2026-05-04T11:31:57.000Z,2026-05-04
BDSX_2026-05-05_car,BDSX,2026-05-06,8k_item202_car_ge5_pit,0.308934,2026-05-05,2026-05-04T20:03:15.000Z,2026-05-04
BRCC_2026-05-05_car,BRCC,2026-05-06,8k_item202_car_ge5_pit,0.13393,2026-05-05,2026-05-04T20:15:44.000Z,2026-05-04
EOLS_2026-05-05_car,EOLS,2026-05-06,8k_item202_car_ge5_pit,0.110583,2026-05-05,2026-05-04T20:05:48.000Z,2026-05-04
EVEX_2026-05-05_car,EVEX,2026-05-06,8k_item202_car_ge5_pit,0.114809,2026-05-05,2026-05-05T10:03:51.000Z,2026-05-05
MED_2026-05-05_car,MED,2026-05-06,8k_item202_car_ge5_pit,0.171758,2026-05-05,2026-05-04T20:12:35.000Z,2026-05-04
NVCT_2026-05-05_car,NVCT,2026-05-06,8k_item202_car_ge5_pit,0.102826,2026-05-05,2026-05-05T11:36:06.000Z,2026-05-05
SEAT_2026-05-05_car,SEAT,2026-05-06,8k_item202_car_ge5_pit,0.164592,2026-05-05,2026-05-05T10:39:45.000Z,2026-05-05
ADV_2026-05-06_car,ADV,2026-05-07,8k_item202_car_ge5_pit,0.165228,2026-05-06,2026-05-06T11:04:11.000Z,2026-05-06
AMWL_2026-05-06_car,AMWL,2026-05-07,8k_item202_car_ge5_pit,0.207763,2026-05-06,2026-05-05T20:14:19.000Z,2026-05-05
CVGI_2026-05-06_car,CVGI,2026-05-07,8k_item202_car_ge5_pit,0.235655,2026-05-06,2026-05-05T20:40:25.000Z,2026-05-05
CXDO_2026-05-06_car,CXDO,2026-05-07,8k_item202_car_ge5_pit,0.166105,2026-05-06,2026-05-05T20:00:54.000Z,2026-05-05
DHX_2026-05-06_car,DHX,2026-05-07,8k_item202_car_ge5_pit,0.310197,2026-05-06,2026-05-05T20:17:52.000Z,2026-05-05
HRZN_2026-05-06_car,HRZN,2026-05-07,8k_item202_car_ge5_pit,0.055403,2026-05-06,2026-05-05T20:26:44.000Z,2026-05-05
KVHI_2026-05-06_car,KVHI,2026-05-07,8k_item202_car_ge5_pit,0.070864,2026-05-06,2026-05-06T12:50:28.000Z,2026-05-06
MASS_2026-05-06_car,MASS,2026-05-07,8k_item202_car_ge5_pit,0.128843,2026-05-06,2026-05-06T11:35:26.000Z,2026-05-06
NC_2026-05-06_car,NC,2026-05-07,8k_item202_car_ge5_pit,0.050297,2026-05-06,2026-05-05T20:31:48.000Z,2026-05-05
TWIN_2026-05-06_car,TWIN,2026-05-07,8k_item202_car_ge5_pit,0.151457,2026-05-06,2026-05-06T12:30:25.000Z,2026-05-06
UIS_2026-05-06_car,UIS,2026-05-07,8k_item202_car_ge5_pit,0.063153,2026-05-06,2026-05-05T20:20:42.000Z,2026-05-05
WEYS_2026-05-06_car,WEYS,2026-05-07,8k_item202_car_ge5_pit,0.066568,2026-05-06,2026-05-05T20:05:29.000Z,2026-05-05
AFCG_2026-05-07_car,AFCG,2026-05-08,8k_item202_car_ge5_pit,0.15729,2026-05-07,2026-05-07T11:35:23.000Z,2026-05-07
APYX_2026-05-07_car,APYX,2026-05-08,8k_item202_car_ge5_pit,0.251685,2026-05-07,2026-05-07T11:03:19.000Z,2026-05-07
ARQ_2026-05-07_car,ARQ,2026-05-08,8k_item202_car_ge5_pit,0.137693,2026-05-07,2026-05-06T20:33:07.000Z,2026-05-06
BDTX_2026-05-07_car,BDTX,2026-05-08,8k_item202_car_ge5_pit,0.055119,2026-05-07,2026-05-07T11:17:30.000Z,2026-05-07
CMRC_2026-05-07_car,CMRC,2026-05-08,8k_item202_car_ge5_pit,0.071224,2026-05-07,2026-05-07T11:11:15.000Z,2026-05-07
CMT_2026-05-07_car,CMT,2026-05-08,8k_item202_car_ge5_pit,0.054762,2026-05-07,2026-05-07T12:11:14.000Z,2026-05-07
FLWS_2026-05-07_car,FLWS,2026-05-08,8k_item202_car_ge5_pit,0.221298,2026-05-07,2026-05-07T11:06:09.000Z,2026-05-07
FORR_2026-05-07_car,FORR,2026-05-08,8k_item202_car_ge5_pit,0.122914,2026-05-07,2026-05-06T20:05:19.000Z,2026-05-06
GDRX_2026-05-07_car,GDRX,2026-05-08,8k_item202_car_ge5_pit,0.131022,2026-05-07,2026-05-06T20:13:29.000Z,2026-05-06
IBEX_2026-05-07_car,IBEX,2026-05-08,8k_item202_car_ge5_pit,0.14496,2026-05-07,2026-05-06T20:17:35.000Z,2026-05-06
INSE_2026-05-07_car,INSE,2026-05-08,8k_item202_car_ge5_pit,0.100391,2026-05-07,2026-05-07T11:30:27.000Z,2026-05-07
LCUT_2026-05-07_car,LCUT,2026-05-08,8k_item202_car_ge5_pit,0.055877,2026-05-07,2026-05-07T12:09:39.000Z,2026-05-07
MCFT_2026-05-07_car,MCFT,2026-05-08,8k_item202_car_ge5_pit,0.129052,2026-05-07,2026-05-07T11:34:32.000Z,2026-05-07
NDLS_2026-05-07_car,NDLS,2026-05-08,8k_item202_car_ge5_pit,0.114093,2026-05-07,2026-05-06T20:09:15.000Z,2026-05-06
NNBR_2026-05-07_car,NNBR,2026-05-08,8k_item202_car_ge5_pit,0.105946,2026-05-07,2026-05-06T21:22:36.000Z,2026-05-06
OSG_2026-05-07_car,OSG,2026-05-08,8k_item202_car_ge5_pit,0.267347,2026-05-07,2026-05-06T20:41:09.000Z,2026-05-06
SGHT_2026-05-07_car,SGHT,2026-05-08,8k_item202_car_ge5_pit,0.245998,2026-05-07,2026-05-06T20:08:36.000Z,2026-05-06
SRI_2026-05-07_car,SRI,2026-05-08,8k_item202_car_ge5_pit,0.076988,2026-05-07,2026-05-07T11:34:55.000Z,2026-05-07
XPER_2026-05-07_car,XPER,2026-05-08,8k_item202_car_ge5_pit,0.158603,2026-05-07,2026-05-06T20:18:11.000Z,2026-05-06
AIRS_2026-05-08_car,AIRS,2026-05-11,8k_item202_car_ge5_pit,0.246673,2026-05-08,2026-05-08T10:35:42.000Z,2026-05-08
FNKO_2026-05-08_car,FNKO,2026-05-11,8k_item202_car_ge5_pit,0.209178,2026-05-08,2026-05-07T20:19:23.000Z,2026-05-07
GEOS_2026-05-08_car,GEOS,2026-05-11,8k_item202_car_ge5_pit,0.072977,2026-05-08,2026-05-07T21:16:05.000Z,2026-05-07
GSIT_2026-05-08_car,GSIT,2026-05-11,8k_item202_car_ge5_pit,0.429251,2026-05-08,2026-05-07T20:07:57.000Z,2026-05-07
KWY_2026-05-08_car,KWY,2026-05-11,8k_item202_car_ge5_pit,0.062345,2026-05-08,2026-05-07T20:20:18.000Z,2026-05-07
LNSR_2026-05-08_car,LNSR,2026-05-11,8k_item202_car_ge5_pit,0.09461,2026-05-08,2026-05-08T11:05:16.000Z,2026-05-08
OWLT_2026-05-08_car,OWLT,2026-05-11,8k_item202_car_ge5_pit,0.248707,2026-05-08,2026-05-07T20:14:26.000Z,2026-05-07
SENS_2026-05-08_car,SENS,2026-05-11,8k_item202_car_ge5_pit,0.06594,2026-05-08,2026-05-07T20:13:59.000Z,2026-05-07
SIF_2026-05-08_car,SIF,2026-05-11,8k_item202_car_ge5_pit,0.239608,2026-05-08,2026-05-08T12:09:00.000Z,2026-05-08
WEST_2026-05-08_car,WEST,2026-05-11,8k_item202_car_ge5_pit,0.472498,2026-05-08,2026-05-07T20:12:43.000Z,2026-05-07
ZIP_2026-05-08_car,ZIP,2026-05-11,8k_item202_car_ge5_pit,0.102351,2026-05-08,2026-05-07T20:10:26.000Z,2026-05-07
CRON_2026-05-11_car,CRON,2026-05-12,8k_item202_car_ge5_pit,0.089792,2026-05-11,2026-05-11T11:32:00.000Z,2026-05-11
PRTH_2026-05-11_car,PRTH,2026-05-12,8k_item202_car_ge5_pit,0.097106,2026-05-11,2026-05-11T11:48:19.000Z,2026-05-11
TUSK_2026-05-11_car,TUSK,2026-05-12,8k_item202_car_ge5_pit,0.229366,2026-05-11,2026-05-11T12:00:44.000Z,2026-05-11
XGN_2026-05-11_car,XGN,2026-05-12,8k_item202_car_ge5_pit,0.256868,2026-05-11,2026-05-11T12:03:21.000Z,2026-05-11
BWEN_2026-05-12_car,BWEN,2026-05-13,8k_item202_car_ge5_pit,0.89248,2026-05-12,2026-05-12T11:00:36.000Z,2026-05-12
COYA_2026-05-12_car,COYA,2026-05-13,8k_item202_car_ge5_pit,0.082053,2026-05-12,2026-05-12T11:39:12.000Z,2026-05-12
CRBP_2026-05-12_car,CRBP,2026-05-13,8k_item202_car_ge5_pit,0.096472,2026-05-12,2026-05-12T12:15:16.000Z,2026-05-12
OPXS_2026-05-12_car,OPXS,2026-05-13,8k_item202_car_ge5_pit,0.072704,2026-05-12,2026-05-12T10:02:29.000Z,2026-05-12
PANL_2026-05-12_car,PANL,2026-05-13,8k_item202_car_ge5_pit,0.070051,2026-05-12,2026-05-11T21:13:27.000Z,2026-05-11
RLGT_2026-05-12_car,RLGT,2026-05-13,8k_item202_car_ge5_pit,0.056765,2026-05-12,2026-05-11T20:30:18.000Z,2026-05-11
SMTI_2026-05-12_car,SMTI,2026-05-13,8k_item202_car_ge5_pit,0.16685,2026-05-12,2026-05-11T21:21:56.000Z,2026-05-11
TONX_2026-05-12_car,TONX,2026-05-13,8k_item202_car_ge5_pit,0.122055,2026-05-12,2026-05-12T12:55:12.000Z,2026-05-12
DMRC_2026-05-13_car,DMRC,2026-05-14,8k_item202_car_ge5_pit,0.089721,2026-05-13,2026-05-12T20:05:30.000Z,2026-05-12
ELMD_2026-05-13_car,ELMD,2026-05-14,8k_item202_car_ge5_pit,0.328378,2026-05-13,2026-05-12T20:06:45.000Z,2026-05-12
QUIK_2026-05-13_car,QUIK,2026-05-14,8k_item202_car_ge5_pit,0.068881,2026-05-13,2026-05-12T20:12:55.000Z,2026-05-12
SNWV_2026-05-13_car,SNWV,2026-05-14,8k_item202_car_ge5_pit,0.050681,2026-05-13,2026-05-12T20:33:51.000Z,2026-05-12
TGEN_2026-05-13_car,TGEN,2026-05-14,8k_item202_car_ge5_pit,0.456916,2026-05-13,2026-05-12T21:15:25.000Z,2026-05-12
AEBI_2026-05-14_car,AEBI,2026-05-15,8k_item202_car_ge5_pit,0.117508,2026-05-14,2026-05-14T11:00:21.000Z,2026-05-14
CLNN_2026-05-14_car,CLNN,2026-05-15,8k_item202_car_ge5_pit,0.102692,2026-05-14,2026-05-14T12:02:05.000Z,2026-05-14
DERM_2026-05-14_car,DERM,2026-05-15,8k_item202_car_ge5_pit,0.223883,2026-05-14,2026-05-13T20:06:07.000Z,2026-05-13
IMDX_2026-05-14_car,IMDX,2026-05-15,8k_item202_car_ge5_pit,0.261093,2026-05-14,2026-05-13T20:10:20.000Z,2026-05-13
LIEN_2026-05-14_car,LIEN,2026-05-15,8k_item202_car_ge5_pit,0.07369,2026-05-14,2026-05-14T11:05:33.000Z,2026-05-14
MGNX_2026-05-14_car,MGNX,2026-05-15,8k_item202_car_ge5_pit,0.236114,2026-05-14,2026-05-13T20:22:33.000Z,2026-05-13
NAKA_2026-05-14_car,NAKA,2026-05-15,8k_item202_car_ge5_pit,0.110112,2026-05-14,2026-05-13T21:08:01.000Z,2026-05-13
TRT_2026-05-14_car,TRT,2026-05-15,8k_item202_car_ge5_pit,0.871083,2026-05-14,2026-05-14T14:24:24.000Z,2026-05-14
VTVT_2026-05-14_car,VTVT,2026-05-15,8k_item202_car_ge5_pit,0.1315,2026-05-14,2026-05-13T20:18:25.000Z,2026-05-13
BOC_2026-05-15_car,BOC,2026-05-18,8k_item202_car_ge5_pit,0.074901,2026-05-15,2026-05-14T20:28:23.000Z,2026-05-14
DWSN_2026-05-15_car,DWSN,2026-05-18,8k_item202_car_ge5_pit,0.170755,2026-05-15,2026-05-14T20:15:30.000Z,2026-05-14
FBIO_2026-05-15_car,FBIO,2026-05-18,8k_item202_car_ge5_pit,0.090985,2026-05-15,2026-05-14T20:23:01.000Z,2026-05-14
CVU_2026-05-18_car,CVU,2026-05-19,8k_item202_car_ge5_pit,0.158044,2026-05-18,2026-05-18T12:08:03.000Z,2026-05-18
HURA_2026-05-18_car,HURA,2026-05-19,8k_item202_car_ge5_pit,0.072295,2026-05-18,2026-05-15T21:10:20.000Z,2026-05-15
VUZI_2026-05-18_car,VUZI,2026-05-19,8k_item202_car_ge5_pit,0.37736,2026-05-18,2026-05-15T20:55:25.000Z,2026-05-15
MOVE_2026-05-20_car,MOVE,2026-05-21,8k_item202_car_ge5_pit,0.089549,2026-05-20,2026-05-19T20:07:06.000Z,2026-05-19
RRGB_2026-05-20_car,RRGB,2026-05-21,8k_item202_car_ge5_pit,0.198137,2026-05-20,2026-05-19T20:11:58.000Z,2026-05-19
GSIT_2026-05-22_car,GSIT,2026-05-26,8k_item202_car_ge5_pit,0.127484,2026-05-22,2026-05-22T10:03:46.000Z,2026-05-22
OESX_2026-06-04_car,OESX,2026-06-05,8k_item202_car_ge5_pit,0.065988,2026-06-04,2026-06-04T11:00:34.000Z,2026-06-04
TLYS_2026-06-04_car,TLYS,2026-06-05,8k_item202_car_ge5_pit,0.177534,2026-06-04,2026-06-03T20:06:37.000Z,2026-06-03
BBCP_2026-06-05_car,BBCP,2026-06-08,8k_item202_car_ge5_pit,0.376987,2026-06-05,2026-06-04T20:08:17.000Z,2026-06-04
HURC_2026-06-05_car,HURC,2026-06-08,8k_item202_car_ge5_pit,0.26309,2026-06-05,2026-06-05T14:36:32.000Z,2026-06-05
MPAA_2026-06-08_car,MPAA,2026-06-09,8k_item202_car_ge5_pit,0.247137,2026-06-08,2026-06-08T11:58:39.000Z,2026-06-08
LE_2026-06-09_car,LE,2026-06-10,8k_item202_car_ge5_pit,0.12035,2026-06-09,2026-06-09T10:48:46.000Z,2026-06-09
JILL_2026-06-10_car,JILL,2026-06-11,8k_item202_car_ge5_pit,0.104022,2026-06-10,2026-06-10T10:45:18.000Z,2026-06-10
LAKE_2026-06-10_car,LAKE,2026-06-11,8k_item202_car_ge5_pit,0.134257,2026-06-10,2026-06-09T20:20:17.000Z,2026-06-09
LMNR_2026-06-10_car,LMNR,2026-06-11,8k_item202_car_ge5_pit,0.074243,2026-06-10,2026-06-09T20:02:26.000Z,2026-06-09
HOFT_2026-06-11_car,HOFT,2026-06-12,8k_item202_car_ge5_pit,0.222434,2026-06-11,2026-06-11T10:01:20.000Z,2026-06-11
VRA_2026-06-11_car,VRA,2026-06-12,8k_item202_car_ge5_pit,0.169327,2026-06-11,2026-06-11T12:01:53.000Z,2026-06-11
FRD_2026-06-12_car,FRD,2026-06-15,8k_item202_car_ge5_pit,0.298697,2026-06-12,2026-06-11T20:54:14.000Z,2026-06-11
VNCE_2026-06-16_car,VNCE,2026-06-17,8k_item202_car_ge5_pit,0.439533,2026-06-16,2026-06-16T11:02:15.000Z,2026-06-16
OM_2026-06-18_car,OM,2026-06-22,8k_item202_car_ge5_pit,0.206713,2026-06-18,2026-06-17T20:05:17.000Z,2026-06-17
EBF_2026-06-22_car,EBF,2026-06-23,8k_item202_car_ge5_pit,0.071239,2026-06-22,2026-06-22T14:06:35.000Z,2026-06-22
POWW_2026-06-22_car,POWW,2026-06-23,8k_item202_car_ge5_pit,0.069025,2026-06-22,2026-06-22T12:00:15.000Z,2026-06-22
BNC_2026-06-24_car,BNC,2026-06-25,8k_item202_car_ge5_pit,0.342631,2026-06-24,2026-06-23T20:40:34.000Z,2026-06-23
BNED_2026-06-25_car,BNED,2026-06-26,8k_item202_car_ge5_pit,0.234776,2026-06-25,2026-06-24T20:24:37.000Z,2026-06-24
AOUT_2026-06-26_car,AOUT,2026-06-29,8k_item202_car_ge5_pit,0.351118,2026-06-26,2026-06-25T20:05:21.000Z,2026-06-25
CNVS_2026-06-26_car,CNVS,2026-06-29,8k_item202_car_ge5_pit,0.065503,2026-06-26,2026-06-26T12:15:16.000Z,2026-06-26
AP_2026-07-09_car,AP,2026-07-10,8k_item202_car_ge5_pit,0.082028,2026-07-09,2026-07-09T12:49:05.000Z,2026-07-09
BNED_2026-07-10_car,BNED,2026-07-13,8k_item202_car_ge5_pit,0.100577,2026-07-10,2026-07-09T20:12:53.000Z,2026-07-09
CRMT_2026-07-14_car,CRMT,2026-07-15,8k_item202_car_ge5_pit,0.413001,2026-07-14,2026-07-14T13:15:30.000Z,2026-07-14
PLBC_2026-07-15_car,PLBC,2026-07-16,8k_item202_car_ge5_pit,0.063891,2026-07-15,2026-07-15T13:00:15.000Z,2026-07-15
LCNB_2026-07-16_car,LCNB,2026-07-17,8k_item202_car_ge5_pit,0.084536,2026-07-16,2026-07-15T20:06:50.000Z,2026-07-15
FCBC_2026-07-22_car,FCBC,2026-07-23,8k_item202_car_ge5_pit,0.072427,2026-07-22,2026-07-21T20:14:00.000Z,2026-07-21
NWFL_2026-07-22_car,NWFL,2026-07-23,8k_item202_car_ge5_pit,0.053226,2026-07-22,2026-07-22T12:12:53.000Z,2026-07-22
ACU_2026-07-23_car,ACU,2026-07-24,8k_item202_car_ge5_pit,0.186509,2026-07-23,2026-07-23T12:08:37.000Z,2026-07-23
BWFG_2026-07-23_car,BWFG,2026-07-24,8k_item202_car_ge5_pit,0.056892,2026-07-23,2026-07-23T12:04:10.000Z,2026-07-23
CBAN_2026-07-23_car,CBAN,2026-07-24,8k_item202_car_ge5_pit,0.073603,2026-07-23,2026-07-22T20:15:21.000Z,2026-07-22
CHMG_2026-07-23_car,CHMG,2026-07-24,8k_item202_car_ge5_pit,0.0918,2026-07-23,2026-07-22T20:10:16.000Z,2026-07-22
TCBX_2026-07-23_car,TCBX,2026-07-24,8k_item202_car_ge5_pit,0.076368,2026-07-23,2026-07-22T20:20:23.000Z,2026-07-22
BPRN_2026-07-24_car,BPRN,2026-07-27,8k_item202_car_ge5_pit,0.070139,2026-07-24,2026-07-23T20:00:15.000Z,2026-07-23
CZNC_2026-07-24_car,CZNC,2026-07-27,8k_item202_car_ge5_pit,0.056377,2026-07-24,2026-07-23T20:10:03.000Z,2026-07-23
EAF_2026-07-24_car,EAF,2026-07-27,8k_item202_car_ge5_pit,0.09595,2026-07-24,2026-07-24T10:49:17.000Z,2026-07-24
FPH_2026-07-24_car,FPH,2026-07-27,8k_item202_car_ge5_pit,0.060643,2026-07-24,2026-07-23T20:12:49.000Z,2026-07-23
JAKK_2026-07-24_car,JAKK,2026-07-27,8k_item202_car_ge5_pit,0.087385,2026-07-24,2026-07-24T10:15:29.000Z,2026-07-24
NDLS_2026-07-24_car,NDLS,2026-07-27,8k_item202_car_ge5_pit,0.152613,2026-07-24,2026-07-24T11:55:26.000Z,2026-07-24
NKSH_2026-07-24_car,NKSH,2026-07-27,8k_item202_car_ge5_pit,0.067329,2026-07-24,2026-07-23T20:30:14.000Z,2026-07-23
OPBK_2026-07-24_car,OPBK,2026-07-27,8k_item202_car_ge5_pit,0.050153,2026-07-24,2026-07-23T20:28:43.000Z,2026-07-23
USCB_2026-07-24_car,USCB,2026-07-27,8k_item202_car_ge5_pit,0.111433,2026-07-24,2026-07-23T20:00:18.000Z,2026-07-23
HBT_2026-07-27_car,HBT,2026-07-28,8k_item202_car_ge5_pit,0.0836,2026-07-27,2026-07-27T11:02:23.000Z,2026-07-27
IMMR_2026-07-27_car,IMMR,2026-07-28,8k_item202_car_ge5_pit,0.172235,2026-07-27,2026-07-27T12:38:52.000Z,2026-07-27
CAC_2026-07-28_car,CAC,2026-07-29,8k_item202_car_ge5_pit,0.079988,2026-07-28,2026-07-28T12:05:37.000Z,2026-07-28
CBNK_2026-07-28_car,CBNK,2026-07-29,8k_item202_car_ge5_pit,0.054891,2026-07-28,2026-07-27T20:05:19.000Z,2026-07-27
CFBK_2026-07-28_car,CFBK,2026-07-29,8k_item202_car_ge5_pit,0.080657,2026-07-28,2026-07-28T13:03:46.000Z,2026-07-28
FMAO_2026-07-28_car,FMAO,2026-07-29,8k_item202_car_ge5_pit,0.137068,2026-07-28,2026-07-27T20:45:28.000Z,2026-07-27
ANIK_2026-07-29_car,ANIK,2026-07-30,8k_item202_car_ge5_pit,0.191619,2026-07-29,2026-07-29T11:20:33.000Z,2026-07-29
CLW_2026-07-29_car,CLW,2026-07-30,8k_item202_car_ge5_pit,0.206761,2026-07-29,2026-07-28T20:08:50.000Z,2026-07-28
QUAD_2026-07-29_car,QUAD,2026-07-30,8k_item202_car_ge5_pit,0.173672,2026-07-29,2026-07-28T21:00:48.000Z,2026-07-28
RCKY_2026-07-29_car,RCKY,2026-07-30,8k_item202_car_ge5_pit,0.143977,2026-07-29,2026-07-28T20:13:17.000Z,2026-07-28
AVXL_2026-07-30_car,AVXL,2026-07-31,8k_item202_car_ge5_pit,0.080331,2026-07-30,2026-07-30T12:15:52.000Z,2026-07-30
BOOM_2026-07-30_car,BOOM,2026-07-31,8k_item202_car_ge5_pit,0.219456,2026-07-30,2026-07-29T20:07:20.000Z,2026-07-29
RJET_2026-07-30_car,RJET,2026-07-31,8k_item202_car_ge5_pit,0.119958,2026-07-30,2026-07-30T11:01:11.000Z,2026-07-30
SMHI_2026-07-30_car,SMHI,2026-07-31,8k_item202_car_ge5_pit,0.197416,2026-07-30,2026-07-29T20:16:32.000Z,2026-07-29
FATN_2026-07-31_car,FATN,2026-08-03,8k_item202_car_ge5_pit,0.324158,2026-07-31,2026-07-30T20:00:37.000Z,2026-07-30
FBIZ_2026-07-31_car,FBIZ,2026-08-03,8k_item202_car_ge5_pit,0.051901,2026-07-31,2026-07-30T20:00:37.000Z,2026-07-30
FORR_2026-07-31_car,FORR,2026-08-03,8k_item202_car_ge5_pit,0.144779,2026-07-31,2026-07-30T20:02:36.000Z,2026-07-30
INBK_2026-07-31_car,INBK,2026-08-03,8k_item202_car_ge5_pit,0.117291,2026-07-31,2026-07-30T20:10:33.000Z,2026-07-30
INTT_2026-07-31_car,INTT,2026-08-03,8k_item202_car_ge5_pit,0.052139,2026-07-31,2026-07-31T12:32:44.000Z,2026-07-31
ULH_2026-08-03_car,ULH,2026-08-04,8k_item202_car_ge5_pit,0.421881,2026-08-03,2026-07-31T20:25:28.000Z,2026-07-31
EVEX_2026-08-04_car,EVEX,2026-08-05,8k_item202_car_ge5_pit,0.092337,2026-08-04,2026-08-04T10:03:23.000Z,2026-08-04
HVT_2026-08-04_car,HVT,2026-08-05,8k_item202_car_ge5_pit,0.101742,2026-08-04,2026-08-04T10:46:33.000Z,2026-08-04
INFU_2026-08-04_car,INFU,2026-08-05,8k_item202_car_ge5_pit,0.301791,2026-08-04,2026-08-04T10:31:28.000Z,2026-08-04
MED_2026-08-04_car,MED,2026-08-05,8k_item202_car_ge5_pit,0.244784,2026-08-04,2026-08-03T20:12:19.000Z,2026-08-03
OPAD_2026-08-04_car,OPAD,2026-08-05,8k_item202_car_ge5_pit,0.247017,2026-08-04,2026-08-03T20:15:15.000Z,2026-08-03
SGC_2026-08-04_car,SGC,2026-08-05,8k_item202_car_ge5_pit,0.054437,2026-08-04,2026-08-04T11:10:23.000Z,2026-08-04
XGN_2026-08-04_car,XGN,2026-08-05,8k_item202_car_ge5_pit,0.404944,2026-08-04,2026-08-04T12:02:40.000Z,2026-08-04
AMWL_2026-08-05_car,AMWL,2026-08-06,8k_item202_car_ge5_pit,0.244474,2026-08-05,2026-08-04T20:08:45.000Z,2026-08-04
ARDT_2026-08-05_car,ARDT,2026-08-06,8k_item202_car_ge5_pit,0.081731,2026-08-05,2026-08-04T20:16:33.000Z,2026-08-04
CRCT_2026-08-05_car,CRCT,2026-08-06,8k_item202_car_ge5_pit,0.232336,2026-08-05,2026-08-04T20:07:08.000Z,2026-08-04
DIBS_2026-08-05_car,DIBS,2026-08-06,8k_item202_car_ge5_pit,0.138603,2026-08-05,2026-08-05T11:03:52.000Z,2026-08-05
GIC_2026-08-05_car,GIC,2026-08-06,8k_item202_car_ge5_pit,0.064838,2026-08-05,2026-08-04T20:35:00.000Z,2026-08-04
GTE_2026-08-05_car,GTE,2026-08-06,8k_item202_car_ge5_pit,0.390121,2026-08-05,2026-08-05T01:05:15.000Z,2026-08-05
HGTY_2026-08-05_car,HGTY,2026-08-06,8k_item202_car_ge5_pit,0.154615,2026-08-05,2026-08-05T11:00:42.000Z,2026-08-05
HLLY_2026-08-05_car,HLLY,2026-08-06,8k_item202_car_ge5_pit,0.067195,2026-08-05,2026-08-05T11:41:53.000Z,2026-08-05
HY_2026-08-05_car,HY,2026-08-06,8k_item202_car_ge5_pit,0.055114,2026-08-05,2026-08-04T21:01:49.000Z,2026-08-04
KIDS_2026-08-05_car,KIDS,2026-08-06,8k_item202_car_ge5_pit,0.096982,2026-08-05,2026-08-04T20:08:24.000Z,2026-08-04
LFCR_2026-08-05_car,LFCR,2026-08-06,8k_item202_car_ge5_pit,0.116235,2026-08-05,2026-08-05T11:17:09.000Z,2026-08-05
OESX_2026-08-05_car,OESX,2026-08-06,8k_item202_car_ge5_pit,0.693976,2026-08-05,2026-08-05T11:02:10.000Z,2026-08-05
SWIM_2026-08-05_car,SWIM,2026-08-06,8k_item202_car_ge5_pit,0.270258,2026-08-05,2026-08-04T20:28:30.000Z,2026-08-04
TBI_2026-08-05_car,TBI,2026-08-06,8k_item202_car_ge5_pit,0.329989,2026-08-05,2026-08-04T20:10:29.000Z,2026-08-04
WEYS_2026-08-05_car,WEYS,2026-08-06,8k_item202_car_ge5_pit,0.075613,2026-08-05,2026-08-04T20:05:48.000Z,2026-08-04
ALGS_2026-08-06_car,ALGS,2026-08-07,8k_item202_car_ge5_pit,0.174817,2026-08-06,2026-08-06T12:00:37.000Z,2026-08-06
ATNI_2026-08-06_car,ATNI,2026-08-07,8k_item202_car_ge5_pit,0.327021,2026-08-06,2026-08-05T23:22:59.000Z,2026-08-06
CION_2026-08-06_car,CION,2026-08-07,8k_item202_car_ge5_pit,0.20095,2026-08-06,2026-08-06T12:30:39.000Z,2026-08-06
CRBP_2026-08-06_car,CRBP,2026-08-07,8k_item202_car_ge5_pit,0.058188,2026-08-06,2026-08-06T12:15:17.000Z,2026-08-06
CRON_2026-08-06_car,CRON,2026-08-07,8k_item202_car_ge5_pit,0.135198,2026-08-06,2026-08-06T11:31:58.000Z,2026-08-06
EOLS_2026-08-06_car,EOLS,2026-08-07,8k_item202_car_ge5_pit,0.223648,2026-08-06,2026-08-05T20:17:15.000Z,2026-08-05
FHTX_2026-08-06_car,FHTX,2026-08-07,8k_item202_car_ge5_pit,0.239345,2026-08-06,2026-08-06T11:01:44.000Z,2026-08-06
FIP_2026-08-06_car,FIP,2026-08-07,8k_item202_car_ge5_pit,0.247692,2026-08-06,2026-08-05T20:18:35.000Z,2026-08-05
GDRX_2026-08-06_car,GDRX,2026-08-07,8k_item202_car_ge5_pit,0.120875,2026-08-06,2026-08-05T20:07:39.000Z,2026-08-05
GECC_2026-08-06_car,GECC,2026-08-07,8k_item202_car_ge5_pit,0.135027,2026-08-06,2026-08-05T20:06:56.000Z,2026-08-05
HBB_2026-08-06_car,HBB,2026-08-07,8k_item202_car_ge5_pit,0.311789,2026-08-06,2026-08-05T20:04:40.000Z,2026-08-05
III_2026-08-06_car,III,2026-08-07,8k_item202_car_ge5_pit,0.213802,2026-08-06,2026-08-05T20:38:52.000Z,2026-08-05
KRO_2026-08-06_car,KRO,2026-08-07,8k_item202_car_ge5_pit,0.378745,2026-08-06,2026-08-05T20:16:51.000Z,2026-08-05
KRRO_2026-08-06_car,KRRO,2026-08-07,8k_item202_car_ge5_pit,0.147666,2026-08-06,2026-08-06T11:04:15.000Z,2026-08-06
LCUT_2026-08-06_car,LCUT,2026-08-07,8k_item202_car_ge5_pit,0.086941,2026-08-06,2026-08-06T12:05:05.000Z,2026-08-06
MATV_2026-08-06_car,MATV,2026-08-07,8k_item202_car_ge5_pit,0.34241,2026-08-06,2026-08-05T20:04:03.000Z,2026-08-05
MLR_2026-08-06_car,MLR,2026-08-07,8k_item202_car_ge5_pit,0.068481,2026-08-06,2026-08-05T20:21:50.000Z,2026-08-05
OEC_2026-08-06_car,OEC,2026-08-07,8k_item202_car_ge5_pit,0.099151,2026-08-06,2026-08-05T20:33:01.000Z,2026-08-05
OPRT_2026-08-06_car,OPRT,2026-08-07,8k_item202_car_ge5_pit,0.330476,2026-08-06,2026-08-05T20:19:18.000Z,2026-08-05
PAYS_2026-08-06_car,PAYS,2026-08-07,8k_item202_car_ge5_pit,0.296848,2026-08-06,2026-08-05T20:05:47.000Z,2026-08-05
PKOH_2026-08-06_car,PKOH,2026-08-07,8k_item202_car_ge5_pit,0.257448,2026-08-06,2026-08-05T20:10:20.000Z,2026-08-05
PMTS_2026-08-06_car,PMTS,2026-08-07,8k_item202_car_ge5_pit,0.215026,2026-08-06,2026-08-06T11:02:08.000Z,2026-08-06
RNAC_2026-08-06_car,RNAC,2026-08-07,8k_item202_car_ge5_pit,0.055372,2026-08-06,2026-08-06T11:03:44.000Z,2026-08-06
SGHT_2026-08-06_car,SGHT,2026-08-07,8k_item202_car_ge5_pit,0.341438,2026-08-06,2026-08-05T20:09:46.000Z,2026-08-05
TASK_2026-08-06_car,TASK,2026-08-07,8k_item202_car_ge5_pit,0.150556,2026-08-06,2026-08-05T20:06:50.000Z,2026-08-05
TCPC_2026-08-06_car,TCPC,2026-08-07,8k_item202_car_ge5_pit,0.169778,2026-08-06,2026-08-06T12:05:28.000Z,2026-08-06
TKNO_2026-08-06_car,TKNO,2026-08-07,8k_item202_car_ge5_pit,0.147007,2026-08-06,2026-08-05T20:06:41.000Z,2026-08-05
TPVG_2026-08-06_car,TPVG,2026-08-07,8k_item202_car_ge5_pit,0.121033,2026-08-06,2026-08-05T20:45:38.000Z,2026-08-05
WHWK_2026-08-06_car,WHWK,2026-08-07,8k_item202_car_ge5_pit,0.165025,2026-08-06,2026-08-06T14:08:06.000Z,2026-08-06
WW_2026-08-06_car,WW,2026-08-07,8k_item202_car_ge5_pit,0.171352,2026-08-06,2026-08-05T20:05:56.000Z,2026-08-05
ZIP_2026-08-06_car,ZIP,2026-08-07,8k_item202_car_ge5_pit,0.204904,2026-08-06,2026-08-05T20:07:19.000Z,2026-08-05
ARCT_2026-08-07_car,ARCT,2026-08-10,8k_item202_car_ge5_pit,0.153723,2026-08-07,2026-08-06T20:06:01.000Z,2026-08-06
BARK_2026-08-07_car,BARK,2026-08-10,8k_item202_car_ge5_pit,0.163398,2026-08-07,2026-08-06T20:18:33.000Z,2026-08-06
CLAR_2026-08-07_car,CLAR,2026-08-10,8k_item202_car_ge5_pit,0.115846,2026-08-07,2026-08-06T20:22:03.000Z,2026-08-06
CTEV_2026-08-07_car,CTEV,2026-08-10,8k_item202_car_ge5_pit,0.263558,2026-08-07,2026-08-07T10:00:26.000Z,2026-08-07
ECOR_2026-08-07_car,ECOR,2026-08-10,8k_item202_car_ge5_pit,0.331497,2026-08-07,2026-08-06T20:11:27.000Z,2026-08-06
FLL_2026-08-07_car,FLL,2026-08-10,8k_item202_car_ge5_pit,0.122038,2026-08-07,2026-08-06T20:12:33.000Z,2026-08-06
FNKO_2026-08-07_car,FNKO,2026-08-10,8k_item202_car_ge5_pit,0.166532,2026-08-07,2026-08-06T20:12:54.000Z,2026-08-06
FRD_2026-08-07_car,FRD,2026-08-10,8k_item202_car_ge5_pit,0.146888,2026-08-07,2026-08-06T20:47:49.000Z,2026-08-06
GRNT_2026-08-07_car,GRNT,2026-08-10,8k_item202_car_ge5_pit,0.084313,2026-08-07,2026-08-06T20:32:49.000Z,2026-08-06
KWY_2026-08-07_car,KWY,2026-08-10,8k_item202_car_ge5_pit,0.099911,2026-08-07,2026-08-06T20:08:26.000Z,2026-08-06
MTW_2026-08-07_car,MTW,2026-08-10,8k_item202_car_ge5_pit,0.323529,2026-08-07,2026-08-06T20:03:15.000Z,2026-08-06
NXTC_2026-08-07_car,NXTC,2026-08-10,8k_item202_car_ge5_pit,0.217797,2026-08-07,2026-08-06T20:16:17.000Z,2026-08-06
PBYI_2026-08-07_car,PBYI,2026-08-10,8k_item202_car_ge5_pit,0.064381,2026-08-07,2026-08-06T20:19:37.000Z,2026-08-06
PRTA_2026-08-07_car,PRTA,2026-08-10,8k_item202_car_ge5_pit,0.057121,2026-08-07,2026-08-06T20:16:21.000Z,2026-08-06
RCEL_2026-08-07_car,RCEL,2026-08-10,8k_item202_car_ge5_pit,0.594184,2026-08-07,2026-08-06T20:10:59.000Z,2026-08-06
RWAY_2026-08-07_car,RWAY,2026-08-10,8k_item202_car_ge5_pit,0.10288,2026-08-07,2026-08-06T20:05:24.000Z,2026-08-06
SENS_2026-08-07_car,SENS,2026-08-10,8k_item202_car_ge5_pit,0.458262,2026-08-07,2026-08-06T20:13:55.000Z,2026-08-06
SRZN_2026-08-07_car,SRZN,2026-08-10,8k_item202_car_ge5_pit,0.153611,2026-08-07,2026-08-06T20:15:55.000Z,2026-08-06
SSP_2026-08-07_car,SSP,2026-08-10,8k_item202_car_ge5_pit,0.122997,2026-08-07,2026-08-07T11:21:40.000Z,2026-08-07
TG_2026-08-07_car,TG,2026-08-10,8k_item202_car_ge5_pit,0.075474,2026-08-07,2026-08-07T12:21:12.000Z,2026-08-07
TLSI_2026-08-07_car,TLSI,2026-08-10,8k_item202_car_ge5_pit,0.139974,2026-08-07,2026-08-06T20:01:56.000Z,2026-08-06
TMCI_2026-08-07_car,TMCI,2026-08-10,8k_item202_car_ge5_pit,0.060394,2026-08-07,2026-08-07T11:10:15.000Z,2026-08-07
TUSK_2026-08-07_car,TUSK,2026-08-10,8k_item202_car_ge5_pit,0.137041,2026-08-07,2026-08-07T12:01:20.000Z,2026-08-07
BWMN_2026-08-10_car,BWMN,2026-08-11,8k_item202_car_ge5_pit,0.559496,2026-08-10,2026-08-10T13:21:17.000Z,2026-08-10
JRSH_2026-08-10_car,JRSH,2026-08-11,8k_item202_car_ge5_pit,0.069492,2026-08-10,2026-08-10T12:10:23.000Z,2026-08-10
POWW_2026-08-10_car,POWW,2026-08-11,8k_item202_car_ge5_pit,0.092694,2026-08-10,2026-08-10T12:01:21.000Z,2026-08-10
VERU_2026-08-10_car,VERU,2026-08-11,8k_item202_car_ge5_pit,0.200917,2026-08-10,2026-08-10T11:00:07.000Z,2026-08-10
VREX_2026-08-10_car,VREX,2026-08-11,8k_item202_car_ge5_pit,0.500671,2026-08-10,2026-08-10T11:32:16.000Z,2026-08-10
ALCO_2026-08-11_car,ALCO,2026-08-12,8k_item202_car_ge5_pit,0.065215,2026-08-11,2026-08-10T20:10:30.000Z,2026-08-10
AMPY_2026-08-11_car,AMPY,2026-08-12,8k_item202_car_ge5_pit,0.055987,2026-08-11,2026-08-10T20:20:41.000Z,2026-08-10
AP_2026-08-11_car,AP,2026-08-12,8k_item202_car_ge5_pit,0.062982,2026-08-11,2026-08-11T10:28:51.000Z,2026-08-11
ARQ_2026-08-11_car,ARQ,2026-08-12,8k_item202_car_ge5_pit,0.11181,2026-08-11,2026-08-10T20:53:38.000Z,2026-08-10
BWEN_2026-08-11_car,BWEN,2026-08-12,8k_item202_car_ge5_pit,0.22043,2026-08-11,2026-08-11T11:00:31.000Z,2026-08-11
CATX_2026-08-11_car,CATX,2026-08-12,8k_item202_car_ge5_pit,0.087365,2026-08-11,2026-08-10T20:30:43.000Z,2026-08-10
CRVO_2026-08-11_car,CRVO,2026-08-12,8k_item202_car_ge5_pit,0.074125,2026-08-11,2026-08-10T20:07:12.000Z,2026-08-10
FF_2026-08-11_car,FF,2026-08-12,8k_item202_car_ge5_pit,0.134419,2026-08-11,2026-08-10T20:25:10.000Z,2026-08-10
IMUX_2026-08-11_car,IMUX,2026-08-12,8k_item202_car_ge5_pit,0.130486,2026-08-11,2026-08-11T11:05:36.000Z,2026-08-11
MASS_2026-08-11_car,MASS,2026-08-12,8k_item202_car_ge5_pit,0.139335,2026-08-11,2026-08-11T11:05:25.000Z,2026-08-11
MG_2026-08-11_car,MG,2026-08-12,8k_item202_car_ge5_pit,0.105828,2026-08-11,2026-08-10T21:10:19.000Z,2026-08-10
PRLD_2026-08-11_car,PRLD,2026-08-12,8k_item202_car_ge5_pit,0.187034,2026-08-11,2026-08-11T12:00:14.000Z,2026-08-11
SMC_2026-08-11_car,SMC,2026-08-12,8k_item202_car_ge5_pit,0.086754,2026-08-11,2026-08-10T20:38:46.000Z,2026-08-10
WHF_2026-08-11_car,WHF,2026-08-12,8k_item202_car_ge5_pit,0.05435,2026-08-11,2026-08-10T21:19:27.000Z,2026-08-10
AII_2026-08-12_car,AII,2026-08-13,8k_item202_car_ge5_pit,0.179208,2026-08-12,2026-08-11T20:17:09.000Z,2026-08-11
BRCB_2026-08-12_car,BRCB,2026-08-13,8k_item202_car_ge5_pit,0.14969,2026-08-12,2026-08-11T20:07:31.000Z,2026-08-11
OWLT_2026-08-12_car,OWLT,2026-08-13,8k_item202_car_ge5_pit,0.143074,2026-08-12,2026-08-11T20:16:29.000Z,2026-08-11
SND_2026-08-12_car,SND,2026-08-13,8k_item202_car_ge5_pit,0.055016,2026-08-12,2026-08-11T20:01:02.000Z,2026-08-11
SPRB_2026-08-12_car,SPRB,2026-08-13,8k_item202_car_ge5_pit,0.062899,2026-08-12,2026-08-12T13:05:17.000Z,2026-08-12
AFCG_2026-08-13_car,AFCG,2026-08-14,8k_item202_car_ge5_pit,0.115584,2026-08-13,2026-08-13T11:35:11.000Z,2026-08-13
AIRO_2026-08-13_car,AIRO,2026-08-14,8k_item202_car_ge5_pit,0.122225,2026-08-13,2026-08-13T10:30:22.000Z,2026-08-13
ANNA_2026-08-13_car,ANNA,2026-08-14,8k_item202_car_ge5_pit,0.060908,2026-08-13,2026-08-13T10:35:15.000Z,2026-08-13
ARMP_2026-08-13_car,ARMP,2026-08-14,8k_item202_car_ge5_pit,0.053021,2026-08-13,2026-08-12T20:16:29.000Z,2026-08-12
CHCI_2026-08-13_car,CHCI,2026-08-14,8k_item202_car_ge5_pit,0.141817,2026-08-13,2026-08-13T13:05:41.000Z,2026-08-13
CNTB_2026-08-13_car,CNTB,2026-08-14,8k_item202_car_ge5_pit,0.089437,2026-08-13,2026-08-12T20:13:33.000Z,2026-08-12
CURI_2026-08-13_car,CURI,2026-08-14,8k_item202_car_ge5_pit,0.262873,2026-08-13,2026-08-12T20:57:56.000Z,2026-08-12
CVV_2026-08-13_car,CVV,2026-08-14,8k_item202_car_ge5_pit,0.126669,2026-08-13,2026-08-12T20:00:25.000Z,2026-08-12
DFDV_2026-08-13_car,DFDV,2026-08-14,8k_item202_car_ge5_pit,0.064702,2026-08-13,2026-08-12T20:47:32.000Z,2026-08-12
FOSL_2026-08-13_car,FOSL,2026-08-14,8k_item202_car_ge5_pit,0.051942,2026-08-13,2026-08-12T20:21:55.000Z,2026-08-12
GWRS_2026-08-13_car,GWRS,2026-08-14,8k_item202_car_ge5_pit,0.125108,2026-08-13,2026-08-13T00:02:32.000Z,2026-08-13
IPWR_2026-08-13_car,IPWR,2026-08-14,8k_item202_car_ge5_pit,0.18908,2026-08-13,2026-08-13T13:25:11.000Z,2026-08-13
LNSR_2026-08-13_car,LNSR,2026-08-14,8k_item202_car_ge5_pit,0.298673,2026-08-13,2026-08-13T11:10:18.000Z,2026-08-13
OPRX_2026-08-13_car,OPRX,2026-08-14,8k_item202_car_ge5_pit,0.233652,2026-08-13,2026-08-12T20:07:41.000Z,2026-08-12
RRGB_2026-08-13_car,RRGB,2026-08-14,8k_item202_car_ge5_pit,0.237663,2026-08-13,2026-08-12T20:09:47.000Z,2026-08-12
SBC_2026-08-13_car,SBC,2026-08-14,8k_item202_car_ge5_pit,0.138766,2026-08-13,2026-08-13T10:50:16.000Z,2026-08-13
AEYE_2026-08-14_car,AEYE,2026-08-17,8k_item202_car_ge5_pit,0.428385,2026-08-14,2026-08-13T20:10:33.000Z,2026-08-13
CAMP_2026-08-14_car,CAMP,2026-08-17,8k_item202_car_ge5_pit,0.117809,2026-08-14,2026-08-13T20:22:35.000Z,2026-08-13
EQ_2026-08-14_car,EQ,2026-08-17,8k_item202_car_ge5_pit,0.240529,2026-08-14,2026-08-13T20:10:16.000Z,2026-08-13
QNCX_2026-08-14_car,QNCX,2026-08-17,8k_item202_car_ge5_pit,0.059459,2026-08-14,2026-08-14T12:21:44.000Z,2026-08-14
SPAI_2026-08-14_car,SPAI,2026-08-17,8k_item202_car_ge5_pit,0.323662,2026-08-14,2026-08-14T12:44:41.000Z,2026-08-14
WKHS_2026-08-14_car,WKHS,2026-08-17,8k_item202_car_ge5_pit,0.095514,2026-08-14,2026-08-13T20:07:45.000Z,2026-08-13
AGPU_2026-08-17_car,AGPU,2026-08-18,8k_item202_car_ge5_pit,0.260544,2026-08-17,2026-08-14T21:00:18.000Z,2026-08-14
NRXP_2026-08-17_car,NRXP,2026-08-18,8k_item202_car_ge5_pit,0.063439,2026-08-17,2026-08-17T12:00:30.000Z,2026-08-17
PRPO_2026-08-17_car,PRPO,2026-08-18,8k_item202_car_ge5_pit,0.06209,2026-08-17,2026-08-14T21:30:25.000Z,2026-08-14
FLXS_2026-08-18_car,FLXS,2026-08-19,8k_item202_car_ge5_pit,0.107833,2026-08-18,2026-08-17T20:31:45.000Z,2026-08-17
CHPT_2026-09-03_car,CHPT,2026-09-04,8k_item202_car_ge5_pit,0.899014,2026-09-03,2026-09-02T20:07:41.000Z,2026-09-02
DLTH_2026-09-03_car,DLTH,2026-09-04,8k_item202_car_ge5_pit,0.242045,2026-09-03,2026-09-03T11:17:40.000Z,2026-09-03
TLYS_2026-09-03_car,TLYS,2026-09-04,8k_item202_car_ge5_pit,0.148282,2026-09-03,2026-09-02T20:07:03.000Z,2026-09-02
