cik,ticker,all_tickers,issuer_edgar,name_source,name_match,form,form25_date,exchange_now,first_bar,last_bar,bars_total,bars_after_form25,status
1075736,CXDO,CXDO,"Crexendo, Inc.","Crexendo, Inc.",True,25,2015-01-02,NasdaqCM,2021-09-07,2026-09-04,1255,1255,still-listed
1114446,AMNA,AMNA|AMND|AMTR|AMUB|BDCX|BDCZ|CEFD|DJCB|ESUS|FEDL|HDLB|IFED|IWDL|IWFL|IWML|MLPB,UBS AG,ETRACS Alerian Midstream Energy Index ETN,False,25,2015-01-07,NYSEArca,2021-09-07,2026-09-04,1255,1255,identity-mismatch
720672,SF,SF|SFB|SF-PB|SF-PC|SF-PD,STIFEL FINANCIAL CORP,Stifel Financial Corp.,True,25-NSE,2015-01-20,NYSE,2021-09-07,2026-09-04,1255,1255,still-listed
814052,TEF,TEF|TEFOF,TELEFONICA S A,,False,25-NSE,2015-01-20,http:404,,,0,0,no-data
1020569,IRM,IRM,IRON MOUNTAIN INC,Iron Mountain Incorporated,True,25-NSE,2015-01-23,NYSE,2021-09-07,2026-09-04,1255,1255,still-listed
70858,BAC,BAC|BAC-PB|BAC-PE|BAC-PK|BAC-PL|BAC-PM|BAC-PN|BAC-PO|BAC-PP|BML-PG|BML-PH|BML-PJ|BML-PL,BANK OF AMERICA CORP /DE/,Bank of America Corporation,True,25-NSE,2015-02-03,NYSE,2021-09-07,2026-09-04,1255,1255,still-listed
895421,MS,MS|MS-PA|MS-PE|MS-PF|MS-PI|MS-PK|MS-PL|MS-PO|MS-PP|MS-PQ|MSTLW,MORGAN STANLEY,Morgan Stanley,True,25-NSE,2015-02-03,NYSE,2021-09-07,2026-09-04,1255,1255,still-listed
1364479,HRI,HRI,HERTZ GLOBAL HOLDINGS INC,Herc Holdings Inc.,False,25-NSE,2015-02-04,NYSE,2021-09-07,2026-09-04,1255,1255,identity-mismatch
899782,NOM,NOM,NUVEEN MISSOURI PREMIUM INCOME MUNICIPAL FUND,,False,25-NSE,2015-02-10,http:404,,,0,0,no-data
1087786,NXJ,NXJ,NUVEEN NEW JERSEY DIVIDEND ADVANTAGE MUNICIPAL FUND,,False,25-NSE,2015-02-10,http:404,,,0,0,no-data
1119639,PBR,PBR|PBR-A,PETROBRAS - PETROLEO BRASILEIRO SA,Petróleo Brasileiro S.A. - Petrobras,True,25-NSE,2015-02-20,NYSE,2021-09-07,2026-09-04,1255,1255,still-listed
1159508,DB,DB|DGP|DGZ|DZZ|ADZCF|DEENF|OLOXF,DEUTSCHE BANK AKTIENGESELLSCHAFT,Deutsche Bank Aktiengesellschaft,True,25-NSE,2015-02-23,NYSE,2021-09-07,2026-09-04,1255,1255,still-listed
33185,EFX,EFX,EQUIFAX INC,Equifax Inc.,True,25-NSE,2015-02-23,NYSE,2021-09-07,2026-09-04,1255,1255,still-listed
1413329,PM,PM,Philip Morris International Inc.,Philip Morris International Inc.,True,25-NSE,2015-03-03,NYSE,2021-09-07,2026-09-04,1255,1255,still-listed
1287750,ARCC,ARCC,ARES CAPITAL CORP,Ares Capital Corporation,True,25-NSE,2015-03-17,NasdaqGS,2021-09-07,2026-09-04,1255,1255,still-listed
844150,NWG,NWG|RBSPF,ROYAL BANK OF SCOTLAND GROUP PLC,NatWest Group plc,False,25-NSE,2015-03-17,NYSE,2021-09-07,2026-09-04,1255,1255,identity-mismatch
1515156,ARQ,ARQ,"Advanced Emissions Solutions, Inc.","Arq, Inc.",False,25-NSE,2015-03-20,NasdaqGM,2021-09-07,2026-09-04,1255,1255,identity-mismatch
1065059,LEU,LEU,CENTRUS ENERGY CORP,Centrus Energy Corp.,True,25,2015-03-23,NYSE,2021-09-07,2026-09-04,1255,1255,still-listed
1406587,FOR,FOR,Forestar Group Inc.,Forestar Group Inc.,True,25-NSE,2015-03-25,NYSE,2021-09-07,2026-09-04,1255,1255,still-listed
1004315,NGG,NGG|NEWEN|NGGTF|NMKBP|NMKCP|NMPWP,NATIONAL GRID PLC,National Grid plc,True,25-NSE,2015-03-25,NYSE,2021-09-07,2026-09-04,1255,1255,still-listed
1543989,USA,USA,Rio Tinto Finance,Liberty All-Star Equity Fund,False,25-NSE,2015-03-25,NYSE,2021-09-07,2026-09-04,1255,1255,identity-mismatch
1479247,CPER,CPER|USCI,United States Commodity Index Funds Trust,"United States Copper Index Fund, LP",True,25-NSE,2015-03-31,NYSEArca,2021-09-07,2026-09-04,1255,1255,still-listed
314808,VAL,VAL|VAL-WT,Ensco plc,Valaris Limited,False,25-NSE,2015-04-14,NYSE,2021-09-07,2026-09-04,1255,1255,identity-mismatch
1324404,CF,CF,"CF Industries Holdings, Inc.","CF Industries Holdings, Inc.",True,25-NSE,2015-04-15,NYSE,2021-09-07,2026-09-04,1255,1255,still-listed
879526,WNC,WNC,WABASH NATIONAL CORP /DE,Wabash National Corporation,True,25-NSE,2015-04-15,NYSE,2021-09-07,2026-09-04,1255,1255,still-listed
1042046,AFG,AFG|AFGB|AFGC|AFGD|AFGE,AMERICAN FINANCIAL GROUP INC,"American Financial Group, Inc.",True,25,2015-04-16,NYSE,2021-09-07,2026-09-04,1255,1255,still-listed
732717,T,T|TBB|TBC|T-PA|T-PC,AT&T INC.,AT&T Inc.,True,25-NSE,2015-04-28,NYSE,2021-09-07,2026-09-04,1255,1255,still-listed
1453593,XTNT,XTNT,"Bacterin International Holdings, Inc.","Xtant Medical Holdings, Inc.",False,25-NSE,2015-05-06,NYSE American,2021-09-07,2026-09-04,1255,1255,identity-mismatch
1410098,CRMD,CRMD,CorMedix Inc.,CorMedix Inc.,True,25-NSE,2015-05-13,NasdaqGM,2021-09-07,2026-09-04,1255,1255,still-listed
1393311,PSA,PSA|PSA-PF|PSA-PG|PSA-PH|PSA-PI|PSA-PJ|PSA-PK|PSA-PL|PSA-PM|PSA-PN|PSA-PO|PSA-PP|PSA-PQ,Public Storage,Public Storage,True,25-NSE,2015-05-13,NYSE,2021-09-07,2026-09-04,1255,1255,still-listed
1010086,SIGA,SIGA,SIGA TECHNOLOGIES INC,"SIGA Technologies, Inc.",True,25-NSE,2015-05-21,NasdaqGM,2021-09-07,2026-09-04,1255,1255,still-listed
758743,VIDE,VIDE,VIDEO DISPLAY CORP,Video Display Corporation,True,25-NSE,2015-05-21,OTC Markets OTCPK,2021-09-07,2026-09-04,1255,1255,otc-continuation
1287032,PSEC,PSEC,PROSPECT CAPITAL CORP,Prospect Capital Corporation,True,25-NSE,2015-05-22,NasdaqGS,2021-09-07,2026-09-04,1255,1255,still-listed
912242,MAC,MAC,MACERICH CO,The Macerich Company,True,25-NSE,2015-05-27,NYSE,2021-09-07,2026-09-04,1255,1255,still-listed
1409375,OESX,OESX,"ORION ENERGY SYSTEMS, INC.","Orion Energy Systems, Inc.",True,25,2015-06-15,NasdaqCM,2021-09-07,2026-09-04,1255,1255,still-listed
59478,LLY,LLY,LILLY ELI & CO,Eli Lilly and Company,True,25-NSE,2015-06-16,NYSE,2021-09-07,2026-09-04,1255,1255,still-listed
1103982,MDLZ,MDLZ,"Mondelez International, Inc.","Mondelez International, Inc.",True,25-NSE,2015-06-16,NasdaqGS,2021-09-07,2026-09-04,1255,1255,still-listed
1031093,SVBL,SVBL,"SILVER BULL RESOURCES, INC.","Silver Bull Resources, Inc.",True,25,2015-06-16,OTC Markets OTCQB,2021-09-07,2026-09-04,1255,1255,otc-continuation
1379785,BBDC,BBDC,Triangle Capital CORP,"Barings BDC, Inc.",False,25-NSE,2015-06-22,NYSE,2021-09-07,2026-09-04,1255,1255,identity-mismatch
1415311,AGQ,AGQ|EUO|GLL|SCO|UCO|UGL|ULE|YCL|YCS|ZSL|BOIL|KOLD|SVXY|UVXY|VIXM|VIXY,ProShares Trust II,ProShares Ultra Silver,True,25-NSE,2015-06-30,NYSEArca,2021-09-07,2026-09-04,1255,1255,still-listed
1126328,PFG,PFG,PRINCIPAL FINANCIAL GROUP INC,"Principal Financial Group, Inc.",True,25-NSE,2015-06-30,NasdaqGS,2021-09-07,2026-09-04,1255,1255,still-listed
1099219,MET,MET|MET-PA|MET-PE|MET-PF,METLIFE INC,"MetLife, Inc.",True,25-NSE,2015-07-01,NYSE,2021-09-07,2026-09-04,1255,1255,still-listed
1178819,AGI,AGI,ALAMOS GOLD INC,Alamos Gold Inc.,True,25-NSE,2015-07-06,NYSE,2021-09-07,2026-09-04,1255,1255,still-listed
1053092,GLDI,GLDI|SLVO|USOI,CREDIT SUISSE AG,UBS ETRACS Gold Shares Covered Call ETN,False,25-NSE,2015-07-06,NasdaqGM,2021-09-07,2026-09-04,1255,1255,identity-mismatch
1561680,TPH,TPH,"TRI Pointe Group, Inc.",,False,25-NSE,2015-07-08,http:404,,,0,0,no-data
1357459,PALI,PALI,"Neuralstem, Inc.","Palisade Bio, Inc.",False,25,2015-07-10,NasdaqCM,2021-09-07,2026-09-04,1255,1255,identity-mismatch
1039765,ING,ING|INGVF,ING GROEP NV,ING Groep N.V.,True,25-NSE,2015-07-17,NYSE,2021-09-07,2026-09-04,1255,1255,still-listed
1160106,LYG,LYG|LLDTF|LLOBF,Lloyds Banking Group plc,Lloyds Banking Group plc,True,25-NSE,2015-07-17,NYSE,2021-09-07,2026-09-04,1255,1255,still-listed
1590584,CVEO,CVEO,Civeo Corp,Civeo Corporation,True,25-NSE,2015-07-20,NYSE,2021-09-07,2026-09-04,1255,1255,still-listed
915840,BZH,BZH,BEAZER HOMES USA INC,"Beazer Homes USA, Inc.",True,25-NSE,2015-07-24,NYSE,2021-09-07,2026-09-04,1255,1255,still-listed
1178670,ALNY,ALNY,"ALNYLAM PHARMACEUTICALS, INC.","Alnylam Pharmaceuticals, Inc.",True,25,2015-07-27,NasdaqGS,2021-09-07,2026-09-04,1255,1255,still-listed
101829,RTX,RTX,UNITED TECHNOLOGIES CORP /DE/,RTX Corporation,False,25-NSE,2015-08-10,NYSE,2021-09-07,2026-09-04,1255,1255,identity-mismatch
931148,EAF,EAF,GRAFTECH INTERNATIONAL LTD,GrafTech International Ltd.,True,25-NSE,2015-08-17,NYSE,2021-09-07,2026-09-04,1255,1255,still-listed
37785,FMC,FMC,FMC CORP,FMC Corporation,True,25,2015-08-24,NYSE,2021-09-07,2026-09-04,1255,1255,still-listed
712034,ACCO,ACCO,ACCO BRANDS Corp,ACCO Brands Corporation,True,25-NSE,2015-08-25,NYSE,2021-09-07,2026-09-04,1255,1255,still-listed
880984,ACFN,ACFN,"ACORN ENERGY, INC.","Acorn Energy, Inc.",True,25-NSE,2015-08-27,NasdaqCM,2021-09-07,2026-09-04,1255,1255,still-listed
1589526,BLBD,BLBD,Blue Bird Corp,Blue Bird Corporation,True,25-NSE,2015-08-27,NasdaqGM,2021-09-07,2026-09-04,1255,1255,still-listed
1340677,SVM,SVM,SILVERCORP METALS INC,Silvercorp Metals Inc.,True,25,2015-08-31,NYSE American,2021-09-07,2026-09-04,1255,1255,still-listed
753308,NEE,NEE|NEE-PN|NEE-PR|NEE-PS,NEXTERA ENERGY INC,"NextEra Energy, Inc.",True,25-NSE,2015-09-01,NYSE,2021-09-07,2026-09-04,1255,1255,still-listed
1591670,FPI,FPI,Farmland Partners Inc.,Farmland Partners Inc.,True,25,2015-09-14,NYSE,2021-09-07,2026-09-04,1255,1255,still-listed
109380,ZION,ZION|ZIONL|ZIONO|ZIONP,ZIONS BANCORPORATION /UT/,"Zions Bancorporation, National Association",True,25-NSE,2015-09-15,NasdaqGS,2021-09-07,2026-09-04,1255,1255,still-listed
1348952,ELC,ELC,"Entergy Louisiana, LLC","Entergy Louisiana, LLC COLLATERAL TR MT",True,25-NSE,2015-10-02,NYSE,2022-01-07,2026-09-04,1169,1169,still-listed
70502,NRUC,NRUC,NATIONAL RURAL UTILITIES COOPERATIVE FINANCE CORP /DC/,National Rural Utilities Cooper,True,25-NSE,2015-10-08,NYSE,2021-09-07,2026-09-04,1255,1255,still-listed
1004434,AMG,AMG|MGR|MGRB|MGRD|MGRE,"AFFILIATED MANAGERS GROUP, INC.","Affiliated Managers Group, Inc.",True,25-NSE,2015-10-23,NYSE,2021-09-07,2026-09-04,1255,1255,still-listed
1565146,GULTU,GULTU,Gulf Coast Ultra Deep Royalty Trust,Gulf Coast Ultra Deep Royalty Trust,True,25-NSE,2015-10-23,OTC Markets OTCID,2021-09-07,2026-09-04,1255,1255,otc-continuation
1166663,TEN,TEN|TEN-PE|TEN-PF,TSAKOS ENERGY NAVIGATION LTD,Tsakos Energy Navigation Limited,True,25-NSE,2015-10-26,NYSE,2021-09-07,2026-09-04,1255,1255,still-listed
1283699,TMUS,TMUS,"T-Mobile US, Inc.","T-Mobile US, Inc.",True,25,2015-10-26,NasdaqGS,2021-09-07,2026-09-04,1255,1255,still-listed
1047335,NHC,NHC,NATIONAL HEALTHCARE CORP,National HealthCare Corporation,True,25-NSE,2015-10-30,NYSE American,2021-09-07,2026-09-04,1255,1255,still-listed
842180,BBVA,BBVA|BBVXF,"BANCO BILBAO VIZCAYA ARGENTARIA, S.A.","Banco Bilbao Vizcaya Argentaria, S.A.",True,25-NSE,2015-11-02,NYSE,2021-09-07,2026-09-04,1255,1255,still-listed
886982,GS,GS|GSCE|GS-PA|GS-PC|GS-PD,GOLDMAN SACHS GROUP INC,"The Goldman Sachs Group, Inc.",True,25-NSE,2015-11-03,NYSE,2021-09-07,2026-09-04,1255,1255,still-listed
874766,HIG,HIG|HIG-PG,HARTFORD FINANCIAL SERVICES GROUP INC/DE,"The Hartford Insurance Group, Inc.",True,25-NSE,2015-11-09,NYSE,2021-09-07,2026-09-04,1255,1255,still-listed
1359841,HBI,HBI,Hanesbrands Inc.,,False,25-NSE,2015-11-12,http:404,,,0,0,no-data
97745,TMO,TMO,THERMO FISHER SCIENTIFIC INC.,Thermo Fisher Scientific Inc.,True,25-NSE,2015-11-13,NYSE,2021-09-07,2026-09-04,1255,1255,still-listed
1306965,SHEL,SHEL|RYDAF,Royal Dutch Shell plc,Shell plc,True,25-NSE,2015-11-16,NYSE,2021-09-07,2026-09-04,1255,1255,still-listed
215466,CDE,CDE,"Coeur Mining, Inc.","Coeur Mining, Inc.",True,25-NSE,2015-11-18,NYSE,2021-09-07,2026-09-04,1255,1255,still-listed
940944,DRI,DRI,DARDEN RESTAURANTS INC,"Darden Restaurants, Inc.",True,25-NSE,2015-11-20,NYSE,2021-09-07,2026-09-04,1255,1255,still-listed
93556,SWK,SWK,"STANLEY BLACK & DECKER, INC.","Stanley Black & Decker, Inc.",True,25-NSE,2015-11-20,NYSE,2021-09-07,2026-09-04,1255,1255,still-listed
1129928,ONCY,ONCY,ONCOLYTICS BIOTECH INC,Oncolytics Biotech Inc.,True,25-NSE,2015-11-24,NasdaqCM,2021-09-07,2026-09-04,1255,1255,still-listed
68505,MSI,MSI,"Motorola Solutions, Inc.","Motorola Solutions, Inc.",True,25,2015-11-30,NYSE,2021-09-07,2026-09-04,1255,1255,still-listed
1362898,AVLNF,AVLNF,Avalon Rare Metals Inc.,Avalon Advanced Materials Inc.,False,25,2015-12-07,OTC Markets OTCQB,2021-09-07,2026-09-04,1255,1255,identity-mismatch
879101,KIM,KIM|KIM-PL|KIM-PM|KIM-PN,KIMCO REALTY CORP,Kimco Realty Corporation,True,25-NSE,2015-12-07,NYSE,2021-09-07,2026-09-04,1255,1255,still-listed
78814,PBI,PBI|PBI-PB,PITNEY BOWES INC /DE/,Pitney Bowes Inc.,True,25-NSE,2015-12-07,NYSE,2021-09-07,2026-09-04,1255,1255,still-listed
1286043,KRG,KRG,KITE REALTY GROUP TRUST,Kite Realty Group Trust,True,25-NSE,2015-12-08,NYSE,2021-09-07,2026-09-04,1255,1255,still-listed
1403132,CAYMAN,CAYMAN,WuXi PharmaTech,,False,25-NSE,2015-12-11,http:404,,,0,0,no-data
1482512,HPP,HPP|HPP-PC,"Hudson Pacific Properties, Inc.","Hudson Pacific Properties, Inc.",True,25-NSE,2015-12-15,NYSE,2021-09-07,2026-09-04,1255,1255,still-listed
76267,PKE,PKE,PARK ELECTROCHEMICAL CORP,Park Aerospace Corp.,True,25-NSE,2015-12-18,NYSE,2021-09-07,2026-09-04,1255,1255,still-listed
277948,CSX,CSX,CSX CORP,CSX Corporation,True,25,2015-12-21,NasdaqGS,2021-09-07,2026-09-04,1255,1255,still-listed
894627,EGY,EGY,VAALCO ENERGY INC /DE/,"VAALCO Energy, Inc.",True,25-NSE,2015-12-24,NYSE,2021-09-07,2026-09-04,1255,1255,still-listed
48898,HUBB,HUBB,HUBBELL INC,Hubbell Incorporated,True,25-NSE,2015-12-24,NYSE,2021-09-07,2026-09-04,1255,1255,still-listed
1467858,GM,GM,General Motors Co,General Motors Company,True,25-NSE,2015-12-31,NYSE,2021-09-07,2026-09-04,1255,1255,still-listed
1140536,WTW,WTW,WILLIS GROUP HOLDINGS PLC,Willis Towers Watson Public Limited Company,True,25,2016-01-04,NasdaqGS,2021-09-07,2026-09-04,1255,1255,still-listed
831001,C,C|C-PN,CITIGROUP INC,Citigroup Inc.,True,25-NSE,2016-01-06,NYSE,2021-09-07,2026-09-04,1255,1255,still-listed
1268533,TYG,TYG,TORTOISE ENERGY INFRASTRUCTURE CORP,Tortoise Energy Infrastructure Corporation,True,25-NSE,2016-01-08,NYSE,2021-09-07,2026-09-04,1255,1255,still-listed
917851,VALE,VALE,Vale S.A.,Vale S.A.,True,25-NSE,2016-01-11,NYSE,2021-09-07,2026-09-04,1255,1255,still-listed
1648416,RACE,RACE,Ferrari N.V.,Ferrari N.V.,True,25-NSE,2016-01-12,NYSE,2021-09-07,2026-09-04,1255,1255,still-listed
1243429,MT,MT|AMSYF|ARCXF,ArcelorMittal,ArcelorMittal S.A.,True,25-NSE,2016-01-13,NYSE,2021-09-07,2026-09-04,1255,1255,still-listed
813828,PARA,PARA|PARAA,CBS CORP,"Banzai International, Inc.",False,25-NSE,2016-01-19,NasdaqCM,2021-09-07,2026-09-04,1255,1255,identity-mismatch
1349436,SD,SD,SANDRIDGE ENERGY INC,"SandRidge Energy, Inc.",True,25-NSE,2016-01-26,NYSE,2021-09-07,2026-09-04,1255,1255,still-listed
1556739,THRY,THRY,"DEX MEDIA, INC.","Thryv Holdings, Inc.",False,25-NSE,2016-01-26,NasdaqCM,2021-09-07,2026-09-04,1255,1255,identity-mismatch
1037676,ARCH,ARCH,ARCH COAL INC,,False,25-NSE,2016-01-29,http:404,,,0,0,no-data
764065,CLF,CLF,CLIFFS NATURAL RESOURCES INC.,Cleveland-Cliffs Inc.,True,25-NSE,2016-02-02,NYSE,2021-09-07,2026-09-04,1255,1255,still-listed
350868,ITI,ITI,"ITERIS, INC.",,False,25,2016-02-05,http:404,,,0,0,no-data
1288750,TLRS,TLRS,Timberline Resources Corp,,False,25,2016-02-05,http:404,,,0,0,no-data
801337,WBS,WBS|WBS-PF|WBS-PG,WEBSTER FINANCIAL CORP,Webster Financial Corp,True,25-NSE,2016-02-12,NYSE,2026-07-17,2026-09-04,36,36,still-listed
1293613,KYN,KYN,Kayne Anderson MLP Investment CO,"Kayne Anderson Energy Infrastructure Fund, Inc.",True,25-NSE,2016-02-16,NYSE,2021-09-07,2026-09-04,1255,1255,still-listed
1419806,REEMF,REEMF,RARE ELEMENT RESOURCES LTD,Rare Element Resources Ltd.,True,25,2016-02-16,OTC Markets OTCQB,2021-09-07,2026-09-04,1255,1255,otc-continuation
937556,MASI,MASI,MASIMO CORP,,False,25,2016-02-17,http:404,,,0,0,no-data
839923,VOD,VOD|VODPF,VODAFONE GROUP PUBLIC LTD CO,Vodafone Group Public Limited Company,True,25-NSE,2016-02-19,NasdaqGS,2021-09-07,2026-09-04,1255,1255,still-listed
1533924,AMPY,AMPY,"Midstates Petroleum Company, Inc.",Amplify Energy Corp.,False,25-NSE,2016-02-23,NYSE,2021-09-07,2026-09-04,1255,1255,identity-mismatch
701347,CPF,CPF,CENTRAL PACIFIC FINANCIAL CORP,Central Pacific Financial Corp.,True,25-NSE,2016-02-25,NYSE,2021-09-07,2026-09-04,1255,1255,still-listed
1326205,IGC,IGC,"India Globalization Capital, Inc.","IGC Pharma, Inc.",False,25-NSE,2016-03-07,NYSE American,2021-09-07,2026-09-04,1255,1255,identity-mismatch
61004,LGL,LGL|LGL-WT,LGL GROUP INC,"The LGL Group, Inc.",True,25-NSE,2016-03-07,NYSE American,2021-09-07,2026-09-04,1255,1255,still-listed
1474098,PEB,PEB|PEB-PE|PEB-PF|PEB-PG|PEB-PH,Pebblebrook Hotel Trust,Pebblebrook Hotel Trust,True,25-NSE,2016-03-11,NYSE,2021-09-07,2026-09-04,1255,1255,still-listed
96869,TRC,TRC,TEJON RANCH CO,Tejon Ranch Co.,True,25-NSE,2016-03-11,NYSE,2021-09-07,2026-09-04,1255,1255,still-listed
895126,CHK,CHK|CHKEL|CHKEW|CHKEZ,CHESAPEAKE ENERGY CORP,,False,25-NSE,2016-03-17,http:404,,,0,0,no-data
911421,PREJF,PREJF,PARTNERRE LTD,PartnerRe Ltd.,True,25-NSE,2016-03-18,OTC Markets OTCPK,2021-09-07,2026-09-04,1255,1255,otc-continuation
1483510,EXPRQ,EXPRQ,"EXPRESS, INC.",,False,25-NSE,2016-03-30,http:404,,,0,0,no-data
1131399,GSK,GSK|GLAXF,GLAXOSMITHKLINE PLC,GSK plc,False,25-NSE,2016-03-30,NYSE,2021-09-07,2026-09-04,1255,1255,identity-mismatch
715957,D,D,DOMINION RESOURCES INC /VA/,"Dominion Energy, Inc.",True,25-NSE,2016-04-04,NYSE,2021-09-07,2026-09-04,1255,1255,still-listed
1295810,SHO,SHO|SHO-PH|SHO-PI,"Sunstone Hotel Investors, Inc.","Sunstone Hotel Investors, Inc.",True,25-NSE,2016-04-07,NYSE,2021-09-07,2026-09-04,1255,1255,still-listed
844856,HCMC,HCMC,VAPOR CORP.,Healthier Choices Management Corp.,False,25-NSE,2016-04-08,OTC Markets OTCPK,2021-09-07,2026-09-04,1255,1255,identity-mismatch
1158838,ADTTF,ADTTF|ATEYY,ADVANTEST CORP,Advantest Corporation,True,25,2016-04-11,OTC Markets OTCPK,2021-09-07,2026-09-04,1255,1255,otc-continuation
1090116,NVG,NVG,Nuveen Enhanced AMT-Free Municipal Credit Opportunities Fund,Nuveen AMT-Free Municipal Credit Income Fund,True,25,2016-04-15,NYSE,2021-09-07,2026-09-04,1255,1255,still-listed
1137887,NZF,NZF,Nuveen Enhanced Municipal Credit Opportunities Fund,Nuveen Municipal Credit Income Fund,True,25,2016-04-15,NYSE,2021-09-07,2026-09-04,1255,1255,still-listed
920522,ESS,ESS,ESSEX PROPERTY TRUST INC,"Essex Property Trust, Inc.",True,25-NSE,2016-04-18,NYSE,2021-09-07,2026-09-04,1255,1255,still-listed
1319150,PBMLF,PBMLF,Pacific Booker Minerals Inc.,Pacific Booker Minerals Inc.,True,25,2016-04-18,OTC Markets OTCPK,2021-09-07,2026-09-04,1255,1255,otc-continuation
1136294,WLMSQ,WLMSQ,GLOBAL POWER EQUIPMENT GROUP INC.,,False,25-NSE,2016-04-18,http:404,,,0,0,no-data
1169770,BANC,BANC,"BANC OF CALIFORNIA, INC.","Banc of California, Inc.",True,25-NSE,2016-04-25,NYSE,2021-09-07,2026-09-04,1255,1255,still-listed
1064728,BTU,BTU,PEABODY ENERGY CORP,Peabody Energy Corporation,True,25-NSE,2016-05-04,NYSE,2021-09-07,2026-09-04,1255,1255,still-listed
40729,ALLY,ALLY,Ally Financial Inc.,Ally Financial Inc.,True,25-NSE,2016-05-17,NYSE,2021-09-07,2026-09-04,1255,1255,still-listed
803649,EQC,EQC|EQC-PD,Equity Commonwealth,,False,25-NSE,2016-05-17,http:404,,,0,0,no-data
1350102,ASTI,ASTI,"Ascent Solar Technologies, Inc.","Ascent Solar Technologies, Inc.",True,25-NSE,2016-05-19,NasdaqCM,2022-08-24,2026-09-04,1012,1012,still-listed
18498,GCO,GCO,GENESCO INC,Genesco Inc.,True,25-NSE,2016-05-27,NYSE,2021-09-07,2026-09-04,1255,1255,still-listed
727510,ENZN,ENZN,"ENZON PHARMACEUTICALS, INC.",Viskase Holdings Inc,False,25-NSE,2016-06-10,OTC Markets OTCPK,2026-07-17,2026-09-04,36,36,identity-mismatch
66901,EMP,EMP,ENTERGY MISSISSIPPI INC,"Entergy Mississippi, Inc. 1M BD 66",True,25-NSE,2016-06-13,NYSE,2026-01-28,2026-09-04,153,153,still-listed
312070,DJP,DJP|GRN|VXX|VXZ|ATMP|BWVTF|COWTF|JJCTF|JJETF|JJGTF|PGMFF,BARCLAYS BANK PLC,iPath Bloomberg Commodity Index Total Return(SM) ETN,False,25-NSE,2016-06-16,NYSEArca,2021-09-07,2026-09-04,1255,1255,identity-mismatch
1412100,MHLA,MHLA|MHLD|MHNC,"Maiden Holdings, Ltd.","Maiden Holdings, Ltd. 6.625 NT 2046",True,25-NSE,2016-06-16,NYSE,2021-09-07,2026-09-04,1255,1255,still-listed
1371285,TRUP,TRUP,TRUPANION INC.,"Trupanion, Inc.",True,25,2016-06-16,NasdaqGM,2021-09-07,2026-09-04,1255,1255,still-listed
944809,OPK,OPK,"Opko Health, Inc.","OPKO Health, Inc.",True,25,2016-06-23,NasdaqGS,2021-09-07,2026-09-04,1255,1255,still-listed
1541133,TM,TM,eUnits,Toyota Motor Corporation,False,25-NSE,2016-06-29,NYSE,2021-09-07,2026-09-04,1255,1255,identity-mismatch
1075415,DHC,DHC|DHCNI|DHCNL,SENIOR HOUSING PROPERTIES TRUST,Diversified Healthcare Trust,False,25,2016-06-30,NasdaqGS,2021-09-07,2026-09-04,1255,1255,identity-mismatch
1456772,OPI,OPI|OPINL,Government Properties Income Trust,Office Properties Income Trust,True,25,2016-06-30,NasdaqCM,2026-06-18,2026-09-04,55,55,still-listed
945394,SVC,SVC,HOSPITALITY PROPERTIES TRUST,Service Properties Trust,True,25,2016-06-30,NasdaqGS,2021-09-07,2026-09-04,1255,1255,still-listed
106535,WY,WY,WEYERHAEUSER CO,Weyerhaeuser Company,True,25-NSE,2016-07-01,NYSE,2021-09-07,2026-09-04,1255,1255,still-listed
1160846,OIBRQ,OIBRQ,OI S.A.,Oi SA,True,25-NSE,2016-07-06,OTC Markets OTCPK,2021-09-07,2026-09-04,1255,1255,otc-continuation
773840,HON,HON,HONEYWELL INTERNATIONAL INC,Honeywell International Inc.,True,25-NSE,2016-07-18,NasdaqGS,2021-09-07,2026-09-04,1255,1255,still-listed
863064,RIO,RIO|RTPPF,RIO TINTO PLC,Rio Tinto Group,True,25-NSE,2016-07-18,NYSE,2021-09-07,2026-09-04,1255,1255,still-listed
887028,RTNTF,RTNTF,RIO TINTO LTD,Rio Tinto Group,True,25-NSE,2016-07-18,OTC Markets OTCPK,2021-09-07,2026-09-04,1255,1255,otc-continuation
922864,AIV,AIV,APARTMENT INVESTMENT & MANAGEMENT CO,Apartment Investment and Management Company,True,25-NSE,2016-07-29,NYSE,2021-09-07,2026-09-04,1255,1255,still-listed
1497253,ONVO,ONVO,"ORGANOVO HOLDINGS, INC.",,False,25,2016-08-05,http:404,,,0,0,no-data
1232582,AHT,AHT|AHT-PD|AHT-PF|AHT-PG|AHT-PH|AHT-PI,ASHFORD HOSPITALITY TRUST INC,"Ashford Hospitality Trust, Inc.",True,25-NSE,2016-08-09,NYSE,2021-09-07,2026-09-04,1255,1255,still-listed
1405658,CHINA,CHINA,E-HOUSE,W.I.S.E. KTAM CSI 300 China Tracker,False,25-NSE,2016-08-16,YHD,,,0,0,no-data
68622,CTBB,CTBB|CTDD,QWEST CORP,Qwest Corp. NT,True,25-NSE,2016-08-30,NYSE,2026-05-22,2026-09-04,73,73,still-listed
1158289,JRS,JRS,NUVEEN REAL ESTATE INCOME FUND,Nuveen Real Estate Income Fund,True,25,2016-08-30,NYSE,2021-09-07,2026-09-04,1255,1255,still-listed
1266585,NMZ,NMZ,NUVEEN MUNICIPAL HIGH INCOME OPPORTUNITY FUND,Nuveen Municipal High Income Opportunity Fund,True,25,2016-08-30,NYSE,2021-09-07,2026-09-04,1255,1255,still-listed
899689,VNO,VNO|VNORP|VNO-PL|VNO-PM|VNO-PN|VNO-PO,VORNADO REALTY TRUST,Vornado Realty Trust,True,25-NSE,2016-09-01,NYSE,2021-09-07,2026-09-04,1255,1255,still-listed
840489,FCFS,FCFS,"FIRSTCASH, INC","FirstCash Holdings, Inc.",True,25,2016-09-02,NasdaqGS,2021-09-07,2026-09-04,1255,1255,still-listed
7789,ASB,ASB|ASBA|ASB-PE|ASB-PF,ASSOCIATED BANC-CORP,Associated Banc-Corp,True,25-NSE,2016-09-15,NYSE,2021-09-07,2026-09-04,1255,1255,still-listed
1297996,DLR,DLR|DLR-PJ|DLR-PK|DLR-PL,"Digital Realty Trust, Inc.","Digital Realty Trust, Inc.",True,25-NSE,2016-09-15,NYSE,2021-09-07,2026-09-04,1255,1255,still-listed
7323,EAI,EAI,ENTERGY ARKANSAS INC,"Entergy Arkansas, Inc. 1M BD 4.875%66",True,25-NSE,2016-09-15,NYSE,2026-01-28,2026-09-04,153,153,still-listed
39368,FUL,FUL,FULLER H B CO,H.B. Fuller Company,True,25-NSE,2016-09-23,NYSE,2021-09-07,2026-09-04,1255,1255,still-listed
1460329,FLNT,FLNT,"Cogint, Inc.","Fluent, Inc.",False,25,2016-09-26,NasdaqCM,2021-09-07,2026-09-04,1255,1255,identity-mismatch
1606163,LMB,LMB,"Limbach Holdings, Inc.","Limbach Holdings, Inc.",True,25-NSE,2016-09-26,NasdaqCM,2021-09-07,2026-09-04,1255,1255,still-listed
730349,TOFB,TOFB,TOFUTTI BRANDS INC,Tofutti Brands Inc.,True,25,2016-10-11,OTC Markets OTCQB,2021-09-07,2026-09-04,1255,1255,otc-continuation
8504,UAVS,UAVS,"EnerJex Resources, Inc.","AgEagle Aerial Systems, Inc.",False,25-NSE,2016-10-26,NYSE American,2021-09-07,2026-09-04,1255,1255,identity-mismatch
1497645,INN,INN|INN-PE|INN-PF,"Summit Hotel Properties, Inc.","Summit Hotel Properties, Inc.",True,25-NSE,2016-10-28,NYSE,2021-09-07,2026-09-04,1255,1255,still-listed
1001601,MGTI,MGTI,MGT CAPITAL INVESTMENTS INC,"MGT Capital Investments, Inc.",True,25-NSE,2016-10-28,OTC Markets OTCID,2021-09-07,2026-09-04,1255,1255,otc-continuation
1051470,CCI,CCI,CROWN CASTLE INTERNATIONAL CORP,Crown Castle Inc.,True,25-NSE,2016-11-01,NYSE,2021-09-07,2026-09-04,1255,1255,still-listed
1298675,CUBE,CUBE,CubeSmart,CubeSmart,True,25,2016-11-02,NYSE,2021-09-07,2026-09-04,1255,1255,still-listed
1479094,STAG,STAG,"STAG Industrial, Inc.","STAG Industrial, Inc.",True,25-NSE,2016-11-02,NYSE,2021-09-07,2026-09-04,1255,1255,still-listed
1554859,SMLR,SMLR,"Semler Scientific, Inc.",,False,25-NSE,2016-11-10,http:404,,,0,0,no-data
1289340,STXS,STXS,"Stereotaxis, Inc.","Stereotaxis, Inc.",True,25-NSE,2016-11-10,NYSE American,2021-09-07,2026-09-04,1255,1255,still-listed
1006655,EPM,EPM,EVOLUTION PETROLEUM CORP,Evolution Petroleum Corporation,True,25-NSE,2016-11-14,NYSE American,2021-09-07,2026-09-04,1255,1255,still-listed
920371,SSD,SSD,SIMPSON MANUFACTURING CO INC /CA/,"Simpson Manufacturing Co., Inc.",True,25-NSE,2016-11-14,NYSE,2021-09-07,2026-09-04,1255,1255,still-listed
1622536,TLN,TLN,Talen Energy Corp,Talen Energy Corporation,True,25-NSE,2016-12-06,NasdaqGS,2023-06-02,2026-09-04,818,818,still-listed
929351,LGF-A,LGF-A|LGF-B,LIONS GATE ENTERTAINMENT CORP /CN/,,False,25-NSE,2016-12-09,http:404,,,0,0,no-data
1129137,AMX,AMX|AMXOF,AMERICA MOVIL SAB DE CV/,"América Móvil, S.A.B. de C.V.",False,25,2016-12-12,NYSE,2021-09-07,2026-09-04,1255,1255,identity-mismatch
1072379,NWBO,NWBO,NORTHWEST BIOTHERAPEUTICS INC,"Northwest Biotherapeutics, Inc.",True,25,2016-12-19,OTC Markets OTCQB,2021-09-07,2026-09-04,1255,1255,otc-continuation
1605484,STLA,STLA,Fiat Chrysler Automobiles N.V.,Stellantis N.V.,False,25-NSE,2016-12-20,NYSE,2021-09-07,2026-09-04,1255,1255,identity-mismatch
1611852,RAHGF,RAHGF,China Lending Corp,"Roan Holdings Group Co., Ltd.",False,25,2016-12-21,OTC Markets OTCPK,2021-09-07,2026-09-04,1255,1255,identity-mismatch
936340,DTB,DTB|DTE|DTG|DTW,DTE ENERGY CO,DTE Energy Company 2020 Series ,True,25-NSE,2016-12-28,NYSE,2021-09-07,2026-09-04,1255,1255,still-listed
1574565,EVGN,EVGN,Evogene Ltd.,Evogene Ltd.,True,25,2016-12-29,NasdaqCM,2021-09-07,2026-09-04,1255,1255,still-listed
1401667,PBYI,PBYI,"PUMA BIOTECHNOLOGY, INC.","Puma Biotechnology, Inc.",True,25,2016-12-30,NasdaqGS,2021-09-07,2026-09-04,1255,1255,still-listed
1267395,AHL-PC,AHL-PC|AHL-PD|AHL-PE,ASPEN INSURANCE HOLDINGS LTD,,False,25-NSE,2017-01-03,http:404,,,0,0,no-data
1385589,JCI,JCI,Johnson Controls International plc,Johnson Controls International plc,True,25,2017-01-04,NYSE,2021-09-07,2026-09-04,1255,1255,still-listed
785161,EHC,EHC,HEALTHSOUTH CORP,Encompass Health Corporation,False,25-NSE,2017-01-12,NYSE,2021-09-07,2026-09-04,1255,1255,identity-mismatch
1377936,SAJ,SAJ|SAR|SAT|SAY|SAZ,SARATOGA INVESTMENT CORP.,Saratoga Investment Corp 8.00% ,True,25-NSE,2017-01-17,NYSE,2022-11-03,2026-09-04,962,962,still-listed
862668,ESMC,ESMC,ESCALON MEDICAL CORP,Escalon Medical Corp.,True,25-NSE,2017-01-25,OTC Markets OTCQB,2021-09-07,2026-09-04,1255,1255,otc-continuation
908259,OTLC,OTLC,MATEON THERAPEUTICS INC,"Oncotelic Therapeutics, Inc.",True,25-NSE,2017-01-25,OTC Markets OTCQB,2021-09-07,2026-09-04,1255,1255,otc-continuation
1675634,PIXY,PIXY,"ShiftPixy, Inc.",,False,25,2017-02-14,http:404,,,0,0,no-data
91576,KEY,KEY|KEY-PI|KEY-PJ|KEY-PK|KEY-PL,KEYCORP /NEW/,KeyCorp,True,25-NSE,2017-02-15,NYSE,2021-09-07,2026-09-04,1255,1255,still-listed
910606,REG,REG|REGCO|REGCP,REGENCY CENTERS CORP,Regency Centers Corporation,True,25-NSE,2017-02-21,NasdaqGS,2021-09-07,2026-09-04,1255,1255,still-listed
1490349,PFX,PFX|PFXNZ,Medley Capital Corp,PhenixFIN Corporation,False,25-NSE,2017-02-22,NasdaqGM,2021-09-07,2026-09-04,1255,1255,identity-mismatch
1261654,UTI,UTI,UNIVERSAL TECHNICAL INSTITUTE INC,"Universal Technical Institute, Inc.",True,25-NSE,2017-02-23,NYSE,2021-09-07,2026-09-04,1255,1255,still-listed
751364,NNN,NNN,"NATIONAL RETAIL PROPERTIES, INC.","NNN REIT, Inc.",False,25-NSE,2017-02-24,NYSE,2021-09-07,2026-09-04,1255,1255,identity-mismatch
61986,MTW,MTW,MANITOWOC CO INC,"The Manitowoc Company, Inc.",True,25-NSE,2017-02-27,NYSE,2021-09-07,2026-09-04,1255,1255,still-listed
1280784,HCXY,HCXY|HTGC,"Hercules Capital, Inc.","Hercules Capital, Inc.",True,25-NSE,2017-03-02,NYSE,2021-09-07,2026-09-04,1255,1255,still-listed
766704,WELL,WELL,WELLTOWER INC.,Welltower Inc.,True,25-NSE,2017-03-10,NYSE,2021-09-07,2026-09-04,1255,1255,still-listed
1000275,RY,RY|RBCPF|RBMCF|RYLBF,ROYAL BANK OF CANADA,Royal Bank of Canada,True,25-NSE,2017-03-13,NYSE,2021-09-07,2026-09-04,1255,1255,still-listed
786947,ACUR,ACUR,"ACURA PHARMACEUTICALS, INC","Acura Pharmaceuticals, Inc.",True,25-NSE,2017-03-14,OTC Markets OTCPK,2021-09-07,2026-09-04,1255,1255,otc-continuation
21344,KO,KO,COCA COLA CO,The Coca-Cola Company,True,25-NSE,2017-03-15,NYSE,2021-09-07,2026-09-04,1255,1255,still-listed
1087711,SNTUF,SNTUF|STNDF,Santander UK plc,Santander UK plc,True,25-NSE,2017-03-15,OTC Markets OTCPK,2021-09-07,2026-09-04,1255,1255,otc-continuation
720005,RJF,RJF|RJF-PB,RAYMOND JAMES FINANCIAL INC,"Raymond James Financial, Inc.",True,25-NSE,2017-03-16,NYSE,2021-09-07,2026-09-04,1255,1255,still-listed
14846,BRT,BRT,BRT Realty Trust,BRT Apartments Corp.,True,25-NSE,2017-03-20,NYSE,2021-09-07,2026-09-04,1255,1255,still-listed
769594,NPPXF,NPPXF|NTTYY,NIPPON TELEGRAPH & TELEPHONE CORP,"NTT, Inc.",False,25,2017-03-21,OTC Markets OTCPK,2021-09-07,2026-09-04,1255,1255,identity-mismatch
76334,PH,PH,PARKER HANNIFIN CORP,Parker-Hannifin Corporation,True,25-NSE,2017-03-24,NYSE,2021-09-07,2026-09-04,1255,1255,still-listed
1025996,KRC,KRC,KILROY REALTY CORP,Kilroy Realty Corporation,True,25-NSE,2017-03-30,NYSE,2021-09-07,2026-09-04,1255,1255,still-listed
1400810,HCI,HCI|HCIIP,"HCI Group, Inc.","HCI Group, Inc.",True,25-NSE,2017-04-03,NYSE,2021-09-07,2026-09-04,1255,1255,still-listed
833444,JCI,JCI,Johnson Controls International plc,Johnson Controls International plc,True,25-NSE,2017-04-03,NYSE,2021-09-07,2026-09-04,1255,1255,still-listed
1108109,CYH,CYH,COMMUNITY HEALTH SYSTEMS INC,"Community Health Systems, Inc.",True,25-NSE,2017-04-04,NYSE,2021-09-07,2026-09-04,1255,1255,still-listed
726728,O,O|O-P,REALTY INCOME CORP,Realty Income Corporation,True,25-NSE,2017-04-07,NYSE,2021-09-07,2026-09-04,1255,1255,still-listed
790816,BDN,BDN,BRANDYWINE REALTY TRUST,Brandywine Realty Trust,True,25-NSE,2017-04-11,NYSE,2021-09-07,2026-09-04,1255,1255,still-listed
1035443,ARE,ARE,ALEXANDRIA REAL ESTATE EQUITIES INC,"Alexandria Real Estate Equities, Inc.",True,25-NSE,2017-04-17,NYSE,2021-09-07,2026-09-04,1255,1255,still-listed
1214816,AXS,AXS|AXS-PE,AXIS CAPITAL HOLDINGS LTD,AXIS Capital Holdings Limited,True,25-NSE,2017-04-17,NYSE,2021-09-07,2026-09-04,1255,1255,still-listed
36104,USB,USB|USB-PA|USB-PH|USB-PP|USB-PQ|USB-PR|USB-PS,US BANCORP \DE\,U.S. Bancorp,True,25-NSE,2017-04-17,NYSE,2021-09-07,2026-09-04,1255,1255,still-listed
315545,PVCT,PVCT,"PROVECTUS BIOPHARMACEUTICALS, INC.","Provectus Biopharmaceuticals, Inc.",True,25-NSE,2017-04-21,OTC Markets OTCQB,2021-09-07,2026-09-04,1255,1255,otc-continuation
1160308,SVRA,SVRA,Savara Inc,Savara Inc.,True,25,2017-04-27,NasdaqGS,2021-09-07,2026-09-04,1255,1255,still-listed
1509589,CIVI,CIVI|CIVII|CIVIW,"Bonanza Creek Energy, Inc.",,False,25-NSE,2017-05-01,http:404,,,0,0,no-data
1326190,ALT,ALT,"Altimmune, Inc.","Altimmune, Inc.",True,25,2017-05-05,NasdaqGM,2021-09-07,2026-09-04,1255,1255,still-listed
1585364,PRGO,PRGO,PERRIGO Co plc,Perrigo Company plc,True,25-NSE,2017-05-09,NYSE,2021-09-07,2026-09-04,1255,1255,still-listed
42682,GRC,GRC,GORMAN RUPP CO,The Gorman-Rupp Company,True,25,2017-05-15,NYSE,2021-09-07,2026-09-04,1255,1255,still-listed
1053507,AMT,AMT,AMERICAN TOWER CORP /MA/,American Tower Corporation,True,25-NSE,2017-05-16,NYSE,2021-09-07,2026-09-04,1255,1255,still-listed
1271554,ERLFF,ERLFF,Entree Resources Ltd.,Entrée Resources Ltd.,True,25-NSE,2017-05-16,OTC Markets OTCQB,2021-09-07,2026-09-04,1255,1255,otc-continuation
1615063,INSE,INSE,"Inspired Entertainment, Inc.","Inspired Entertainment, Inc.",True,25-NSE,2017-05-18,NasdaqCM,2021-09-07,2026-09-04,1255,1255,still-listed
1158172,SCOR,SCOR,"COMSCORE, INC.","comScore, Inc.",True,25-NSE,2017-05-18,NasdaqGS,2021-09-07,2026-09-04,1255,1255,still-listed
1006837,VATE,VATE,"HC2 HOLDINGS, INC.",INNOVATE Corp.,False,25,2017-05-22,NYSE,2021-09-07,2026-09-04,1255,1255,identity-mismatch
1506307,KMI,KMI|EP-PC,"KINDER MORGAN, INC.","Kinder Morgan, Inc.",True,25-NSE,2017-05-24,NYSE,2021-09-07,2026-09-04,1255,1255,still-listed
1071371,CIB,CIB,BANCOLOMBIA SA,Grupo Cibest S.A.,False,25-NSE,2017-05-26,NYSE,2021-09-07,2026-09-04,1255,1255,identity-mismatch
1109357,EXC,EXC,EXELON CORP,Exelon Corporation,True,25-NSE,2017-06-01,NasdaqGS,2021-09-07,2026-09-04,1255,1255,still-listed
931015,PII,PII,POLARIS INDUSTRIES INC/MN,Polaris Inc.,True,25-NSE,2017-06-15,NYSE,2021-09-07,2026-09-04,1255,1255,still-listed
874761,AES,AES,AES CORP,The AES Corporation,True,25-NSE,2017-06-23,NYSE,2021-09-07,2026-09-04,1255,1255,still-listed
1679688,DBRG,DBRG,"Colony NorthStar, Inc.","DigitalBridge Group, Inc.",False,25-NSE,2017-06-23,NYSE,2021-09-07,2026-09-04,1255,1255,identity-mismatch
860546,CDP,CDP,CORPORATE OFFICE PROPERTIES TRUST,COPT Defense Properties,False,25-NSE,2017-06-27,NYSE,2021-09-07,2026-09-04,1255,1255,identity-mismatch
1571329,LRFC,LRFC,Capitala Finance Corp.,,False,25-NSE,2017-06-28,http:404,,,0,0,no-data
1383414,PNNT,PNNT,PENNANTPARK INVESTMENT CORP,PennantPark Investment Corporation,True,25-NSE,2017-06-29,NYSE,2021-09-07,2026-09-04,1255,1255,still-listed
313616,DHR,DHR,DANAHER CORP /DE/,Danaher Corporation,True,25-NSE,2017-06-30,NYSE,2021-09-07,2026-09-04,1255,1255,still-listed
1692412,PLYA,PLYA,Playa Hotels & Resorts N.V.,,False,25,2017-07-17,http:404,,,0,0,no-data
16859,SRL,SRL,MFC BANCORP LTD.,Scully Royalty Ltd.,False,25-NSE,2017-07-17,NYSE,2021-09-07,2026-09-04,1255,1255,identity-mismatch
1037868,AME,AME,AMETEK INC/,"AMETEK, Inc.",True,25-NSE,2017-07-18,NYSE,2021-09-07,2026-09-04,1255,1255,still-listed
92103,SCE-PG,SCE-PG|SCE-PH|SCE-PJ|SCE-PK|SCE-PL|SCE-PM|SCE-PN,SOUTHERN CALIFORNIA EDISON CO,SCE Trust II TR PFD SECS 5.1%,False,25-NSE,2017-07-20,NYSE,2026-07-17,2026-09-04,36,36,identity-mismatch
1137091,PSIX,PSIX,"POWER SOLUTIONS INTERNATIONAL, INC.","Power Solutions International, Inc.",True,25-NSE,2017-07-21,NasdaqCM,2021-09-07,2026-09-04,1255,1255,still-listed
1476150,TRNO,TRNO,Terreno Realty Corp,Terreno Realty Corporation,True,25-NSE,2017-07-21,NYSE,2021-09-07,2026-09-04,1255,1255,still-listed
946486,WINT,WINT|WINTW,WINDTREE THERAPEUTICS INC /DE/,"Windtree Therapeutics, Inc.",True,25-NSE,2017-07-21,OTC Markets OTCPK,2021-09-07,2026-09-04,1255,1255,otc-continuation
100493,TSN,TSN,TYSON FOODS INC,"Tyson Foods, Inc.",True,25-NSE,2017-07-24,NYSE,2021-09-07,2026-09-04,1255,1255,still-listed
1014111,GLAE,GLAE,"GlassBridge Enterprises, Inc.",,False,25,2017-07-31,http:404,,,0,0,no-data
1466085,IRT,IRT,"INDEPENDENCE REALTY TRUST, INC.","Independence Realty Trust, Inc.",True,25,2017-07-31,NYSE,2021-09-07,2026-09-04,1255,1255,still-listed
1467760,ARI,ARI,"Apollo Commercial Real Estate Finance, Inc.","Apollo Commercial Real Estate Finance, Inc.",True,25-NSE,2017-08-02,NYSE,2021-09-07,2026-09-04,1255,1255,still-listed
1162194,LAB,LAB,FLUIDIGM CORP,Standard BioTools Inc.,False,25,2017-08-02,NasdaqGS,2021-09-07,2026-09-04,1255,1255,identity-mismatch
1580345,TPVG,TPVG,TriplePoint Venture Growth BDC Corp.,TriplePoint Venture Growth BDC Corp.,True,25-NSE,2017-08-15,NYSE,2021-09-07,2026-09-04,1255,1255,still-listed
1043219,NLY,NLY|NLY-PF|NLY-PG|NLY-PI,ANNALY CAPITAL MANAGEMENT INC,"Annaly Capital Management, Inc.",True,25-NSE,2017-08-28,NYSE,2021-09-07,2026-09-04,1255,1255,still-listed
752642,UMH,UMH|UMH-PD,"UMH PROPERTIES, INC.","UMH Properties, Inc.",True,25-NSE,2017-08-31,NYSE,2021-09-07,2026-09-04,1255,1255,still-listed
725876,X,X,Function,,False,25-NSE,2017-08-31,http:404,,,0,0,no-data
30554,CTA-PA,CTA-PA|CTA-PB,DUPONT E I DE NEMOURS & CO,"EIDP, Inc.",False,25-NSE,2017-09-01,NYSE,2021-09-07,2026-09-04,1255,1255,identity-mismatch
1492691,KNX,KNX,Knight-Swift Transportation Holdings Inc.,Knight-Swift Transportation Holdings Inc.,True,25-NSE,2017-09-11,NYSE,2021-09-07,2026-09-04,1255,1255,still-listed
84748,ROG,ROG,ROGERS CORP,Rogers Corporation,True,25-NSE,2017-09-11,NYSE,2021-09-07,2026-09-04,1255,1255,still-listed
901832,AZN,AZN|AZNCF,ASTRAZENECA PLC,AstraZeneca PLC,True,25-NSE,2017-09-15,NYSE,2021-09-07,2026-09-04,1255,1255,still-listed
1327811,WDAY,WDAY,"Workday, Inc.","Workday, Inc.",True,25,2017-09-19,NasdaqGS,2021-09-07,2026-09-04,1255,1255,still-listed
1551901,SCM,SCM,Stellus Capital Investment Corp,Stellus Capital Investment Corporation,True,25-NSE,2017-09-20,NYSE,2021-09-07,2026-09-04,1255,1255,still-listed
895417,ELS,ELS,EQUITY LIFESTYLE PROPERTIES INC,"Equity LifeStyle Properties, Inc.",True,25-NSE,2017-09-25,NYSE,2021-09-07,2026-09-04,1255,1255,still-listed
4281,HWM,HWM|HWM-P,Arconic Inc.,Howmet Aerospace Inc.,False,25-NSE,2017-10-02,NYSE,2021-09-07,2026-09-04,1255,1255,identity-mismatch
1579241,ALLE,ALLE,Allegion plc,Allegion plc,True,25-NSE,2017-10-03,NYSE,2021-09-07,2026-09-04,1255,1255,still-listed
1562401,AMH,AMH|AMH-PG|AMH-PH,American Homes 4 Rent,American Homes 4 Rent,True,25-NSE,2017-10-03,NYSE,2021-09-07,2026-09-04,1255,1255,still-listed
912593,SUI,SUI,SUN COMMUNITIES INC,"Sun Communities, Inc.",True,25-NSE,2017-10-05,NYSE,2021-09-07,2026-09-04,1255,1255,still-listed
25743,TXMD,TXMD,"TherapeuticsMD, Inc.","TherapeuticsMD, Inc.",True,25,2017-10-06,NasdaqGS,2021-09-07,2026-09-04,1255,1255,still-listed
1620179,XELA,XELA|XELAP,"Exela Technologies, Inc.","Exela Technologies, Inc.",True,25-NSE,2017-10-06,OTC Markets OTCPK,2021-09-07,2026-09-04,1255,1255,otc-continuation
1070235,BB,BB,BLACKBERRY Ltd,BlackBerry Limited,True,25,2017-10-13,NYSE,2021-09-07,2026-09-04,1255,1255,still-listed
1278752,MFIC,MFIC|MFICL,APOLLO INVESTMENT CORP,MidCap Financial Investment Corporation,True,25-NSE,2017-10-16,NasdaqGS,2021-09-07,2026-09-04,1255,1255,still-listed
799292,MHO,MHO,M I HOMES INC,"M/I Homes, Inc.",True,25-NSE,2017-10-16,NYSE,2021-09-07,2026-09-04,1255,1255,still-listed
1483934,SBBA,SBBA|STNG,Scorpio Tankers Inc.,,False,25-NSE,2017-10-16,http:404,,,0,0,no-data
1045609,PLD,PLD|PLDGP,"Prologis, Inc.","Prologis, Inc.",True,25-NSE,2017-10-19,NYSE,2021-09-07,2026-09-04,1255,1255,still-listed
1095651,SAFE,SAFE,ISTAR INC.,Safehold Inc.,False,25-NSE,2017-10-24,NYSE,2021-09-07,2026-09-04,1255,1255,identity-mismatch
41091,GPJA,GPJA,GEORGIA POWER CO,Georgia Power Company 5% JR SUB NT 77,True,25-NSE,2017-10-25,NYSE,2021-09-07,2026-09-04,1255,1255,still-listed
798359,CSR,CSR|IRET|CSR-PC,INVESTORS REAL ESTATE TRUST,Centerspace,False,25-NSE,2017-11-01,NYSE,2021-09-07,2026-09-04,1255,1255,identity-mismatch
1487428,HRZN,HRZN|HTFB|HTFC,Horizon Technology Finance Corp,Horizon Technology Finance Corporation,True,25-NSE,2017-11-01,NasdaqGS,2021-09-07,2026-09-04,1255,1255,still-listed
803016,CFNB,CFNB,CALIFORNIA FIRST NATIONAL BANCORP,California First Leasing Corporation,True,25,2017-11-03,OTC Markets OTCID,2021-09-07,2026-09-04,1255,1255,otc-continuation
882300,SBI,SBI,WESTERN ASSET INTERMEDIATE MUNI FUND INC.,Western Asset Intermediate Muni Fund Inc.,True,25,2017-11-06,NYSE,2021-09-07,2026-09-04,1255,1255,still-listed
1673358,YUMC,YUMC,"Yum China Holdings, Inc.","Yum China Holdings, Inc.",True,25-NSE,2017-11-07,NYSE,2021-09-07,2026-09-04,1255,1255,still-listed
1545654,ALEX,ALEX,"Alexander & Baldwin, Inc.",,False,25-NSE,2017-11-09,http:404,,,0,0,no-data
832101,IEX,IEX,IDEX CORP /DE/,IDEX Corporation,True,25,2017-11-09,NYSE,2021-09-07,2026-09-04,1255,1255,still-listed
1545772,BPYPM,BPYPM|BPYPN|BPYPO|BPYPP,Brookfield Property Partners L.P.,Brookfield Property Preferred L.P.,True,25,2017-11-15,NasdaqGS,2021-09-07,2026-09-04,1255,1255,still-listed
4977,AFL,AFL,AFLAC INC,Aflac Incorporated,True,25-NSE,2017-11-16,NYSE,2021-09-07,2026-09-04,1255,1255,still-listed
806968,WPP,WPP|WPPGF,WPP plc,WPP plc,True,25,2017-11-27,NYSE,2021-09-07,2026-09-04,1255,1255,still-listed
1023731,EGHT,EGHT,8X8 INC /DE/,"8x8, Inc.",True,25,2017-11-28,NasdaqGS,2021-09-07,2026-09-04,1255,1255,still-listed
1647088,WSC,WSC,WillScot Corp,WillScot Holdings Corporation,True,25,2017-11-30,NasdaqCM,2021-09-07,2026-09-04,1255,1255,still-listed
1393612,DFS,DFS,Discover Financial Services,,False,25-NSE,2017-12-01,http:404,,,0,0,no-data
71508,ENJ,ENJ|ENO,"ENTERGY NEW ORLEANS, LLC","Entergy Utility Group, Inc. 1ST MTG 5% 52",False,25-NSE,2017-12-01,NYSE,2021-09-07,2026-09-04,1255,1255,identity-mismatch
19617,JPM,JPM|AMJB|JPM-PC|JPM-PD|JPM-PJ|JPM-PK|JPM-PL|JPM-PM,JPMORGAN CHASE & CO,JPMorgan Chase & Co.,True,25-NSE,2017-12-01,NYSE,2021-09-07,2026-09-04,1255,1255,still-listed
1408100,KW,KW,"Kennedy-Wilson Holdings, Inc.",,False,25-NSE,2017-12-01,http:404,,,0,0,no-data
316709,SCHW,SCHW,SCHWAB CHARLES CORP,The Charles Schwab Corporation,True,25-NSE,2017-12-01,NYSE,2021-09-07,2026-09-04,1255,1255,still-listed
45876,NVRI,NVRI,HARSCO CORP,Enviri Corporation,False,25-NSE,2017-12-05,NYSE,2021-09-07,2026-09-04,1255,1255,identity-mismatch
872912,DCTH,DCTH,"DELCATH SYSTEMS, INC.","Delcath Systems, Inc.",True,25-NSE,2017-12-07,NasdaqCM,2021-09-07,2026-09-04,1255,1255,still-listed
1175483,DSHK,DSHK|DSHKN|DSHKO|DSHKP,Drive Shack Inc.,,False,25-NSE,2017-12-07,http:404,,,0,0,no-data
922521,FALC,FALC,FALCONSTOR SOFTWARE INC,"FalconStor Software, Inc.",True,25-NSE,2017-12-07,OTC Markets OTCID,2021-09-07,2026-09-04,1255,1255,otc-continuation
1563665,HRGN,HRGN,"Biostage, Inc.",Harvard Apparatus Regenerative Technology Inc.,False,25-NSE,2017-12-07,OTC Markets OTCQB,2021-09-07,2026-09-04,1255,1255,identity-mismatch
1635282,RMNI,RMNI,"Rimini Street, Inc.","Rimini Street, Inc.",True,25-NSE,2017-12-07,NasdaqGM,2021-09-07,2026-09-04,1255,1255,still-listed
770460,PFBX,PFBX,PEOPLES FINANCIAL CORP /MS/,Peoples Financial Corporation,True,25,2017-12-11,OTC Markets OTCQX,2021-09-07,2026-09-04,1255,1255,otc-continuation
1096056,LXFR,LXFR,LUXFER HOLDINGS PLC,Luxfer Holdings PLC,True,25-NSE,2017-12-12,NYSE,2021-09-07,2026-09-04,1255,1255,still-listed
1166691,CCZ,CCZ|CMCSA,COMCAST CORP,Comcast Holdings Corp.,True,25-NSE,2017-12-18,NYSE,2021-09-07,2026-09-04,1255,1255,still-listed
1513761,NCLH,NCLH,Norwegian Cruise Line Holdings Ltd.,Norwegian Cruise Line Holdings Ltd.,True,25,2017-12-18,NYSE,2021-09-07,2026-09-04,1255,1255,still-listed
702165,NSC,NSC,NORFOLK SOUTHERN CORP,Norfolk Southern Corporation,True,25,2017-12-18,NYSE,2021-09-07,2026-09-04,1255,1255,still-listed
77476,PEP,PEP,PEPSICO INC,"PepsiCo, Inc.",True,25,2017-12-19,NasdaqGS,2021-09-07,2026-09-04,1255,1255,still-listed
1418076,SLRC,SLRC,Solar Capital Ltd.,SLR Investment Corp.,False,25-NSE,2017-12-20,NasdaqGS,2021-09-07,2026-09-04,1255,1255,identity-mismatch
1045450,EPR,EPR|EPR-PC|EPR-PE|EPR-PG,EPR PROPERTIES,EPR Properties,True,25-NSE,2017-12-21,NYSE,2021-09-07,2026-09-04,1255,1255,still-listed
320335,GL,GL|GL-PD,TORCHMARK CORP,Globe Life Inc.,False,25-NSE,2017-12-22,NYSE,2021-09-07,2026-09-04,1255,1255,identity-mismatch
1111335,VC,VC,VISTEON CORP,Visteon Corporation,True,25,2017-12-26,NasdaqGS,2021-09-07,2026-09-04,1255,1255,still-listed
1498710,SAVE,SAVE,"Spirit Airlines, Inc.",,False,25,2017-12-28,http:404,,,0,0,no-data
72903,XEL,XEL,XCEL ENERGY INC,Xcel Energy Inc.,True,25,2017-12-29,NasdaqGS,2021-09-07,2026-09-04,1255,1255,still-listed
947484,ACGL,ACGL|ACGLN|ACGLO,ARCH CAPITAL GROUP LTD.,Arch Capital Group Ltd.,True,25-NSE,2018-01-02,NasdaqGS,2021-09-07,2026-09-04,1255,1255,still-listed
1499494,DXF,DXF,China Xiniya Fashion Ltd,Eason Technology Limited,False,25,2018-01-08,NYSE American,2025-01-24,2026-09-04,406,406,identity-mismatch
1015820,QGEN,QGEN,QIAGEN NV,Qiagen N.V.,True,25,2018-01-08,NYSE,2021-09-07,2026-09-04,1255,1255,still-listed
7332,SWN,SWN,SOUTHWESTERN ENERGY CO,,False,25-NSE,2018-01-16,http:404,,,0,0,no-data
70145,NFG,NFG,NATIONAL FUEL GAS CO,National Fuel Gas Company,True,25-NSE,2018-01-17,NYSE,2021-09-07,2026-09-04,1255,1255,still-listed
1058623,CMLS,CMLS,CUMULUS MEDIA INC,,False,25-NSE,2018-01-25,http:404,,,0,0,no-data
1413898,DALN,DALN,A. H. Belo Corp,,False,25-NSE,2018-01-25,http:404,,,0,0,no-data
719274,GIGA,GIGA,GIGA TRONICS INC,,False,25-NSE,2018-01-25,http:404,,,0,0,no-data
931059,RNVA,RNVA,"Rennova Health, Inc.","Rennova Health, Inc.",True,25-NSE,2018-01-25,OTC Markets OTCPK,2021-09-07,2026-09-04,1255,1255,otc-continuation
1332551,ACR,ACR|ACR-PC|ACR-PD,Resource Capital Corp.,ACRES Commercial Realty Corp.,False,25-NSE,2018-01-31,NYSE,2021-09-07,2026-09-04,1255,1255,identity-mismatch
1434754,SB,SB|SB-PC|SB-PD,"SAFE BULKERS, INC.","Safe Bulkers, Inc.",True,25-NSE,2018-02-21,NYSE,2021-09-07,2026-09-04,1255,1255,still-listed
821483,PARR,PARR,"PAR PACIFIC HOLDINGS, INC.","Par Pacific Holdings, Inc.",True,25,2018-02-26,NYSE,2021-09-07,2026-09-04,1255,1255,still-listed
1650575,BRQSF,BRQSF,"Borqs Technologies, Inc.","Borqs Technologies, Inc.",True,25-NSE,2018-02-27,OTC Markets OTCQB,2021-09-07,2026-09-04,1255,1255,otc-continuation
1042893,DRQ,DRQ,DRIL-QUIP INC,,False,25-NSE,2018-02-27,http:404,,,0,0,no-data
1591165,IVRN,IVRN,Medovex Corp.,Innoveren Scientific Inc.,False,25-NSE,2018-02-27,OTC Markets OTCPK,2021-09-07,2026-09-04,1255,1255,identity-mismatch
1612720,NEXT,NEXT,NextDecade Corp.,NextDecade Corporation,True,25-NSE,2018-02-27,NasdaqCM,2021-09-07,2026-09-04,1255,1255,still-listed
1551986,NMTRQ,NMTRQ,"INNOVATE BIOPHARMACEUTICALS, INC.","9 Meters Biopharma, Inc.",False,25,2018-03-05,OTC Markets OTCPK,2021-09-07,2026-09-04,1255,1255,identity-mismatch
903129,THRM,THRM,GENTHERM Inc,Gentherm Incorporated,True,25,2018-03-15,NasdaqGS,2021-09-07,2026-09-04,1255,1255,still-listed
312069,BCS,BCS|BCLYF,BARCLAYS PLC,Barclays PLC,True,25-NSE,2018-03-19,NYSE,2021-09-07,2026-09-04,1255,1255,still-listed
850429,TG,TG,TREDEGAR CORP,Tredegar Corporation,True,25-NSE,2018-03-26,NYSE,2021-09-07,2026-09-04,1255,1255,still-listed
1477294,ST,ST,Sensata Technologies Holding plc,Sensata Technologies Holding plc,True,25-NSE,2018-03-28,NYSE,2021-09-07,2026-09-04,1255,1255,still-listed
1396440,MAIN,MAIN,Main Street Capital CORP,Main Street Capital Corporation,True,25-NSE,2018-04-03,NYSE,2021-09-07,2026-09-04,1255,1255,still-listed
1444406,EC,EC,ECOPETROL S.A.,Ecopetrol S.A.,True,25-NSE,2018-04-16,NYSE,2021-09-07,2026-09-04,1255,1255,still-listed
1137774,PFH,PFH|PRH|PRS|PRU,PRUDENTIAL FINANCIAL INC,CABCO Trust for JC Penney Debentures,False,25-NSE,2018-04-18,NYSE,2021-09-07,2026-09-04,1255,1255,identity-mismatch
797465,STLY,STLY,"HG Holdings, Inc.","HG Holdings, Inc.",True,25-NSE,2018-04-19,OTC Markets OTCQB,2021-09-07,2026-09-04,1255,1255,otc-continuation
944480,GVP,GVP,GSE SYSTEMS INC,,False,25,2018-04-27,http:404,,,0,0,no-data
1253986,ABR,ABR|ABR-PD|ABR-PE|ABR-PF,ARBOR REALTY TRUST INC,"Arbor Realty Trust, Inc.",True,25-NSE,2018-04-30,NYSE,2021-09-07,2026-09-04,1255,1255,still-listed
1433660,JBT,JBT,John Bean Technologies CORP,,False,25-NSE,2018-04-30,http:404,,,0,0,no-data
1156039,ELV,ELV,"Anthem, Inc.","Elevance Health, Inc.",False,25-NSE,2018-05-01,NYSE,2021-09-07,2026-09-04,1255,1255,identity-mismatch
1122411,ASX,ASX,"ASE Industrial Holding Co., Ltd.","ASE Technology Holding Co., Ltd.",True,25-NSE,2018-05-03,NYSE,2021-09-07,2026-09-04,1255,1255,still-listed
1091748,ARGD,ARGD,"Argo Group International Holdings, Ltd.",,False,25,2018-05-04,http:404,,,0,0,no-data
8858,AVT,AVT,AVNET INC,"Avnet, Inc.",True,25,2018-05-07,NasdaqGS,2021-09-07,2026-09-04,1255,1255,still-listed
84129,RADCQ,RADCQ,RITE AID CORP,,False,25-NSE,2018-05-14,http:404,,,0,0,no-data
769218,AEG,AEG|AEFC|AEGOF,AEGON NV,Aegon Ltd.,True,25-NSE,2018-05-15,NYSE,2021-09-07,2026-09-04,1255,1255,still-listed
891478,SAN,SAN|BCDRF,"Banco Santander, S.A.","Banco Santander, S.A.",True,25-NSE,2018-05-15,NYSE,2021-09-07,2026-09-04,1255,1255,still-listed
1405198,SM,SM,STRATS,SM Energy Company,False,25-NSE,2018-05-22,NYSE,2021-09-07,2026-09-04,1255,1255,identity-mismatch
1604174,ECC,ECC|ECCC|ECCF|ECCV|ECCW|ECCX|ECC-PD,Eagle Point Credit Co Inc.,Eagle Point Credit Company,True,25-NSE,2018-05-24,NYSE,2021-09-07,2026-09-04,1255,1255,still-listed
19745,CPK,CPK,CHESAPEAKE UTILITIES CORP,Chesapeake Utilities Corporation,True,25-NSE,2018-05-29,NYSE,2021-09-07,2026-09-04,1255,1255,still-listed
1378701,GDL,GDL|GDL-PC,GDL FUND,The GDL Fund,True,25-NSE,2018-05-29,NYSE,2021-09-07,2026-09-04,1255,1255,still-listed
40545,GE,GE,GENERAL ELECTRIC CO,GE Aerospace,False,25-NSE,2018-05-31,NYSE,2021-09-07,2026-09-04,1255,1255,identity-mismatch
90896,SKY,SKY,SKYLINE CORP,"Champion Homes, Inc.",False,25,2018-05-31,NYSE,2021-09-07,2026-09-04,1255,1255,identity-mismatch
832428,SSP,SSP,E.W. SCRIPPS Co,The E.W. Scripps Company,True,25,2018-06-01,NasdaqGS,2021-09-07,2026-09-04,1255,1255,still-listed
1158399,BRCNF,BRCNF,Burcon NutraScience Corp,Burcon NutraScience Corporation,True,25,2018-06-04,OTC Markets OTCQB,2021-09-07,2026-09-04,1255,1255,otc-continuation
1641398,GDC,GDC,TMSR HOLDING Co Ltd,GD Culture Group Limited,False,25-NSE,2018-06-06,NasdaqCM,2021-09-07,2026-09-04,1255,1255,identity-mismatch
1089113,HSBC,HSBC|HBCYF,HSBC HOLDINGS PLC,HSBC Holdings plc,True,25-NSE,2018-06-06,NYSE,2021-09-07,2026-09-04,1255,1255,still-listed
1389002,MRIN,MRIN,MARIN SOFTWARE INC,,False,25,2018-06-19,http:404,,,0,0,no-data
91419,SJM,SJM,J M SMUCKER Co,The J. M. Smucker Company,True,25-NSE,2018-06-26,NYSE,2021-09-07,2026-09-04,1255,1255,still-listed
1404912,KKR,KKR|KKRS,KKR & Co. Inc.,KKR & Co. Inc.,True,25-NSE,2018-07-02,NYSE,2021-09-07,2026-09-04,1255,1255,still-listed
1322422,HBM,HBM,Hudbay Minerals Inc.,Hudbay Minerals Inc.,True,25-NSE,2018-07-18,NYSE,2021-09-07,2026-09-04,1255,1255,still-listed
1488813,CUBB,CUBB|CUBI,"Customers Bancorp, Inc.","Customers Bancorp, Inc 5.375% S",True,25-NSE,2018-08-01,NYSE,2021-09-07,2026-09-04,1255,1255,still-listed
18349,SNV,SNV|SNV-PD|SNV-PE,SYNOVUS FINANCIAL CORP,,False,25-NSE,2018-08-01,http:404,,,0,0,no-data
1698990,MGY,MGY,Magnolia Oil & Gas Corp,Magnolia Oil & Gas Corporation,True,25-NSE,2018-08-02,NYSE,2021-09-07,2026-09-04,1255,1255,still-listed
1169034,BHV,BHV,BLACKROCK VIRGINIA MUNICIPAL BOND TRUST,BlackRock Virginia Municipal Bond Trust,True,25,2018-08-08,NYSE,2021-09-07,2026-09-04,1255,1255,still-listed
1176194,BLE,BLE,BLACKROCK MUNICIPAL INCOME TRUST II,,False,25,2018-08-08,http:404,,,0,0,no-data
835948,MVF,MVF,"BLACKROCK MUNIVEST FUND, INC.",,False,25,2018-08-08,http:404,,,0,0,no-data
1668717,BUD,BUD|BUDFF,Anheuser-Busch InBev SA/NV,Anheuser-Busch InBev SA/NV,True,25-NSE,2018-08-14,NYSE,2021-09-07,2026-09-04,1255,1255,still-listed
886136,SGA,SGA,SAGA COMMUNICATIONS INC,"Saga Communications, Inc.",True,25,2018-08-15,NasdaqGM,2021-09-07,2026-09-04,1255,1255,still-listed
887596,CAKE,CAKE,CHEESECAKE FACTORY INC,The Cheesecake Factory Incorporated,True,25,2018-08-20,NasdaqGS,2021-09-07,2026-09-04,1255,1255,still-listed
110621,RPM,RPM,RPM INTERNATIONAL INC/DE/,RPM International Inc.,True,25-NSE,2018-08-20,NYSE,2021-09-07,2026-09-04,1255,1255,still-listed
862022,HGTXU,HGTXU,HUGOTON ROYALTY TRUST,Hugoton Royalty Trust,True,25,2018-08-23,OTC Markets OTCPK,2021-09-07,2026-09-04,1255,1255,otc-continuation
31235,KODK,KODK,EASTMAN KODAK CO,Eastman Kodak Company,True,25-NSE,2018-08-30,NYSE,2021-09-07,2026-09-04,1255,1255,still-listed
1094831,BGC,BGC,"BGC Partners, Inc.","BGC Group, Inc.",True,25-NSE,2018-09-05,NasdaqGS,2021-09-07,2026-09-04,1255,1255,still-listed
100517,UAL,UAL,"United Continental Holdings, Inc.","United Airlines Holdings, Inc.",True,25,2018-09-05,NasdaqGS,2021-09-07,2026-09-04,1255,1255,still-listed
1374310,CBOE,CBOE,"Cboe Global Markets, Inc.","Cboe Global Markets, Inc.",True,25,2018-09-14,Cboe US,2021-09-07,2026-09-04,1255,1255,still-listed
72971,WFC,WFC|WFCNP|WFC-PA|WFC-PC|WFC-PD|WFC-PL|WFC-PY|WFC-PZ,WELLS FARGO & COMPANY/MN,Wells Fargo & Company,True,25-NSE,2018-09-18,NYSE,2021-09-07,2026-09-04,1255,1255,still-listed
1356090,PGEN,PGEN,INTREXON CORP,"Precigen, Inc.",False,25,2018-09-24,NasdaqGS,2021-09-07,2026-09-04,1255,1255,identity-mismatch
1299709,AX,AX,"Axos Financial, Inc.","Axos Financial, Inc.",True,25,2018-09-25,NYSE,2021-09-07,2026-09-04,1255,1255,still-listed
876343,LCTX,LCTX,BIOTIME INC,"Lineage Cell Therapeutics, Inc.",False,25-NSE,2018-09-27,NYSE American,2021-09-07,2026-09-04,1255,1255,identity-mismatch
733269,RAMP,RAMP,"Acxiom Holdings, Inc.","LiveRamp Holdings, Inc.",False,25,2018-10-01,NYSE,2021-09-07,2026-09-04,1255,1255,identity-mismatch
1381197,IBKR,IBKR,"Interactive Brokers Group, Inc.","Interactive Brokers Group, Inc.",True,25,2018-10-02,NasdaqGS,2021-09-07,2026-09-04,1255,1255,still-listed
725363,CVM,CVM,CEL SCI CORP,CEL-SCI Corporation,True,25-NSE,2018-10-09,NYSE American,2021-09-07,2026-09-04,1255,1255,still-listed
1626115,PJT,PJT,PJT Partners Inc.,PJT Partners Inc.,True,25-NSE,2018-10-09,NYSE,2021-09-07,2026-09-04,1255,1255,still-listed
714310,VLY,VLY|VLYPN|VLYPO|VLYPP,VALLEY NATIONAL BANCORP,Valley National Bancorp,True,25,2018-10-09,NasdaqGS,2021-09-07,2026-09-04,1255,1255,still-listed
105319,WW,WW,WEIGHT WATCHERS INTERNATIONAL INC,"WW International, Inc.",False,25,2018-10-12,NasdaqGM,2025-06-27,2026-09-04,300,300,identity-mismatch
899051,ALL,ALL|ALL-PB|ALL-PH|ALL-PI|ALL-PJ,ALLSTATE CORP,The Allstate Corporation,True,25-NSE,2018-10-15,NYSE,2021-09-07,2026-09-04,1255,1255,still-listed
822411,IMUC,IMUC,"ImmunoCellular Therapeutics, Ltd.","EOM Pharmaceuticals Holdings, Inc.",False,25-NSE,2018-10-18,OTC Markets OTCPK,2021-09-07,2026-09-04,1255,1255,identity-mismatch
1562476,TMHC,TMHC,Taylor Morrison Home Corp,Taylor Morrison Home Corp,True,25-NSE,2018-10-26,NYSE,2026-07-17,2026-09-04,36,36,still-listed
1318885,DSX,DSX|DSX-PB|DSX-WT,DIANA SHIPPING INC.,Diana Shipping Inc.,True,25-NSE,2018-10-29,NYSE,2021-09-07,2026-09-04,1255,1255,still-listed
1130464,BKH,BKH,BLACK HILLS CORP /SD/,Black Hills Corporation,True,25-NSE,2018-11-01,NYSE,2021-09-07,2026-09-04,1255,1255,still-listed
66740,MMM,MMM,3M CO,3M Company,True,25-NSE,2018-11-09,NYSE,2021-09-07,2026-09-04,1255,1255,still-listed
28412,CMA,CMA,COMERICA INC /NEW/,,False,25-NSE,2018-11-13,http:404,,,0,0,no-data
927628,COF,COF|COF-PI|COF-PJ|COF-PK|COF-PL|COF-PN,CAPITAL ONE FINANCIAL CORP,Capital One Financial Corporation,True,25-NSE,2018-11-13,NYSE,2021-09-07,2026-09-04,1255,1255,still-listed
1683695,IMXI,IMXI,"International Money Express, Inc.","International Money Express, Inc.",True,25-NSE,2018-11-15,NasdaqCM,2021-09-07,2026-09-04,1255,1255,still-listed
914139,PRKR,PRKR,PARKERVISION INC,"ParkerVision, Inc.",True,25-NSE,2018-11-15,OTC Markets OTCQB,2021-09-07,2026-09-04,1255,1255,otc-continuation
1176948,ARES,ARES,Ares Management Corp,Ares Management Corporation,True,25-NSE,2018-11-26,NYSE,2021-09-07,2026-09-04,1255,1255,still-listed
1372807,PTMN,PTMN,"KCAP Financial, Inc.",,False,25-NSE,2018-11-26,http:404,,,0,0,no-data
97210,TER,TER,"TERADYNE, INC","Teradyne, Inc.",True,25,2018-11-26,NasdaqGS,2021-09-07,2026-09-04,1255,1255,still-listed
1389207,GFASY,GFASY|GFSAY,Gafisa S.A.,Gafisa S.A.,True,25,2018-12-07,OTC Markets OTCPK,2021-09-07,2026-09-04,1255,1255,otc-continuation
814453,NWL,NWL,NEWELL BRANDS INC,Newell Brands Inc.,True,25,2018-12-10,NasdaqGS,2021-09-07,2026-09-04,1255,1255,still-listed
36270,MTB,MTB|MTB-PH|MTB-PJ,M&T BANK CORP,M&T Bank Corporation,True,25-NSE,2018-12-20,NYSE,2021-09-07,2026-09-04,1255,1255,still-listed
1369241,DAC,DAC,Danaos Corp,Danaos Corporation,True,25-NSE,2018-12-21,NYSE,2021-09-07,2026-09-04,1255,1255,still-listed
1171155,RLGT,RLGT,"RADIANT LOGISTICS, INC","Radiant Logistics, Inc.",True,25-NSE,2018-12-21,NYSE American,2021-09-07,2026-09-04,1255,1255,still-listed
1618921,WBA,WBA,"Walgreens Boots Alliance, Inc.",,False,25,2018-12-21,http:404,,,0,0,no-data
713676,PNC,PNC,"PNC FINANCIAL SERVICES GROUP, INC.","The PNC Financial Services Group, Inc.",True,25-NSE,2018-12-27,NYSE,2021-09-07,2026-09-04,1255,1255,still-listed
1571996,DELL,DELL,Dell Technologies Inc,Dell Technologies Inc.,True,25-NSE,2018-12-28,NYSE,2021-09-07,2026-09-04,1255,1255,still-listed
352541,LNT,LNT,ALLIANT ENERGY CORP,Alliant Energy Corporation,True,25,2018-12-28,NasdaqGS,2021-09-07,2026-09-04,1255,1255,still-listed
1029744,SOFO,SOFO,SONIC FOUNDRY INC,"Sonic Foundry, Inc.",True,25,2018-12-28,OTC Markets OTCPK,2021-09-07,2026-09-04,1255,1255,otc-continuation
1020859,UNFI,UNFI,UNITED NATURAL FOODS INC,"United Natural Foods, Inc.",True,25,2018-12-28,NYSE,2021-09-07,2026-09-04,1255,1255,still-listed
719135,APYX,APYX,BOVIE MEDICAL Corp,Apyx Medical Corporation,True,25,2018-12-31,NasdaqGS,2021-09-07,2026-09-04,1255,1255,still-listed
1121404,SNY,SNY|SNYNF,Sanofi,Sanofi,True,25,2018-12-31,NasdaqGS,2021-09-07,2026-09-04,1255,1255,still-listed
107687,WGO,WGO,WINNEBAGO INDUSTRIES INC,"Winnebago Industries, Inc.",True,25,2018-12-31,NYSE,2021-09-07,2026-09-04,1255,1255,still-listed
67716,MDU,MDU,MDU RESOURCES GROUP INC,"MDU Resources Group, Inc.",True,25-NSE,2019-01-02,NYSE,2021-09-07,2026-09-04,1255,1255,still-listed
740260,VTR,VTR,VENTAS INC,"Ventas, Inc.",True,25-NSE,2019-01-04,NYSE,2021-09-07,2026-09-04,1255,1255,still-listed
1282631,NLST,NLST,NETLIST INC,"Netlist, Inc.",True,25-NSE,2019-01-08,OTC Markets OTCQB,2021-09-07,2026-09-04,1255,1255,otc-continuation
1643953,PRPL,PRPL,"Purple Innovation, Inc.","Purple Innovation, Inc.",True,25-NSE,2019-01-08,NasdaqGS,2021-09-07,2026-09-04,1255,1255,still-listed
1264136,WF,WF,WOORI BANK,Woori Financial Group Inc.,True,25-NSE,2019-01-11,NYSE,2021-09-07,2026-09-04,1255,1255,still-listed
709283,QMCO,QMCO,QUANTUM CORP /DE/,Quantum Corporation,True,25-NSE,2019-01-30,NasdaqGM,2021-09-07,2026-09-04,1255,1255,still-listed
4447,HES,HES,HESS CORP,,False,25-NSE,2019-01-31,http:404,,,0,0,no-data
1682745,VRRM,VRRM,VERRA MOBILITY Corp,Verra Mobility Corporation,True,25-NSE,2019-02-01,NasdaqCM,2021-09-07,2026-09-04,1255,1255,still-listed
828146,LINK,LINK,INTERLINK ELECTRONICS INC,"Interlink Electronics, Inc.",True,25,2019-02-04,NasdaqCM,2021-09-07,2026-09-04,1255,1255,still-listed
1547546,LFT,LFT|LFT-PA,"Hunt Companies Finance Trust, Inc.","Lument Finance Trust, Inc.",True,25-NSE,2019-02-14,NYSE,2021-09-07,2026-09-04,1255,1255,still-listed
1653247,ASAPQ,ASAPQ,Waitr Holdings Inc.,Waitr Holdings Inc.,True,25-NSE,2019-02-26,OTC Markets OTCPK,2021-09-07,2026-09-04,1255,1255,otc-continuation
1703956,BBCP,BBCP,"Concrete Pumping Holdings, Inc.","Concrete Pumping Holdings, Inc.",True,25-NSE,2019-02-26,NasdaqCM,2021-09-07,2026-09-04,1255,1255,still-listed
1692787,KNTK,KNTK,Altus Midstream Co,Kinetik Holdings Inc.,False,25-NSE,2019-02-26,NYSE,2021-09-07,2026-09-04,1255,1255,identity-mismatch
1376339,MDXG,MDXG,"MIMEDX GROUP, INC.","MiMedx Group, Inc.",True,25-NSE,2019-02-26,NasdaqCM,2021-09-07,2026-09-04,1255,1255,still-listed
1411342,EFC,EFC|EFC-PA|EFC-PB|EFC-PC|EFC-PD|EFC-PE,Ellington Financial Inc.,Ellington Financial Inc.,True,25-NSE,2019-03-04,NYSE,2021-09-07,2026-09-04,1255,1255,still-listed
78003,PFE,PFE,PFIZER INC,Pfizer Inc.,True,25-NSE,2019-03-06,NYSE,2021-09-07,2026-09-04,1255,1255,still-listed
225211,TGHI,TGHI,"One Horizon Group, Inc.","Touchpoint Group Holdings, Inc.",False,25,2019-03-08,OTC Markets OTCPK,2021-09-07,2026-09-04,1255,1255,identity-mismatch
313807,BP,BP|BPAQF,BP PLC,BP p.l.c.,True,25-NSE,2019-03-11,NYSE,2021-09-07,2026-09-04,1255,1255,still-listed
732712,VZ,VZ,VERIZON COMMUNICATIONS INC,Verizon Communications Inc.,True,25-NSE,2019-03-11,NYSE,2021-09-07,2026-09-04,1255,1255,still-listed
1661181,ORGO,ORGO,Organogenesis Holdings Inc.,Organogenesis Holdings Inc.,True,25-NSE,2019-03-12,NasdaqCM,2021-09-07,2026-09-04,1255,1255,still-listed
1623925,AM,AM,Antero Midstream Corp,Antero Midstream Corporation,True,25-NSE,2019-03-13,NYSE,2021-09-07,2026-09-04,1255,1255,still-listed
320193,AAPL,AAPL,APPLE INC,Apple Inc.,True,25,2019-03-14,NasdaqGS,2021-09-07,2026-09-04,1255,1255,still-listed
1521332,APTV,APTV,Aptiv PLC,Aptiv PLC,True,25-NSE,2019-03-18,NYSE,2021-09-07,2026-09-04,1255,1255,still-listed
24545,TAP,TAP|TAP-A,MOLSON COORS BREWING CO,Molson Coors Beverage Company,True,25-NSE,2019-03-18,NYSE,2021-09-07,2026-09-04,1255,1255,still-listed
1543198,UK,UK,Aptiv International Holdings,Ucommune International Ltd,False,25-NSE,2019-03-18,NasdaqCM,2021-09-07,2026-09-04,1255,1255,identity-mismatch
890926,RDN,RDN,RADIAN GROUP INC,Radian Group Inc.,True,25-NSE,2019-03-21,NYSE,2021-09-07,2026-09-04,1255,1255,still-listed
96885,TIKK,TIKK,TEL INSTRUMENT ELECTRONICS CORP,Tel-Instrument Electronics Corp.,True,25-NSE,2019-03-26,OTC Markets OTCPK,2021-09-07,2026-09-04,1255,1255,otc-continuation
230557,SIGI,SIGI|SIGIP,SELECTIVE INSURANCE GROUP INC,"Selective Insurance Group, Inc.",True,25-NSE,2019-03-28,NasdaqGS,2021-09-07,2026-09-04,1255,1255,still-listed
1530804,TROX,TROX,Tronox Holdings plc,Tronox Holdings plc,True,25-NSE,2019-03-28,NYSE,2021-09-07,2026-09-04,1255,1255,still-listed
2186,BKTI,BKTI,BK Technologies Corp,BK Technologies Corporation,True,25-NSE,2019-03-29,NYSE American,2021-09-07,2026-09-04,1255,1255,still-listed
350403,PHIG,PHIG,PHI INC,"PHI Group, Inc.",True,25-NSE,2019-04-02,OTC Markets OTCPK,2021-09-07,2026-09-04,1255,1255,otc-continuation
1653558,PRTH,PRTH|PRTHU,"Priority Technology Holdings, Inc.","Priority Technology Holdings, Inc.",True,25-NSE,2019-04-02,NasdaqCM,2021-09-07,2026-09-04,1255,1255,still-listed
1708410,WINR,WINR,SIMPLICITY ESPORTS & GAMING Co,Simplicity Esports and Gaming Company,True,25-NSE,2019-04-02,OTC Markets OTCPK,2021-09-07,2026-09-04,1255,1255,otc-continuation
1090633,IIJIF,IIJIF|IIJIY,INTERNET INITIATIVE JAPAN INC,Internet Initiative Japan Inc.,True,25,2019-04-11,OTC Markets OTCID,2021-09-07,2026-09-04,1255,1255,otc-continuation
1048911,FDX,FDX,FEDEX CORP,FedEx Corporation,True,25-NSE,2019-04-12,NYSE,2021-09-07,2026-09-04,1255,1255,still-listed
1307579,LIQT,LIQT,LIQTECH INTERNATIONAL INC,"LiqTech International, Inc.",True,25,2019-04-15,NasdaqCM,2021-09-07,2026-09-04,1255,1255,still-listed
1334978,CCO,CCO,"Clear Channel Outdoor Holdings, Inc.","Clear Channel Outdoor Holdings, Inc.",True,25-NSE,2019-05-02,NYSE,2021-09-07,2026-09-04,1255,1255,still-listed
1140215,REED,REED,"REED'S, INC.","Reed's, Inc.",True,25,2019-05-09,NYSE American,2021-09-07,2026-09-04,1255,1255,still-listed
868675,TU,TU,TELUS CORP,TELUS Corporation,True,25-NSE,2019-05-10,NYSE,2021-09-07,2026-09-04,1255,1255,still-listed
21665,CL,CL,COLGATE PALMOLIVE CO,Colgate-Palmolive Company,True,25-NSE,2019-05-14,NYSE,2021-09-07,2026-09-04,1255,1255,still-listed
1474835,IPCIF,IPCIF,Intellipharmaceutics International Inc.,,False,25-NSE,2019-06-03,http:404,,,0,0,no-data
1712463,PACK,PACK,Ranpak Holdings Corp.,Ranpak Holdings Corp.,True,25-NSE,2019-06-03,NYSE,2021-09-07,2026-09-04,1255,1255,still-listed
10795,BDX,BDX,BECTON DICKINSON & CO,"Becton, Dickinson and Company",True,25-NSE,2019-06-06,NYSE,2021-09-07,2026-09-04,1255,1255,still-listed
1228627,OCUP,OCUP,"REXAHN PHARMACEUTICALS, INC.",,False,25,2019-06-07,http:404,,,0,0,no-data
845877,AGM,AGM|AGM-A|AGM-PD|AGM-PE|AGM-PF|AGM-PG,FEDERAL AGRICULTURAL MORTGAGE CORP,Federal Agricultural Mortgage Corporation,True,25-NSE,2019-06-12,NYSE,2021-09-07,2026-09-04,1255,1255,still-listed
1562767,CAYMAN,CAYMAN,Netshoes,,False,25-NSE,2019-06-17,http:404,,,0,0,no-data
1306830,CE,CE,Celanese Corp,Celanese Corporation,True,25-NSE,2019-06-17,NYSE,2021-09-07,2026-09-04,1255,1255,still-listed
7084,ADM,ADM,Archer-Daniels-Midland Co,Archer-Daniels-Midland Company,True,25-NSE,2019-06-24,NYSE,2021-09-07,2026-09-04,1255,1255,still-listed
1713539,KXIN,KXIN,Kaixin Auto Holdings,Kaixin Holdings,True,25-NSE,2019-06-24,NasdaqCM,2021-09-07,2026-09-04,1255,1255,still-listed
799698,LADX,LADX,CYTRX CORP,LadRx Corporation,False,25-NSE,2019-06-24,OTC Markets OTCPK,2021-09-07,2026-09-04,1255,1255,identity-mismatch
1393818,BX,BX,Blackstone Group Inc,Blackstone Inc.,True,25-NSE,2019-07-01,NYSE,2021-09-07,2026-09-04,1255,1255,still-listed
1692819,VST,VST,Vistra Energy Corp.,Vistra Corp.,True,25-NSE,2019-07-01,NYSE,2021-09-07,2026-09-04,1255,1255,still-listed
860748,KMPB,KMPB|KMPR,KEMPER Corp,Kemper Corporation 5.875% Fixed,True,25-NSE,2019-07-09,NYSE,2022-03-16,2026-09-04,1123,1123,still-listed
59558,LNC,LNC|LNC-PD,LINCOLN NATIONAL CORP,Lincoln National Corporation,True,25-NSE,2019-07-10,NYSE,2021-09-07,2026-09-04,1255,1255,still-listed
913142,BDC,BDC,BELDEN INC.,Belden Inc.,True,25-NSE,2019-07-15,NYSE,2021-09-07,2026-09-04,1255,1255,still-listed
1001385,NWPX,NWPX,NORTHWEST PIPE CO,"NWPX Infrastructure, Inc.",False,25,2019-07-22,NasdaqGS,2021-09-07,2026-09-04,1255,1255,identity-mismatch
1428205,ARR,ARR|ARR-PC,"Armour Residential REIT, Inc.","ARMOUR Residential REIT, Inc.",True,25-NSE,2019-07-26,NYSE,2021-09-07,2026-09-04,1255,1255,still-listed
1709682,CTOS,CTOS|CTOSW,"NESCO HOLDINGS, INC.","Custom Truck One Source, Inc.",False,25-NSE,2019-08-01,NYSE,2021-09-07,2026-09-04,1255,1255,identity-mismatch
1634447,ISUNQ,ISUNQ,"PECK Co HOLDINGS, INC.","iSun, Inc.",False,25-NSE,2019-08-01,OTC Markets OTCPK,2021-09-07,2026-09-04,1255,1255,identity-mismatch
797468,OXY,OXY|OXY-WT,OCCIDENTAL PETROLEUM CORP /DE/,Occidental Petroleum Corporation,True,25-NSE,2019-08-01,NYSE,2021-09-07,2026-09-04,1255,1255,still-listed
723125,MU,MU,MICRON TECHNOLOGY INC,"Micron Technology, Inc.",True,25,2019-08-05,NasdaqGS,2021-09-07,2026-09-04,1255,1255,still-listed
806628,DNP,DNP,DNP SELECT INCOME FUND INC,DNP Select Income Fund Inc.,True,25,2019-08-06,NYSE,2021-09-07,2026-09-04,1255,1255,still-listed
1282648,BATL,BATL,HALCON RESOURCES CORP,Battalion Oil Corporation,False,25-NSE,2019-08-07,NYSE American,2021-09-07,2026-09-04,1255,1255,identity-mismatch
1597672,RYAM,RYAM,RAYONIER ADVANCED MATERIALS INC.,Rayonier Advanced Materials Inc.,True,25-NSE,2019-08-15,NYSE,2021-09-07,2026-09-04,1255,1255,still-listed
1511737,UI,UI,"Ubiquiti Networks, Inc.",Ubiquiti Inc.,True,25,2019-08-19,NYSE,2021-09-07,2026-09-04,1255,1255,still-listed
1720592,RPAY,RPAY,Repay Holdings Corp,Repay Holdings Corporation,True,25-NSE,2019-08-22,NasdaqCM,2021-09-07,2026-09-04,1255,1255,still-listed
92230,TFC,TFC|TFC-PI|TFC-PO|TFC-PR,BB&T CORP,Truist Financial Corporation,False,25-NSE,2019-09-03,NYSE,2021-09-07,2026-09-04,1255,1255,identity-mismatch
1618181,GLDM,GLDM,World Gold Trust,SPDR Gold MiniShares,True,25-NSE,2019-09-11,NYSEArca,2021-09-07,2026-09-04,1255,1255,still-listed
851968,MHK,MHK,MOHAWK INDUSTRIES INC,"Mohawk Industries, Inc.",True,25-NSE,2019-09-13,NYSE,2021-09-07,2026-09-04,1255,1255,still-listed
77360,PNR,PNR,PENTAIR plc,Pentair plc,True,25-NSE,2019-09-18,NYSE,2021-09-07,2026-09-04,1255,1255,still-listed
1708341,AGAE,AGAE,"Allied Esports Entertainment, Inc.",,False,25-NSE,2019-09-23,http:404,,,0,0,no-data
704562,CDMO,CDMO,"Avid Bioservices, Inc.",,False,25,2019-09-23,http:404,,,0,0,no-data
1563568,EVTV,EVTV,"ADOMANI, INC.",Azio AI Inc,False,25-NSE,2019-09-23,NasdaqGM,2026-07-17,2026-09-04,36,36,identity-mismatch
1403528,OAK-PA,OAK-PA|OAK-PB,"Oaktree Capital Group, LLC","Oaktree Capital Group, LLC 6.625% PFD UT A",True,25-NSE,2019-09-30,NYSE,2021-09-07,2026-09-04,1255,1255,still-listed
907254,BFS,BFS|BFS-PD|BFS-PE,SAUL CENTERS INC,"Saul Centers, Inc.",True,25-NSE,2019-10-17,NYSE,2021-09-07,2026-09-04,1255,1255,still-listed
1551152,ABBV,ABBV,AbbVie Inc.,AbbVie Inc.,True,25-NSE,2019-10-18,NYSE,2021-09-07,2026-09-04,1255,1255,still-listed
704532,ONTO,ONTO,NANOMETRICS INC,Onto Innovation Inc.,False,25,2019-10-25,NYSE,2021-09-07,2026-09-04,1255,1255,identity-mismatch
1578453,DLNG,DLNG,Dynagas LNG Partners LP,Dynagas LNG Partners LP,True,25-NSE,2019-10-30,NYSE,2021-09-07,2026-09-04,1255,1255,still-listed
51143,IBM,IBM,INTERNATIONAL BUSINESS MACHINES CORP,International Business Machines Corporation,True,25-NSE,2019-11-01,NYSE,2021-09-07,2026-09-04,1255,1255,still-listed
1552800,TTSH,TTSH,"TILE SHOP HOLDINGS, INC.","Tile Shop Holdings, Inc.",True,25,2019-11-01,OTC Markets OTCPK,2021-09-07,2026-09-04,1255,1255,otc-continuation
79879,PPG,PPG,PPG INDUSTRIES INC,"PPG Industries, Inc.",True,25-NSE,2019-11-04,NYSE,2021-09-07,2026-09-04,1255,1255,still-listed
815097,CCL,CCL,CARNIVAL CORP,Carnival Corporation Ltd.,True,25-NSE,2019-11-06,NYSE,2021-09-07,2026-09-04,1255,1255,still-listed
1125259,CUK,CUK|CUKPF,CARNIVAL PLC,,False,25-NSE,2019-11-06,http:404,,,0,0,no-data
200406,JNJ,JNJ,JOHNSON & JOHNSON,Johnson & Johnson,True,25-NSE,2019-11-06,NYSE,2021-09-07,2026-09-04,1255,1255,still-listed
1651944,DMTKQ,DMTKQ,"DermTech, Inc.",,False,25-NSE,2019-11-08,http:404,,,0,0,no-data
822370,EMMA,EMMA,"Emmaus Life Sciences, Inc.","Emmaus Life Sciences, Inc.",True,25-NSE,2019-11-08,OTC Markets OTCQB,2021-09-07,2026-09-04,1255,1255,otc-continuation
789019,MSFT,MSFT,MICROSOFT CORP,Microsoft Corporation,True,25,2019-11-08,NasdaqGS,2021-09-07,2026-09-04,1255,1255,still-listed
1439288,ZWS,ZWS,Rexnord Corp,Zurn Elkay Water Solutions Corporation,False,25-NSE,2019-11-15,NYSE,2021-09-07,2026-09-04,1255,1255,identity-mismatch
845611,GCV,GCV,GABELLI CONVERTIBLE & INCOME SECURITIES FUND INC,The Gabelli Convertible and Income Securities Fund Inc.,True,25-NSE,2019-11-18,NYSE,2021-09-07,2026-09-04,1255,1255,still-listed
1093691,PLUG,PLUG,PLUG POWER INC,Plug Power Inc.,True,25,2019-11-18,NasdaqCM,2021-09-07,2026-09-04,1255,1255,still-listed
1698991,ACEL,ACEL,"Accel Entertainment, Inc.","Accel Entertainment, Inc.",True,25-NSE,2019-11-21,NYSE,2021-09-07,2026-09-04,1255,1255,still-listed
1474903,BGSF,BGSF,"BG Staffing, Inc.","BGSF, Inc.",False,25,2019-11-21,NYSE,2021-09-07,2026-09-04,1255,1255,identity-mismatch
894315,SITC,SITC,SITE Centers Corp.,SITE Centers Corp.,True,25-NSE,2019-11-25,NYSE,2021-09-07,2026-09-04,1255,1255,still-listed
1026214,FMCC,FMCC|FMCCG|FMCCI|FMCCJ|FMCCL|FMCCN|FMCCO|FMCCS|FMCCT|FMCKI|FMCKL|FMCKN|FREJN|FREJO,FEDERAL HOME LOAN MORTGAGE CORP,Federal Home Loan Mortgage Corporation,True,25-NSE,2019-11-29,OTC Markets OTCQB,2021-09-07,2026-09-04,1255,1255,otc-continuation
1713863,RFL,RFL,"Rafael Holdings, Inc.","Rafael Holdings, Inc.",True,25,2019-12-02,NYSE,2021-09-07,2026-09-04,1255,1255,still-listed
29905,DOV,DOV,DOVER Corp,Dover Corporation,True,25-NSE,2019-12-04,NYSE,2021-09-07,2026-09-04,1255,1255,still-listed
1075531,BKNG,BKNG,Booking Holdings Inc.,Booking Holdings Inc.,True,25,2019-12-06,NasdaqGS,2021-09-07,2026-09-04,1255,1255,still-listed
1285550,CLPT,CLPT,"MRI INTERVENTIONS, INC.","ClearPoint Neuro, Inc.",False,25,2019-12-06,NasdaqCM,2021-09-07,2026-09-04,1255,1255,identity-mismatch
93751,STT,STT|STT-PG,STATE STREET CORP,State Street Corporation,True,25-NSE,2019-12-16,NYSE,2021-09-07,2026-09-04,1255,1255,still-listed
1539894,AFHIF,AFHIF,"Atlas Financial Holdings, Inc.",,False,25-NSE,2019-12-17,http:404,,,0,0,no-data
1735041,GTEC,GTEC|GTECW,Greenland Technologies Holding Corp.,Greenland Technologies Holding Corporation,True,25-NSE,2019-12-17,NasdaqCM,2021-09-07,2026-09-04,1255,1255,still-listed
1043186,SLNG,SLNG,"Stabilis Energy, Inc.","Stabilis Solutions, Inc.",True,25-NSE,2019-12-17,NasdaqCM,2021-09-07,2026-09-04,1255,1255,still-listed
1677703,CNDT,CNDT,CONDUENT Inc,Conduent Incorporated,True,25,2019-12-20,NasdaqGS,2021-09-07,2026-09-04,1255,1255,still-listed
1486159,CHRD,CHRD|OASPW|WLLAW|WLLBW,Oasis Petroleum Inc.,Chord Energy Corporation,False,25,2019-12-23,NasdaqGS,2021-09-07,2026-09-04,1255,1255,identity-mismatch
794685,GAB,GAB|GAB-PG|GAB-PH|GAB-PK,GABELLI EQUITY TRUST INC,The Gabelli Equity Trust Inc.,True,25-NSE,2019-12-26,NYSE,2021-09-07,2026-09-04,1255,1255,still-listed
1260729,GDV,GDV|GDV-PH|GDV-PK,GABELLI DIVIDEND & INCOME TRUST,The Gabelli Dividend & Income Trust,True,25-NSE,2019-12-26,NYSE,2021-09-07,2026-09-04,1255,1255,still-listed
921671,GGT,GGT|GGT-PE|GGT-PG,GABELLI MULTIMEDIA TRUST INC.,The Gabelli Multimedia Trust Inc.,True,25-NSE,2019-12-26,NYSE,2021-09-07,2026-09-04,1255,1255,still-listed
812074,OI,OI,"O-I Glass, Inc. /DE/","O-I Glass, Inc.",True,25-NSE,2019-12-27,NYSE,2021-09-07,2026-09-04,1255,1255,still-listed
922358,FGPR,FGPR|FGPRB,FERRELLGAS PARTNERS L P,"Ferrellgas Partners, L.P.",True,25,2019-12-30,OTC Markets OTCID,2021-09-07,2026-09-04,1255,1255,otc-continuation
1752474,KLDI,KLDI|KLDIW,KLDiscovery Inc.,KLDiscovery Inc.,True,25-NSE,2020-01-07,OTC Markets OTCPK,2021-09-07,2026-09-04,1255,1255,otc-continuation
40704,GIS,GIS,GENERAL MILLS INC,"General Mills, Inc.",True,25-NSE,2020-01-15,NYSE,2021-09-07,2026-09-04,1255,1255,still-listed
1725255,AHCO,AHCO,AdaptHealth Corp.,AdaptHealth Corp.,True,25-NSE,2020-01-21,NasdaqCM,2021-09-07,2026-09-04,1255,1255,still-listed
1040896,IDN,IDN,"Intellicheck, Inc.","Intellicheck, Inc.",True,25,2020-01-31,NasdaqGM,2021-09-07,2026-09-04,1255,1255,still-listed
874501,AMBC,AMBC,AMBAC FINANCIAL GROUP INC,,False,25,2020-02-03,http:404,,,0,0,no-data
816956,CNMD,CNMD,CONMED CORP,CONMED Corporation,True,25,2020-02-10,NYSE,2021-09-07,2026-09-04,1255,1255,still-listed
1004530,MPVDF,MPVDF,Mountain Province Diamonds Inc.,Mountain Province Diamonds Inc.,True,25,2020-02-10,OTC Markets OTCPK,2021-09-07,2026-09-04,1255,1255,otc-continuation
927653,MCK,MCK,MCKESSON CORP,McKesson Corporation,True,25-NSE,2020-02-12,NYSE,2021-09-07,2026-09-04,1255,1255,still-listed
1759824,ALTG,ALTG,ALTA EQUIPMENT GROUP INC.,Alta Equipment Group Inc.,True,25-NSE,2020-02-18,NYSE,2021-09-07,2026-09-04,1255,1255,still-listed
1691077,YAYO,YAYO,"YayYo, Inc.","EVmo, Inc.",False,25,2020-02-20,OTC Markets OTCPK,2021-09-07,2026-09-04,1255,1255,identity-mismatch
1332639,ASIA,ASIA,Seaspan,Matthews Pacific Tiger Active ETF,False,25,2020-02-27,NYSEArca,2023-09-25,2026-09-04,740,740,identity-mismatch
1414932,OCSL,OCSL,Oaktree Specialty Lending Corp,Oaktree Specialty Lending Corporation,True,25-NSE,2020-03-02,NasdaqGS,2021-09-07,2026-09-04,1255,1255,still-listed
1038572,CBDBY,CBDBY,BRAZILIAN DISTRIBUTION CO COMPANHIA BRASILEIRA DE DISTR CBD,,False,25-NSE,2020-03-09,http:404,,,0,0,no-data
1641614,PMTS,PMTS,CPI Card Group Inc.,CPI Card Group Inc.,True,25-NSE,2020-03-09,NasdaqGM,2021-09-07,2026-09-04,1255,1255,still-listed
1434614,SAND,SAND,SANDSTORM GOLD LTD,,False,25,2020-03-10,http:404,,,0,0,no-data
106640,WHR,WHR,WHIRLPOOL CORP /DE/,Whirlpool Corporation,True,25-NSE,2020-03-12,NYSE,2021-09-07,2026-09-04,1255,1255,still-listed
1067983,BRK-A,BRK-A|BRK-B,BERKSHIRE HATHAWAY INC,Berkshire Hathaway Inc.,True,25-NSE,2020-03-16,NYSE,2021-09-07,2026-09-04,1255,1255,still-listed
39263,CFR,CFR|CFR-PB,"CULLEN/FROST BANKERS, INC.","Cullen/Frost Bankers, Inc.",True,25-NSE,2020-03-16,NYSE,2021-09-07,2026-09-04,1255,1255,still-listed
826675,DX,DX|DX-PC,DYNEX CAPITAL INC,"Dynex Capital, Inc.",True,25-NSE,2020-03-16,NYSE,2021-09-07,2026-09-04,1255,1255,still-listed
1524769,CHKR,CHKR,CHESAPEAKE GRANITE WASH TRUST,Chesapeake Granite Wash Trust,True,25-NSE,2020-03-18,OTC Markets OTCID,2021-09-07,2026-09-04,1255,1255,otc-continuation
1764046,CLVT,CLVT,Clarivate Analytics PLC,Clarivate Plc,True,25-NSE,2020-03-23,NYSE,2021-09-07,2026-09-04,1255,1255,still-listed
913144,RNR,RNR|RNR-PF|RNR-PG,RENAISSANCERE HOLDINGS LTD,RenaissanceRe Holdings Ltd.,True,25-NSE,2020-03-26,NYSE,2021-09-07,2026-09-04,1255,1255,still-listed
1362988,AYR,AYR,Aircastle LTD,,False,25-NSE,2020-03-30,http:404,,,0,0,no-data
1355444,ERJ,ERJ,EMBRAER S.A.,,False,25,2020-03-30,http:404,,,0,0,no-data
315293,AON,AON,Aon plc,Aon plc,True,25-NSE,2020-04-01,NYSE,2021-09-07,2026-09-04,1255,1255,still-listed
1391437,GRX,GRX,Gabelli Healthcare & WellnessRx Trust,The Gabelli Healthcare & Wellness Trust,True,25-NSE,2020-04-09,NYSE,2021-09-07,2026-09-04,1255,1255,still-listed
1706946,SPCE,SPCE,"Virgin Galactic Holdings, Inc","Virgin Galactic Holdings, Inc.",True,25-NSE,2020-04-13,NYSE,2021-09-07,2026-09-04,1255,1255,still-listed
1515816,PLYM,PLYM,Plymouth Industrial REIT Inc.,,False,25,2020-04-15,http:404,,,0,0,no-data
1334388,OBE,OBE,OBSIDIAN ENERGY LTD.,Obsidian Energy Ltd.,True,25-NSE,2020-04-16,NYSE American,2021-09-07,2026-09-04,1255,1255,still-listed
1603923,WFRD,WFRD,Weatherford International plc,Weatherford International plc,True,25-NSE,2020-04-17,NasdaqGS,2021-09-07,2026-09-04,1255,1255,still-listed
20520,FYBR,FYBR,FRONTIER COMMUNICATIONS CORP,,False,25-NSE,2020-04-29,http:404,,,0,0,no-data
80424,PG,PG,PROCTER & GAMBLE Co,The Procter & Gamble Company,True,25-NSE,2020-05-08,NYSE,2021-09-07,2026-09-04,1255,1255,still-listed
949039,DO,DO|DODRW,"DIAMOND OFFSHORE DRILLING, INC.",,False,25-NSE,2020-05-12,http:404,,,0,0,no-data
1595974,MGNI,MGNI,"RUBICON PROJECT, INC.","Magnite, Inc.",False,25,2020-06-08,NasdaqGS,2021-09-07,2026-09-04,1255,1255,identity-mismatch
1753673,SJ,SJ,Scienjoy Holding Corp,Scienjoy Holding Corporation,True,25-NSE,2020-06-09,NasdaqCM,2021-09-07,2026-09-04,1255,1255,still-listed
1047716,LTM,LTM,LATAM AIRLINES GROUP S.A.,LATAM Airlines Group S.A.,True,25-NSE,2020-06-10,NYSE,2024-07-25,2026-09-04,531,531,still-listed
798949,UNTC,UNTC|UNTCW,UNIT CORP,Unit Corporation,True,25-NSE,2020-06-10,OTC Markets OTCQX,2024-07-09,2026-09-04,543,543,otc-continuation
1737706,SDRL,SDRL,Seadrill Ltd,Seadrill Limited,True,25,2020-06-11,NYSE,2022-10-14,2026-09-04,976,976,still-listed
939930,PYYX,PYYX,"PYXUS INTERNATIONAL, INC.","Pyxus International, Inc.",True,25-NSE,2020-06-30,OTC Markets OTCID,2021-09-07,2026-09-04,1255,1255,otc-continuation
1767582,LKNCY,LKNCY,Luckin Coffee Inc.,Luckin Coffee Inc.,True,25-NSE,2020-07-01,OTC Markets OTCID,2021-09-07,2026-09-04,1255,1255,otc-continuation
878726,TUEMQ,TUEMQ,TUESDAY MORNING CORP/DE,Tuesday Morning Corporation,True,25-NSE,2020-07-01,OTC Markets OTCPK,2021-09-07,2026-09-04,1255,1255,otc-continuation
1090727,UPS,UPS,UNITED PARCEL SERVICE INC,"United Parcel Service, Inc.",True,25-NSE,2020-07-15,NYSE,2021-09-07,2026-09-04,1255,1255,still-listed
1725134,DMSL,DMSL,"Digital Media Solutions, Inc.",,False,25-NSE,2020-07-17,http:404,,,0,0,no-data
1082324,VHC,VHC,VirnetX Holding Corp,VirnetX Holding Corporation,True,25,2020-07-27,NasdaqCM,2021-09-07,2026-09-04,1255,1255,still-listed
45919,HHS,HHS,HARTE HANKS INC,"Harte Hanks, Inc.",True,25-NSE,2020-07-28,NasdaqGM,2021-09-07,2026-09-04,1255,1255,still-listed
1452477,SEVN,SEVN,RMR Real Estate Income Fund,Seven Hills Realty Trust,False,25,2020-07-29,NasdaqCM,2021-09-07,2026-09-04,1255,1255,identity-mismatch
1609253,CRC,CRC|CRCQW,California Resources Corp,California Resources Corporation,True,25-NSE,2020-07-31,NYSE,2021-09-07,2026-09-04,1255,1255,still-listed
746838,UIS,UIS,UNISYS CORP,Unisys Corporation,True,25-NSE,2020-08-05,NYSE,2021-09-07,2026-09-04,1255,1255,still-listed
2969,APD,APD,AIR PRODUCTS & CHEMICALS INC /DE/,"Air Products and Chemicals, Inc.",True,25-NSE,2020-08-07,NYSE,2021-09-07,2026-09-04,1255,1255,still-listed
1434647,ZVRA,ZVRA,"KEMPHARM, INC","Zevra Therapeutics, Inc.",False,25-NSE,2020-08-11,NasdaqGS,2021-09-07,2026-09-04,1255,1255,identity-mismatch
1487798,ECTM,ECTM,ECA Marcellus Trust I,ECA Marcellus Trust I,True,25-NSE,2020-08-14,OTC Markets OTCID,2021-09-07,2026-09-04,1255,1255,otc-continuation
1303523,BTI,BTI|BTAFF,British American Tobacco p.l.c.,British American Tobacco p.l.c.,True,25-NSE,2020-08-17,NYSE,2021-09-07,2026-09-04,1255,1255,still-listed
1419828,GS,GS|GSCE|GS-PA|GS-PC|GS-PD,GOLDMAN SACHS GROUP INC,"The Goldman Sachs Group, Inc.",True,25,2020-08-21,NYSE,2021-09-07,2026-09-04,1255,1255,still-listed
1668340,BCTF,BCTF,"Bancorp 34, Inc.","Bancorp 34, Inc.",True,25,2020-08-25,OTC Markets OTCID,2021-09-07,2026-09-04,1255,1255,otc-continuation
1582581,VJTTY,VJTTY,voxeljet AG,,False,25,2020-08-28,http:404,,,0,0,no-data
1769484,BIOX,BIOX,Bioceres Crop Solutions Corp.,Bioceres Crop Solutions Corp.,True,25-NSE,2020-08-31,NasdaqGS,2021-09-07,2026-09-04,1255,1255,still-listed
1739566,UTZ,UTZ,"Utz Brands, Inc.","Utz Brands, Inc.",True,25-NSE,2020-08-31,NYSE,2021-09-07,2026-09-04,1255,1255,still-listed
1048286,MAR,MAR,MARRIOTT INTERNATIONAL INC /MD/,"Marriott International, Inc.",True,25,2020-09-10,NasdaqGS,2021-09-07,2026-09-04,1255,1255,still-listed
1496099,NMFC,NMFC|NMFCZ,New Mountain Finance Corp,New Mountain Finance Corporation,True,25,2020-09-11,NasdaqGS,2021-09-07,2026-09-04,1255,1255,still-listed
1206264,TPX,TPX,"TEMPUR SEALY INTERNATIONAL, INC.",,False,25-NSE,2020-09-15,http:404,,,0,0,no-data
1418135,KDP,KDP,Keurig Dr Pepper Inc.,Keurig Dr Pepper Inc.,True,25,2020-09-18,NasdaqGS,2021-09-07,2026-09-04,1255,1255,still-listed
1611746,SPRC,SPRC,Therapix Biosciences Ltd.,SciSparc Ltd.,False,25-NSE,2020-09-22,NasdaqCM,2021-09-07,2026-09-04,1255,1255,identity-mismatch
944695,THG,THG,"HANOVER INSURANCE GROUP, INC.","The Hanover Insurance Group, Inc.",True,25-NSE,2020-09-22,NYSE,2021-09-07,2026-09-04,1255,1255,still-listed
1059213,BXSY,BXSY,DIVIDEND & INCOME FUND,Bexil Investment Trust,False,25,2020-09-28,OTC Markets OTCID,2021-09-07,2026-09-04,1255,1255,identity-mismatch
4904,AEP,AEP,AMERICAN ELECTRIC POWER CO INC,"American Electric Power Company, Inc.",True,25,2020-09-30,NasdaqGS,2021-09-07,2026-09-04,1255,1255,still-listed
1759631,HYLN,HYLN,Hyliion Holdings Corp.,Hyliion Holdings Corp.,True,25-NSE,2020-10-02,NYSE American,2021-09-07,2026-09-04,1255,1255,still-listed
1750,AIR,AIR,AAR CORP,AAR Corp.,True,25-NSE,2020-10-06,NYSE,2021-09-07,2026-09-04,1255,1255,still-listed
1735707,GTX,GTX,Garrett Motion Inc.,Garrett Motion Inc.,True,25-NSE,2020-10-08,NasdaqGS,2021-09-07,2026-09-04,1255,1255,still-listed
1793229,MPLN,MPLN|MPLNW,MultiPlan Corp,,False,25-NSE,2020-10-09,http:404,,,0,0,no-data
1613103,MDT,MDT,Medtronic plc,Medtronic plc,True,25-NSE,2020-10-14,NYSE,2021-09-07,2026-09-04,1255,1255,still-listed
92122,SO,SO|SOJC|SOJD|SOJE,SOUTHERN CO,The Southern Company,True,25-NSE,2020-10-21,NYSE,2021-09-07,2026-09-04,1255,1255,still-listed
11544,WRB,WRB|WRB-PE|WRB-PF|WRB-PG|WRB-PH,BERKLEY W R CORP,W. R. Berkley Corporation,True,25-NSE,2020-10-21,NYSE,2021-09-07,2026-09-04,1255,1255,still-listed
1131312,ZNOG,ZNOG|ZNOGW,ZION OIL & GAS INC,"Zion Oil & Gas, Inc.",True,25-NSE,2020-10-27,OTC Markets OTCQX,2021-09-07,2026-09-04,1255,1255,otc-continuation
1720990,FSRNQ,FSRNQ,Spartan Energy Acquisition Corp.,,False,25-NSE,2020-10-30,http:404,,,0,0,no-data
1070750,HST,HST,"HOST HOTELS & RESORTS, INC.","Host Hotels & Resorts, Inc.",True,25,2020-10-30,NasdaqGS,2021-09-07,2026-09-04,1255,1255,still-listed
1657853,HTZ,HTZ|HTZWW,"HERTZ GLOBAL HOLDINGS, INC","Hertz Global Holdings, Inc.",True,25-NSE,2020-10-30,NasdaqGS,2021-09-07,2026-09-04,1255,1255,still-listed
1427437,ETI-P,ETI-P,"ENTERGY TEXAS, INC.","Entergy Texas, Inc.",True,25-NSE,2020-11-02,NYSE,2021-09-07,2026-09-04,1255,1255,still-listed
8818,AVY,AVY,Avery Dennison Corp,Avery Dennison Corporation,True,25,2020-11-09,NYSE,2021-09-07,2026-09-04,1255,1255,still-listed
1737927,CGC,CGC,Canopy Growth Corp,Canopy Growth Corporation,True,25,2020-11-13,NasdaqGS,2021-09-07,2026-09-04,1255,1255,still-listed
1805077,EOSE,EOSE|EOSEW,"Eos Energy Enterprises, Inc.","Eos Energy Enterprises, Inc.",True,25,2020-11-16,NasdaqCM,2021-09-07,2026-09-04,1255,1255,still-listed
1012139,GNGYF,GNGYF,GUANGSHEN RAILWAY CO LTD,Guangshen Railway Company Limited,True,25,2020-11-16,OTC Markets OTCPK,2021-09-07,2026-09-04,1255,1255,otc-continuation
1610940,BDRY,BDRY|BWET,ETF Managers Group Commodity Trust I,Breakwave Dry Bulk Shipping ETF,False,25-NSE,2020-11-18,NYSEArca,2021-09-07,2026-09-04,1255,1255,identity-mismatch
1801368,MP,MP,MP Materials Corp. / DE,MP Materials Corp.,True,25-NSE,2020-11-18,NYSE,2021-09-07,2026-09-04,1255,1255,still-listed
1066119,VIV,VIV,TELEFONICA BRASIL S.A.,Telefônica Brasil S.A.,True,25-NSE,2020-11-24,NYSE,2021-09-07,2026-09-04,1255,1255,still-listed
1811414,QS,QS,QuantumScape Corp,QuantumScape Corporation,True,25-NSE,2020-11-27,NasdaqGS,2021-09-07,2026-09-04,1255,1255,still-listed
310764,SYK,SYK,STRYKER CORP,Stryker Corporation,True,25-NSE,2020-11-30,NYSE,2021-09-07,2026-09-04,1255,1255,still-listed
876437,MTG,MTG,MGIC INVESTMENT CORP,MGIC Investment Corporation,True,25-NSE,2020-12-07,NYSE,2021-09-07,2026-09-04,1255,1255,still-listed
1754820,DM,DM,"Desktop Metal, Inc.",,False,25-NSE,2020-12-10,http:404,,,0,0,no-data
1070423,PAA,PAA|PAAPU,PLAINS ALL AMERICAN PIPELINE LP,"Plains All American Pipeline, L.P.",True,25,2020-12-11,NasdaqGS,2021-09-07,2026-09-04,1255,1255,still-listed
1581990,PAGP,PAGP,PLAINS GP HOLDINGS LP,"Plains GP Holdings, L.P.",True,25,2020-12-11,NasdaqGS,2021-09-07,2026-09-04,1255,1255,still-listed
1801661,SKLZ,SKLZ,Flying Eagle Acquisition Corp.,,False,25-NSE,2020-12-17,http:404,,,0,0,no-data
927971,BMO,BMO|BERZ|BULZ|CARD|CARU|DULL|FLYD|FLYU|FNGD|FNGO|FNGS|FNGU|GDXD|GDXU|JETD|JETU|OILD,BANK OF MONTREAL /CAN/,Bank of Montreal,True,25-NSE,2020-12-18,NYSE,2021-09-07,2026-09-04,1255,1255,still-listed
1279495,BTE,BTE,BAYTEX ENERGY CORP.,Baytex Energy Corp.,True,25-NSE,2020-12-18,NYSE,2021-09-07,2026-09-04,1255,1255,still-listed
1801169,OPEN,OPEN,Social Capital Hedosophia Holdings Corp. II,Opendoor Technologies Inc.,False,25,2020-12-18,NasdaqGS,2021-09-07,2026-09-04,1255,1255,identity-mismatch
1390777,BK,BK,Bank of New York Mellon Corp,,False,25-NSE,2020-12-21,http:404,,,0,0,no-data
813298,DXLG,DXLG,"DESTINATION XL GROUP, INC.","Destination XL Group, Inc.",True,25,2020-12-21,NasdaqCM,2021-09-07,2026-09-04,1255,1255,still-listed
1725872,BMTX,BMTX,Megalith Financial Acquisition Corp,,False,25,2020-12-22,http:404,,,0,0,no-data
1772720,SPRU,SPRU,Pivotal Investment Corp II,Spruce Power Holding Corporation,False,25-NSE,2020-12-22,NYSE,2021-09-07,2026-09-04,1255,1255,identity-mismatch
318154,AMGN,AMGN,AMGEN INC,Amgen Inc.,True,25,2020-12-28,NasdaqGS,2021-09-07,2026-09-04,1255,1255,still-listed
1779020,DNMR,DNMR|DNMRW,"Danimer Scientific, Inc.",,False,25-NSE,2020-12-30,http:404,,,0,0,no-data
1793659,RSI,RSI,"Rush Street Interactive, Inc.","Rush Street Interactive, Inc.",True,25-NSE,2020-12-30,NYSE,2021-09-07,2026-09-04,1255,1255,still-listed
1723089,CHX,CHX,ChampionX Corp,,False,25,2020-12-31,http:404,,,0,0,no-data
14272,BMY,BMY|BMYMP,BRISTOL MYERS SQUIBB CO,Bristol-Myers Squibb Company,True,25-NSE,2021-01-04,NYSE,2021-09-07,2026-09-04,1255,1255,still-listed
1055160,MFA,MFA|MFAN|MFAO|MFA-PB|MFA-PC,"MFA FINANCIAL, INC.","MFA Financial, Inc.",True,25-NSE,2021-01-06,NYSE,2021-09-07,2026-09-04,1255,1255,still-listed
1801170,CLOV,CLOV,Social Capital Hedosophia Holdings Corp. III,"Clover Health Investments, Corp.",False,25,2021-01-07,NasdaqGS,2021-09-07,2026-09-04,1255,1255,identity-mismatch
1341439,ORCL,ORCL,ORACLE CORP,Oracle Corporation,True,25-NSE,2021-01-11,NYSE,2021-09-07,2026-09-04,1255,1255,still-listed
5272,AIG,AIG,AMERICAN INTERNATIONAL GROUP INC,"American International Group, Inc.",True,25-NSE,2021-01-14,NYSE,2021-09-07,2026-09-04,1255,1255,still-listed
1136893,FIS,FIS,"Fidelity National Information Services, Inc.","Fidelity National Information Services, Inc.",True,25-NSE,2021-01-15,NYSE,2021-09-07,2026-09-04,1255,1255,still-listed
1032208,SRE,SRE|SREA,SEMPRA ENERGY,Sempra,True,25-NSE,2021-01-15,NYSE,2021-09-07,2026-09-04,1255,1255,still-listed
1674101,VRT,VRT,Vertiv Holdings Co,Vertiv Holdings Co,True,25-NSE,2021-01-19,NYSE,2021-09-07,2026-09-04,1255,1255,still-listed
1773751,HIMS,HIMS,"Hims & Hers Health, Inc.","Hims & Hers Health, Inc.",True,25-NSE,2021-01-21,NYSE,2021-09-07,2026-09-04,1255,1255,still-listed
1783398,UWMC,UWMC,"Gores Holdings IV, Inc.",UWM Holdings Corporation,False,25,2021-01-21,NYSE,2021-09-07,2026-09-04,1255,1255,identity-mismatch
1385145,CELJF,CELJF,Cellcom Israel Ltd.,Cellcom Israel Ltd.,True,25,2021-01-29,OTC Markets OTCPK,2021-09-07,2026-09-04,1255,1255,otc-continuation
892553,GTLS,GTLS,CHART INDUSTRIES INC,Chart Industries Inc,True,25,2021-01-29,NYSE,2026-07-15,2026-09-04,38,38,still-listed
1716621,VTAK,VTAK,"Ra Medical Systems, Inc.","Catheter Precision, Inc.",False,25,2021-01-29,NYSE American,2021-09-07,2026-09-04,1255,1255,identity-mismatch
23795,CTO,CTO|CTO-PA,"CTO Realty Growth, Inc.","CTO Realty Growth, Inc.",True,25-NSE,2021-02-01,NYSE,2021-09-07,2026-09-04,1255,1255,still-listed
895665,CLRD,CLRD,SUPERCONDUCTOR TECHNOLOGIES INC,"Clearday, Inc.",False,25-NSE,2021-02-02,OTC Markets OTCPK,2021-10-08,2026-09-04,1232,1232,identity-mismatch
874499,GPOR,GPOR,GULFPORT ENERGY CORP,Gulfport Energy Corporation,True,25-NSE,2021-02-02,NYSE,2021-09-07,2026-09-04,1255,1255,still-listed
1800347,ETWO,ETWO,CC Neuberger Principal Holdings I,,False,25-NSE,2021-02-08,http:404,,,0,0,no-data
96699,TCCO,TCCO,TECHNICAL COMMUNICATIONS CORP,Technical Communications Corporation,True,25-NSE,2021-02-09,OTC Markets OTCPK,2021-09-07,2026-09-04,1255,1255,otc-continuation
909724,TLF,TLF,TANDY LEATHER FACTORY INC,"Tandy Leather Factory, Inc.",True,25-NSE,2021-02-09,NasdaqCM,2021-09-07,2026-09-04,1255,1255,still-listed
1811063,NUVB,NUVB,Panacea Acquisition Corp,Nuvation Bio Inc.,False,25-NSE,2021-02-11,NYSE,2021-09-07,2026-09-04,1255,1255,identity-mismatch
746210,OBLG,OBLG,"Oblong, Inc.",,False,25,2021-02-11,http:404,,,0,0,no-data
1804176,BFLY,BFLY,"Butterfly Network, Inc.","Butterfly Network, Inc.",True,25-NSE,2021-02-16,NYSE,2021-09-07,2026-09-04,1255,1255,still-listed
1777393,CHPT,CHPT,"ChargePoint Holdings, Inc.","ChargePoint Holdings, Inc.",True,25-NSE,2021-03-01,NYSE,2021-09-07,2026-09-04,1255,1255,still-listed
1642380,OCX,OCX,OncoCyte Corp,,False,25,2021-03-05,http:404,,,0,0,no-data
1816581,OUST,OUST,Colonnade Acquisition Corp.,"Ouster, Inc.",False,25-NSE,2021-03-12,NasdaqGS,2021-09-07,2026-09-04,1255,1255,identity-mismatch
1789029,AEVA,AEVA,InterPrivate Acquisition Corp.,"Aeva Technologies, Inc.",False,25-NSE,2021-03-15,NasdaqGS,2021-09-07,2026-09-04,1255,1255,identity-mismatch
1267238,AIZ,AIZ|AIZN,"ASSURANT, INC.","Assurant, Inc.",True,25-NSE,2021-03-15,NYSE,2021-09-07,2026-09-04,1255,1255,still-listed
18230,CAT,CAT,CATERPILLAR INC,Caterpillar Inc.,True,25-NSE,2021-03-15,NYSE,2021-09-07,2026-09-04,1255,1255,still-listed
764401,IIIN,IIIN,INSTEEL INDUSTRIES INC,Insteel Industries Inc.,True,25,2021-03-15,NYSE,2021-09-07,2026-09-04,1255,1255,still-listed
794170,TOL,TOL,"Toll Brothers, Inc.","Toll Brothers, Inc.",True,25-NSE,2021-03-15,NYSE,2021-09-07,2026-09-04,1255,1255,still-listed
1465740,TWO,TWO|TWO-PA|TWO-PB|TWO-PC,TWO HARBORS INVESTMENT CORP.,Two Harbors Investment Corp,True,25-NSE,2021-03-15,NYSE,2026-07-17,2026-09-04,36,36,still-listed
839470,WWR,WWR,"WESTWATER RESOURCES, INC.","Westwater Resources, Inc.",True,25,2021-03-18,NYSE American,2021-09-07,2026-09-04,1255,1255,still-listed
30625,FLS,FLS,FLOWSERVE CORP,Flowserve Corporation,True,25-NSE,2021-03-19,NYSE,2021-09-07,2026-09-04,1255,1255,still-listed
1025378,WPC,WPC,W. P. Carey Inc.,W. P. Carey Inc.,True,25-NSE,2021-03-24,NYSE,2021-09-07,2026-09-04,1255,1255,still-listed
1527590,RC,RC|RCB|RCC|RC-PC|RC-PE,Ready Capital Corp,Ready Capital Corporation,True,25-NSE,2021-03-26,NYSE,2021-09-07,2026-09-04,1255,1255,still-listed
1037540,BXP,BXP,BOSTON PROPERTIES INC,"BXP, Inc.",False,25-NSE,2021-04-01,NYSE,2021-09-07,2026-09-04,1255,1255,identity-mismatch
1525769,PLAY,PLAY,"Dave & Buster's Entertainment, Inc.","Dave & Buster's Entertainment, Inc.",True,25,2021-04-05,NasdaqGS,2021-09-07,2026-09-04,1255,1255,still-listed
1026655,CMT,CMT,CORE MOLDING TECHNOLOGIES INC,"Core Molding Technologies, Inc.",True,25-NSE,2021-04-07,NYSE American,2021-09-07,2026-09-04,1255,1255,still-listed
1694426,DK,DK,"Delek US Holdings, Inc.","Delek US Holdings, Inc.",True,25-NSE,2021-04-08,NYSE,2021-09-07,2026-09-04,1255,1255,still-listed
31791,RVTY,RVTY,PERKINELMER INC,"Revvity, Inc.",False,25-NSE,2021-04-09,NYSE,2021-09-07,2026-09-04,1255,1255,identity-mismatch
58361,LEE,LEE,"LEE ENTERPRISES, Inc","Lee Enterprises, Incorporated",True,25,2021-04-16,NasdaqGS,2021-09-07,2026-09-04,1255,1255,still-listed
108312,WWD,WWD,"Woodward, Inc.","Woodward, Inc.",True,25,2021-04-16,NasdaqGS,2021-09-07,2026-09-04,1255,1255,still-listed
1364885,SPR,SPR,"Spirit AeroSystems Holdings, Inc.",,False,25-NSE,2021-04-22,http:404,,,0,0,no-data
1067837,AUDAQ,AUDAQ,"AUDACY, INC.",,False,25-NSE,2021-04-23,http:404,,,0,0,no-data
1054102,IDXG,IDXG,"INTERPACE BIOSCIENCES, INC.",Interpace Biosciences Inc,True,25-NSE,2021-04-26,OTC Markets OTCPK,2026-07-17,2026-09-04,36,36,otc-continuation
1041792,ELP,ELP|ELPC,ENERGY CO OF PARANA,,False,25-NSE,2021-04-28,http:404,,,0,0,no-data
1758766,STEM,STEM,Star Peak Energy Transition Corp.,"Stem, Inc.",False,25-NSE,2021-04-29,NYSE,2021-09-07,2026-09-04,1255,1255,identity-mismatch
1030469,OFG,OFG,OFG BANCORP,OFG Bancorp,True,25-NSE,2021-04-30,NYSE,2021-09-07,2026-09-04,1255,1255,still-listed
1163739,NBR,NBR|NBRWF,NABORS INDUSTRIES LTD,Nabors Industries Ltd.,True,25-NSE,2021-05-03,NYSE,2021-09-07,2026-09-04,1255,1255,still-listed
1802749,ZEVY,ZEVY,"Lightning eMotors, Inc.","Lightning eMotors, Inc.",True,25-NSE,2021-05-07,OTC Markets OTCPK,2021-09-07,2026-09-04,1255,1255,otc-continuation
1051512,TDS,TDS|TDS-PU|TDS-PV,TELEPHONE & DATA SYSTEMS INC /DE/,"Telephone and Data Systems, Inc.",True,25-NSE,2021-05-12,NYSE,2021-09-07,2026-09-04,1255,1255,still-listed
821130,USM,USM|UZD|UZE|UZF,UNITED STATES CELLULAR CORP,,False,25-NSE,2021-05-12,http:404,,,0,0,no-data
717605,HXL,HXL,HEXCEL CORP /DE/,Hexcel Corporation,True,25-NSE,2021-05-13,NYSE,2021-09-07,2026-09-04,1255,1255,still-listed
1433607,NSPR,NSPR,"InspireMD, Inc.","InspireMD, Inc.",True,25,2021-05-20,NasdaqCM,2021-09-07,2026-09-04,1255,1255,still-listed
1823945,OWL,OWL,BLUE OWL CAPITAL INC.,Blue Owl Capital Inc.,True,25-NSE,2021-05-20,NYSE,2021-09-07,2026-09-04,1255,1255,still-listed
1683541,ACB,ACB,AURORA CANNABIS INC,Aurora Cannabis Inc.,True,25,2021-05-24,NasdaqCM,2021-09-07,2026-09-04,1255,1255,still-listed
55067,K,K,KELLOGG CO,,False,25-NSE,2021-05-24,http:404,,,0,0,no-data
1818874,SOFI,SOFI,Social Capital Hedosophia Holdings Corp. V,"SoFi Technologies, Inc.",False,25,2021-05-28,NasdaqGS,2021-09-07,2026-09-04,1255,1255,identity-mismatch
40211,GATX,GATX,GATX CORP,GATX Corporation,True,25-NSE,2021-06-01,NYSE,2021-09-07,2026-09-04,1255,1255,still-listed
1819574,BARK,BARK,Northern Star Acquisition Corp.,"BARK, Inc.",False,25-NSE,2021-06-02,NYSE,2021-09-07,2026-09-04,1255,1255,identity-mismatch
320340,CCRD,CCRD,INTELLIGENT SYSTEMS CORP,,False,25,2021-06-07,http:404,,,0,0,no-data
1770141,UPHL,UPHL,"UpHealth, Inc.","UpHealth, Inc.",True,25-NSE,2021-06-10,OTC Markets OTCPK,2021-09-07,2026-09-04,1255,1255,otc-continuation
1774675,SKIL,SKIL|SKILW,Skillsoft Corp.,Skillsoft Corp.,True,25-NSE,2021-06-14,NYSE,2021-09-07,2026-09-04,1255,1255,still-listed
1281761,RF,RF|RF-PB|RF-PC|RF-PE|RF-PF,REGIONS FINANCIAL CORP,Regions Financial Corporation,True,25-NSE,2021-06-15,NYSE,2021-09-07,2026-09-04,1255,1255,still-listed
1437071,IVR,IVR|IVR-PB|IVR-PC,Invesco Mortgage Capital Inc.,Invesco Mortgage Capital Inc.,True,25-NSE,2021-06-16,NYSE,2021-09-07,2026-09-04,1255,1255,still-listed
1804591,ME,ME,VG Acquisition Corp.,,False,25,2021-06-16,http:404,,,0,0,no-data
1815849,ATIP,ATIP|ATIPW,"ATI Physical Therapy, Inc.",,False,25-NSE,2021-06-17,http:404,,,0,0,no-data
908255,BWA,BWA,BORGWARNER INC,BorgWarner Inc.,True,25-NSE,2021-06-21,NYSE,2021-09-07,2026-09-04,1255,1255,still-listed
1378140,OPTT,OPTT,"Ocean Power Technologies, Inc.","Ocean Power Technologies, Inc.",True,25,2021-06-21,NYSE American,2021-09-07,2026-09-04,1255,1255,still-listed
1430723,SFBS,SFBS,"ServisFirst Bancshares, Inc.","ServisFirst Bancshares, Inc.",True,25,2021-06-21,NYSE,2021-09-07,2026-09-04,1255,1255,still-listed
1826889,BODI,BODI|BODYW,Forest Road Acquisition Corp.,"The Beachbody Company, Inc.",False,25-NSE,2021-06-28,NasdaqCM,2021-09-07,2026-09-04,1255,1255,identity-mismatch
1821159,EVGO,EVGO|EVGOW,Climate Change Crisis Real Impact I Acquisition Corp,"EVgo, Inc.",False,25,2021-07-01,NasdaqGS,2021-09-07,2026-09-04,1255,1255,identity-mismatch
1794846,ATCOL,ATCOL,Atlas Corp.,,False,25-NSE,2021-07-02,http:404,,,0,0,no-data
1659166,FTV,FTV,Fortive Corp,Fortive Corporation,True,25-NSE,2021-07-02,NYSE,2021-09-07,2026-09-04,1255,1255,still-listed
1809104,ALIT,ALIT,Foley Trasimene Acquisition Corp.,"Alight, Inc.",False,25-NSE,2021-07-06,NYSE,2021-09-07,2026-09-04,1255,1255,identity-mismatch
897802,SPE,SPE|SPE-PC,"SPECIAL OPPORTUNITIES FUND, INC.","Special Opportunities Fund, Inc.",True,25-NSE,2021-07-07,NYSE,2021-09-07,2026-09-04,1255,1255,still-listed
36966,FHN,FHN|FHN-PB|FHN-PC|FHN-PE|FHN-PF,FIRST HORIZON CORP,First Horizon Corporation,True,25-NSE,2021-07-12,NYSE,2021-09-07,2026-09-04,1255,1255,still-listed
1819516,UP,UP|WSUPW,Wheels Up Experience Inc.,Wheels Up Experience Inc.,True,25-NSE,2021-07-14,NYSE,2021-09-07,2026-09-04,1255,1255,still-listed
1816613,MKFG,MKFG,Markforged Holding Corp,,False,25-NSE,2021-07-15,http:404,,,0,0,no-data
1316835,BLDR,BLDR,"Builders FirstSource, Inc.","Builders FirstSource, Inc.",True,25,2021-07-16,NYSE,2021-09-07,2026-09-04,1255,1255,still-listed
1816708,OWLT,OWLT|OWLTW,Sandbridge Acquisition Corp,"Owlet, Inc.",False,25-NSE,2021-07-16,NYSE,2021-09-07,2026-09-04,1255,1255,identity-mismatch
1822928,HLLY,HLLY,Holley Inc.,Holley Inc.,True,25-NSE,2021-07-19,NYSE,2021-09-07,2026-09-04,1255,1255,still-listed
1805651,MKTW,MKTW,"MARKETWISE, INC.","MarketWise, Inc.",True,25,2021-07-21,NasdaqGM,2021-09-07,2026-09-04,1255,1255,still-listed
1818502,OPFI,OPFI,OppFi Inc.,OppFi Inc.,True,25-NSE,2021-07-21,NYSE,2021-09-07,2026-09-04,1255,1255,still-listed
1811210,LCID,LCID,Churchill Capital Corp IV,"Lucid Group, Inc.",False,25,2021-07-23,NasdaqGS,2021-09-07,2026-09-04,1255,1255,identity-mismatch
1722438,DOMA,DOMA|DOMAW,"Doma Holdings, Inc.",,False,25-NSE,2021-07-29,http:404,,,0,0,no-data
1818201,CCCS,CCCS,CCC Intelligent Solutions Holdings Inc.,,False,25-NSE,2021-08-02,http:404,,,0,0,no-data
1828105,HIPO,HIPO,Hippo Holdings Inc.,Hippo Holdings Inc.,True,25-NSE,2021-08-03,NYSE,2021-09-07,2026-09-04,1255,1255,still-listed
1819848,JOBY,JOBY,"Joby Aviation, Inc.","Joby Aviation, Inc.",True,25-NSE,2021-08-11,NYSE,2021-09-07,2026-09-04,1255,1255,still-listed
1824893,SRZN,SRZN|SRZNW,Consonance-HFW Acquisition Corp.,"Surrozen, Inc.",False,25,2021-08-11,NasdaqCM,2021-09-07,2026-09-04,1255,1255,identity-mismatch
1347858,XXII,XXII,"22nd Century Group, Inc.","22nd Century Group, Inc.",True,25,2021-08-13,NasdaqCM,2021-09-07,2026-09-04,1255,1255,still-listed
1823882,MIMOQ,MIMOQ,Airspan Networks Holdings Inc.,,False,25-NSE,2021-08-16,http:404,,,0,0,no-data
1571283,REXR,REXR,"Rexford Industrial Realty, Inc.","Rexford Industrial Realty, Inc.",True,25-NSE,2021-08-16,NYSE,2021-09-07,2026-09-04,1255,1255,still-listed
1816017,SPIR,SPIR,"Spire Global, Inc.","Spire Global, Inc.",True,25-NSE,2021-08-17,NYSE,2021-09-07,2026-09-04,1255,1255,still-listed
1505890,IP,IP,MS Structured Floating Rate Trust Series 2010-04,International Paper Company,False,25-NSE,2021-08-23,NYSE,2021-09-07,2026-09-04,1255,1255,identity-mismatch
1837014,SMRT,SMRT,Fifth Wall Acquisition Corp. I,"SmartRent, Inc.",False,25,2021-08-24,NYSE,2021-09-07,2026-09-04,1255,1255,identity-mismatch
1859639,CZOOF,CZOOF,Cazoo Group Ltd,Cazoo Group Ltd,True,25-NSE,2021-08-27,OTC Markets OTCPK,2021-09-07,2026-09-04,1255,1255,otc-continuation
1130310,CNP,CNP,CENTERPOINT ENERGY INC,"CenterPoint Energy, Inc.",True,25-NSE,2021-09-01,NYSE,2021-09-07,2026-09-04,1255,1255,still-listed
1825024,OPAD,OPAD|OPADW,Offerpad Solutions Inc.,Offerpad Solutions Inc.,True,25-NSE,2021-09-02,NasdaqCM,2021-09-07,2026-09-04,1255,1255,still-listed
1819810,RDW,RDW|RDW-WT,Redwire Corp,Redwire Corporation,True,25-NSE,2021-09-03,NYSE,2021-09-07,2026-09-04,1255,1255,still-listed
1798562,TMC,TMC|TMCWW,Sustainable Opportunities Acquisition Corp.,TMC the metals company Inc.,False,25,2021-09-09,NasdaqGS,2021-09-10,2026-09-04,1252,1252,identity-mismatch
1753539,BKSY,BKSY,BlackSky Technology Inc.,BlackSky Technology Inc.,True,25-NSE,2021-09-10,NYSE,2021-09-07,2026-09-04,1255,1252,still-listed
1650107,CCEP,CCEP,COCA-COLA EUROPACIFIC PARTNERS plc,Coca-Cola Europacific Partners PLC,True,25,2021-09-10,NasdaqGS,2021-09-07,2026-09-04,1255,1252,still-listed
51253,IFF,IFF,INTERNATIONAL FLAVORS & FRAGRANCES INC,International Flavors & Fragrances Inc.,True,25-NSE,2021-09-15,NYSE,2021-09-07,2026-09-04,1255,1249,still-listed
1830214,DNA,DNA|DNA-WT,Soaring Eagle Acquisition Corp.,"Ginkgo Bioworks Holdings, Inc.",False,25,2021-09-16,NYSE,2021-09-07,2026-09-04,1255,1248,identity-mismatch
1824502,ACHR,ACHR,Atlas Crest Investment Corp.,Archer Aviation Inc.,False,25-NSE,2021-09-17,NYSE,2021-09-07,2026-09-04,1255,1247,identity-mismatch
1812173,RBOT,RBOT,D8 Holdings Corp.,Vicarious Surgical Inc.,False,25-NSE,2021-09-20,OTC Markets OTCPK,2021-09-07,2026-09-04,1255,1246,identity-mismatch
1385849,UUUU,UUUU,ENERGY FUELS INC,Energy Fuels Inc.,True,25-NSE,2021-09-20,NYSE American,2021-09-07,2026-09-04,1255,1246,still-listed
1770450,XRX,XRX,Xerox Holdings Corp,Xerox Holdings Corporation,True,25,2021-09-20,NasdaqGS,2021-09-07,2026-09-04,1255,1246,still-listed
1819404,NRDY,NRDY,Nerdy Inc.,Nerdy Inc.,True,25-NSE,2021-09-21,NYSE,2021-09-07,2026-09-04,1255,1245,still-listed
1807846,ML,ML|ML-WT,Fusion Acquisition Corp.,,False,25-NSE,2021-09-23,http:404,,,0,0,no-data
1826681,PDYN,PDYN|PDYNW,Sarcos Technology & Robotics Corporation.,Palladyne AI Corp.,False,25,2021-09-24,NasdaqGM,2021-09-27,2026-09-04,1241,1241,identity-mismatch
1688568,DXC,DXC,DXC Technology Co,DXC Technology Company,True,25-NSE,2021-09-29,NYSE,2021-09-07,2026-09-04,1255,1239,still-listed
1830210,BHIL,BHIL|BHILW,Star Peak Corp II,,False,25-NSE,2021-09-30,http:404,,,0,0,no-data
1784851,SHPWQ,SHPWQ,"Shapeways Holdings, Inc.","Shapeways Holdings, Inc.",True,25-NSE,2021-09-30,OTC Markets OTCPK,2021-10-04,2026-09-04,1236,1236,otc-continuation
1825079,VLD,VLD|VLD-WT,JAWS Spitfire Acquisition Corp,,False,25-NSE,2021-09-30,http:404,,,0,0,no-data
895419,WOLF,WOLF,"CREE, INC.","Wolfspeed, Inc.",False,25,2021-10-01,NYSE,2025-09-29,2026-09-04,236,236,identity-mismatch
1824920,IONQ,IONQ,"IonQ, Inc.","IonQ, Inc.",True,25-NSE,2021-10-04,NYSE,2021-09-07,2026-09-04,1255,1236,still-listed
1326160,DUK,DUK|DUKB|DUKH|DUK-PA,Duke Energy CORP,Duke Energy Corporation,True,25-NSE,2021-10-07,NYSE,2021-09-07,2026-09-04,1255,1233,still-listed
1819438,GWH,GWH|GWH-WT,ACON S2 Acquisition Corp.,"ESS Tech, Inc.",False,25,2021-10-08,NYSE,2021-09-07,2026-09-04,1255,1232,identity-mismatch
1519061,TSE,TSE,Trinseo S.A.,,False,25-NSE,2021-10-08,http:404,,,0,0,no-data
1820302,BKKT,BKKT,"Bakkt Holdings, Inc.","Bakkt, Inc.",True,25,2021-10-15,NYSE,2021-09-07,2026-09-04,1255,1227,still-listed
310158,MRK,MRK,"Merck & Co., Inc.","Merck & Co., Inc.",True,25-NSE,2021-10-15,NYSE,2021-09-07,2026-09-04,1255,1227,still-listed
1821769,NVTS,NVTS,Navitas Semiconductor Corp,Navitas Semiconductor Corporation,True,25,2021-10-19,NasdaqGM,2021-10-20,2026-09-04,1224,1224,still-listed
1809987,MIR,MIR,"Mirion Technologies, Inc.","Mirion Technologies, Inc.",True,25-NSE,2021-10-21,NYSE,2021-09-07,2026-09-04,1255,1223,still-listed
748592,ERNA,ERNA,"Brooklyn ImmunoTherapeutics, Inc.",Ernexa Therapeutics Inc.,False,25,2021-10-22,NasdaqCM,2021-09-07,2026-09-04,1255,1222,identity-mismatch
1327567,PANW,PANW,Palo Alto Networks Inc,"Palo Alto Networks, Inc.",True,25,2021-10-22,NasdaqGS,2021-09-07,2026-09-04,1255,1222,still-listed
1024795,HLIO,HLIO,"HELIOS TECHNOLOGIES, INC.","Helios Technologies, Inc.",True,25,2021-10-29,NYSE,2021-09-07,2026-09-04,1255,1217,still-listed
61398,TELL,TELL|TELZ,TELLURIAN INC. /DE/,,False,25,2021-11-01,http:404,,,0,0,no-data
1846069,KIND,KIND,"Nextdoor Holdings, Inc.",,False,25,2021-11-05,http:404,,,0,0,no-data
1839839,JBI,JBI,"Janus International Group, Inc.","Janus International Group, Inc.",True,25-NSE,2021-11-12,NYSE,2021-09-07,2026-09-04,1255,1207,still-listed
1212545,WAL,WAL|WAL-PA,WESTERN ALLIANCE BANCORPORATION,Western Alliance Bancorporation,True,25-NSE,2021-11-16,NYSE,2021-09-07,2026-09-04,1255,1205,still-listed
1331520,HOMB,HOMB,HOME BANCSHARES INC,"Home BancShares, Inc.",True,25,2021-11-19,NYSE,2021-09-07,2026-09-04,1255,1202,still-listed
1840780,LOCL,LOCL|LOCLW,Leo Holdings III Corp.,Local Bounti Corporation,False,25-NSE,2021-11-22,NYSE,2021-09-07,2026-09-04,1255,1201,identity-mismatch
1477845,ANVS,ANVS,"Annovis Bio, Inc.","Annovis Bio, Inc.",True,25,2021-11-26,NYSE,2021-09-07,2026-09-04,1255,1198,still-listed
1835378,CTV,CTV|CTV-WT,Innovid Corp.,,False,25-NSE,2021-12-01,http:404,,,0,0,no-data
1840776,HGTY,HGTY|HGTPW,"Hagerty, Inc.","Hagerty, Inc.",True,25-NSE,2021-12-03,NYSE,2021-09-07,2026-09-04,1255,1193,still-listed
1701605,BKR,BKR,Baker Hughes Co,Baker Hughes Company,True,25,2021-12-06,NasdaqGS,2021-09-07,2026-09-04,1255,1192,still-listed
1121788,GRMN,GRMN,GARMIN LTD,Garmin Ltd.,True,25,2021-12-06,NYSE,2021-09-07,2026-09-04,1255,1192,still-listed
1836981,BBAI,BBAI,"BigBear.ai Holdings, Inc.","BigBear.ai Holdings, Inc.",True,25,2021-12-07,NYSE,2021-09-07,2026-09-04,1255,1191,still-listed
1836833,PL,PL|PL-WT,"dMY Technology Group, Inc. IV",Planet Labs PBC,False,25-NSE,2021-12-08,NYSE,2021-09-07,2026-09-04,1255,1190,identity-mismatch
850209,FL,FL,"FOOT LOCKER, INC.",,False,25-NSE,2021-12-09,http:404,,,0,0,no-data
1828723,AMPS,AMPS,"Altus Power, Inc.",,False,25-NSE,2021-12-10,http:404,,,0,0,no-data
1373670,GRBK,GRBK,"Green Brick Partners, Inc.","Green Brick Partners, Inc.",True,25,2021-12-10,NYSE,2021-09-07,2026-09-04,1255,1188,still-listed
1288469,MXL,MXL,MAXLINEAR INC,"MaxLinear, Inc.",True,25,2021-12-10,NasdaqGS,2021-09-07,2026-09-04,1255,1188,still-listed
1840572,BOWL,BOWL,Bowlero Corp.,,False,25-NSE,2021-12-16,http:404,,,0,0,no-data
868671,GBCI,GBCI,"GLACIER BANCORP, INC.","Glacier Bancorp, Inc.",True,25,2021-12-16,NYSE,2021-09-07,2026-09-04,1255,1184,still-listed
1494904,GBLI,GBLI,"Global Indemnity Group, LLC","Global Indemnity Group, LLC",True,25,2021-12-27,NasdaqGS,2021-09-07,2026-09-04,1255,1178,still-listed
1116578,PUK,PUK|PUKPF,PRUDENTIAL PLC,Prudential plc,True,25-NSE,2021-12-27,NYSE,2021-09-07,2026-09-04,1255,1178,still-listed
1669162,KNSL,KNSL,"Kinsale Capital Group, Inc.","Kinsale Capital Group, Inc.",True,25,2021-12-30,NYSE,2021-09-07,2026-09-04,1255,1175,still-listed
1527469,ATHS,ATHS|ATH-PA|ATH-PB|ATH-PC|ATH-PD|ATH-PE,Athene Holding Ltd,Athene Holding Ltd. 7.250% Fixe,True,25-NSE,2022-01-03,NYSE,2024-03-15,2026-09-04,621,621,still-listed
1592057,EVA,EVA,Enviva Inc.,,False,25-NSE,2022-01-03,http:404,,,0,0,no-data
34903,FRT,FRT|FRT-PC,FEDERAL REALTY INVESTMENT TRUST,Federal Realty Investment Trust,True,25-NSE,2022-01-03,NYSE,2021-09-07,2026-09-04,1255,1173,still-listed
1840292,HLGN,HLGN|HLGNW,"Heliogen, Inc.",,False,25-NSE,2022-01-03,http:404,,,0,0,no-data
1823587,SKYH,SKYH,Yellowstone Acquisition Co,Sky Harbour Group Corporation,False,25,2022-01-03,NYSE,2021-09-07,2026-09-04,1255,1173,identity-mismatch
1841408,DAVE,DAVE|DAVEW,"VPC Impact Acquisition Holdings III, Inc.",Dave Inc.,False,25,2022-01-05,NasdaqGM,2021-09-07,2026-09-04,1255,1171,identity-mismatch
315189,DE,DE,DEERE & CO,Deere & Company,True,25-NSE,2022-01-10,NYSE,2021-09-07,2026-09-04,1255,1168,still-listed
1494582,BOC,BOC,BOSTON OMAHA Corp,Boston Omaha Corporation,True,25,2022-01-13,NYSE,2021-09-07,2026-09-04,1255,1165,still-listed
1805087,GLSHQ,GLSHQ,"GELESIS HOLDINGS, INC.","Gelesis Holdings, Inc.",True,25-NSE,2022-01-14,OTC Markets OTCPK,2022-01-14,2026-09-04,1164,1164,otc-continuation
1420800,ENOV,ENOV,Colfax CORP,Enovis Corporation,False,25-NSE,2022-01-18,NYSE,2021-09-07,2026-09-04,1255,1163,identity-mismatch
1632790,ENR,ENR,"ENERGIZER HOLDINGS, INC.","Energizer Holdings, Inc.",True,25-NSE,2022-01-18,NYSE,2021-09-07,2026-09-04,1255,1163,still-listed
1748824,BSIG,BSIG,BrightSphere Investment Group Inc.,,False,25-NSE,2022-01-20,http:404,,,0,0,no-data
719245,WEBNF,WEBNF,WESTPAC BANKING CORP,Westpac Banking Corporation,True,25,2022-01-21,OTC Markets OTCPK,2021-09-07,2026-09-04,1255,1160,otc-continuation
1717452,ODTC,ODTC,"Odonate Therapeutics, Inc.","Odonate, Inc.",True,25-NSE,2022-01-25,OTC Markets OTCPK,2021-09-07,2026-09-04,1255,1158,otc-continuation
1828811,LICY,LICY,Li-Cycle Holdings Corp.,,False,25-NSE,2022-01-26,http:404,,,0,0,no-data
1805833,SST,SST|SST-WT,"System1, Inc.","System1, Inc.",True,25-NSE,2022-01-28,NYSE,2021-09-07,2026-09-04,1255,1155,still-listed
1708646,AAAU,AAAU,Goldman Sachs Physical Gold ETF,Goldman Sachs Physical Gold ETF,True,25,2022-01-31,Cboe US,2021-09-07,2026-09-04,1255,1154,still-listed
1080720,GUT,GUT|GUT-PC,GABELLI UTILITY TRUST,The Gabelli Utility Trust,True,25-NSE,2022-01-31,NYSE,2021-09-07,2026-09-04,1255,1154,still-listed
1297830,JRJCY,JRJCY,China Finance Online Co. LTD,,False,25,2022-01-31,http:404,,,0,0,no-data
27367,DXR,DXR,DAXOR CORP,Daxor Corporation,True,25,2022-02-01,NasdaqCM,2021-09-07,2026-09-04,1255,1153,still-listed
1819142,SES,SES|SES-WT,Ivanhoe Capital Acquisition Corp.,SES AI Corporation,False,25-NSE,2022-02-04,NYSE,2021-09-07,2026-09-04,1255,1150,identity-mismatch
1100397,ADXS,ADXS,"Advaxis, Inc.",,False,25-NSE,2022-02-09,http:404,,,0,0,no-data
1476963,SCPX,SCPX,"HEAT BIOLOGICS, INC.","Scorpius Holdings, Inc.",False,25,2022-02-11,OTC Markets OTCPK,2021-09-07,2026-09-04,1255,1145,identity-mismatch
1828536,NRGV,NRGV,"Energy Vault Holdings, Inc.","Energy Vault Holdings, Inc.",True,25-NSE,2022-02-14,NYSE,2021-09-07,2026-09-04,1255,1144,still-listed
1175535,WSR,WSR,Whitestone REIT,Whitestone REIT,True,25-NSE,2022-02-14,NYSE,2026-07-13,2026-07-13,1,1,still-listed
49826,ITW,ITW,ILLINOIS TOOL WORKS INC,Illinois Tool Works Inc.,True,25-NSE,2022-02-22,NYSE,2021-09-07,2026-09-04,1255,1139,still-listed
1585855,GGZ,GGZ,Gabelli Global Small & Mid Cap Value Trust,The Gabelli Global Small and Mid Cap Value Trust,True,25-NSE,2022-02-28,NYSE,2021-09-07,2026-09-04,1255,1135,still-listed
1838359,RGTI,RGTI|RGTIW,"Rigetti Computing, Inc.","Rigetti Computing, Inc.",True,25,2022-03-01,NasdaqCM,2021-09-07,2026-09-04,1255,1134,still-listed
1104485,NOG,NOG,"NORTHERN OIL & GAS, INC.","Northern Oil and Gas, Inc.",True,25,2022-03-02,NYSE,2021-09-07,2026-09-04,1255,1133,still-listed
1324424,EXPE,EXPE,"Expedia Group, Inc.","Expedia Group, Inc.",True,25-NSE,2022-03-03,NasdaqGS,2021-09-07,2026-09-04,1255,1132,still-listed
1792627,JTKWY,JTKWY|TKAYF,Just Eat Takeaway.com N.V.,Just Eat Takeaway.com N.V.,True,25,2022-03-04,OTC Markets OTCPK,2021-09-07,2026-09-04,1255,1131,otc-continuation
1772016,BRBR,BRBR,"BELLRING BRANDS, INC.","BellRing Brands, Inc.",True,25-NSE,2022-03-11,NYSE,2021-09-07,2026-09-04,1255,1126,still-listed
1698535,NXE,NXE,NexGen Energy Ltd.,NexGen Energy Ltd.,True,25,2022-03-11,NYSE,2021-09-07,2026-09-04,1255,1126,still-listed
1021162,TGI,TGI,TRIUMPH GROUP INC,,False,25-NSE,2022-03-14,http:404,,,0,0,no-data
1819876,TRIRF,TRIRF,"Triterras, Inc.",,False,25-NSE,2022-03-14,http:404,,,0,0,no-data
1827821,FRGE,FRGE,"Forge Global Holdings, Inc.",,False,25-NSE,2022-03-22,http:404,,,0,0,no-data
1835512,LLAP,LLAP|LLAPW,Tailwind Two Acquisition Corp.,,False,25-NSE,2022-03-28,http:404,,,0,0,no-data
1842556,HNRA,HNRA,HNR Acquisition Corp.,,False,25-NSE,2022-04-04,http:404,,,0,0,no-data
104169,WMT,WMT,Walmart Inc.,Walmart Inc.,True,25-NSE,2022-04-08,NasdaqGS,2021-09-07,2026-09-04,1255,1106,still-listed
1504619,PFLT,PFLT,PennantPark Floating Rate Capital Ltd.,PennantPark Floating Rate Capital Ltd.,True,25,2022-04-13,NYSE,2021-09-07,2026-09-04,1255,1103,still-listed
1751299,KLDO,KLDO,"Kaleido Biosciences, Inc.","Kaleido Biosciences, Inc.",True,25,2022-04-18,OTC Markets OTCPK,2021-09-07,2026-09-04,1255,1101,otc-continuation
1052054,EVOL,EVOL,"Symbolic Logic, Inc.","Symbolic Logic, Inc.",True,25,2022-04-25,OTC Markets OTCPK,2021-09-07,2026-09-04,1255,1096,otc-continuation
1590364,FTAI,FTAI|FTAIM|FTAIN|FTAIO|FTAIP,Fortress Transportation & Infrastructure Investors LLC,FTAI Aviation Ltd.,False,25,2022-04-25,NasdaqGS,2021-09-07,2026-09-04,1255,1096,identity-mismatch
89140,SVT,SVT,SERVOTRONICS INC /DE/,,False,25-NSE,2022-04-28,http:404,,,0,0,no-data
1822966,SMR,SMR|SMR-WT,NUSCALE POWER Corp,NuScale Power Corporation,True,25,2022-05-02,NYSE,2022-03-01,2026-09-04,1134,1091,still-listed
78128,WTRG,WTRG,"Essential Utilities, Inc.","Essential Utilities, Inc.",True,25-NSE,2022-05-02,NYSE,2021-09-07,2026-09-04,1255,1091,still-listed
1891101,BRCC,BRCC,BRC Inc.,BRC Inc.,True,25-NSE,2022-05-04,NYSE,2022-02-10,2026-09-04,1146,1089,still-listed
914208,IVZ,IVZ,Invesco Ltd.,Invesco Ltd.,True,25-NSE,2022-05-06,NYSE,2021-09-07,2026-09-04,1255,1087,still-listed
1534675,TGLS,TGLS,Tecnoglass Inc.,Tecnoglass Holdings Inc.,True,25,2022-05-06,NYSE,2021-09-07,2026-09-04,1255,1087,still-listed
1823652,EVEX,EVEX,"Eve Holding, Inc.","Eve Holding, Inc.",True,25,2022-05-09,NYSE,2022-05-10,2026-09-04,1085,1085,still-listed
1165002,WHG,WHG,WESTWOOD HOLDINGS GROUP INC,"Westwood Holdings Group, Inc.",True,25-NSE,2022-05-11,NYSE,2021-09-07,2026-09-04,1255,1084,still-listed
1722482,AVTR,AVTR,"Avantor, Inc.","Avantor, Inc.",True,25-NSE,2022-05-16,NYSE,2021-09-07,2026-09-04,1255,1081,still-listed
25445,CXT,CXT,CRANE CO /DE/,"Crane NXT, Co.",True,25-NSE,2022-05-17,NYSE,2021-09-07,2026-09-04,1255,1080,still-listed
1590717,CTRE,CTRE,"CareTrust REIT, Inc.","CareTrust REIT, Inc.",True,25,2022-05-20,NYSE,2021-09-07,2026-09-04,1255,1077,still-listed
1655075,AFIIQ,AFIIQ,"Armstrong Flooring, Inc.","Armstrong Flooring, Inc.",True,25-NSE,2022-05-23,OTC Markets OTCPK,2021-09-07,2026-09-04,1255,1076,otc-continuation
1174850,NIC,NIC,NICOLET BANKSHARES INC,"Nicolet Bankshares, Inc.",True,25,2022-05-23,NYSE,2021-09-07,2026-09-04,1255,1076,still-listed
1455863,COLD,COLD,AMERICOLD REALTY TRUST,"Americold Realty Trust, Inc.",True,25-NSE,2022-05-26,NYSE,2021-09-07,2026-09-04,1255,1073,still-listed
1820872,GBTG,GBTG,"Global Business Travel Group, Inc.","Global Business Travel Group, Inc.",True,25-NSE,2022-05-31,NYSE,2022-08-18,2026-09-04,1016,1016,still-listed
1764757,DIDIY,DIDIY,DiDi Global Inc.,DiDi Global Inc.,True,25,2022-06-02,OTC Markets OTCPK,2021-09-07,2026-09-04,1255,1069,otc-continuation
910679,WVFC,WVFC,WVS FINANCIAL CORP,WVS Financial Corp.,True,25,2022-06-03,OTC Markets OTCQX,2021-09-07,2026-09-04,1255,1068,otc-continuation
1734262,CTKYY,CTKYY,CooTek,,False,25-NSE,2022-06-06,http:404,,,0,0,no-data
1841761,GROV,GROV|GROVW,"Grove Collaborative Holdings, Inc.","Grove Collaborative Holdings, Inc.",True,25-NSE,2022-06-17,NYSE,2021-09-07,2026-09-04,1255,1058,still-listed
1866390,BBLNF,BBLNF,Babylon Holdings Ltd,Babylon Holdings Limited,True,25-NSE,2022-06-27,OTC Markets OTCPK,2021-10-25,2026-09-04,1221,1053,otc-continuation
929058,HUNGF,HUNGF,HUANENG POWER INTERNATIONAL INC,"Huaneng Power International, Inc.",True,25,2022-06-27,OTC Markets OTCPK,2021-09-07,2026-09-04,1255,1053,otc-continuation
1000683,BDRL,BDRL,BLONDER TONGUE LABORATORIES INC,,False,25-NSE,2022-06-28,http:404,,,0,0,no-data
1616291,JPPYY,JPPYY,Jupai Holdings Ltd,Jupai Holdings Limited,True,25-NSE,2022-07-12,OTC Markets OTCPK,2021-09-07,2026-09-04,1255,1043,otc-continuation
1430725,GSL,GSL|GSL-PB,"Global Ship Lease, Inc.","Global Ship Lease, Inc.",True,25-NSE,2022-07-18,NYSE,2021-09-07,2026-09-04,1255,1039,still-listed
1784168,ELMSQ,ELMSQ,"Electric Last Mile Solutions, Inc.","Electric Last Mile Solutions, Inc.",True,25-NSE,2022-07-19,OTC Markets OTCPK,2021-09-07,2026-09-04,1255,1038,otc-continuation
64472,GENC,GENC,GENCOR INDUSTRIES INC,"Gencor Industries, Inc.",True,25,2022-07-29,NYSE American,2021-09-07,2026-09-04,1255,1030,still-listed
1823466,NOTE,NOTE,Duddell Street Acquisition Corp.,"FiscalNote Holdings, Inc.",False,25,2022-07-29,OTC Markets OTCID,2021-09-07,2026-09-04,1255,1030,identity-mismatch
849869,SLGN,SLGN,SILGAN HOLDINGS INC,Silgan Holdings Inc.,True,25,2022-07-29,NYSE,2021-09-07,2026-09-04,1255,1030,still-listed
1679049,INSW,INSW,"International Seaways, Inc.","International Seaways, Inc.",True,25-NSE,2022-08-05,NYSE,2021-09-07,2026-09-04,1255,1025,still-listed
1862068,RBTC,RBTC|RBTCW,"Rubicon Technologies, Inc.",,False,25,2022-08-15,http:404,,,0,0,no-data
88205,SPXC,SPXC,"SPX Technologies, Inc.","SPX Technologies, Inc.",True,25-NSE,2022-08-15,NYSE,2021-09-07,2026-09-04,1255,1019,still-listed
1087456,UBOH,UBOH,UNITED BANCSHARES INC/OH,"United Bancshares, Inc.",True,25,2022-08-17,OTC Markets OTCQX,2024-08-15,2026-09-04,516,516,otc-continuation
1161611,ALMMF,ALMMF,ALUMINUM CORP OF CHINA LTD,Aluminum Corporation of China Limited,True,25,2022-08-22,OTC Markets OTCPK,2021-09-07,2026-09-04,1255,1014,otc-continuation
1268896,CILJF,CILJF,CHINA LIFE INSURANCE CO LTD,China Life Insurance Company Limited,True,25,2022-08-22,OTC Markets OTCPK,2021-09-07,2026-09-04,1255,1014,otc-continuation
761648,CDR-PB,CDR-PB|CDR-PC,"CEDAR REALTY TRUST, INC.","Cedar Realty Trust, Inc.",True,25-NSE,2022-08-23,NYSE,2021-09-07,2026-09-04,1255,1013,still-listed
908732,SPTJF,SPTJF,SINOPEC SHANGHAI PETROCHEMICAL CO LTD,Sinopec Shanghai Petrochemical Company Limited,True,25,2022-08-26,OTC Markets OTCPK,2021-09-07,2026-09-04,1255,1010,otc-continuation
52988,J,J,JACOBS SOLUTIONS INC.,Jacobs Solutions Inc.,True,25-NSE,2022-08-29,NYSE,2021-09-07,2026-09-04,1255,1009,still-listed
1108329,PCCYF,PCCYF,PETROCHINA CO LTD,PetroChina Company Limited,True,25,2022-08-29,OTC Markets OTCPK,2021-09-07,2026-09-04,1255,1009,otc-continuation
1123658,SNPMF,SNPMF,CHINA PETROLEUM & CHEMICAL CORP,China Petroleum & Chemical Corporation,True,25,2022-08-29,OTC Markets OTCPK,2021-09-07,2026-09-04,1255,1009,otc-continuation
862692,CCEL,CCEL,CRYO CELL INTERNATIONAL INC,"Cryo-Cell International, Inc.",True,25,2022-08-30,NYSE American,2021-09-07,2026-09-04,1255,1008,still-listed
1266806,VANI,VANI,"Vivani Medical, Inc.","Vivani Medical, Inc.",True,25,2022-09-08,NasdaqCM,2021-09-07,2026-09-04,1255,1002,still-listed
1658566,PR,PR,Permian Resources Corp,Permian Resources Corporation,True,25,2022-09-12,NYSE,2021-09-07,2026-09-04,1255,1000,still-listed
1300050,GPLDF,GPLDF,GREAT PANTHER MINING Ltd,,False,25-NSE,2022-09-14,http:404,,,0,0,no-data
1590383,RENO,RENO,"RENOVARE ENVIRONMENTAL, INC.","Renovare Environmental, Inc.",True,25-NSE,2022-09-14,OTC Markets OTCPK,2021-09-07,2026-09-04,1255,998,otc-continuation
1899287,AMPX,AMPX,"Amprius Technologies, Inc.","Amprius Technologies, Inc.",True,25-NSE,2022-09-15,NYSE,2022-09-15,2026-09-04,997,997,still-listed
1812360,FOXO,FOXO|FOXOW,FOXO TECHNOLOGIES INC.,FOXO Technologies Inc.,True,25-NSE,2022-09-16,OTC Markets OTCID,2022-09-19,2026-09-04,995,995,otc-continuation
1324948,RBC,RBC|RBCP,RBC Bearings INC,RBC Bearings Incorporated,True,25,2022-09-23,NYSE,2021-09-07,2026-09-04,1255,991,still-listed
1060349,GAMI,GAMI,"GAMCO INVESTORS, INC. ET AL","GAMCO Investors, Inc.",True,25,2022-09-26,OTC Markets OTCQX,2021-09-07,2026-09-04,1255,990,otc-continuation
1603016,HMLPF,HMLPF,Hoegh LNG Partners LP,Hoegh LNG Partners LP,True,25-NSE,2022-09-26,OTC Markets OTCPK,2021-09-07,2026-09-04,1255,990,otc-continuation
1032033,SLM,SLM|SLMBP,SLM Corp,SLM Corporation,True,25-NSE,2022-10-04,NasdaqGS,2021-09-07,2026-09-04,1255,984,still-listed
1825088,DFH,DFH,"Dream Finders Homes, Inc.","Dream Finders Homes, Inc.",True,25,2022-10-07,NYSE,2021-09-07,2026-09-04,1255,981,still-listed
1807765,PMVC,PMVC|PMVCD|PMVCW,PMV Consumer Acquisition Corp.,,False,25,2022-10-11,http:404,,,0,0,no-data
1814215,BURU,BURU|BURUW,Tailwind Acquisition Corp.,"Nuburu, Inc.",False,25,2022-10-18,OTC Markets OTCPK,2023-02-01,2026-09-04,902,902,identity-mismatch
1898496,GETY,GETY,"Getty Images Holdings, Inc.","Getty Images Holdings, Inc.",True,25-NSE,2022-10-19,NYSE,2021-09-07,2026-09-04,1255,973,still-listed
86115,SFES,SFES,SAFEGUARD SCIENTIFICS INC,"Safeguard Scientifics, Inc.",True,25,2022-10-25,OTC Markets OTCPK,2021-09-07,2026-09-04,1255,969,otc-continuation
1833908,ALFIQ,ALFIQ,"Alfi, Inc.","Alfi, Inc.",True,25-NSE,2022-10-27,OTC Markets OTCPK,2021-09-07,2026-09-04,1255,967,otc-continuation
1357671,CRTD,CRTD|CRTDW,"Creatd, Inc.","Creatd, Inc.",True,25-NSE,2022-10-27,OTC Markets OTCQB,2021-09-07,2026-09-04,1255,967,otc-continuation
1618835,EVFM,EVFM,"Evofem Biosciences, Inc.","Evofem Biosciences, Inc.",True,25-NSE,2022-10-27,OTC Markets OTCID,2021-09-07,2026-09-04,1255,967,otc-continuation
1758736,MKDTY,MKDTY,Molecular Data Inc.,Molecular Data Inc.,True,25-NSE,2022-10-27,OTC Markets OTCPK,2021-09-07,2026-09-04,1255,967,otc-continuation
1864032,ADRT,ADRT|ADRTW,Ault Disruptive Technologies Corp,,False,25-NSE,2022-10-31,http:404,,,0,0,no-data
1705259,SMTSF,SMTSF,Sierra Metals Inc.,,False,25,2022-11-04,http:404,,,0,0,no-data
880631,WT,WT,"WisdomTree Investments, Inc.","WisdomTree, Inc.",True,25,2022-11-04,NYSE,2021-09-07,2026-09-04,1255,961,still-listed
16918,STZ,STZ,"CONSTELLATION BRANDS, INC.","Constellation Brands, Inc.",True,25-NSE,2022-11-14,NYSE,2021-09-07,2026-09-04,1255,955,still-listed
314590,SSL,SSL|SASOF,SASOL LTD,Sasol Limited,True,25-NSE,2022-11-15,NYSE,2021-09-07,2026-09-04,1255,954,still-listed
1820144,GRND,GRND,Tiga Acquisition Corp.,Grindr Inc.,False,25-NSE,2022-11-18,NYSE,2021-09-07,2026-09-04,1255,951,identity-mismatch
1827871,ELIQQ,ELIQQ,TLG Acquisition One Corp.,"Electriq Power Holdings, Inc.",False,25-NSE,2022-11-21,OTC Markets OTCPK,2023-08-01,2026-09-04,778,778,identity-mismatch
1786182,FHSEY,FHSEY,"First High-School Education Group Co., Ltd.",,False,25-NSE,2022-11-22,http:404,,,0,0,no-data
1855485,CLDI,CLDI,"First Light Acquisition Group, Inc.","Calidi Biotherapeutics, Inc.",False,25,2022-11-25,NYSE American,2021-11-01,2026-09-04,1216,947,identity-mismatch
1835817,NSTC,NSTC,Northern Star Investment Corp. III,,False,25-NSE,2022-11-28,http:404,,,0,0,no-data
1141391,MA,MA,Mastercard Inc,Mastercard Incorporated,True,25-NSE,2022-12-01,NYSE,2021-09-07,2026-09-04,1255,943,still-listed
1059142,GHI,GHI,"AMERICA FIRST MULTIFAMILY INVESTORS, L.P.",Greystone Housing Impact Investors LP,False,25,2022-12-02,NYSE,2021-09-07,2026-09-04,1255,942,identity-mismatch
829365,NTPIF,NTPIF,NAM TAI PROPERTY INC.,Nam Tai Property Inc.,True,25-NSE,2022-12-05,OTC Markets OTCPK,2021-09-07,2026-09-04,1255,941,otc-continuation
1839608,GETR,GETR|GETRW,InterPrivate II Acquisition Corp.,"Getaround, Inc.",False,25-NSE,2022-12-09,OTC Markets OTCPK,2022-12-09,2026-09-04,937,937,identity-mismatch
1800392,MLGO,MLGO|VENAF,Venus Acquisition Corp,MicroAlgo Inc.,False,25,2022-12-12,NasdaqCM,2021-09-07,2026-09-04,1255,936,identity-mismatch
1524472,XYL,XYL,Xylem Inc.,Xylem Inc.,True,25-NSE,2022-12-12,NYSE,2021-09-07,2026-09-04,1255,936,still-listed
1462120,LOB,LOB,"Live Oak Bancshares, Inc.","Live Oak Bancshares, Inc.",True,25,2022-12-13,NYSE,2021-09-07,2026-09-04,1255,935,still-listed
1136869,ZBH,ZBH,"ZIMMER BIOMET HOLDINGS, INC.","Zimmer Biomet Holdings, Inc.",True,25-NSE,2022-12-13,NYSE,2021-09-07,2026-09-04,1255,935,still-listed
1871745,DSAQ,DSAQ|DSAQU|DSAQW,Direct Selling Acquisition Corp.,,False,25-NSE,2022-12-14,http:404,,,0,0,no-data
898174,RGA,RGA|RZB|RZC,REINSURANCE GROUP OF AMERICA INC,"Reinsurance Group of America, Incorporated",True,25-NSE,2022-12-15,NYSE,2021-09-07,2026-09-04,1255,933,still-listed
1937653,ZYME,ZYME,Zymeworks Inc.,Zymeworks Inc.,True,25,2022-12-15,NasdaqGS,2021-09-07,2026-09-04,1255,933,still-listed
4457,UHAL,UHAL|UHAL-B,AMERCO /NV/,U-Haul Holding Company,False,25,2022-12-16,NYSE,2021-09-07,2026-09-04,1255,932,identity-mismatch
1447669,TWLO,TWLO,TWILIO INC,Twilio Inc.,True,25,2022-12-19,NYSE,2021-09-07,2026-09-04,1255,931,still-listed
1169245,PHASQ,PHASQ,PhaseBio Pharmaceuticals Inc,,False,25-NSE,2022-12-21,http:404,,,0,0,no-data
1410172,RBCN,RBCN,"Rubicon Technology, Inc.","Rubicon Technology, Inc.",True,25,2022-12-23,OTC Markets OTCID,2021-09-07,2026-09-04,1255,927,otc-continuation
1711269,EVRG,EVRG,"Evergy, Inc.","Evergy, Inc.",True,25,2022-12-27,NasdaqGS,2021-09-07,2026-09-04,1255,926,still-listed
1878057,SGHC,SGHC,Super Group,Super Group (SGHC) Limited,True,25-NSE,2022-12-27,NYSE,2021-09-07,2026-09-04,1255,926,still-listed
1859007,ZVSA,ZVSA,"ZyVersa Therapeutics, Inc.","ZyVersa Therapeutics, Inc.",True,25-NSE,2022-12-29,OTC Markets OTCPK,2022-02-11,2026-09-04,1145,924,otc-continuation
1829949,OGBLY,OGBLY,Onion Global Ltd,Onion Global Limited,True,25-NSE,2023-01-04,OTC Markets OTCPK,2021-09-07,2026-09-04,1255,921,otc-continuation
943034,AATC,AATC,AUTOSCOPE TECHNOLOGIES CORP,Autoscope Technologies Corporation,True,25,2023-01-06,OTC Markets OTCQX,2021-09-07,2026-09-04,1255,919,otc-continuation
1829948,CIXXF,CIXXF,CI Financial Corp.,,False,25,2023-01-09,http:404,,,0,0,no-data
1532981,EMWPF,EMWPF,Eros Media World PLC,Eros Media World Plc,True,25-NSE,2023-01-09,OTC Markets OTCPK,2021-09-07,2026-09-04,1255,918,otc-continuation
1692115,SWX,SWX,"Southwest Gas Holdings, Inc.","Southwest Gas Holdings, Inc.",True,25-NSE,2023-01-13,NYSE,2021-09-07,2026-09-04,1255,914,still-listed
883948,AUB,AUB|AUB-PA,Atlantic Union Bankshares Corp,Atlantic Union Bankshares Corporation,True,25,2023-01-17,NYSE,2021-09-07,2026-09-04,1255,913,still-listed
908311,CMCT,CMCT,Creative Media & Community Trust Corp,Creative Media & Community Trust Corporation,True,25,2023-01-19,NasdaqCM,2021-09-07,2026-09-04,1255,911,still-listed
1263011,EXNRF,EXNRF,EXCELLON RESOURCES INC,Excellon Resources Inc.,True,25,2023-01-20,OTC Markets OTCQB,2021-09-07,2026-09-04,1255,910,otc-continuation
1030475,CHEAF,CHEAF|CHNEY,CHINA EASTERN AIRLINES CORP LTD,China Eastern Airlines Corporation Limited,True,25,2023-01-23,OTC Markets OTCPK,2021-09-07,2026-09-04,1255,909,otc-continuation
1041668,CHKIF,CHKIF,CHINA SOUTHERN AIRLINES CO LTD,China Southern Airlines Company Limited,True,25,2023-01-23,OTC Markets OTCPK,2021-09-07,2026-09-04,1255,909,otc-continuation
1834489,GENI,GENI,Genius Sports Ltd,Genius Sports Limited,True,25-NSE,2023-01-23,NYSE,2021-09-07,2026-09-04,1255,909,still-listed
1862463,INAQ,INAQ|INAQU|INAQW,Insight Acquisition Corp. /DE,,False,25-NSE,2023-01-25,http:404,,,0,0,no-data
879682,VIVE,VIVE,"VIVEVE MEDICAL, INC.","Viveve Medical, Inc.",True,25-NSE,2023-01-25,OTC Markets OTCPK,2021-09-07,2026-09-04,1255,907,otc-continuation
1451505,RIG,RIG,Transocean Ltd.,Transocean Ltd.,True,25-NSE,2023-01-30,NYSE,2021-09-07,2026-09-04,1255,904,still-listed
1124198,FLR,FLR,FLUOR CORP,Fluor Corporation,True,25-NSE,2023-01-31,NYSE,2021-09-07,2026-09-04,1255,903,still-listed
1739104,ELAN,ELAN,Elanco Animal Health Inc,Elanco Animal Health Incorporated,True,25-NSE,2023-02-01,NYSE,2021-09-07,2026-09-04,1255,902,still-listed
1096691,PTNRF,PTNRF,PARTNER COMMUNICATIONS CO LTD,Partner Communications Company Ltd.,True,25,2023-02-06,OTC Markets OTCPK,2024-01-30,2026-09-04,653,653,otc-continuation
765880,DOC,DOC,"HEALTHPEAK PROPERTIES, INC.","Healthpeak Properties, Inc.",True,25-NSE,2023-02-10,NYSE,2021-09-07,2026-09-04,1255,895,still-listed
1787384,FFBW,FFBW,"FFBW, Inc. /MD/","FFBW, Inc.",True,25,2023-02-13,OTC Markets OTCQX,2021-09-07,2026-09-04,1255,894,otc-continuation
764180,MO,MO,"ALTRIA GROUP, INC.","Altria Group, Inc.",True,25-NSE,2023-02-15,NYSE,2021-09-07,2026-09-04,1255,892,still-listed
1869673,BACA,BACA,Berenson Acquisition Corp. I,,False,25-NSE,2023-02-21,http:404,,,0,0,no-data
820318,COHR,COHR,COHERENT CORP.,Coherent Corp.,True,25,2023-02-22,NYSE,2021-09-07,2026-09-04,1255,888,still-listed
1830029,GRDI,GRDI|GRDIW,Adit EdTech Acquisition Corp.,,False,25,2023-02-23,http:404,,,0,0,no-data
16988,CAJFF,CAJFF|CAJPY,CANON INC,Canon Inc.,True,25,2023-02-24,OTC Markets OTCPK,2021-09-07,2026-09-04,1255,886,otc-continuation
1877787,ZGN,ZGN,Ermenegildo Zegna N.V.,Ermenegildo Zegna N.V.,True,25-NSE,2023-02-27,NYSE,2021-12-20,2026-09-04,1182,885,still-listed
1883814,SLND,SLND,"Southland Holdings, Inc.","Southland Holdings, Inc.",True,25,2023-03-01,NYSE American,2021-12-23,2026-09-04,1179,883,still-listed
1707925,LIN,LIN,LINDE PLC,Linde plc,True,25-NSE,2023-03-02,NasdaqGS,2021-09-07,2026-09-04,1255,882,still-listed
1385157,TEL,TEL,TE Connectivity Ltd.,TE Connectivity plc,True,25-NSE,2023-03-02,NYSE,2021-09-07,2026-09-04,1255,882,still-listed
1496671,CALA,CALA,"Calithera Biosciences, Inc.","Calithera Biosciences, Inc.",True,25-NSE,2023-03-03,OTC Markets OTCPK,2021-09-07,2026-09-04,1255,881,otc-continuation
1790515,EQOSQ,EQOSQ,EQONEX Ltd,,False,25-NSE,2023-03-03,http:404,,,0,0,no-data
1834645,PKBO,PKBO|PKBOW,"Peak Bio, Inc.",,False,25-NSE,2023-03-03,http:404,,,0,0,no-data
1772028,SCPS,SCPS,Scopus BioPharma Inc.,Scopus BioPharma Inc.,True,25-NSE,2023-03-03,OTC Markets OTCPK,2021-09-07,2026-09-04,1255,881,otc-continuation
1318641,STAB,STAB,"Statera Biopharma, Inc.","Statera Biopharma, Inc.",True,25-NSE,2023-03-03,OTC Markets OTCPK,2021-09-07,2026-09-04,1255,881,otc-continuation
1058867,GNTY,GNTY,GUARANTY BANCSHARES INC /TX/,,False,25,2023-03-06,http:404,,,0,0,no-data
1834518,NSTB,NSTB,Northern Star Investment Corp. II,,False,25,2023-03-13,http:404,,,0,0,no-data
1780232,GFL,GFL,GFL Environmental Inc.,GFL Environmental Inc.,True,25-NSE,2023-03-15,NYSE,2021-09-07,2026-09-04,1255,873,still-listed
929869,RELX,RELX|RLXXF,RELX PLC,RELX PLC,True,25-NSE,2023-03-16,NYSE,2021-09-07,2026-09-04,1255,872,still-listed
1823584,AENT,AENT|AENTW,ALLIANCE ENTERTAINMENT HOLDING CORP,Alliance Entertainment Holding Corporation,True,25-NSE,2023-03-17,NasdaqCM,2021-09-07,2026-09-04,1255,871,still-listed
1831359,JWSM,JWSM,Jaws Mustang Acquisition Corp,,False,25,2023-03-20,http:404,,,0,0,no-data
1855644,ZURA,ZURA|ZURAW,JATT Acquisition Corp,Zura Bio Limited,False,25,2023-03-20,NasdaqCM,2023-03-21,2026-09-04,869,869,identity-mismatch
1487198,ASPU,ASPU,"ASPEN GROUP, INC.","Aspen Group, Inc.",True,25,2023-03-23,OTC Markets OTCQB,2021-09-07,2026-09-04,1255,867,otc-continuation
1900304,HLN,HLN|HLNCF,Haleon plc,Haleon plc,True,25-NSE,2023-03-24,NYSE,2022-07-25,2026-09-04,1034,866,still-listed
1361538,PRIM,PRIM,Primoris Services Corp,Primoris Services Corporation,True,25,2023-04-03,NYSE,2021-09-07,2026-09-04,1255,860,still-listed
840551,TMDIF,TMDIF,TITAN MEDICAL INC,,False,25,2023-04-04,http:404,,,0,0,no-data
1627606,DTEAF,DTEAF,DAVIDsTEA Inc.,DAVIDsTEA Inc.,True,25,2023-04-07,OTC Markets OTCPK,2021-09-07,2026-09-04,1255,856,otc-continuation
1831006,BLUAF,BLUAF|BLUAW|BLUVF,BlueRiver Acquisition Corp.,BlueRiver Acquisition Corp.,True,25,2023-04-10,OTC Markets OTCPK,2021-09-07,2026-09-04,1255,856,otc-continuation
1575311,DTLAP,DTLAP,Brookfield DTLA Fund Office Trust Investor Inc.,Brookfield DTLA Fund Office Trust Investor Inc.,True,25,2023-04-10,OTC Markets OTCPK,2021-09-07,2026-09-04,1255,856,otc-continuation
1839341,CORZ,CORZ|CORZR|CORZW|CORZZ,"Core Scientific, Inc./tx","Core Scientific, Inc.",True,25-NSE,2023-04-12,NasdaqGS,2024-01-24,2026-09-04,657,657,still-listed
1733298,QTTOY,QTTOY,Qutoutiao Inc.,Qutoutiao Inc.,True,25-NSE,2023-04-12,OTC Markets OTCPK,2021-09-07,2026-09-04,1255,854,otc-continuation
850261,SRNE,SRNE,"Sorrento Therapeutics, Inc.","Sorrento Therapeutics, Inc.",True,25-NSE,2023-04-12,OTC Markets OTCPK,2021-09-07,2026-09-04,1255,854,otc-continuation
1878835,VGFCQ,VGFCQ,Very Good Food Co Inc.,The Very Good Food Company Inc.,True,25-NSE,2023-04-12,OTC Markets OTCPK,2021-09-07,2026-09-04,1255,854,otc-continuation
895728,ENB,ENB|EBBGF|EBBNF|EBGEF|EBRGF|EBRZF|ENBFF|ENBGF|ENBHF|ENBMF|ENBNF|ENBOF|ENBRF|ENNPF,ENBRIDGE INC,Enbridge Inc.,True,25-NSE,2023-04-17,NYSE,2021-09-07,2026-09-04,1255,851,still-listed
771992,PAAS,PAAS|PAASF,PAN AMERICAN SILVER CORP,Pan American Silver Corp.,True,25,2023-04-17,NYSE,2021-09-07,2026-09-04,1255,851,still-listed
1844505,QTI,QTI|QTIWW,"GigCapital5, Inc.","QT Imaging Holdings, Inc.",False,25-NSE,2023-04-21,NasdaqCM,2021-11-04,2026-09-04,1213,847,identity-mismatch
1000298,IMPM,IMPM,IMPAC MORTGAGE HOLDINGS INC,,False,25-NSE,2023-04-27,http:404,,,0,0,no-data
1909152,KALRQ,KALRQ,Kalera Public Ltd Co,Kalera Public Limited Company,True,25-NSE,2023-05-02,OTC Markets OTCPK,2022-06-29,2026-09-04,1051,840,otc-continuation
719739,SIVBQ,SIVBQ,SVB FINANCIAL GROUP,,False,25-NSE,2023-05-02,http:404,,,0,0,no-data
1538217,SRAX,SRAX,"SRAX, Inc.","SRAX, Inc.",True,25-NSE,2023-05-02,OTC Markets OTCPK,2021-09-07,2026-09-04,1255,840,otc-continuation
1463833,IDWM,IDWM,"IDW MEDIA HOLDINGS, INC.","IDW Media Holdings, Inc.",True,25,2023-05-08,OTC Markets OTCQB,2021-09-07,2026-09-04,1255,836,otc-continuation
1579684,GCI,GCI,"Gannett Co., Inc.",,False,25-NSE,2023-05-09,http:404,,,0,0,no-data
1949543,STR,STR,Sitio Royalties Corp.,,False,25-NSE,2023-05-09,http:404,,,0,0,no-data
1061736,FMX,FMX,MEXICAN ECONOMIC DEVELOPMENT INC,"Fomento Económico Mexicano, S.A.B. de C.V.",False,25-NSE,2023-05-10,NYSE,2021-09-07,2026-09-04,1255,834,identity-mismatch
1312109,SICP,SICP,Silvergate Capital Corp,Silvergate Capital Corporation,True,25-NSE,2023-05-11,OTC Markets OTCPK,2021-09-07,2026-09-04,1255,833,otc-continuation
1091587,ABBNY,ABBNY|ABLZF,ABB LTD,ABB Ltd,True,25,2023-05-12,OTC Markets OTCPK,2021-09-07,2026-09-04,1255,832,otc-continuation
1516912,OBK,OBK,"Origin Bancorp, Inc.","Origin Bancorp, Inc.",True,25,2023-05-19,NYSE,2021-09-07,2026-09-04,1255,827,still-listed
1227500,EQBK,EQBK,EQUITY BANCSHARES INC,"Equity Bancshares, Inc.",True,25,2023-05-22,NYSE,2021-09-07,2026-09-04,1255,826,still-listed
915389,EMN,EMN,EASTMAN CHEMICAL CO,Eastman Chemical Company,True,25-NSE,2023-05-26,NYSE,2021-09-07,2026-09-04,1255,822,still-listed
885725,BSX,BSX,BOSTON SCIENTIFIC CORP,Boston Scientific Corporation,True,25-NSE,2023-06-01,NYSE,2021-09-07,2026-09-04,1255,819,still-listed
1659494,COE,COE,51Talk Online Education Group,51Talk Online Education Group,True,25,2023-06-01,NYSE American,2021-09-07,2026-09-04,1255,819,still-listed
798354,FI,FI,FISERV INC,,False,25,2023-06-06,http:404,,,0,0,no-data
1845437,NPWR,NPWR,NET Power Inc.,NET Power Inc.,True,25-NSE,2023-06-09,NYSE,2021-09-07,2026-09-04,1255,813,still-listed
1473844,STEL,STEL,"Stellar Bancorp, Inc.",,False,25,2023-06-09,http:404,,,0,0,no-data
1739174,PHGE,PHGE|PHGEW,BiomX Inc.,BiomX Inc.,True,25-NSE,2023-06-12,NYSE American,2021-09-07,2026-09-04,1255,812,still-listed
28823,DBD,DBD,"DIEBOLD NIXDORF, Inc","Diebold Nixdorf, Incorporated",True,25-NSE,2023-06-20,NYSE,2023-08-14,2026-09-04,769,769,still-listed
1528356,GNE,GNE,Genie Energy Ltd.,Genie Energy Ltd.,True,25-NSE,2023-06-20,NYSE,2021-09-07,2026-09-04,1255,807,still-listed
1467808,CORBF,CORBF,Global Cord Blood Corp,Global Cord Blood Corporation,True,25-NSE,2023-06-22,OTC Markets OTCPK,2021-09-07,2026-09-04,1255,805,otc-continuation
1861121,EVE,EVE|EVE-UN|EVE-WT,EVe Mobility Acquisition Corp,,False,25,2023-06-22,http:404,,,0,0,no-data
846546,BNSOF,BNSOF,BONSO ELECTRONICS INTERNATIONAL INC,Bonso Electronics International Inc.,True,25,2023-06-23,OTC Markets OTCID,2021-09-07,2026-09-04,1255,804,otc-continuation
96021,SYY,SYY,SYSCO CORP,Sysco Corporation,True,25-NSE,2023-06-23,NYSE,2021-09-07,2026-09-04,1255,804,still-listed
1355848,TOON,TOON,"Genius Brands International, Inc.",Kartoon Studios Inc.,False,25,2023-06-23,NYSE American,2021-09-07,2026-09-04,1255,804,identity-mismatch
1928446,GRNT,GRNT,"Granite Ridge Resources, Inc.","Granite Ridge Resources, Inc.",True,25-NSE,2023-07-05,NYSE,2021-09-07,2026-09-04,1255,797,still-listed
882835,ROP,ROP,ROPER TECHNOLOGIES INC,"Roper Technologies, Inc.",True,25,2023-07-05,NasdaqGS,2021-09-07,2026-09-04,1255,797,still-listed
882184,DHI,DHI,HORTON D R INC /DE/,"D.R. Horton, Inc.",True,25-NSE,2023-07-06,NYSE,2021-09-07,2026-09-04,1255,796,still-listed
1169987,HTGMQ,HTGMQ,"HTG MOLECULAR DIAGNOSTICS, INC","HTG Molecular Diagnostics, Inc.",True,25-NSE,2023-07-10,OTC Markets OTCPK,2021-09-07,2026-09-04,1255,794,otc-continuation
1698514,NESR,NESR|NESRW,National Energy Services Reunited Corp.,National Energy Services Reunited Corp.,True,25-NSE,2023-07-10,NasdaqCM,2024-07-09,2026-09-04,543,543,still-listed
1444307,ONCSQ,ONCSQ,ONCOSEC MEDICAL Inc,OncoSec Medical Incorporated,True,25-NSE,2023-07-10,OTC Markets OTCPK,2021-09-07,2026-09-04,1255,794,otc-continuation
1076682,RGTPQ,RGTPQ,"POLARITYTE, INC.",,False,25-NSE,2023-07-10,http:404,,,0,0,no-data
100716,UNAM,UNAM,UNICO AMERICAN CORP,,False,25-NSE,2023-07-10,http:404,,,0,0,no-data
1852767,MRT,MRT,"Marti Technologies, Inc.","Marti Technologies, Inc.",True,25-NSE,2023-07-11,NYSE American,2021-09-07,2026-09-04,1255,793,still-listed
1838987,CSLR,CSLR|CSLRW,Freedom Acquisition I Corp.,,False,25,2023-07-17,http:404,,,0,0,no-data
1837607,AEON,AEON,Priveterra Acquisition Corp.,"AEON Biopharma, Inc.",False,25,2023-07-21,NYSE American,2023-01-03,2026-09-04,922,785,identity-mismatch
1847064,PSQH,PSQH,"PSQ Holdings, Inc.","PSQ Holdings, Inc.",True,25-NSE,2023-07-24,NYSE,2021-09-07,2026-09-04,1255,784,still-listed
1882198,ATEK,ATEK,Athena Technology Acquisition Corp. II,Athena Technology Acquisition Corp. II,True,25,2023-07-27,OTC Markets OTCPK,2022-01-28,2026-09-04,1155,781,otc-continuation
1566469,NHIQ,NHIQ,"NantHealth, Inc.",,False,25-NSE,2023-07-27,http:404,,,0,0,no-data
1759546,NRDE,NRDE,Lordstown Motors Corp.,Stark Novus Financial Inc,False,25-NSE,2023-07-27,OTC Markets OTCPK,2026-07-17,2026-09-04,36,36,identity-mismatch
1741231,TTCFQ,TTCFQ,"Tattooed Chef, Inc.",,False,25-NSE,2023-07-27,http:404,,,0,0,no-data
1501078,OFED,OFED,Oconee Federal Financial Corp.,Oconee Federal Financial Corp.,True,25,2023-07-31,OTC Markets OTCQX,2021-09-07,2026-09-04,1255,779,otc-continuation
98222,TDW,TDW|TDDWW|TDGMW|TDW-WT,TIDEWATER INC,Tidewater Inc.,True,25-NSE,2023-07-31,NYSE,2021-09-07,2026-09-04,1255,779,still-listed
1734875,MSVB,MSVB,"Mid-Southern Bancorp, Inc.",,False,25,2023-08-14,http:404,,,0,0,no-data
1567094,CNH,CNH,CNH Industrial N.V.,CNH Industrial N.V.,True,25-NSE,2023-08-15,NYSE,2021-09-07,2026-09-04,1255,768,still-listed
1004980,PCG,PCG|PCG-PA|PCG-PB|PCG-PC|PCG-PD|PCG-PE|PCG-PG|PCG-PH|PCG-PI,PG&E Corp,PG&E Corporation,True,25-NSE,2023-08-17,NYSE,2021-09-07,2026-09-04,1255,766,still-listed
1019671,SEAC,SEAC,SEACHANGE INTERNATIONAL INC,"SeaChange International, Inc.",True,25,2023-08-18,OTC Markets OTCPK,2021-09-07,2026-09-04,1255,765,otc-continuation
1413837,FFWM,FFWM,First Foundation Inc.,,False,25,2023-08-21,http:404,,,0,0,no-data
1411579,AMC,AMC,"AMC ENTERTAINMENT HOLDINGS, INC.","AMC Entertainment Holdings, Inc.",True,25-NSE,2023-08-25,NYSE,2021-09-07,2026-09-04,1255,760,still-listed
1847874,BEEP,BEEP,Mobile Infrastructure Corp,Mobile Infrastructure Corporation,True,25,2023-08-25,NasdaqGM,2023-08-28,2026-09-04,759,759,still-listed
1788717,FXLV,FXLV,F45 Training Holdings Inc.,,False,25-NSE,2023-08-25,http:404,,,0,0,no-data
1734342,AMTB,AMTB,Amerant Bancorp Inc.,Amerant Bancorp Inc.,True,25,2023-08-28,NYSE,2021-09-07,2026-09-04,1255,759,still-listed
1861233,ILLMF,ILLMF,illumin Holdings Inc.,illumin Holdings Inc.,True,25,2023-09-01,OTC Markets OTCQB,2021-09-07,2026-09-04,1255,755,otc-continuation
1007273,BKSC,BKSC,BANK OF SOUTH CAROLINA CORP,Bank of South Carolina Corporation,True,25,2023-09-05,OTC Markets OTCQX,2021-09-07,2026-09-04,1255,754,otc-continuation
1614067,ARDS,ARDS,"Aridis Pharmaceuticals, Inc.","Aridis Pharmaceuticals, Inc.",True,25-NSE,2023-09-08,OTC Markets OTCPK,2021-09-07,2026-09-04,1255,751,otc-continuation
1845149,CBRG,CBRG|CBRGF|CBRGU,Chain Bridge I,Leverage Shares 2X Long CBRS Daily ETF,False,25-NSE,2023-09-08,Cboe US,2026-05-15,2026-09-04,78,78,identity-mismatch
1868269,LATG,LATG|LATGF|LATGU,LatAmGrowth SPAC,,False,25-NSE,2023-09-08,http:404,,,0,0,no-data
1018735,NYMXF,NYMXF,NYMOX PHARMACEUTICAL CORP,Nymox Pharmaceutical Corporation,True,25-NSE,2023-09-08,OTC Markets OTCPK,2021-09-07,2026-09-04,1255,751,otc-continuation
1801602,SBIG,SBIG|SBIGW,"SpringBig Holdings, Inc.","SpringBig Holdings, Inc.",True,25-NSE,2023-09-08,OTC Markets OTCQB,2021-09-07,2026-09-04,1255,751,otc-continuation
1597313,VRAYQ,VRAYQ,"ViewRay, Inc.","ViewRay Systems, Inc.",True,25-NSE,2023-09-08,OTC Markets OTCPK,2021-09-07,2026-09-04,1255,751,otc-continuation
716006,YELLQ,YELLQ,Yellow Corp,,False,25-NSE,2023-09-08,http:404,,,0,0,no-data
103379,VFC,VFC,V F CORP,V.F. Corporation,False,25-NSE,2023-09-20,NYSE,2021-09-07,2026-09-04,1255,743,identity-mismatch
1273813,AGO,AGO,ASSURED GUARANTY LTD,Assured Guaranty Ltd.,True,25-NSE,2023-09-25,NYSE,2021-09-07,2026-09-04,1255,740,still-listed
711404,COO,COO,"COOPER COMPANIES, INC.","The Cooper Companies, Inc.",True,25,2023-09-25,NasdaqGS,2021-09-07,2026-09-04,1255,740,still-listed
849395,CRH,CRH,CRH PUBLIC LTD CO,CRH plc,True,25-NSE,2023-09-25,NYSE,2021-09-07,2026-09-04,1255,740,still-listed
1792789,DASH,DASH,"DoorDash, Inc.","DoorDash, Inc.",True,25,2023-09-26,NasdaqGS,2021-09-07,2026-09-04,1255,739,still-listed
1845459,NKGN,NKGN|NKGNW,Graf Acquisition Corp. IV,"NKGen Biotech, Inc.",False,25,2023-09-29,OTC Markets OTCPK,2021-09-07,2026-09-04,1255,736,identity-mismatch
715072,RNST,RNST,RENASANT CORP,Renasant Corporation,True,25,2023-10-06,NYSE,2021-09-07,2026-09-04,1255,731,still-listed
1717556,BBIG,BBIG,"Vinco Ventures, Inc.","Vinco Ventures, Inc.",True,25-NSE,2023-10-12,OTC Markets OTCPK,2021-09-07,2026-09-04,1255,727,otc-continuation
1815021,BQ,BQ,Boqii Holding Ltd,Boqii Holding Limited,True,25,2023-10-12,NYSE American,2021-09-07,2026-09-04,1255,727,still-listed
1340476,DESLF,DESLF|DRTTF,DIRTT ENVIRONMENTAL SOLUTIONS LTD,,False,25-NSE,2023-10-12,http:404,,,0,0,no-data
834285,FRBK,FRBK|FRBKQ,REPUBLIC FIRST BANCORP INC,,False,25-NSE,2023-10-12,http:404,,,0,0,no-data
1760764,GMVDF,GMVDF,G Medical Innovations Holdings Ltd.,G Medical Innovations Holdings Ltd,True,25-NSE,2023-10-12,OTC Markets OTCPK,2021-09-07,2026-09-04,1255,727,otc-continuation
1756499,MCLDF,MCLDF,mCloud Technologies Corp.,mCloud Technologies Corp.,True,25-NSE,2023-10-12,OTC Markets OTCPK,2021-09-07,2026-09-04,1255,727,otc-continuation
1777765,VQSSF,VQSSF,VIQ Solutions Inc.,VIQ Solutions Inc.,True,25-NSE,2023-10-12,OTC Markets OTCPK,2021-09-07,2026-09-04,1255,727,otc-continuation
884247,YVRLF,YVRLF,Liquid Media Group Ltd.,Liquid Media Group Ltd.,True,25-NSE,2023-10-12,OTC Markets OTCPK,2021-09-07,2026-09-04,1255,727,otc-continuation
1495584,SVVC,SVVC,"Firsthand Technology Value Fund, Inc.","Firsthand Technology Value Fund, Inc.",True,25,2023-10-17,OTC Markets OTCPK,2021-09-07,2026-09-04,1255,724,otc-continuation
1874474,ALLG,ALLG|ALLGF,Allego N.V.,,False,25-NSE,2023-10-18,http:404,,,0,0,no-data
810509,NAVB,NAVB,"NAVIDEA BIOPHARMACEUTICALS, INC.",,False,25-NSE,2023-10-23,http:404,,,0,0,no-data
1804583,RAASY,RAASY,Cloopen Group Holding Ltd,Cloopen Group Holding Limited,True,25-NSE,2023-10-25,OTC Markets OTCPK,2021-09-07,2026-09-04,1255,718,otc-continuation
1854233,EGLXF,EGLXF,Enthusiast Gaming Holdings Inc. / Canada,Enthusiast Gaming Holdings Inc.,True,25,2023-10-30,OTC Markets OTCPK,2021-09-07,2026-09-04,1255,715,otc-continuation
1810140,POLCQ,POLCQ,Polished.com Inc.,Polished.com Inc.,True,25-NSE,2023-10-30,OTC Markets OTCPK,2021-09-07,2026-09-04,1255,715,otc-continuation
1633438,AZREF,AZREF,Azure Power Global Ltd,Azure Power Global Limited,True,25-NSE,2023-10-31,OTC Markets OTCPK,2021-09-07,2026-09-04,1255,714,otc-continuation
50471,TRAK,TRAK,PARK CITY GROUP INC,"ReposiTrak, Inc.",False,25,2023-11-01,NYSE,2021-09-07,2026-09-04,1255,713,identity-mismatch
1130713,BYON,BYON,"OVERSTOCK.COM, INC",,False,25,2023-11-03,http:404,,,0,0,no-data
1174169,AQN,AQN|AQNB|AGQPF,ALGONQUIN POWER & UTILITIES CORP.,Algonquin Power & Utilities Corp.,True,25-NSE,2023-11-06,NYSE,2021-09-07,2026-09-04,1255,710,still-listed
1743344,PYRGF,PYRGF,PyroGenesis Canada Inc.,PyroGenesis Inc.,True,25,2023-11-06,OTC Markets OTCQX,2021-09-07,2026-09-04,1255,710,otc-continuation
1723128,AMRX,AMRX,"Amneal Pharmaceuticals, Inc.","Amneal Pharmaceuticals, Inc.",True,25-NSE,2023-11-08,NasdaqGS,2021-09-07,2026-09-04,1255,708,still-listed
1781335,OTIS,OTIS,Otis Worldwide Corp,Otis Worldwide Corporation,True,25-NSE,2023-11-13,NYSE,2021-09-07,2026-09-04,1255,705,still-listed
1617669,UFABQ,UFABQ,"Unique Fabricating, Inc.","Unique Fabricating, Inc.",True,25-NSE,2023-11-13,OTC Markets OTCPK,2021-09-07,2026-09-04,1255,705,otc-continuation
1044378,BIOCQ,BIOCQ,BIOCEPT INC,"Biocept, Inc.",True,25-NSE,2023-11-20,OTC Markets OTCPK,2021-09-07,2026-09-04,1255,700,otc-continuation
1829966,EBET,EBET,"EBET, Inc.","EBET, Inc.",True,25-NSE,2023-11-20,OTC Markets OTCPK,2021-09-07,2026-09-04,1255,700,otc-continuation
746515,EXPD,EXPD,EXPEDITORS INTERNATIONAL OF WASHINGTON INC,"Expeditors International of Washington, Inc.",True,25,2023-11-20,NYSE,2021-09-07,2026-09-04,1255,700,still-listed
1865697,GGAAF,GGAAF,Genesis Growth Tech Acquisition Corp.,NeuroMind AI Corp.,False,25-NSE,2023-11-20,OTC Markets OTCPK,2022-02-03,2026-09-04,1151,700,identity-mismatch
1113148,INFIQ,INFIQ,"INFINITY PHARMACEUTICALS, INC.","Infinity Pharmaceuticals, Inc.",True,25-NSE,2023-11-20,OTC Markets OTCPK,2021-09-07,2026-09-04,1255,700,otc-continuation
1792581,KRBP,KRBP,"Kiromic Biopharma, Inc.",,False,25-NSE,2023-11-20,http:404,,,0,0,no-data
1606745,LTRPA,LTRPA|LTRPB,"Liberty TripAdvisor Holdings, Inc.",,False,25-NSE,2023-11-20,http:404,,,0,0,no-data
1807983,MDNAF,MDNAF,Medicenna Therapeutics Corp.,Medicenna Therapeutics Corp.,True,25-NSE,2023-11-20,OTC Markets OTCQX,2021-09-07,2026-09-04,1255,700,otc-continuation
1136174,OTRK,OTRK|OTRKP,"Ontrak, Inc.",,False,25-NSE,2023-11-20,http:404,,,0,0,no-data
1063537,RIBT,RIBT,RiceBran Technologies,RiceBran Technologies,True,25-NSE,2023-11-20,OTC Markets OTCPK,2021-09-07,2026-09-04,1255,700,otc-continuation
1739426,RVLPQ,RVLPQ,RVL Pharmaceuticals plc,RVL Pharmaceuticals plc,True,25-NSE,2023-11-20,OTC Markets OTCPK,2021-09-07,2026-09-04,1255,700,otc-continuation
1821075,SFRT,SFRT,"Appreciate Holdings, Inc.","Appreciate Holdings, Inc.",True,25-NSE,2023-11-20,OTC Markets OTCPK,2021-09-07,2026-09-04,1255,700,otc-continuation
1762322,SFTGQ,SFTGQ,"SHIFT TECHNOLOGIES, INC.",,False,25-NSE,2023-11-20,http:404,,,0,0,no-data
1813658,TMPOQ,TMPOQ,"Tempo Automation Holdings, Inc.","Tempo Automation Holdings, Inc.",True,25-NSE,2023-11-20,OTC Markets OTCPK,2022-11-23,2026-09-04,948,700,otc-continuation
1729750,KBNT,KBNT,"Kubient, Inc.","Kubient, Inc.",True,25,2023-11-21,OTC Markets OTCPK,2021-09-07,2026-09-04,1255,699,otc-continuation
749098,MGA,MGA,MAGNA INTERNATIONAL INC,Magna International Inc.,True,25-NSE,2023-11-24,NYSE,2021-09-07,2026-09-04,1255,697,still-listed
1915403,SATX,SATX|STXYF,SatixFy Communications Ltd.,,False,25-NSE,2023-11-27,http:404,,,0,0,no-data
1333141,FMS,FMS|FMCQF,Fresenius Medical Care AG,Fresenius Medical Care AG,True,25-NSE,2023-12-01,NYSE,2021-09-07,2026-09-04,1255,692,still-listed
1111711,NI,NI,NISOURCE INC.,NiSource Inc.,True,25-NSE,2023-12-01,NYSE,2021-09-07,2026-09-04,1255,692,still-listed
1610682,USDP,USDP,USD Partners LP,USD Partners LP,True,25-NSE,2023-12-01,OTC Markets OTCPK,2021-09-07,2026-09-04,1255,692,otc-continuation
1853070,SOAR,SOAR,PROOF Acquisition Corp I,"Volato Group, Inc.",False,25-NSE,2023-12-04,NYSE American,2022-01-21,2026-09-04,1160,691,identity-mismatch
1038773,SMBK,SMBK,SMARTFINANCIAL INC.,"SmartFinancial, Inc.",True,25,2023-12-08,NYSE,2021-09-07,2026-09-04,1255,687,still-listed
1075706,CIZN,CIZN,CITIZENS HOLDING CO /MS/,Citizens Holding Company,True,25,2023-12-11,OTC Markets OTCQX,2021-09-07,2026-09-04,1255,686,otc-continuation
1862935,CURR,CURR|IFIN,InFinT Acquisition Corp,CURRENC Group Inc.,False,25-NSE,2023-12-13,NasdaqGM,2024-09-03,2026-09-04,504,504,identity-mismatch
1333172,NMPGY,NMPGY|NMPRY,Navios Maritime Holdings Inc.,Navios Maritime Holdings Inc.,True,25-NSE,2023-12-14,OTC Markets OTCPK,2021-09-07,2026-09-04,1255,683,otc-continuation
1708441,MYND,MYND,"Mynd.ai, Inc.","Mynd.ai, Inc.",True,25,2023-12-18,NYSE American,2021-09-07,2026-09-04,1255,681,still-listed
764038,SSB,SSB,SouthState Corp,SouthState Bank Corporation,True,25,2023-12-18,NYSE,2021-09-07,2026-09-04,1255,681,still-listed
1253176,VAPO,VAPO,VAPOTHERM INC,,False,25-NSE,2023-12-18,http:404,,,0,0,no-data
1885461,SUAC,SUAC|SUACU|SUACW,ShoulderUP Technology Acquisition Corp.,,False,25-NSE,2023-12-19,http:404,,,0,0,no-data
1740915,FTCHQ,FTCHQ,Farfetch Ltd,Farfetch Limited,True,25-NSE,2023-12-20,OTC Markets OTCPK,2021-09-07,2026-09-04,1255,679,otc-continuation
1861449,BRDSQ,BRDSQ,"Bird Global, Inc.",,False,25-NSE,2023-12-21,http:404,,,0,0,no-data
1855457,KORE,KORE|KORGW,"KORE Group Holdings, Inc.",Kore Group Holdings Inc,True,25-NSE,2023-12-21,NYSE,2026-07-17,2026-09-04,36,36,still-listed
71932,NGG,NGG|NEWEN|NGGTF|NMKBP|NMKCP|NMPWP,NATIONAL GRID PLC,National Grid plc,True,25,2023-12-21,NYSE,2021-09-07,2026-09-04,1255,678,still-listed
1835814,NSTD,NSTD,Northern Star Investment Corp. IV,,False,25-NSE,2023-12-21,http:404,,,0,0,no-data
1790625,AGILQ,AGILQ,"AgileThought, Inc.","AgileThought, Inc.",True,25-NSE,2023-12-27,OTC Markets OTCPK,2021-09-07,2026-09-04,1255,675,otc-continuation
1368148,ATHXQ,ATHXQ,"ATHERSYS, INC / NEW","Athersys, Inc.",True,25-NSE,2023-12-27,OTC Markets OTCPK,2021-09-07,2026-09-04,1255,675,otc-continuation
1600132,BLPH,BLPH,"Bellerophon Therapeutics, Inc.",,False,25-NSE,2023-12-27,http:404,,,0,0,no-data
1478069,CFRXQ,CFRXQ,CONTRAFECT Corp,ContraFect Corporation,True,25-NSE,2023-12-27,OTC Markets OTCPK,2021-09-07,2026-09-04,1255,675,otc-continuation
1522602,CWBR,CWBR,"CohBar, Inc.",,False,25-NSE,2023-12-27,http:404,,,0,0,no-data
1080319,ELYS,ELYS,"Elys Game Technology, Corp.","Elys BMG Group, Inc.",True,25-NSE,2023-12-27,OTC Markets OTCPK,2021-09-07,2026-09-04,1255,675,otc-continuation
1694665,EVLO,EVLO,"Evelo Biosciences, Inc.","Evelo Biosciences, Inc.",True,25-NSE,2023-12-27,OTC Markets OTCPK,2021-09-07,2026-09-04,1255,675,otc-continuation
819050,FRTX,FRTX,"Fresh Tracks Therapeutics, Inc.",,False,25-NSE,2023-12-27,http:404,,,0,0,no-data
1775625,SDCCQ,SDCCQ,"SmileDirectClub, Inc.","SmileDirectClub, Inc.",True,25-NSE,2023-12-27,OTC Markets OTCPK,2021-09-07,2026-09-04,1255,675,otc-continuation
1843973,FLYX,FLYX,FLYEXCLUSIVE INC.,"flyExclusive, Inc.",True,25-NSE,2023-12-28,NYSE American,2023-12-29,2026-09-04,673,673,still-listed
1500881,EU,EU,enCore Energy Corp.,enCore Energy Corp.,True,25,2023-12-29,NasdaqCM,2021-09-07,2026-09-04,1255,673,still-listed
1834032,CSTAF,CSTAF|CSTUF|CSTWF,Constellation Acquisition Corp I,Constellation Acquisition Corp I,True,25,2024-01-02,OTC Markets OTCID,2021-09-07,2026-09-04,1255,672,otc-continuation
1852633,PNST,PNST,"Pinstripes Holdings, Inc.",,False,25-NSE,2024-01-02,http:404,,,0,0,no-data
1471824,CANE,CANE|CORN|SOYB|TAGS|WEAT,Teucrium Commodity Trust,Teucrium Sugar Fund,True,25-NSE,2024-01-03,NYSEArca,2021-09-07,2026-09-04,1255,671,still-listed
819913,HALL,HALL,HALLMARK FINANCIAL SERVICES INC,,False,25,2024-01-05,http:404,,,0,0,no-data
716643,RGS,RGS,REGIS CORP,Regis Corporation,True,25,2024-01-08,NasdaqGM,2021-09-07,2026-09-04,1255,668,still-listed
1050606,SALM,SALM,"SALEM MEDIA GROUP, INC. /DE/",Salem Media Group Inc,True,25,2024-01-08,OTC Markets OTCQX,2026-07-17,2026-09-04,36,36,otc-continuation
31462,ECL,ECL,ECOLAB INC.,Ecolab Inc.,True,25-NSE,2024-01-16,NYSE,2021-09-07,2026-09-04,1255,663,still-listed
883237,VRTS,VRTS,"VIRTUS INVESTMENT PARTNERS, INC.","Virtus Investment Partners, Inc.",True,25,2024-01-16,NYSE,2021-09-07,2026-09-04,1255,663,still-listed
1291733,GOLLQ,GOLLQ,Gol Intelligent Airlines Inc.,,False,25-NSE,2024-01-29,http:404,,,0,0,no-data
1823593,TSPH,TSPH,TuSimple Holdings Inc.,CreateAI Holdings Inc.,False,25,2024-01-29,OTC Markets OTCPK,2021-09-07,2026-09-04,1255,654,identity-mismatch
1734520,ALYAF,ALYAF,Alithya Group inc,Alithya Group Inc.,True,25,2024-02-09,OTC Markets OTCPK,2021-09-07,2026-09-04,1255,645,otc-continuation
1276187,ET,ET|ET-PI,Energy Transfer LP,Energy Transfer LP,True,25-NSE,2024-02-09,NYSE,2021-09-07,2026-09-04,1255,645,still-listed
1383650,CQP,CQP,"Cheniere Energy Partners, L.P.","Cheniere Energy Partners, L.P.",True,25,2024-02-12,NYSE,2021-09-07,2026-09-04,1255,644,still-listed
3570,LNG,LNG,"Cheniere Energy, Inc.","Cheniere Energy, Inc.",True,25,2024-02-12,NYSE,2021-09-07,2026-09-04,1255,644,still-listed
1780097,BXRXQ,BXRXQ,"Baudax Bio, Inc.","Baudax Bio, Inc.",True,25-NSE,2024-02-15,OTC Markets OTCPK,2021-09-07,2026-09-04,1255,641,otc-continuation
1907685,CMRA,CMRA,"Comera Life Sciences Holdings, Inc.","Comera Life Sciences Holdings, Inc.",True,25-NSE,2024-02-15,OTC Markets OTCPK,2022-05-20,2026-09-04,1077,641,otc-continuation
1424657,CUEN,CUEN|CUENW,Cuentas Inc.,Cuentas Inc.,True,25-NSE,2024-02-15,OTC Markets OTCQB,2021-09-07,2026-09-04,1255,641,otc-continuation
1883788,DHAI,DHAI|DHAIW,"DIH HOLDING US, INC.","DIH Holding US, Inc.",True,25-NSE,2024-02-15,OTC Markets OTCPK,2024-02-09,2026-09-04,645,641,otc-continuation
814549,EBIXQ,EBIXQ,EBIX INC,,False,25-NSE,2024-02-15,http:404,,,0,0,no-data
37808,FNB,FNB,FNB CORP/PA/,F.N.B. Corporation,False,25-NSE,2024-02-15,NYSE,2021-09-07,2026-09-04,1255,641,identity-mismatch
1788841,MCOM,MCOM|MCOMW,micromobility.com Inc.,Micromobility.com Inc.,True,25-NSE,2024-02-15,OTC Markets OTCPK,2021-09-07,2026-09-04,1255,641,otc-continuation
1851682,MFLTY,MFLTY,Missfresh Ltd,Missfresh Limited,True,25-NSE,2024-02-15,OTC Markets OTCPK,2021-09-07,2026-09-04,1255,641,otc-continuation
1084267,MOBQ,MOBQ|MOBQW,"Mobiquity Technologies, Inc.","Mobiquity Technologies, Inc.",True,25-NSE,2024-02-15,OTC Markets OTCQB,2021-09-07,2026-09-04,1255,641,otc-continuation
1840416,SEVCF,SEVCF,Sono Group N.V.,,False,25-NSE,2024-02-15,http:404,,,0,0,no-data
1831481,SOC,SOC|SOC-WT,Sable Offshore Corp.,Sable Offshore Corp.,True,25-NSE,2024-02-15,NYSE,2021-09-07,2026-09-04,1255,641,still-listed
1101026,ZIVO,ZIVO|ZIVOW,"Zivo Bioscience, Inc.","ZIVO Bioscience, Inc.",True,25-NSE,2024-02-15,OTC Markets OTCID,2021-09-07,2026-09-04,1255,641,otc-continuation
1451448,GMBL,GMBL|GMBLP|GMBLW|GMBLZ,"ESPORTS ENTERTAINMENT GROUP, INC.","Esports Entertainment Group, Inc.",True,25,2024-02-27,OTC Markets OTCPK,2021-09-07,2026-09-04,1255,634,otc-continuation
854800,TIOG,TIOG,"Tingo Group, Inc.","Tingo Group, Inc.",True,25,2024-03-01,OTC Markets OTCPK,2021-09-07,2026-09-04,1255,631,otc-continuation
1571123,SAIC,SAIC,Science Applications International Corp,Science Applications International Corporation,True,25,2024-03-04,NasdaqGS,2021-09-07,2026-09-04,1255,630,still-listed
1713923,AIJTY,AIJTY,Jianpu Technology Inc.,Jianpu Technology Inc.,True,25-NSE,2024-03-05,OTC Markets OTCQB,2021-09-07,2026-09-04,1255,629,otc-continuation
1834026,GROY,GROY,Gold Royalty Corp.,Gold Royalty Corp.,True,25-NSE,2024-03-11,NYSE American,2021-09-07,2026-09-04,1255,625,still-listed
1831283,LIANY,LIANY,LianBio,LianMedical,False,25,2024-03-11,OTC Markets OTCPK,2021-11-01,2026-09-04,1216,625,identity-mismatch
1078207,BFXXQ,BFXXQ,BOWFLEX INC.,,False,25-NSE,2024-03-15,http:404,,,0,0,no-data
1755953,GRYP,GRYP,"Gryphon Digital Mining, Inc.",,False,25,2024-03-15,http:404,,,0,0,no-data
1161814,KIQSF,KIQSF,KELSO TECHNOLOGIES INC,Kelso Technologies Inc.,True,25,2024-03-15,OTC Markets OTCPK,2021-09-07,2026-09-04,1255,621,otc-continuation
874292,AEYGQ,AEYGQ,ADDVANTAGE TECHNOLOGIES GROUP INC,"ADDvantage Technologies Group, Inc.",True,25-NSE,2024-03-21,OTC Markets OTCPK,2021-09-07,2026-09-04,1255,617,otc-continuation
1835059,ARVLF,ARVLF,Arrival,Arrival,True,25-NSE,2024-03-21,OTC Markets OTCPK,2021-09-07,2026-09-04,1255,617,otc-continuation
1605888,ATLN,ATLN|SQLLW,"SeqLL, Inc.",,False,25-NSE,2024-03-21,http:404,,,0,0,no-data
1854583,CAUD,CAUD,"Collective Audience, Inc.","Collective Audience, Inc.",True,25-NSE,2024-03-21,OTC Markets OTCPK,2023-11-03,2026-09-04,711,617,otc-continuation
1435064,CETX,CETX|CETXP,CEMTREX INC,"Cemtrex, Inc.",True,25-NSE,2024-03-21,NasdaqCM,2021-09-07,2026-09-04,1255,617,still-listed
1178727,COMS,COMS,COMSovereign Holding Corp.,COMSovereign Holding Corp.,True,25-NSE,2024-03-21,OTC Markets OTCPK,2021-09-07,2026-09-04,1255,617,otc-continuation
887247,DMKPQ,DMKPQ,DMK PHARMACEUTICALS Corp,,False,25-NSE,2024-03-21,http:404,,,0,0,no-data
1035354,ELOX,ELOX,"Eloxx Pharmaceuticals, Inc.","Eloxx Pharmaceuticals, Inc.",True,25-NSE,2024-03-21,NasdaqCM,2026-06-09,2026-09-04,62,62,still-listed
1826000,LTCH,LTCH,"Latch, Inc.","Latch, Inc.",True,25-NSE,2024-03-21,OTC Markets OTCID,2021-09-07,2026-09-04,1255,617,otc-continuation
1402479,MDVLQ,MDVLQ,"MedAvail Holdings, Inc.","MedAvail Holdings, Inc.",True,25-NSE,2024-03-21,OTC Markets OTCPK,2021-09-07,2026-09-04,1255,617,otc-continuation
1602078,NMRD,NMRD,Nemaura Medical Inc.,Nemaura Medical Inc.,True,25-NSE,2024-03-21,OTC Markets OTCPK,2021-09-07,2026-09-04,1255,617,otc-continuation
1881551,STI,STI,Solidion Technology Inc.,"Solidion Technology, Inc.",True,25-NSE,2024-03-21,NasdaqCM,2022-05-02,2026-09-04,1091,617,still-listed
1532390,WTER,WTER,ALKALINE WATER Co INC,The Alkaline Water Company Inc.,True,25-NSE,2024-03-21,OTC Markets OTCID,2021-09-07,2026-09-04,1255,617,otc-continuation
1015647,AAUAF,AAUAF,ALMADEN MINERALS LTD,Almaden Minerals Ltd.,True,25,2024-03-25,OTC Markets OTCQB,2021-09-07,2026-09-04,1255,615,otc-continuation
1854795,IRRX,IRRX,INTEGRATED RAIL & RESOURCES ACQUISITION CORP,,False,25-NSE,2024-03-26,http:404,,,0,0,no-data
1851961,GCTS,GCTS,Concord Acquisition Corp III,"GCT Semiconductor Holding, Inc.",False,25-NSE,2024-03-27,NYSE,2021-12-27,2026-09-04,1178,613,identity-mismatch
1852061,GAQ,GAQ|GAQUF|GAQWF,Generation Asia I Acquisition Ltd,,False,25,2024-03-28,http:404,,,0,0,no-data
1356570,WNS,WNS,WNS,,False,25-NSE,2024-03-28,http:404,,,0,0,no-data
1843714,ZPTA,ZPTA|ZPTAW,Zapata Computing Holdings Inc.,"Zapata Quantum, Inc.",True,25,2024-03-28,OTC Markets OTCQB,2024-04-01,2026-09-04,611,611,otc-continuation
1735948,GBNHF,GBNHF,Greenbrook TMS Inc.,,False,25,2024-04-01,http:404,,,0,0,no-data
1839132,MVLA,MVLA,Movella Holdings Inc.,Movella Holdings Inc.,True,25,2024-04-01,OTC Markets OTCPK,2023-02-13,2026-09-04,894,611,otc-continuation
1411906,AMPE,AMPE,"Ampio Pharmaceuticals, Inc.","Ampio Pharmaceuticals, Inc.",True,25,2024-04-04,OTC Markets OTCPK,2021-09-07,2026-09-04,1255,608,otc-continuation
1865200,PORT,PORT|PORTU|PORTW,Southport Acquisition Corp,,False,25-NSE,2024-04-08,http:404,,,0,0,no-data
768408,CYAN,CYAN,CYANOTECH CORP,Cyanotech Corporation,True,25-NSE,2024-04-09,OTC Markets OTCID,2021-09-07,2026-09-04,1255,605,otc-continuation
1368365,MARK,MARK,"REMARK HOLDINGS, INC.","Remark Holdings, Inc.",True,25-NSE,2024-04-09,OTC Markets OTCPK,2021-09-07,2026-09-04,1255,605,otc-continuation
1172631,SUNWQ,SUNWQ,"Sunworks, Inc.","Sunworks, Inc.",True,25-NSE,2024-04-09,OTC Markets OTCPK,2021-09-07,2026-09-04,1255,605,otc-continuation
1407973,SONX,SONX,"Sonendo, Inc.","Sonendo, Inc.",True,25-NSE,2024-04-11,OTC Markets OTCPK,2021-10-29,2026-09-04,1217,603,otc-continuation
1323468,GLP,GLP|GLP-PB,GLOBAL PARTNERS LP,Global Partners LP,True,25-NSE,2024-04-15,NYSE,2021-09-07,2026-09-04,1255,601,still-listed
1267332,IPB,IPB,MERRILL LYNCH DEPOSITOR INC INDEXPLUS TRUST SERIES 2003-1,Merrill Lynch Depositor Inc.,True,25,2024-04-18,NYSE,2021-09-07,2026-09-04,1255,598,still-listed
1509223,MTBLY,MTBLY,"Moatable, Inc.","Moatable, Inc.",True,25-NSE,2024-04-19,OTC Markets OTCPK,2021-09-07,2026-09-04,1255,597,otc-continuation
1769116,VIAOY,VIAOY,VIA optronics AG,VIA optronics Holding AG,True,25,2024-04-19,OTC Markets OTCPK,2021-09-07,2026-09-04,1255,597,otc-continuation
1296484,TOPS,TOPS,TOP SHIPS INC.,Top Ships Inc.,True,25,2024-04-23,NYSE American,2021-09-07,2026-09-04,1255,595,still-listed
1543268,BETSF,BETSF,Bit Brother Ltd,Bit Brother Limited,True,25-NSE,2024-04-25,OTC Markets OTCPK,2021-09-07,2026-09-04,1255,593,otc-continuation
1305253,EIGRQ,EIGRQ,"Eiger BioPharmaceuticals, Inc.",,False,25-NSE,2024-04-25,http:404,,,0,0,no-data
1124804,MDRX,MDRX,Veradigm Inc.,Veradigm Inc.,True,25-NSE,2024-04-25,OTC Markets OTCPK,2021-09-07,2026-09-04,1255,593,otc-continuation
1886362,MGAM,MGAM,"Mobile Global Esports, Inc.",Mobile Global Esports Inc.,True,25-NSE,2024-04-25,OTC Markets OTCPK,2022-07-29,2026-09-04,1030,593,otc-continuation
1686850,MOTS,MOTS,"Motus GI Holdings, Inc.","Motus GI Holdings, Inc.",True,25-NSE,2024-04-25,OTC Markets OTCPK,2021-09-07,2026-09-04,1255,593,otc-continuation
1401395,NEPTF,NEPTF,Neptune Wellness Solutions Inc.,Neptune Wellness Solutions Inc.,True,25-NSE,2024-04-25,OTC Markets OTCPK,2021-09-07,2026-09-04,1255,593,otc-continuation
1029125,PBLA,PBLA,"Panbela Therapeutics, Inc.","Panbela Therapeutics, Inc.",True,25-NSE,2024-04-25,OTC Markets OTCPK,2021-09-07,2026-09-04,1255,593,otc-continuation
1860514,USCTF,USCTF|USTWF,Roth CH Acquisition Co.,,False,25,2024-04-25,http:404,,,0,0,no-data
1596856,LEJUY,LEJUY,Leju Holdings Ltd,Leju Holdings Limited,True,25-NSE,2024-04-29,OTC Markets OTCPK,2021-09-07,2026-09-04,1255,591,otc-continuation
1851657,VAXX,VAXX,"Vaxxinity, Inc.","Vaxxinity, Inc.",True,25,2024-04-29,OTC Markets OTCPK,2021-11-11,2026-09-04,1208,591,otc-continuation
1614806,AJX,AJX,Great Ajax Corp.,,False,25-NSE,2024-04-30,http:404,,,0,0,no-data
1039828,ANG-PA,ANG-PA|ANG-PB,AMERICAN EQUITY INVESTMENT LIFE HOLDING CO,,False,25-NSE,2024-05-03,http:404,,,0,0,no-data
1819615,CLVR,CLVR,Clever Leaves Holdings Inc.,Clever Leaves Holdings Inc.,True,25,2024-05-06,OTC Markets OTCPK,2021-09-07,2026-09-04,1255,586,otc-continuation
10456,BAX,BAX,BAXTER INTERNATIONAL INC,Baxter International Inc.,True,25-NSE,2024-05-15,NYSE,2021-09-07,2026-09-04,1255,579,still-listed
1522860,AFIB,AFIB,"Acutus Medical, Inc.","Acutus Medical, Inc.",True,25-NSE,2024-05-16,OTC Markets OTCPK,2021-09-07,2026-09-04,1255,578,otc-continuation
1862490,DCFCQ,DCFCQ|DCFWQ,Tritium DCFC Ltd,Tritium DCFC Limited,True,25-NSE,2024-05-16,OTC Markets OTCPK,2022-01-14,2026-09-04,1164,578,otc-continuation
1942808,EGOXF,EGOXF,Next.e.GO N.V.,Next.e.GO N.V.,True,25-NSE,2024-05-16,OTC Markets OTCPK,2023-10-20,2026-09-04,721,578,otc-continuation
1558583,FUVV,FUVV,Arcimoto Inc,"Arcimoto, Inc.",True,25-NSE,2024-05-16,OTC Markets OTCPK,2021-09-07,2026-09-04,1255,578,otc-continuation
930420,KFRC,KFRC,KFORCE INC,Kforce Inc.,True,25,2024-05-17,NYSE,2021-09-07,2026-09-04,1255,577,still-listed
920148,LH,LH,LABCORP HOLDINGS INC.,Labcorp Holdings Inc.,True,25-NSE,2024-05-20,NYSE,2021-09-07,2026-09-04,1255,576,still-listed
1713748,SKE,SKE,Skeena Resources Ltd,Skeena Resources Limited,True,25-NSE,2024-05-21,NYSE,2021-09-07,2026-09-04,1255,575,still-listed
32604,EMR,EMR,EMERSON ELECTRIC CO,Emerson Electric Co.,True,25-NSE,2024-05-22,NYSE,2021-09-07,2026-09-04,1255,574,still-listed
947559,FBMS,FBMS,FIRST BANCSHARES INC /MS/,,False,25,2024-05-29,http:404,,,0,0,no-data
1839998,AONC,AONC|AONCW,"American Oncology Network, Inc.","American Oncology Network, Inc.",True,25,2024-05-31,OTC Markets OTCPK,2024-07-09,2026-09-04,543,543,otc-continuation
1261249,AGRX,AGRX|AGXRW,AGILE THERAPEUTICS INC,,False,25-NSE,2024-06-03,http:404,,,0,0,no-data
1851959,CNDA,CNDA,Concord Acquisition Corp II,Concord Acquisition Corp II,True,25,2024-06-03,OTC Markets OTCID,2021-10-22,2026-09-04,1222,567,otc-continuation
1879373,GTI,GTI,GRAPHJET TECHNOLOGY,,False,25-NSE,2024-06-03,http:404,,,0,0,no-data
1844392,MRAI,MRAI,"Marpai, Inc.","Marpai, Inc.",True,25-NSE,2024-06-03,OTC Markets OTCQX,2021-10-27,2026-09-04,1219,567,otc-continuation
1372183,NXTP,NXTP,NextPlay Technologies Inc.,"NextPlay Technologies, Inc.",True,25-NSE,2024-06-03,OTC Markets OTCPK,2021-09-07,2026-09-04,1255,567,otc-continuation
1437491,ROII,ROII,"RiskOn International, Inc.","RiskOn International, Inc.",True,25-NSE,2024-06-03,OTC Markets OTCPK,2021-09-07,2026-09-04,1255,567,otc-continuation
884614,UGI,UGI,UGI CORP /PA/,UGI Corporation,True,25-NSE,2024-06-03,NYSE,2021-09-07,2026-09-04,1255,567,still-listed
1950246,MTAL,MTAL,Metals Acquisition Ltd,Metals Acquisition Corp. II,True,25-NSE,2024-06-05,NYSE,2026-04-15,2026-09-04,100,100,still-listed
1788257,BWMX,BWMX,"BETTERWARE DE MEXICO, S.A.P.I. DE C.V","Betterware de México, S.A.P.I. de C.V.",True,25,2024-06-06,NYSE,2021-09-07,2026-09-04,1255,564,still-listed
1690820,CVNA,CVNA,CARVANA CO.,Carvana Co.,True,25-NSE,2024-06-06,NYSE,2021-09-07,2026-09-04,1255,564,still-listed
1094324,SIFY,SIFY,SIFY TECHNOLOGIES LTD,Sify Technologies Limited,True,25,2024-06-07,NasdaqCM,2021-09-07,2026-09-04,1255,563,still-listed
1912582,AIEV,AIEV,Feutune Light Acquisition Corp,"Thunder Power Holdings, Inc.",False,25,2024-06-21,OTC Markets OTCQB,2022-08-08,2026-09-04,1024,554,identity-mismatch
34088,XOM,XOM,EXXON MOBIL CORP,ExxonMobil Holdings Corporation,False,25-NSE,2024-06-26,NYSE,2021-09-07,2026-09-04,1255,551,identity-mismatch
1811109,AUVIQ,AUVIQ,"Applied UV, Inc.",,False,25-NSE,2024-06-28,http:404,,,0,0,no-data
1768946,BPTSY,BPTSY,Biophytis SA,Biophytis S.A.,True,25-NSE,2024-06-28,OTC Markets OTCPK,2021-09-07,2026-09-04,1255,549,otc-continuation
1158420,GGEI,GGEI,Green Giant Inc.,Green Giant Inc.,True,25-NSE,2024-06-28,OTC Markets OTCPK,2021-09-07,2026-09-04,1255,549,otc-continuation
1628945,HLTHQ,HLTHQ,Cue Health Inc.,Cue Health Inc.,True,25-NSE,2024-06-28,OTC Markets OTCPK,2021-09-24,2026-09-04,1242,549,otc-continuation
278165,OMQS,OMQS,OMNIQ Corp.,OMNIQ Corp.,True,25-NSE,2024-06-28,OTC Markets OTCQB,2021-09-07,2026-09-04,1255,549,otc-continuation
1836100,PUCK,PUCK|PUCKW,Goal Acquisitions Corp.,Goal Acquisitions Corp.,True,25-NSE,2024-06-28,OTC Markets OTCPK,2021-09-07,2026-09-04,1255,549,otc-continuation
1838108,RMGCF,RMGCF,RMG Acquisition Corp. III,,False,25-NSE,2024-06-28,http:404,,,0,0,no-data
811212,THMO,THMO,"ThermoGenesis Holdings, Inc.","ThermoGenesis Holdings, Inc.",True,25-NSE,2024-06-28,OTC Markets OTCPK,2021-09-07,2026-09-04,1255,549,otc-continuation
1682220,SACC,SACC|SACH|SCCC|SCCD|SCCE|SCCF|SCCG,Sachem Capital Corp.,Sachem Capital Corp. 6.875% Not,True,25-NSE,2024-07-01,NYSE American,2021-09-07,2026-09-04,1255,548,still-listed
1634117,BNED,BNED,"Barnes & Noble Education, Inc.","Barnes & Noble Education, Inc.",True,25-NSE,2024-07-05,NYSE,2021-09-07,2026-09-04,1255,545,still-listed
1828937,FOA,FOA|FOACW,Finance of America Companies Inc.,Finance of America Companies Inc.,True,25-NSE,2024-07-05,NYSE,2021-09-07,2026-09-04,1255,545,still-listed
759944,CFG,CFG|CFG-PE|CFG-PH,CITIZENS FINANCIAL GROUP INC/RI,"Citizens Financial Group, Inc.",True,25-NSE,2024-07-09,NYSE,2021-09-07,2026-09-04,1255,543,still-listed
1101396,DLAPQ,DLAPQ,"DELTA APPAREL, INC","Delta Apparel, Inc.",True,25-NSE,2024-07-10,OTC Markets OTCPK,2021-09-07,2026-09-04,1255,542,otc-continuation
1503584,CMRE,CMRE,Costamare Inc.,Costamare Inc.,True,25-NSE,2024-07-15,NYSE,2021-09-07,2026-09-04,1255,539,still-listed
1895249,CNTM,CNTM,Monterey Capital Acquisition Corp,"ConnectM Technology Solutions, Inc.",False,25,2024-07-15,OTC Markets OTCQX,2022-07-01,2026-09-04,1049,539,identity-mismatch
1845799,CULL,CULL,"Cullman Bancorp, Inc. /MD/","Cullman Bancorp, Inc.",True,25,2024-07-18,OTC Markets OTCQX,2021-09-07,2026-09-04,1255,536,otc-continuation
1817640,BRZH,BRZH|BRZHR|BRZHW,Breeze Holdings Acquisition Corp.,,False,25-NSE,2024-07-19,http:404,,,0,0,no-data
1867443,CNGL,CNGL,Canna-Global Acquisition Corp,Canna Global Acquisition Corp,True,25-NSE,2024-07-19,OTC Markets OTCPK,2026-07-17,2026-09-04,36,36,otc-continuation
1823000,CNXX,CNXX|CNXXW,CONX Corp.,CONX Corp.,True,25-NSE,2024-07-19,OTC Markets OTCPK,2024-05-13,2026-09-04,581,535,otc-continuation
720875,DYNT,DYNT,DYNATRONICS CORP,,False,25-NSE,2024-07-19,http:404,,,0,0,no-data
1828522,EFTR,EFTR|EFTRW,"eFFECTOR Therapeutics, Inc.","eFFECTOR Therapeutics, Inc.",True,25-NSE,2024-07-19,OTC Markets OTCPK,2021-09-07,2026-09-04,1255,535,otc-continuation
1757143,PAIYY,PAIYY,Aesthetic Medical International Holdings Group Ltd,Aesthetic Medical International Holdings Group Limited,True,25-NSE,2024-07-19,OTC Markets OTCPK,2021-09-07,2026-09-04,1255,535,otc-continuation
1394319,TCON,TCON,"Tracon Pharmaceuticals, Inc.",,False,25-NSE,2024-07-19,http:404,,,0,0,no-data
1121702,YTEN,YTEN,"YIELD10 BIOSCIENCE, INC.",,False,25-NSE,2024-07-19,http:404,,,0,0,no-data
351569,ABCB,ABCB,Ameris Bancorp,Ameris Bancorp,True,25,2024-07-22,NYSE,2021-09-07,2026-09-04,1255,534,still-listed
1747009,EQTNP,EQTNP,Midstream Co LLC,,False,25-NSE,2024-07-22,http:404,,,0,0,no-data
1850398,TCBC,TCBC,"TC Bancshares, Inc.",,False,25,2024-07-22,http:404,,,0,0,no-data
1340243,MPSYF,MPSYF,MorphoSys AG,,False,25,2024-07-25,http:404,,,0,0,no-data
1832433,JERSEY,JERSEY,Ferguson,,False,25-NSE,2024-08-01,http:404,,,0,0,no-data
928658,CVLG,CVLG,"COVENANT LOGISTICS GROUP, INC.","Covenant Logistics Group, Inc.",True,25,2024-08-05,NYSE,2021-09-07,2026-09-04,1255,524,still-listed
857855,UCB,UCB|UCB-PI,UNITED COMMUNITY BANKS INC,"United Community Banks, Inc.",True,25,2024-08-05,NYSE,2021-09-07,2026-09-04,1255,524,still-listed
1834045,VWESQ,VWESQ|VWEWQ,"Vintage Wine Estates, Inc.",,False,25,2024-08-05,http:404,,,0,0,no-data
795266,KBH,KBH,KB HOME,KB Home,True,25-NSE,2024-08-08,NYSE,2021-09-07,2026-09-04,1255,521,still-listed
1847112,TRTLF,TRTLF|TRTUF|TRTWF,TortoiseEcofin Acquisition Corp. III,,False,25-NSE,2024-08-08,http:404,,,0,0,no-data
724742,TPHS,TPHS,Trinity Place Holdings Inc.,Trinity Place Holdings Inc.,True,25-NSE,2024-08-09,OTC Markets OTCPK,2021-09-07,2026-09-04,1255,520,otc-continuation
1396033,LLFLQ,LLFLQ,"LL Flooring Holdings, Inc.",,False,25-NSE,2024-08-14,http:404,,,0,0,no-data
1643988,LPTV,LPTV,"Loop Media, Inc.",,False,25-NSE,2024-08-15,http:404,,,0,0,no-data
1309082,CEIN,CEIN,"CAMBER ENERGY, INC.","Camber Energy, Inc.",True,25-NSE,2024-08-16,OTC Markets OTCQB,2021-09-07,2026-09-04,1255,515,otc-continuation
16732,CPB,CPB,CAMPBELL SOUP CO,The Campbell's Company,True,25,2024-08-16,NasdaqGS,2021-09-07,2026-09-04,1255,515,still-listed
876378,TRXDW,TRXDW,"ASENSUS SURGICAL, INC.",,False,25-NSE,2024-08-22,http:404,,,0,0,no-data
1847577,LCW,LCW,Learn CW Investment Corp,,False,25,2024-08-23,http:404,,,0,0,no-data
1929589,MRDB,MRDB,MariaDB plc,,False,25-NSE,2024-08-26,http:404,,,0,0,no-data
1537028,ICD,ICD|ICDI,"Independence Contract Drilling, Inc.",,False,25-NSE,2024-08-29,http:404,,,0,0,no-data
1837429,BNRE,BNRE,Brookfield Reinsurance Ltd.,,False,25-NSE,2024-08-30,http:404,,,0,0,no-data
1701809,CBH,CBH,Virtus Convertible & Income 2024 Target Term Fund,,False,25-NSE,2024-09-04,http:404,,,0,0,no-data
1591587,AMK,AMK,"AssetMark Financial Holdings, Inc.",,False,25-NSE,2024-09-05,http:404,,,0,0,no-data
1555074,AAMC,AAMC,Altisource Asset Management Corp,,False,25,2024-09-06,http:404,,,0,0,no-data
1855631,AWIN,AWIN|AWINW,AERWINS Technologies Inc.,AERWINS Technologies Inc.,True,25-NSE,2024-09-06,OTC Markets OTCPK,2023-02-06,2026-09-04,899,501,otc-continuation
811240,BIOL,BIOL,"BIOLASE, INC",,False,25-NSE,2024-09-06,http:404,,,0,0,no-data
1865248,CMCAF,CMCAF|CMCAW,Capitalworks Emerging Markets Acquisition Corp,Piermont Valley Acquisition Corp,False,25-NSE,2024-09-06,OTC Markets OTCID,2024-06-12,2026-09-04,560,501,identity-mismatch
1223389,CONNQ,CONNQ,CONNS INC,,False,25-NSE,2024-09-06,http:404,,,0,0,no-data
1679063,CSSEQ,CSSEQ|CSSLQ|CSSNQ|CSSPQ,"Chicken Soup for the Soul Entertainment, Inc.","Chicken Soup for the Soul Entertainment, Inc.",True,25-NSE,2024-09-06,OTC Markets OTCPK,2021-09-07,2026-09-04,1255,501,otc-continuation
1563577,GRTX,GRTX,"Galera Therapeutics, Inc.",Galera Therapeutics Inc,True,25-NSE,2024-09-06,OTC Markets OTCPK,2026-07-17,2026-09-04,36,36,otc-continuation
1817232,HGAS,HGAS|HGASW,Global Gas Corp,Global Gas Corporation,True,25-NSE,2024-09-06,OTC Markets OTCQB,2023-12-22,2026-09-04,677,501,otc-continuation
837852,IDEX,IDEX,"IDEANOMICS, INC.",,False,25-NSE,2024-09-06,http:404,,,0,0,no-data
1846235,IMAQ,IMAQ|IMAQR|IMAQW,International Media Acquisition Corp.,International Media Acquisition Corp.,True,25-NSE,2024-09-06,OTC Markets OTCPK,2021-09-07,2026-09-04,1255,501,otc-continuation
1865127,LSDIF,LSDIF,"Lucy Scientific Discovery, Inc.",Lucy Scientific Discovery Inc.,True,25-NSE,2024-09-06,OTC Markets OTCPK,2023-02-09,2026-09-04,896,501,otc-continuation
1538210,NEXI,NEXI,"NexImmune, Inc.","NexImmune, Inc.",True,25-NSE,2024-09-06,OTC Markets OTCPK,2021-09-07,2026-09-04,1255,501,otc-continuation
1822145,PRST,PRST|PRSTW,Presto Automation Inc.,Presto Automation Inc.,True,25-NSE,2024-09-06,OTC Markets OTCPK,2022-09-22,2026-09-04,992,501,otc-continuation
1846750,TCOA,TCOA,Zalatoris Acquisition Corp.,,False,25-NSE,2024-09-06,http:404,,,0,0,no-data
1459417,TWOUQ,TWOUQ,"2U, Inc.",,False,25-NSE,2024-09-06,http:404,,,0,0,no-data
764195,VBIVQ,VBIVQ,VBI Vaccines Inc/BC,,False,25-NSE,2024-09-06,http:404,,,0,0,no-data
1488775,CEM,CEM,ClearBridge MLP & Midstream Fund Inc.,,False,25-NSE,2024-09-09,http:404,,,0,0,no-data
1547341,CTR,CTR,ClearBridge MLP & Midstream Total Return Fund Inc.,,False,25-NSE,2024-09-09,http:404,,,0,0,no-data
55785,KMB,KMB,KIMBERLY CLARK CORP,Kimberly-Clark Corporation,True,25-NSE,2024-09-09,NasdaqGS,2021-09-07,2026-09-04,1255,500,still-listed
768835,BIG,BIG,BIG LOTS INC,,False,25-NSE,2024-09-10,http:404,,,0,0,no-data
1795579,CALT,CALT,Calliditas Therapeutics AB,,False,25,2024-09-13,http:404,,,0,0,no-data
1798270,IONM,IONM,Assure Holdings Corp.,Assure Holdings Corp.,True,25-NSE,2024-09-20,OTC Markets OTCPK,2021-09-07,2026-09-04,1255,491,otc-continuation
1844419,MAQC,MAQC|MAQCU|MAQCW,Maquia Capital Acquisition Corp,Maquia Capital Acquisition Corporation,True,25-NSE,2024-09-20,OTC Markets OTCPK,2021-09-07,2026-09-04,1255,491,otc-continuation
1431959,MMATQ,MMATQ,META MATERIALS INC.,Meta Materials Inc.,True,25-NSE,2024-09-20,OTC Markets OTCPK,2021-09-07,2026-09-04,1255,491,otc-continuation
1990145,NUVOQ,NUVOQ|NUVWQ,Holdco Nuvo Group D.G Ltd.,Holdco Nuvo Group D.G Ltd,True,25-NSE,2024-09-20,OTC Markets OTCPK,2024-05-02,2026-09-04,588,491,otc-continuation
1820175,OCAX,OCAX|OCAXU|OCAXW,OCA Acquisition Corp.,,False,25-NSE,2024-09-20,http:404,,,0,0,no-data
867773,SPWRQ,SPWRQ,SUNPOWER CORP,,False,25-NSE,2024-09-20,http:404,,,0,0,no-data
1850079,TBIO,TBIO,Telesis Bio Inc.,"Telesis Bio, Inc.",True,25,2024-09-20,OTC Markets OTCPK,2021-09-07,2026-09-04,1255,491,otc-continuation
1668370,TBLT,TBLT,"Toughbuilt Industries, Inc",ToughBuilt Industries Inc,True,25-NSE,2024-09-20,OTC Markets OTCPK,2025-10-01,2026-09-04,234,234,otc-continuation
1584751,TLIS,TLIS,Talis Biomedical Corp,,False,25-NSE,2024-09-20,http:404,,,0,0,no-data
1364742,BLK,BLK,BlackRock Inc.,"BlackRock, Inc.",True,25,2024-09-23,NYSE,2021-09-07,2026-09-04,1255,490,still-listed
1302624,FAM,FAM,FIRST TRUST/ABRDN GLOBAL OPPORTUNITY INCOME FUND,,False,25-NSE,2024-09-23,http:404,,,0,0,no-data
1276469,MFD,MFD,MACQUARIE/FIRST TRUST GLOBAL INFRASTR/UTIL DIV & INC FUND,,False,25-NSE,2024-09-23,http:404,,,0,0,no-data
1771951,WEIX,WEIX,Dynamic Shares Trust,Dynamic Short Short-Term Volatility Futures ETF,True,25,2024-09-26,Cboe US,2022-01-13,2026-09-04,1165,487,still-listed
1893448,SGE,SGE,"Strong Global Entertainment, Inc.",,False,25-NSE,2024-09-30,http:404,,,0,0,no-data
1835681,PWSC,PWSC,"POWERSCHOOL HOLDINGS, INC.",,False,25-NSE,2024-10-01,http:404,,,0,0,no-data
1564538,GRP-UN,GRP-UN,GRANITE REAL ESTATE INVESTMENT TRUST,,False,25-NSE,2024-10-03,http:404,,,0,0,no-data
1821393,AAN,AAN,"Aaron's Company, Inc.",,False,25-NSE,2024-10-04,http:404,,,0,0,no-data
1823365,GBNY,GBNY,"Generations Bancorp NY, Inc.","Generations Bancorp NY, Inc.",True,25,2024-10-04,OTC Markets OTCPK,2021-09-07,2026-09-04,1255,481,otc-continuation
1008654,TUPBQ,TUPBQ,TUPPERWARE BRANDS CORP,,False,25-NSE,2024-10-04,http:404,,,0,0,no-data
1038143,ORAN,ORAN|FNCTF,ORANGE,,False,25,2024-10-07,http:404,,,0,0,no-data
1811115,RNLX,RNLX|RTNXF,Renalytix plc,,False,25,2024-10-07,http:404,,,0,0,no-data
59440,VGR,VGR,VECTOR GROUP LTD,,False,25-NSE,2024-10-07,http:404,,,0,0,no-data
1378789,AER,AER,AerCap Holdings N.V.,AerCap Holdings N.V.,True,25-NSE,2024-10-10,NYSE,2021-09-07,2026-09-04,1255,477,still-listed
1850502,NFSCF,NFSCF|NFSUF|NFSWF,Enphys Acquisition Corp.,,False,25-NSE,2024-10-10,http:404,,,0,0,no-data
1642375,GHSI,GHSI,"Guardion Health Sciences, Inc.",,False,25,2024-10-11,http:404,,,0,0,no-data
1848898,AAGR,AAGR|AAGRW,African Agriculture Holdings Inc.,African Agriculture Holdings Inc.,True,25-NSE,2024-10-15,OTC Markets OTCPK,2023-12-07,2026-09-04,688,474,otc-continuation
1876716,ASCBF,ASCBF|ASCRF|ASCWF|ASUUF,ASPAC II Acquisition Corp.,A SPAC II Acquisition Corp.,True,25-NSE,2024-10-15,OTC Markets OTCPK,2022-05-31,2026-09-04,1071,474,otc-continuation
1723580,BFICQ,BFICQ|BFIWQ,"BurgerFi International, Inc.",,False,25-NSE,2024-10-15,http:404,,,0,0,no-data
1630113,BTCY,BTCY,BIOTRICITY INC.,"Biotricity, Inc.",True,25-NSE,2024-10-15,OTC Markets OTCQB,2021-09-07,2026-09-04,1255,474,otc-continuation
1757097,CNTGF,CNTGF,Centogene N.V.,,False,25-NSE,2024-10-15,http:404,,,0,0,no-data
1101680,DZSI,DZSI,DZS INC.,,False,25-NSE,2024-10-15,http:404,,,0,0,no-data
1391127,EGIOQ,EGIOQ,"Edgio, Inc.",,False,25-NSE,2024-10-15,http:404,,,0,0,no-data
1948884,GPAK,GPAK,Gamer Pakistan Inc,Gamer Pakistan Inc.,True,25-NSE,2024-10-15,OTC Markets OTCPK,2023-10-09,2026-09-04,730,474,otc-continuation
1662574,GROM,GROM|GROMW,"Grom Social Enterprises, Inc.","Grom Social Enterprises, Inc.",True,25-NSE,2024-10-15,OTC Markets OTCPK,2021-09-07,2026-09-04,1255,474,otc-continuation
1445283,KANT,KANT,"KINETA, INC./DE",,False,25-NSE,2024-10-15,http:404,,,0,0,no-data
1844149,SPEC,SPEC|SPECW,Spectaire Holdings Inc.,Spectaire Holdings Inc.,True,25-NSE,2024-10-15,OTC Markets OTCPK,2023-10-20,2026-09-04,721,474,otc-continuation
1853397,ZLSSF,ZLSSF,Zalatoris II Acquisition Corp,,False,25-NSE,2024-10-15,http:404,,,0,0,no-data
1487712,AL,AL|AL-PA,AIR LEASE CORP,,False,25-NSE,2024-10-17,http:404,,,0,0,no-data
1496963,SQSP,SQSP,"Squarespace, Inc.",,False,25-NSE,2024-10-17,http:404,,,0,0,no-data
1443611,SING,SING,SinglePoint Inc.,SinglePoint Inc.,True,25-NSE,2024-10-22,OTC Markets OTCPK,2021-09-07,2026-09-04,1255,469,otc-continuation
1880431,VHAI,VHAI|VHABW|VHAIW,Vocodia Holdings Corp,Vocodia Holdings Corp.,True,25-NSE,2024-10-22,OTC Markets OTCPK,2024-09-11,2026-09-04,498,469,otc-continuation
1467761,MINM,MINM,"MINIM, INC.",,False,25-NSE,2024-10-24,http:404,,,0,0,no-data
92380,LUV,LUV,SOUTHWEST AIRLINES CO,Southwest Airlines Co.,True,25-NSE,2024-10-28,NYSE,2021-09-07,2026-09-04,1255,465,still-listed
1848756,PHYT,PHYT,Pyrophyte Acquisition Corp.,,False,25-NSE,2024-10-30,http:404,,,0,0,no-data
1733257,FNCH,FNCH,"Finch Therapeutics Group, Inc.",,False,25,2024-10-31,http:404,,,0,0,no-data
1849548,ONYX,ONYX|ONYXU|ONYXW,Onyx Acquisition Co. I,,False,25,2024-11-04,http:404,,,0,0,no-data
1962845,PXDT,PXDT,"PIXIE DUST TECHNOLOGIES, INC.",,False,25,2024-11-04,http:404,,,0,0,no-data
766829,SJW,SJW,SJW GROUP,,False,25,2024-11-07,http:404,,,0,0,no-data
1783180,CARR,CARR,CARRIER GLOBAL Corp,Carrier Global Corporation,True,25-NSE,2024-11-08,NYSE,2021-09-07,2026-09-04,1255,456,still-listed
884713,PRMW,PRMW,Primo Water Corp /CN/,,False,25-NSE,2024-11-12,http:404,,,0,0,no-data
1841804,INST,INST,"INSTRUCTURE HOLDINGS, INC.",,False,25-NSE,2024-11-13,http:404,,,0,0,no-data
705432,SBSI,SBSI,SOUTHSIDE BANCSHARES INC,"Southside Bancshares, Inc.",True,25,2024-11-14,NYSE,2021-09-07,2026-09-04,1255,452,still-listed
711669,CBAN,CBAN,COLONY BANKCORP INC,"Colony Bankcorp, Inc.",True,25,2024-11-15,NYSE,2021-09-07,2026-09-04,1255,451,still-listed
1859686,SBXC,SBXC,SilverBox Corp III,,False,25-NSE,2024-11-15,http:404,,,0,0,no-data
1846975,SEDA,SEDA,SDCL EDGE Acquisition Corp,,False,25-NSE,2024-11-18,http:404,,,0,0,no-data
319458,ENSV,ENSV,Enservco Corp,Enservco Corporation,True,25-NSE,2024-11-19,OTC Markets OTCPK,2021-09-07,2026-09-04,1255,449,otc-continuation
846596,KSM,KSM,DWS STRATEGIC MUNICIPAL INCOME TRUST,,False,25-NSE,2024-11-20,http:404,,,0,0,no-data
1860879,RRACF,RRACF|RRAUF|RRAWF,Rigel Resource Acquisition Corp.,,False,25-NSE,2024-11-20,http:404,,,0,0,no-data
1305168,ARC,ARC,"ARC DOCUMENT SOLUTIONS, INC.",,False,25-NSE,2024-11-22,http:404,,,0,0,no-data
1519505,HIE,HIE,Miller/Howard High Income Equity Fund,,False,25-NSE,2024-11-22,http:404,,,0,0,no-data
101778,MRO,MRO,MARATHON OIL CORP,,False,25-NSE,2024-11-22,http:404,,,0,0,no-data
1627854,DCF,DCF,"BNY Mellon Alcentra Global Credit Income 2024 Target Term Fund, Inc.",,False,25-NSE,2024-11-25,http:404,,,0,0,no-data
1337619,ENV,ENV,"ENVESTNET, INC.",,False,25-NSE,2024-11-25,http:404,,,0,0,no-data
1321655,PLTR,PLTR,Palantir Technologies Inc.,Palantir Technologies Inc.,True,25,2024-11-25,NasdaqGS,2021-09-07,2026-09-04,1255,445,still-listed
1116132,TPR,TPR,"TAPESTRY, INC.","Tapestry, Inc.",True,25-NSE,2024-11-25,NYSE,2021-09-07,2026-09-04,1255,445,still-listed
827871,EGRX,EGRX,"EAGLE PHARMACEUTICALS, INC.","Eagle Pharmaceuticals, Inc.",True,25,2024-11-26,OTC Markets OTCPK,2021-09-07,2026-09-04,1255,444,otc-continuation
1901305,FRZA,FRZA,"Forza X1, Inc.",,False,25,2024-11-26,http:404,,,0,0,no-data
1616318,VSTO,VSTO,Vista Outdoor Inc.,,False,25-NSE,2024-11-27,http:404,,,0,0,no-data
1698508,IHTA,IHTA,Invesco High Income 2024 Target Term Fund,,False,25-NSE,2024-12-02,http:404,,,0,0,no-data
1835591,VZIO,VZIO,Vizio Holding Corp.,,False,25-NSE,2024-12-03,http:404,,,0,0,no-data
1867102,EVTL,EVTL|EVTWF,Vertical Aerospace Ltd.,Vertical Aerospace Ltd.,True,25-NSE,2024-12-04,NYSE,2021-09-07,2026-09-04,1255,439,still-listed
1870143,RCFA,RCFA|RCFAF,Perception Capital Corp. IV,,False,25-NSE,2024-12-04,http:404,,,0,0,no-data
1834974,LEV,LEV|LEVWF,Lion Electric Co,,False,25-NSE,2024-12-06,http:404,,,0,0,no-data
1411688,TCS,TCS,"Container Store Group, Inc.",,False,25-NSE,2024-12-10,http:404,,,0,0,no-data
1873331,PGRU,PGRU,PROPERTYGURU GROUP LTD,,False,25-NSE,2024-12-13,http:404,,,0,0,no-data
806517,PMD,PMD,PSYCHEMEDICS CORP,,False,25,2024-12-13,http:404,,,0,0,no-data
1011509,AUMN,AUMN,Golden Minerals Co,Golden Minerals Company,True,25-NSE,2024-12-16,OTC Markets OTCQB,2021-09-07,2026-09-04,1255,431,otc-continuation
1880441,BFAC,BFAC,Battery Future Acquisition Corp.,,False,25-NSE,2024-12-16,http:404,,,0,0,no-data
896159,CB,CB,Chubb Ltd,Chubb Limited,True,25-NSE,2024-12-16,NYSE,2021-09-07,2026-09-04,1255,431,still-listed
1596783,CTLT,CTLT,"Catalent, Inc.",,False,25-NSE,2024-12-18,http:404,,,0,0,no-data
1724965,TALO,TALO,TALOS ENERGY INC.,Talos Energy Inc.,True,25-NSE,2024-12-18,NYSE,2021-09-07,2026-09-04,1255,429,still-listed
1699880,AMLI,AMLI,American Lithium Corp.,,False,25,2024-12-20,http:404,,,0,0,no-data
1013706,WHLM,WHLM,"Wilhelmina International, Inc.","Wilhelmina International, Inc.",True,25,2024-12-20,OTC Markets OTCPK,2021-09-07,2026-09-04,1255,427,otc-continuation
1634997,AGR,AGR,"Avangrid, Inc.",,False,25-NSE,2024-12-23,http:404,,,0,0,no-data
1863719,MNTN,MNTN,Everest Consolidator Acquisition Corp,"MNTN, Inc.",False,25-NSE,2024-12-23,NYSE,2025-05-22,2026-09-04,324,324,identity-mismatch
1547158,NDP,NDP,"TORTOISE ENERGY INDEPENDENCE FUND, INC.",,False,25-NSE,2024-12-23,http:404,,,0,0,no-data
1490286,NTG,NTG,"Tortoise Midstream Energy Fund, Inc.",,False,25-NSE,2024-12-23,http:404,,,0,0,no-data
1408201,TPZ,TPZ,TORTOISE POWER & ENERGY INFRASTRUCTURE FUND INC,Tortoise Electrification Infrastructure ETF,True,25-NSE,2024-12-23,NYSE,2021-09-07,2026-09-04,1255,426,still-listed
1526329,TTP,TTP,"TORTOISE PIPELINE & ENERGY FUND, INC.",,False,25-NSE,2024-12-23,http:404,,,0,0,no-data
1835256,NAPA,NAPA,"Duckhorn Portfolio, Inc.",,False,25-NSE,2024-12-26,http:404,,,0,0,no-data
1834048,ASAI,ASAI,Sendas Distributor S.A.,,False,25,2024-12-30,http:404,,,0,0,no-data
1791863,BEPC,BEPC,Brookfield Renewable Corp,Brookfield Renewable Corporation,True,25-NSE,2024-12-30,NYSE,2021-09-07,2026-09-04,1255,422,still-listed
1788348,BIPC,BIPC,Brookfield Infrastructure Corp,Brookfield Infrastructure Corporation,True,25-NSE,2024-12-30,NYSE,2021-09-07,2026-09-04,1255,422,still-listed
1957146,EXTO,EXTO,Almacenes Exito S.A.,,False,25,2024-12-30,http:404,,,0,0,no-data
1288855,OPHC,OPHC,"OptimumBank Holdings, Inc.","OptimumBank Holdings, Inc.",True,25,2024-12-30,NYSE American,2021-09-07,2026-09-04,1255,422,still-listed
1286681,DPZ,DPZ,DOMINOS PIZZA INC,"Domino's Pizza, Inc.",True,25,2024-12-31,NasdaqGS,2021-09-07,2026-09-04,1255,421,still-listed
1853513,MCW,MCW,"Mister Car Wash, Inc.",,False,25,2024-12-31,http:404,,,0,0,no-data
1877557,WEL,WEL|WELNF|WELUF|WELWF,Integrated Wellness Acquisition Corp,,False,25-NSE,2025-01-02,http:404,,,0,0,no-data
1943705,GEAR,GEAR,"Revelyst, Inc.",,False,25-NSE,2025-01-06,http:404,,,0,0,no-data
1807427,OBDE,OBDE,Blue Owl Capital Corp III,,False,25-NSE,2025-01-13,http:404,,,0,0,no-data
909327,SUZ,SUZ,Suzano S.A.,Suzano S.A.,True,25-NSE,2025-01-14,NYSE,2021-09-07,2026-09-04,1255,413,still-listed
14930,BC,BC|BC-PA|BC-PB|BC-PC,BRUNSWICK CORP,Brunswick Corporation,True,25-NSE,2025-01-16,NYSE,2021-09-07,2026-09-04,1255,411,still-listed
1517006,GATO,GATO,"Gatos Silver, Inc.",,False,25-NSE,2025-01-16,http:404,,,0,0,no-data
1236275,QXO,QXO,"QXO, Inc.","QXO, Inc.",True,25,2025-01-16,NYSE,2021-09-07,2026-09-04,1255,411,still-listed
1366561,SMAR,SMAR,SMARTSHEET INC,,False,25-NSE,2025-01-22,http:404,,,0,0,no-data
890447,VTNRQ,VTNRQ,Vertex Energy Inc.,,False,25,2025-01-23,http:404,,,0,0,no-data
1213660,BIMI,BIMI,BIMI Holdings Inc.,BIMI Holdings Inc.,True,25-NSE,2025-01-24,OTC Markets OTCPK,2021-09-07,2026-09-04,1255,406,otc-continuation
9984,B,B,BARNES GROUP INC,Barrick Mining Corporation,False,25-NSE,2025-01-27,NYSE,2021-09-07,2026-09-04,1255,405,identity-mismatch
1838162,SLAMF,SLAMF|SLMUF|SLMWF,Slam Corp.,Slam Corp.,True,25-NSE,2025-01-29,OTC Markets OTCPK,2021-09-07,2026-09-04,1255,403,otc-continuation
1592000,ENLC,ENLC,"EnLink Midstream, LLC",,False,25-NSE,2025-01-31,http:404,,,0,0,no-data
1575295,ALID,ALID,Allied Corp.,Allied Corp.,True,25,2025-02-03,OTC Markets OTCPK,2021-09-07,2026-09-04,1255,400,otc-continuation
2178,AE,AE,"ADAMS RESOURCES & ENERGY, INC.",,False,25-NSE,2025-02-05,http:404,,,0,0,no-data
30125,INSI,INSI,Insight Select Income Fund,,False,25-NSE,2025-02-07,http:404,,,0,0,no-data
1366868,GSAT,GSAT,"Globalstar, Inc.","Globalstar, Inc.",True,25,2025-02-10,NasdaqGS,2021-09-07,2026-09-04,1255,395,still-listed
1871149,RGFC,RGFC,"Real Good Food Company, Inc.","The Real Good Food Company, Inc.",True,25,2025-02-10,OTC Markets OTCPK,2021-11-05,2026-09-04,1212,395,otc-continuation
1565228,VISL,VISL,"Vislink Technologies, Inc.","Vislink Technologies, Inc.",True,25,2025-02-10,OTC Markets OTCID,2021-09-07,2026-09-04,1255,395,otc-continuation
1621563,SUM,SUM,"Summit Materials, Inc.",,False,25-NSE,2025-02-11,http:404,,,0,0,no-data
1851612,BHAC,BHAC|BHACU|BHACW,Focus Impact BH3 Acquisition Co,,False,25-NSE,2025-02-12,http:404,,,0,0,no-data
29332,DXYN,DXYN,DIXIE GROUP INC,"The Dixie Group, Inc.",True,25-NSE,2025-02-12,OTC Markets OTCQB,2021-09-07,2026-09-04,1255,393,otc-continuation
1659520,SILV,SILV,SilverCrest Metals Inc.,,False,25-NSE,2025-02-14,http:404,,,0,0,no-data
1423774,ZUO,ZUO,ZUORA INC,,False,25-NSE,2025-02-14,http:404,,,0,0,no-data
1861522,PIKM,PIKM,KIDPIK CORP.,Kidpik Corp.,True,25,2025-02-18,OTC Markets OTCPK,2021-11-11,2026-09-04,1208,390,otc-continuation
1538263,HTBI,HTBI,"HomeTrust Bancshares, Inc.",,False,25,2025-02-21,http:404,,,0,0,no-data
1075124,TRI,TRI,THOMSON REUTERS CORP /CAN/,Thomson Reuters Corporation,True,25,2025-02-24,NasdaqGS,2021-09-07,2026-09-04,1255,386,still-listed
1420720,IBIO,IBIO,"iBio, Inc.","iBio, Inc.",True,25,2025-03-03,NasdaqCM,2021-09-07,2026-09-04,1255,381,still-listed
1881741,AOGO,AOGO|AOGOU|AOGOW,Arogo Capital Acquisition Corp.,Arogo Capital Acquisition Corp.,True,25-NSE,2025-03-05,OTC Markets OTCPK,2022-02-11,2026-09-04,1145,379,otc-continuation
1851909,CDAQF,CDAQF|CDAUF|CDAWF,Compass Digital Acquisition Corp.,Compass Digital Acquisition Corp.,True,25-NSE,2025-03-05,OTC Markets OTCPK,2026-07-17,2026-09-04,36,36,otc-continuation
1831874,IRAA,IRAA|IRAAU|IRAAW,Iris Acquisition Corp,,False,25-NSE,2025-03-05,http:404,,,0,0,no-data
1884072,JEWL,JEWL,Adamas One Corp.,Adamas One Corp.,True,25-NSE,2025-03-05,OTC Markets OTCPK,2022-12-09,2026-09-04,937,379,otc-continuation
1977303,ALTM,ALTM|ARLTF,Arcadium Lithium plc,,False,25-NSE,2025-03-06,http:404,,,0,0,no-data
1847360,BCOW,BCOW,"1895 Bancorp of Wisconsin, Inc. /MD/","1895 Bancorp of Wisconsin, Inc.",True,25,2025-03-07,OTC Markets OTCQX,2021-09-07,2026-09-04,1255,377,otc-continuation
1709505,BEST,BEST,BEST Inc.,,False,25-NSE,2025-03-10,http:404,,,0,0,no-data
1556263,SYRS,SYRS,"Syros Pharmaceuticals, Inc.","Syros Pharmaceuticals, Inc.",True,25,2025-03-10,OTC Markets OTCPK,2021-09-07,2026-09-04,1255,376,otc-continuation
1830749,ACHL,ACHL,Achilles Therapeutics plc,,False,25,2025-03-11,http:404,,,0,0,no-data
1922331,GLST,GLST|GLSTR|GLSTU|GLSTW,Global Star Acquisition Inc.,,False,25,2025-03-12,http:404,,,0,0,no-data
1785592,LFLY,LFLY|LFLYW,"Leafly Holdings, Inc. /DE",,False,25,2025-03-12,http:404,,,0,0,no-data
1684144,ZOM,ZOM|ZOMDF,Zomedica Corp.,,False,25-NSE,2025-03-13,http:404,,,0,0,no-data
1637873,ACVA,ACVA,ACV Auctions Inc.,ACV Auctions Inc.,True,25,2025-03-14,NYSE,2021-09-07,2026-09-04,1255,372,still-listed
1205922,VCNX,VCNX,"VACCINEX, INC.","Vaccinex, Inc.",True,25,2025-03-17,OTC Markets OTCPK,2021-09-07,2026-09-04,1255,371,otc-continuation
1162461,CUTR,CUTR|CUTRQ,CUTERA INC,,False,25,2025-03-20,http:404,,,0,0,no-data
1850838,OMGAQ,OMGAQ,"Omega Therapeutics, Inc.",,False,25,2025-03-20,http:404,,,0,0,no-data
1852016,AEAE,AEAE|AEAEU|AEAEW,AltEnergy Acquisition Corp,AltEnergy Acquisition Corp.,True,25-NSE,2025-03-21,OTC Markets OTCPK,2021-12-13,2026-09-04,1187,367,otc-continuation
1868573,APXIF,APXIF,APx Acquisition Corp. I,,False,25-NSE,2025-03-21,http:404,,,0,0,no-data
1886799,BGXXQ,BGXXQ,Bright Green Corp,Bright Green Corporation,True,25-NSE,2025-03-21,OTC Markets OTCPK,2025-02-18,2026-09-04,390,367,otc-continuation
1582982,CCLD,CCLD|CCLDO|CCLDP,"CareCloud, Inc.","CareCloud, Inc.",True,25,2025-03-21,NasdaqGM,2021-09-07,2026-09-04,1255,367,still-listed
1865861,CCTSF,CCTSF|CTSUF|CTSWF,Cactus Acquisition Corp. 1 Ltd,Cactus Acquisition Corp. 1 Limited,True,25-NSE,2025-03-21,OTC Markets OTCPK,2022-01-03,2026-09-04,1173,367,otc-continuation
1854480,DEVS,DEVS,DevvStream Corp.,,False,25-NSE,2025-03-21,http:404,,,0,0,no-data
1850262,INTE,INTE|INTEU|INTEW,Integral Acquisition Corp 1,Integral Acquisition Corporation 1,True,25-NSE,2025-03-21,OTC Markets OTCPK,2021-12-22,2026-09-04,1180,367,otc-continuation
1855756,LILMF,LILMF|LILWF,Lilium N.V.,Lilium N.V.,True,25-NSE,2025-03-21,OTC Markets OTCPK,2021-09-16,2026-09-04,1248,367,otc-continuation
1166834,SHLT,SHLT,SHL TELEMEDICINE LTD,,False,25,2025-03-21,http:404,,,0,0,no-data
1851860,SMFL,SMFL,"SMART FOR LIFE, INC.","Smart for Life, Inc.",True,25-NSE,2025-03-21,OTC Markets OTCPK,2022-02-16,2026-09-04,1142,367,otc-continuation
1834975,VEVMQ,VEVMQ,VICINITY MOTOR CORP,Vicinity Motor Corp.,True,25-NSE,2025-03-21,OTC Markets OTCPK,2021-09-07,2026-09-04,1255,367,otc-continuation
1766363,EDR,EDR,"Endeavor Group Holdings, Inc.",,False,25-NSE,2025-03-24,http:404,,,0,0,no-data
1336050,EGF,EGF,"BlackRock Enhanced Government Fund, Inc.",,False,25-NSE,2025-03-24,http:404,,,0,0,no-data
1594805,SHOP,SHOP,SHOPIFY INC.,Shopify Inc.,True,25,2025-03-28,NasdaqGS,2021-09-07,2026-09-04,1255,362,still-listed
1332349,BKD,BKD|BKDT,Brookdale Senior Living Inc.,Brookdale Senior Living Inc.,True,25-NSE,2025-03-31,NYSE,2021-09-07,2026-09-04,1255,361,still-listed
1680379,SBT,SBT,"Sterling Bancorp, Inc.",,False,25,2025-04-01,http:404,,,0,0,no-data
1731289,NKLAQ,NKLAQ,Nikola Corp,,False,25,2025-04-03,http:404,,,0,0,no-data
1444380,NVRO,NVRO,NEVRO CORP,,False,25-NSE,2025-04-03,http:404,,,0,0,no-data
316253,ENZ,ENZ,ENZO BIOCHEM INC,,False,25,2025-04-07,http:404,,,0,0,no-data
39092,FRD,FRD,FRIEDMAN INDUSTRIES INC,"Friedman Industries, Incorporated",True,25,2025-04-07,NasdaqGS,2021-09-07,2026-09-04,1255,356,still-listed
1429560,TRVN,TRVN,TREVENA INC,"Trevena, Inc.",True,25-NSE,2025-04-08,OTC Markets OTCPK,2021-09-07,2026-09-04,1255,355,otc-continuation
1838513,GATE,GATE|GATEU|GATEW,Marblegate Acquisition Corp.,,False,25,2025-04-11,http:404,,,0,0,no-data
1859035,MCAG,MCAG|MCAGR|MCAGU,Mountain Crest Acquisition Corp. V,Mountain Crest Acquisition Corp. V,True,25-NSE,2025-04-11,OTC Markets OTCPK,2021-12-03,2026-09-04,1193,352,otc-continuation
1922335,SYRA,SYRA,Syra Health Corp,Syra Health Corp.,True,25,2025-04-11,OTC Markets OTCQB,2023-09-29,2026-09-04,736,352,otc-continuation
1559998,VINOQ,VINOQ,"Gaucho Group Holdings, Inc.",,False,25-NSE,2025-04-11,http:404,,,0,0,no-data
1739942,SWI,SWI,SolarWinds Corp,,False,25-NSE,2025-04-16,http:404,,,0,0,no-data
1868912,ENFN,ENFN,"Enfusion, Inc.",,False,25-NSE,2025-04-21,http:404,,,0,0,no-data
1401564,FFNW,FFNW,"First Financial Northwest, Inc.",,False,25,2025-04-21,http:404,,,0,0,no-data
1531978,FNA,FNA,"Paragon 28, Inc.",,False,25-NSE,2025-04-21,http:404,,,0,0,no-data
1452857,SPLP,SPLP,STEEL PARTNERS HOLDINGS L.P.,,False,25,2025-04-21,http:404,,,0,0,no-data
1796129,VINC,VINC,"Vincerx Pharma, Inc.","Vincerx Pharma, Inc.",True,25,2025-04-28,OTC Markets OTCPK,2021-09-07,2026-09-04,1255,342,otc-continuation
1378992,BERY,BERY,"BERRY GLOBAL GROUP, INC.",,False,25-NSE,2025-04-30,http:404,,,0,0,no-data
842518,EVBN,EVBN,EVANS BANCORP INC,,False,25-NSE,2025-05-05,http:404,,,0,0,no-data
1419051,TSOI,TSOI,"THERAPEUTIC SOLUTIONS INTERNATIONAL, INC.","Therapeutic Solutions International, Inc.",True,25,2025-05-06,OTC Markets OTCPK,2021-09-07,2026-09-04,1255,336,otc-continuation
1644903,YCBD,YCBD,"cbdMD, Inc.","cbdMD, Inc.",True,25-NSE,2025-05-06,NYSE American,2021-09-07,2026-09-04,1255,336,still-listed
1460602,ORGS,ORGS,Orgenesis Inc.,Orgenesis Inc.,True,25-NSE,2025-05-08,OTC Markets OTCPK,2021-09-07,2026-09-04,1255,334,otc-continuation
1879814,TLGUF,TLGUF|TLGWF|TLGYF,TLGY ACQUISITION CORP,,False,25-NSE,2025-05-08,http:404,,,0,0,no-data
1888734,GLLI,GLLI|GLLIR|GLLIU|GLLIW,GLOBALINK INVESTMENT INC.,,False,25-NSE,2025-05-09,http:404,,,0,0,no-data
1866838,IGTA,IGTA|IGTAR|IGTAU|IGTAW,Inception Growth Acquisition Ltd,Inception Growth Acquisition Limited,True,25-NSE,2025-05-09,OTC Markets OTCPK,2022-01-21,2026-09-04,1160,333,otc-continuation
1847355,TGAAF,TGAAF|TGAUF|TGAWF,Target Global Acquisition I Corp.,Target Global Acquisition I Corp.,True,25-NSE,2025-05-09,OTC Markets OTCPK,2022-02-01,2026-09-04,1153,333,otc-continuation
1166272,GNTLF,GNTLF,GENETIC TECHNOLOGIES LTD,Genetic Technologies Limited,True,25-NSE,2025-05-12,OTC Markets OTCPK,2026-07-17,2026-09-04,36,36,otc-continuation
1848861,HAIAF,HAIAF|HAIUF|HAIWF,Healthcare AI Acquisition Corp.,Healthcare AI Acquisition Corp.,True,25-NSE,2025-05-12,OTC Markets OTCPK,2022-02-01,2026-09-04,1153,332,otc-continuation
1865468,KACLF,KACLF|KACRF|KACUF|KACWF,Kairous Acquisition Corp. Ltd,Kairous Acquisition Corp. Limited,True,25-NSE,2025-05-12,OTC Markets OTCPK,2022-01-21,2026-09-04,1160,332,otc-continuation
1545851,VRN,VRN,Veren Inc.,,False,25-NSE,2025-05-12,http:404,,,0,0,no-data
1866501,WBX,WBX|WBXWF,Wallbox N.V.,Wallbox N.V.,True,25-NSE,2025-05-12,NYSE,2021-09-07,2026-09-04,1255,332,still-listed
1871638,BZAI,BZAI|BZAIW,"Blaize Holdings, Inc.","Blaize Holdings, Inc.",True,25-NSE,2025-05-13,NasdaqGM,2022-01-31,2026-09-04,1154,331,still-listed
1703141,DESP,DESP,"Despegar.com, Corp.",,False,25-NSE,2025-05-15,http:404,,,0,0,no-data
1964630,VSTE,VSTE|VSTEW,Vast Renewables Ltd,,False,25,2025-05-15,http:404,,,0,0,no-data
1946216,SYT,SYT,"SYLA Technologies Co., Ltd.",,False,25,2025-05-19,http:404,,,0,0,no-data
1865111,ALSAF,ALSAF|ALSTF|ALSUF|ALSWF,Alpha Star Acquisition Corp,Alpha Star Acquisition Corporation,True,25-NSE,2025-05-20,OTC Markets OTCID,2022-01-20,2026-09-04,1161,326,otc-continuation
1857855,FNVTF,FNVTF|FNVWF,Finnovate Acquisition Corp.,,False,25-NSE,2025-05-21,http:404,,,0,0,no-data
72333,JWN,JWN,NORDSTROM INC,,False,25-NSE,2025-05-21,http:404,,,0,0,no-data
1889123,FLD,FLD|FLDDW,"Fold Holdings, Inc.","Fold Holdings, Inc.",True,25-NSE,2025-05-22,NasdaqCM,2022-02-09,2026-09-04,1147,324,still-listed
1857410,IVCBF,IVCBF,Investcorp Europe Acquisition Corp I,Invest Acquisition Corporation,True,25-NSE,2025-05-22,OTC Markets OTCPK,2022-02-08,2026-09-04,1148,324,otc-continuation
1859807,NVAC,NVAC|NVACR|NVACW,NorthView Acquisition Corp,,False,25-NSE,2025-05-22,http:404,,,0,0,no-data
1816723,GRFX,GRFX|GRFXY,Graphex Group Ltd,,False,25-NSE,2025-05-23,http:404,,,0,0,no-data
1355096,QVCGA,QVCGA|QVCGB|QVCGP,"QVC Group, Inc.",,False,25,2025-05-27,http:404,,,0,0,no-data
2032966,TIC,TIC|TICAW,ACUREN CORP,"TIC Solutions, Inc.",False,25,2025-05-27,NYSE,2025-02-18,2026-09-04,390,322,identity-mismatch
1432364,AZUL,AZUL,AZUL SA,Azul S.A.,True,25-NSE,2025-05-30,NYSE,2026-05-28,2026-09-04,70,70,still-listed
822416,PHM,PHM,PULTEGROUP INC/MI/,"PulteGroup, Inc.",True,25-NSE,2025-06-02,NYSE,2021-09-07,2026-09-04,1255,318,still-listed
1750153,GOEVQ,GOEVQ|GOEWQ,Canoo Inc.,Canoo Inc.,True,25-NSE,2025-06-03,OTC Markets OTCPK,2021-09-07,2026-09-04,1255,317,otc-continuation
1580063,BIORQ,BIORQ,"BIORA THERAPEUTICS, INC.","Biora Therapeutics, Inc.",True,25-NSE,2025-06-04,OTC Markets OTCPK,2025-08-11,2026-09-04,270,270,otc-continuation
1848437,CRTAF,CRTAF|CRTUF|CRTWF,Cartica Acquisition Corp,,False,25-NSE,2025-06-04,http:404,,,0,0,no-data
1875493,CSLMF,CSLMF|CSLRF|CSLUF|CSLWF,CSLM ACQUISITION CORP.,,False,25-NSE,2025-06-04,http:404,,,0,0,no-data
933738,ENGCQ,ENGCQ,ENGLOBAL CORP,,False,25-NSE,2025-06-04,http:404,,,0,0,no-data
1866226,WTMA,WTMA|WTMAR|WTMAU,Welsbach Technology Metals Acquisition Corp.,,False,25-NSE,2025-06-04,http:404,,,0,0,no-data
1868419,CYCU,CYCU|CYCUW,"Cycurion, Inc.","Cycurion, Inc.",True,25-NSE,2025-06-05,NasdaqGM,2025-02-18,2026-09-04,390,315,still-listed
1894057,PPYA,PPYA,Papaya Growth Opportunity Corp. I,Papaya Growth Opportunity Corp. I,True,25-NSE,2025-06-05,OTC Markets OTCPK,2022-03-04,2026-09-04,1131,315,otc-continuation
1900679,TETEF,TETEF|TETUF|TETWF,Technology & Telecommunication Acquisition Corp,Technology & Telecommunication Acquisition Corporation,True,25-NSE,2025-06-05,OTC Markets OTCPK,2022-03-09,2026-09-04,1128,315,otc-continuation
1624794,CSWI,CSWI,"CSW INDUSTRIALS, INC.",,False,25,2025-06-06,http:404,,,0,0,no-data
1852019,IXAQF,IXAQF|IXQWF,IX Acquisition Corp.,IX Acquisition Corp.,True,25-NSE,2025-06-06,OTC Markets OTCPK,2021-11-30,2026-09-04,1196,314,otc-continuation
1584754,PARENT,PARENT,ATECH,,False,25-NSE,2025-06-06,http:404,,,0,0,no-data
1774983,BROG,BROG,Brooge Energy Ltd,,False,25,2025-06-09,http:404,,,0,0,no-data
1822250,LOGC,LOGC,ContextLogic Inc.,ContextLogic Holdings Inc.,True,25,2025-06-09,OTC Markets OTCQB,2021-09-07,2026-09-04,1255,313,otc-continuation
1799983,GB,GB|GB-WT,Global Blue Group Holding AG,,False,25-NSE,2025-06-10,http:404,,,0,0,no-data
1772695,NOVA,NOVA,Sunnova Energy International Inc.,,False,25-NSE,2025-06-10,http:404,,,0,0,no-data
2025065,BSII,BSII|BSIIU|BSIIW,Black Spade Acquisition II Co,,False,25,2025-06-11,http:404,,,0,0,no-data
1004724,RHEP,RHEP|RHEPA|RHEPB,"REGIONAL HEALTH PROPERTIES, INC","Regional Health Properties, Inc.",True,25-NSE,2025-06-11,OTC Markets OTCQB,2021-09-07,2026-09-04,1255,311,otc-continuation
1592386,VIRT,VIRT,"Virtu Financial, Inc.","Virtu Financial, Inc.",True,25,2025-06-16,NYSE,2021-09-07,2026-09-04,1255,308,still-listed
1601936,CYTOF,CYTOF,Altamira Therapeutics Ltd.,Altamira Therapeutics Ltd.,True,25-NSE,2025-06-17,OTC Markets OTCID,2021-09-07,2026-09-04,1255,307,otc-continuation
1163302,X,X,UNITED STATES STEEL CORP,,False,25-NSE,2025-06-18,http:404,,,0,0,no-data
1730773,BSFC,BSFC,Blue Star Foods Corp.,Blue Star Foods Corp.,True,25-NSE,2025-06-20,OTC Markets OTCPK,2021-09-07,2026-09-04,1255,305,otc-continuation
1900402,EGRVF,EGRVF|EGSVF|EGUVF,Evergreen Corp,,False,25-NSE,2025-06-20,http:404,,,0,0,no-data
1801417,BYNO,BYNO|BYNOU|BYNOW,byNordic Acquisition Corp,byNordic Acquisition Corporation,True,25-NSE,2025-06-23,OTC Markets OTCPK,2022-04-05,2026-09-04,1109,304,otc-continuation
839122,DMF,DMF,"BNY MELLON MUNICIPAL INCOME, INC.",,False,25-NSE,2025-06-23,http:404,,,0,0,no-data
1874074,MMVVF,MMVVF,MultiMetaVerse Holdings Ltd,MultiMetaVerse Holdings Limited,True,25-NSE,2025-06-23,OTC Markets OTCPK,2023-01-06,2026-09-04,919,304,otc-continuation
1850453,MOYFF,MOYFF|MYNAY,Mynaric AG,,False,25-NSE,2025-06-23,http:404,,,0,0,no-data
315131,PHX,PHX,PHX MINERALS INC.,,False,25-NSE,2025-06-23,http:404,,,0,0,no-data
929008,WCC,WCC|WCC-PA,WESCO INTERNATIONAL INC,"WESCO International, Inc.",True,25-NSE,2025-06-23,NYSE,2021-09-07,2026-09-04,1255,304,still-listed
1947861,NMHI,NMHI|NMHIW,Nature's Miracle Holding Inc.,Nature's Miracle Holding Inc.,True,25-NSE,2025-06-24,OTC Markets OTCPK,2022-04-14,2026-09-04,1102,303,otc-continuation
1210618,SPIEF,SPIEF,"SPI Energy Co., Ltd.",,False,25-NSE,2025-06-25,http:404,,,0,0,no-data
95552,SUP,SUP,SUPERIOR INDUSTRIES INTERNATIONAL INC,,False,25-NSE,2025-06-25,http:404,,,0,0,no-data
1392994,FGB,FGB,FIRST TRUST SPECIALTY FINANCE & FINANCIAL OPPORTUNITIES FUND,,False,25-NSE,2025-06-30,http:404,,,0,0,no-data
1593548,AGS,AGS,"PlayAGS, Inc.",,False,25-NSE,2025-07-01,http:404,,,0,0,no-data
1782754,AZEK,AZEK,AZEK Co Inc.,,False,25-NSE,2025-07-01,http:404,,,0,0,no-data
1318568,EVRI,EVRI,Everi Holdings Inc.,,False,25-NSE,2025-07-01,http:404,,,0,0,no-data
1159152,JHX,JHX|JHIUF,James Hardie Industries plc,James Hardie Industries plc,True,25-NSE,2025-07-01,NYSE,2021-09-07,2026-09-04,1255,298,still-listed
1043604,JNPR,JNPR,JUNIPER NETWORKS INC,,False,25-NSE,2025-07-02,http:404,,,0,0,no-data
1858007,GDST,GDST|GDSTR|GDSTU|GDSTW,Goldenstone Acquisition Ltd.,Chi Special Acquisition Corp.,True,25-NSE,2025-07-08,OTC Markets OTCPK,2022-04-14,2026-09-04,1102,294,otc-continuation
2009684,SEG,SEG,Seaport Entertainment Group Inc.,Seaport Entertainment Group Inc.,True,25,2025-07-08,NYSE,2024-07-30,2026-09-04,528,294,still-listed
1883984,ALCE,ALCE|ACLEW,"Alternus Clean Energy, Inc.",Alternus Clean Energy Inc,True,25-NSE,2025-07-09,OTC Markets OTCPK,2026-07-17,2026-09-04,36,36,otc-continuation
1599407,EFSH,EFSH,1847 Holdings LLC,,False,25-NSE,2025-07-09,http:404,,,0,0,no-data
1845550,PLMJF,PLMJF|PLMUF|PLMWF,Plum Acquisition Corp. III,Plum Acquisition Corp III,True,25-NSE,2025-07-10,OTC Markets OTCPK,2026-07-17,2026-09-04,36,36,otc-continuation
1691936,SNAX,SNAX|SNAXW,"STRYVE FOODS, INC.","Stryve Foods, Inc.",True,25-NSE,2025-07-10,OTC Markets OTCPK,2021-09-07,2026-09-04,1255,292,otc-continuation
1492674,TTOO,TTOO,"T2 Biosystems, Inc.","T2 Biosystems, Inc.",True,25-NSE,2025-07-10,OTC Markets OTCPK,2021-09-07,2026-09-04,1255,292,otc-continuation
1061027,VIRX,VIRX,"Viracta Therapeutics, Inc.",,False,25-NSE,2025-07-10,http:404,,,0,0,no-data
1133818,BPTH,BPTH,"BIO-PATH HOLDINGS, INC.","Bio-Path Holdings, Inc.",True,25-NSE,2025-07-11,OTC Markets OTCPK,2021-09-07,2026-09-04,1255,291,otc-continuation
1889450,FTII,FTII|FTIIU|FTIIW,FutureTech II Acquisition Corp.,FutureTech II Acquisition Corp.,True,25-NSE,2025-07-11,OTC Markets OTCPK,2022-04-08,2026-09-04,1106,291,otc-continuation
1893311,LUXH,LUXH|LUXHP,LUXURBAN HOTELS INC.,,False,25-NSE,2025-07-11,http:404,,,0,0,no-data
1892747,VMCAF,VMCAF|VMCUF|VMCWF,Valuence Merger Corp. I,Valuence Merger Corp. I,True,25-NSE,2025-07-11,OTC Markets OTCPK,2025-03-11,2026-09-04,375,291,otc-continuation
1913577,DNQAF,DNQAF|DNQUF|DNQWF,Denali Capital Acquisition Corp.,,False,25-NSE,2025-07-14,http:404,,,0,0,no-data
1363829,ESGR,ESGR|ESGRO|ESGRP,Enstar Group LTD,,False,25,2025-07-14,http:404,,,0,0,no-data
1852889,IVAUF,IVAUF|IVAWF|IVCAF,Investcorp AI Acquisition Corp.,Libity,False,25-NSE,2025-07-14,OTC Markets OTCPK,2022-05-10,2026-09-04,1085,290,identity-mismatch
1882464,MSSAF,MSSAF|MSSRF|MSSUF|MSSWF,Metal Sky Star Acquisition Corp,Metal Sky Star Acquisition Corporation,True,25-NSE,2025-07-14,OTC Markets OTCPK,2022-05-31,2026-09-04,1071,290,otc-continuation
1907730,YOTA,YOTA|YOTAR|YOTAU|YOTAW,Yotta Acquisition Corp,Yotta Acquisition Corporation,True,25-NSE,2025-07-14,OTC Markets OTCPK,2022-06-27,2026-09-04,1053,290,otc-continuation
1903392,CLRCF,CLRCF|CLRRF|CLRUF|CLRWF,ClimateRock,ClimateRock,True,25-NSE,2025-07-15,OTC Markets OTCPK,2022-06-02,2026-09-04,1069,289,otc-continuation
1889112,REEUF,REEUF|REEWF|RENEF,Cartesian Growth Corp II,Cartesian Growth Corporation II,True,25-NSE,2025-07-15,OTC Markets OTCPK,2022-05-06,2026-09-04,1087,289,otc-continuation
1973368,SVUHF,SVUHF|SVUWF,SRIVARU Holding Ltd,SRIVARU Holding Limited,True,25-NSE,2025-07-15,OTC Markets OTCPK,2022-09-27,2026-09-04,989,289,otc-continuation
1903464,AIMTF,AIMTF|AIMUF|AIMWF,Aimfinity Investment Corp. I,,False,25-NSE,2025-07-16,http:404,,,0,0,no-data
1995413,CLBR,CLBR,COLOMBIER ACQUISITION CORP. II,Colombier Acquisition Corp. III,True,25-NSE,2025-07-16,NYSE,2026-03-27,2026-09-04,112,112,still-listed
1861063,AQUC,AQUC,Aquaron Acquisition Corp.,Aquaron Acquisition Corp.,True,25-NSE,2025-07-17,OTC Markets OTCPK,2022-10-19,2026-09-04,973,287,otc-continuation
850033,BPT,BPT|BPPTU,BP PRUDHOE BAY ROYALTY TRUST,,False,25-NSE,2025-07-17,http:404,,,0,0,no-data
1644963,ATXI,ATXI,"AVENUE THERAPEUTICS, INC.","Avenue Therapeutics, Inc.",True,25-NSE,2025-07-18,OTC Markets OTCID,2021-09-07,2026-09-04,1255,286,otc-continuation
1845942,BNIX,BNIX|BNIXR|BNIXW,Bannix Acquisition Corp.,,False,25-NSE,2025-07-18,http:404,,,0,0,no-data
2000640,DMNID,DMNID|DMNIF,Damon Inc.,,False,25-NSE,2025-07-18,http:404,,,0,0,no-data
1995194,PITEF,PITEF|PITWF,Heramba Electric plc,Heramba Electric plc,True,25-NSE,2025-07-18,OTC Markets OTCPK,2024-07-30,2026-09-04,528,286,otc-continuation
1854463,WINV,WINV,WinVest Acquisition Corp.,WinVest Acquisition Corp.,True,25-NSE,2025-07-18,OTC Markets OTCPK,2021-10-04,2026-09-04,1236,286,otc-continuation
1955104,ZAPPF,ZAPPF|ZAPWF,Zapp Electric Vehicles Group Ltd,Zapp Electric Vehicles Group Limited,True,25-NSE,2025-07-18,OTC Markets OTCPK,2023-08-17,2026-09-04,766,286,otc-continuation
1608390,AFMDQ,AFMDQ,Affimed N.V.,Affimed N.V.,True,25-NSE,2025-07-21,OTC Markets OTCPK,2021-09-07,2026-09-04,1255,285,otc-continuation
1070050,APCX,APCX|APCXW,AppTech Payments Corp.,AppTech Payments Corp.,True,25-NSE,2025-07-21,OTC Markets OTCQB,2021-09-07,2026-09-04,1255,285,otc-continuation
882361,APTOF,APTOF,Aptose Biosciences Inc.,,False,25-NSE,2025-07-21,http:404,,,0,0,no-data
727207,AXDXQ,AXDXQ,"Accelerate Diagnostics, Inc",,False,25-NSE,2025-07-21,http:404,,,0,0,no-data
1729944,BACK,BACK,"IMAC Holdings, Inc.","IMAC Holdings, Inc.",True,25-NSE,2025-07-21,OTC Markets OTCPK,2021-09-07,2026-09-04,1255,285,otc-continuation
1708176,HOFV,HOFV,Hall of Fame Resort & Entertainment Co,,False,25-NSE,2025-07-21,http:404,,,0,0,no-data
1487839,LKCOF,LKCOF,Luokung Technology Corp.,Luokung Technology Corp.,True,25-NSE,2025-07-21,OTC Markets OTCPK,2021-09-07,2026-09-04,1255,285,otc-continuation
1816319,LYTHF,LYTHF,Lytus Technologies Holdings PTV. Ltd.,Lytus Technologies Holdings PTV. Ltd.,True,25-NSE,2025-07-21,OTC Markets OTCPK,2022-06-15,2026-09-04,1060,285,otc-continuation
1708331,VRPX,VRPX,"Virpax Pharmaceuticals, Inc.","Virpax Pharmaceuticals, Inc.",True,25-NSE,2025-07-21,OTC Markets OTCPK,2021-09-07,2026-09-04,1255,285,otc-continuation
1854275,ZCAR,ZCAR|ZCARW,"Zoomcar Holdings, Inc.","Zoomcar Holdings, Inc.",True,25-NSE,2025-07-21,OTC Markets OTCQB,2022-01-04,2026-09-04,1172,285,otc-continuation
1583771,HEPA,HEPA|CTRVP,"Hepion Pharmaceuticals, Inc.","Hepion Pharmaceuticals, Inc.",True,25-NSE,2025-07-22,OTC Markets OTCQB,2021-09-07,2026-09-04,1255,284,otc-continuation
1914818,STBXF,STBXF,Starbox Group Holdings Ltd.,Starbox Group Holdings Ltd.,True,25-NSE,2025-07-22,OTC Markets OTCPK,2022-08-23,2026-09-04,1013,284,otc-continuation
1477246,SANW,SANW,S&W Seed Co,S&W Seed Company,True,25,2025-07-24,OTC Markets OTCPK,2021-09-07,2026-09-04,1255,282,otc-continuation
1760542,HOOK,HOOK,HOOKIPA Pharma Inc.,,False,25,2025-07-29,http:404,,,0,0,no-data
1923840,THRD,THRD,"Third Harmonic Bio, Inc.",,False,25,2025-07-31,http:404,,,0,0,no-data
6176,AP,AP|AP-WT,AMPCO PITTSBURGH CORP,Ampco-Pittsburgh Corporation,True,25-NSE,2025-08-01,NYSE,2021-09-07,2026-09-04,1255,276,still-listed
1761696,CRKN,CRKN,Crown Electrokinetics Corp.,Crown Electrokinetics Corp.,True,25,2025-08-04,OTC Markets OTCPK,2021-09-07,2026-09-04,1255,275,otc-continuation
1964021,NCNCF,NCNCF|NCNWF,noco-noco Inc.,noco-noco Inc.,True,25-NSE,2025-08-04,OTC Markets OTCPK,2023-08-28,2026-09-04,759,275,otc-continuation
1170300,PCK,PCK,PIMCO CALIFORNIA MUNICIPAL INCOME FUND II,,False,25-NSE,2025-08-04,http:404,,,0,0,no-data
1140392,PMF,PMF,PIMCO MUNICIPAL INCOME FUND,,False,25-NSE,2025-08-04,http:404,,,0,0,no-data
1181506,PMX,PMX,PIMCO MUNICIPAL INCOME FUND III,,False,25-NSE,2025-08-04,http:404,,,0,0,no-data
1140410,PNF,PNF,PIMCO NEW YORK MUNICIPAL INCOME FUND,,False,25-NSE,2025-08-04,http:404,,,0,0,no-data
1181505,PYN,PYN,PIMCO NEW YORK MUNICIPAL INCOME FUND III,,False,25-NSE,2025-08-04,http:404,,,0,0,no-data
1181504,PZC,PZC,PIMCO CALIFORNIA MUNICIPAL INCOME FUND III,,False,25-NSE,2025-08-04,http:404,,,0,0,no-data
1553788,SBEV,SBEV|SBEVW,"SPLASH BEVERAGE GROUP, INC.",Splash Beverage Group Inc,True,25-NSE,2025-08-05,NYSE American,2026-07-17,2026-09-04,36,36,still-listed
1906133,ICCT,ICCT,iCoreConnect Inc.,,False,25-NSE,2025-08-06,http:404,,,0,0,no-data
1566826,LGMK,LGMK,"LogicMark, Inc.","LogicMark, Inc.",True,25-NSE,2025-08-06,OTC Markets OTCID,2021-09-07,2026-09-04,1255,273,otc-continuation
2021938,SNRE,SNRE|SNNRF|SNRBY,Sunrise Communications AG,,False,25,2025-08-06,http:404,,,0,0,no-data
1463361,UNBX,UNBX,"Unity Biotechnology, Inc.",,False,25-NSE,2025-08-06,http:404,,,0,0,no-data
1775085,CLEUF,CLEUF,China Liberal Education Holdings Ltd,China Liberal Education Holdings Limited,True,25-NSE,2025-08-07,OTC Markets OTCPK,2021-09-07,2026-09-04,1255,272,otc-continuation
1722969,NXUR,NXUR,"Nxu, Inc.","Nxu, Inc.",True,25-NSE,2025-08-07,OTC Markets OTCPK,2023-05-15,2026-09-04,831,272,otc-continuation
2016420,CHEB,CHEB,Chenghe Acquisition II Co.,,False,25-NSE,2025-08-08,http:404,,,0,0,no-data
1869974,OCEA,OCEA|OCEAW,"Ocean Biomedical, Inc.","Ocean Biomedical, Inc.",True,25-NSE,2025-08-08,OTC Markets OTCPK,2023-02-15,2026-09-04,892,271,otc-continuation
1293818,OPGN,OPGN,OPGEN INC,,False,25-NSE,2025-08-08,http:404,,,0,0,no-data
1381074,RTCJD,RTCJD|RTCJF,Baijiayun Group Ltd,,False,25-NSE,2025-08-08,http:404,,,0,0,no-data
1872812,TCBPY,TCBPY|TCBWF,TC BioPharm,,False,25-NSE,2025-08-08,http:404,,,0,0,no-data
1946573,NAKA,NAKA|NAKAW,"Kindly MD, Inc.",Nakamoto Inc.,False,25,2025-08-15,NasdaqGM,2024-05-31,2026-09-04,568,266,identity-mismatch
96793,SSY,SSY,SUNLINK HEALTH SYSTEMS INC,,False,25-NSE,2025-08-15,http:404,,,0,0,no-data
1539638,TFIN,TFIN|TFINP,"Triumph Financial, Inc.","Triumph Financial, Inc.",True,25,2025-08-18,NYSE,2021-09-07,2026-09-04,1255,265,still-listed
1981462,LDTCF,LDTCF|LDTDF,LeddarTech Holdings Inc.,LeddarTech Holdings Inc.,True,25-NSE,2025-08-22,OTC Markets OTCPK,2023-12-22,2026-09-04,677,261,otc-continuation
1642122,AC,AC,"Associated Capital Group, Inc.",,False,25,2025-08-25,http:404,,,0,0,no-data
1113423,CSCI,CSCI,COSCIENS Biopharma Inc.,,False,25,2025-08-26,http:404,,,0,0,no-data
1799208,DNB,DNB,"Dun & Bradstreet Holdings, Inc.",,False,25-NSE,2025-08-26,http:404,,,0,0,no-data
1258943,MAV,MAV,"PIONEER MUNICIPAL HIGH INCOME ADVANTAGE FUND, INC.",,False,25-NSE,2025-08-27,http:404,,,0,0,no-data
1223026,MHI,MHI,"PIONEER MUNICIPAL HIGH INCOME FUND, INC.",,False,25-NSE,2025-08-27,http:404,,,0,0,no-data
1864290,MIO,MIO,"Pioneer Municipal High Income Opportunities Fund, Inc.",,False,25-NSE,2025-08-27,http:404,,,0,0,no-data
1854401,BRDG,BRDG,Bridge Investment Group Holdings Inc.,,False,25-NSE,2025-09-02,http:404,,,0,0,no-data
1600438,GMS,GMS,GMS Inc.,,False,25-NSE,2025-09-04,http:404,,,0,0,no-data
1230992,MAG,MAG,MAG SILVER CORP,,False,25-NSE,2025-09-04,http:404,,,0,0,no-data
1346610,SOS,SOS,SOS Ltd,SOS Limited,True,25-NSE,2025-09-08,NYSE,2021-09-07,2026-09-04,1255,251,still-listed
1431695,OLO,OLO,Olo Inc.,,False,25-NSE,2025-09-12,http:404,,,0,0,no-data
1065837,SKX,SKX,SKECHERS USA INC,,False,25-NSE,2025-09-12,http:404,,,0,0,no-data
1869601,EMCGF,EMCGF|EMCRF|EMCUF|EMCWF,Embrace Change Acquisition Corp.,Embrace Change Acquisition Corp.,True,25-NSE,2025-09-18,OTC Markets OTCPK,2022-09-30,2026-09-04,986,243,otc-continuation
1842356,PETXQ,PETXQ,Wag! Group Co.,,False,25-NSE,2025-09-18,http:404,,,0,0,no-data
1455684,TPICQ,TPICQ,"TPI COMPOSITES, INC",TPI Composites Inc,True,25-NSE,2025-09-18,OTC Markets OTCPK,2026-07-06,2026-09-04,45,45,otc-continuation
1823144,CMPO,CMPO|CMPOW,"CompoSecure, Inc.",,False,25,2025-09-22,http:404,,,0,0,no-data
1547994,JPI,JPI,Nuveen Preferred Securities & Income Opportunities Fund,,False,25-NSE,2025-09-22,http:404,,,0,0,no-data
2039497,RHLD,RHLD,"Resolute Holdings Management, Inc.","Resolute Holdings Management, Inc.",True,25,2025-09-22,NYSE,2025-02-24,2026-09-04,386,241,still-listed
1122491,BRFS,BRFS,BRF S.A.,,False,25-NSE,2025-09-23,http:404,,,0,0,no-data
1844981,FAAS,FAAS|FAASW,DIGIASIA CORP.,,False,25,2025-09-23,http:404,,,0,0,no-data
1853138,AACT,AACT,"Kodiak Al, Inc.",,False,25,2025-09-24,http:404,,,0,0,no-data
1959348,KLG,KLG,WK Kellogg Co,,False,25-NSE,2025-09-26,http:404,,,0,0,no-data
1388126,HNW,HNW,"Pioneer Diversified High Income Fund, Inc.",,False,25-NSE,2025-09-30,http:404,,,0,0,no-data
1166258,PHT,PHT,"PIONEER HIGH INCOME FUND, INC.",,False,25-NSE,2025-09-30,http:404,,,0,0,no-data
1991946,CGBSF,CGBSF,Crown LNG Holdings Ltd,Crown LNG Holdings Limited,True,25-NSE,2025-10-01,OTC Markets OTCPK,2024-07-10,2026-09-04,542,234,otc-continuation
1668010,DBGI,DBGI,"Digital Brands Group, Inc.","Digital Brands Group, Inc.",True,25-NSE,2025-10-01,NasdaqCM,2021-09-07,2026-09-04,1255,234,still-listed
1915380,DMYY,DMYY,"dMY Squared Technology Group, Inc.",,False,25-NSE,2025-10-01,http:404,,,0,0,no-data
1220754,MODVQ,MODVQ,ModivCare Inc,,False,25-NSE,2025-10-01,http:404,,,0,0,no-data
1671284,NEUE,NEUE,"NeueHealth, Inc.",,False,25-NSE,2025-10-02,http:404,,,0,0,no-data
1781730,TCBX,TCBX,"Third Coast Bancshares, Inc.","Third Coast Bancshares, Inc.",True,25,2025-10-03,NYSE,2021-11-09,2026-09-04,1210,232,still-listed
1347242,LIPO,LIPO,LIPELLA PHARMACEUTICALS INC.,Lipella Pharmaceuticals Inc.,True,25-NSE,2025-10-06,OTC Markets OTCPK,2022-12-20,2026-09-04,930,231,otc-continuation
1137883,BCLI,BCLI,BRAINSTORM CELL THERAPEUTICS INC.,Brainstorm Cell Therapeutics Inc.,True,25-NSE,2025-10-09,OTC Markets OTCQB,2021-09-07,2026-09-04,1255,228,otc-continuation
1370637,ETSY,ETSY,ETSY INC,"Etsy, Inc.",True,25,2025-10-10,NYSE,2021-09-07,2026-09-04,1255,227,still-listed
866095,JEQ,JEQ,"ABRDN JAPAN EQUITY FUND, INC.",,False,25-NSE,2025-10-14,http:404,,,0,0,no-data
1865187,ARIS,ARIS,"Aris Water Solutions, Inc.",Aris Mining Corporation,True,25-NSE,2025-10-15,NYSE,2021-09-07,2026-09-04,1255,224,still-listed
1305767,PHD,PHD,"Pioneer Floating Rate Fund, Inc.",,False,25-NSE,2025-10-15,http:404,,,0,0,no-data
910073,FLG,FLG|FLG-PA|FLG-PU,"FLAGSTAR BANK, NATIONAL ASSOCIATION","Flagstar Bank, National Association",True,25-NSE,2025-10-20,NYSE,2021-09-07,2026-09-04,1255,221,still-listed
1579157,VNCE,VNCE,VINCE HOLDING CORP.,Vince Holding Corp.,True,25,2025-10-20,NasdaqCM,2021-09-07,2026-09-04,1255,221,still-listed
1834494,MLNK,MLNK,"MeridianLink, Inc.",,False,25-NSE,2025-10-24,http:404,,,0,0,no-data
857949,ENFY,ENFY,Enlightify Inc.,Enlightify Inc.,True,25-NSE,2025-10-27,OTC Markets OTCPK,2021-09-07,2026-09-04,1255,216,otc-continuation
1177162,ENX,ENX,Eaton Vance New York Municipal Bond Fund,,False,25-NSE,2025-10-27,http:404,,,0,0,no-data
1177161,EVM,EVM,Eaton Vance California Municipal Bond Fund,,False,25-NSE,2025-10-27,http:404,,,0,0,no-data
1621227,ADAP,ADAP,Adaptimmune Therapeutics PLC,,False,25,2025-10-28,http:404,,,0,0,no-data
1769617,HONE,HONE,"HarborOne Bancorp, Inc.",,False,25,2025-10-28,http:404,,,0,0,no-data
1937441,AMBI,AMBI,Ambipar Emergency Response,,False,25-NSE,2025-10-29,http:404,,,0,0,no-data
845379,CHN,CHN,"China Fund, Inc.",,False,25-NSE,2025-10-31,http:404,,,0,0,no-data
1825155,TIXT,TIXT,TELUS International,,False,25-NSE,2025-10-31,http:404,,,0,0,no-data
1703079,XFLT,XFLT,XAI Octagon Floating Rate & Alternative Income Trust,XAI Floating Rate & Alternative Income Trust,True,25-NSE,2025-10-31,NYSE,2021-09-07,2026-09-04,1255,212,still-listed
1517767,CCIA,CCIA|CCIF,Carlyle Credit Income Fund,,False,25-NSE,2025-11-03,http:404,,,0,0,no-data
750004,LNW,LNW|LAWIL,"Light & Wonder, Inc.",,False,25,2025-11-03,http:404,,,0,0,no-data
1809158,KUKE,KUKE,Kuke Music Holding Ltd,,False,25-NSE,2025-11-05,http:404,,,0,0,no-data
1439095,MRC,MRC,MRC GLOBAL INC.,,False,25-NSE,2025-11-06,http:404,,,0,0,no-data
1757064,GNFT,GNFT,Genfit S.A.,,False,25,2025-11-10,http:404,,,0,0,no-data
1815620,OPT,OPT|CKDXF,Opthea Ltd,,False,25,2025-11-10,http:404,,,0,0,no-data
1704299,TEAF,TEAF,TORTOISE SUSTAINABLE & SOCIAL IMPACT TERM FUND,,False,25-NSE,2025-11-10,http:404,,,0,0,no-data
1843477,SVII,SVII|SVIIR|SVIIU|SVIIW,Spring Valley Acquisition Corp. II,,False,25-NSE,2025-11-12,http:404,,,0,0,no-data
1285786,EMX,EMX,EMX Royalty Corp,,False,25-NSE,2025-11-13,http:404,,,0,0,no-data
1397047,FPAY,FPAY,"FlexShopper, Inc.",,False,25-NSE,2025-11-14,http:404,,,0,0,no-data
1946399,LSBCF,LSBCF|LSBWF,"LakeShore Biopharma Co., Ltd.",,False,25-NSE,2025-11-14,http:404,,,0,0,no-data
1879848,PEVM,PEVM,PHOENIX MOTOR INC.,Phoenix Motor Inc.,True,25-NSE,2025-11-14,OTC Markets OTCPK,2022-06-08,2026-09-04,1065,202,otc-continuation
1616543,SENS,SENS,"Senseonics Holdings, Inc.","Senseonics Holdings, Inc.",True,25,2025-11-14,NasdaqGS,2021-09-07,2026-09-04,1255,202,still-listed
1725123,CANG,CANG,Cango Inc.,Cango Inc.,True,25-NSE,2025-11-17,NYSE,2021-09-07,2026-09-04,1255,201,still-listed
1833835,PSFE,PSFE|PSEWF,Paysafe Ltd,Paysafe Limited,True,25-NSE,2025-11-17,NYSE,2021-09-07,2026-09-04,1255,201,still-listed
1721741,GORV,GORV,"Lazydays Holdings, Inc.",,False,25,2025-11-18,http:404,,,0,0,no-data
1868778,INFA,INFA,Informatica Inc.,,False,25-NSE,2025-11-18,http:404,,,0,0,no-data
1907982,QBTS,QBTS,D-Wave Quantum Inc.,D-Wave Quantum Inc.,True,25-NSE,2025-11-19,NasdaqGS,2021-09-07,2026-09-04,1255,199,still-listed
1815903,PTPI,PTPI,"Petros Pharmaceuticals, Inc.","Petros Pharmaceuticals, Inc.",True,25-NSE,2025-11-20,OTC Markets OTCPK,2021-09-07,2026-09-04,1255,198,otc-continuation
1300734,SISI,SISI,"SHINECO, INC.","Shineco, Inc.",True,25-NSE,2025-11-20,OTC Markets OTCPK,2021-09-07,2026-09-04,1255,198,otc-continuation
1888151,FMTOF,FMTOF,Femto Technologies Inc.,Femto Technologies Inc.,True,25-NSE,2025-11-21,OTC Markets OTCQB,2022-05-31,2026-09-04,1071,197,otc-continuation
1780531,OCFT,OCFT,"ONECONNECT FINANCIAL TECHNOLOGY CO., LTD.",,False,25-NSE,2025-11-21,http:404,,,0,0,no-data
72444,VXRT,VXRT,"Vaxart, Inc.","Vaxart, Inc.",True,25-NSE,2025-11-21,OTC Markets OTCQX,2021-09-07,2026-09-04,1255,197,otc-continuation
1899658,WLGSF,WLGSF,"WANG & LEE GROUP, Inc.","WANG & LEE GROUP, Inc.",True,25-NSE,2025-11-21,OTC Markets OTCPK,2023-04-20,2026-09-04,848,197,otc-continuation
1842939,XAGE,XAGE|XAGEW,"Longevity Health Holdings, Inc.","Longevity Health Holdings, Inc.",True,25-NSE,2025-11-21,OTC Markets OTCQB,2021-09-23,2026-09-04,1243,197,otc-continuation
1922446,DEC,DEC,Diversified Energy Co PLC,Diversified Energy Company,True,25-NSE,2025-11-24,NYSE,2021-09-07,2026-09-04,1255,196,still-listed
942126,TAIT,TAIT,TAITRON COMPONENTS INC,Taitron Components Incorporated,True,25,2025-11-24,OTC Markets OTCID,2021-09-07,2026-09-04,1255,196,otc-continuation
1975218,NETD,NETD|NETDU|NETDW,Nabors Energy Transition Corp. II,,False,25,2025-11-25,http:404,,,0,0,no-data
1016178,CARV,CARV,CARVER BANCORP INC,"Carver Bancorp, Inc.",True,25,2025-11-28,OTC Markets OTCQB,2021-09-07,2026-09-04,1255,193,otc-continuation
1298946,DRH,DRH|DRH-PA,DiamondRock Hospitality Co,DiamondRock Hospitality Company,True,25,2025-11-28,NasdaqGS,2021-09-07,2026-09-04,1255,193,still-listed
1821160,GHLD,GHLD,Guild Holdings Co,,False,25-NSE,2025-11-28,http:404,,,0,0,no-data
51644,IPG,IPG,"INTERPUBLIC GROUP OF COMPANIES, INC.",,False,25-NSE,2025-11-28,http:404,,,0,0,no-data
1591588,AMRK,AMRK,"A-Mark Precious Metals, Inc.",,False,25,2025-12-01,http:404,,,0,0,no-data
1845097,AMBP,AMBP,Ardagh Metal Packaging S.A.,Ardagh Metal Packaging S.A.,True,25-NSE,2025-12-03,NYSE,2021-09-07,2026-09-04,1255,190,still-listed
1630805,BW,BW|BWNB|BWSN|BW-PA,"Babcock & Wilcox Enterprises, Inc.","Babcock & Wilcox Enterprises, Inc.",True,25-NSE,2025-12-05,NYSE,2021-09-07,2026-09-04,1255,188,still-listed
1539029,CLSD,CLSD,"Clearside Biomedical, Inc.",,False,25,2025-12-08,http:404,,,0,0,no-data
1517413,FSLY,FSLY,"Fastly, Inc.","Fastly, Inc.",True,25,2025-12-08,NasdaqGS,2021-09-07,2026-09-04,1255,187,still-listed
879764,TTE,TTE|TTFNF,TotalEnergies SE,TotalEnergies SE,True,25-NSE,2025-12-08,NYSE,2021-09-07,2026-09-04,1255,187,still-listed
1392972,PRO,PRO,"PROS Holdings, Inc.",,False,25-NSE,2025-12-09,http:404,,,0,0,no-data
1050825,SCS,SCS,STEELCASE INC,,False,25-NSE,2025-12-10,http:404,,,0,0,no-data
1946021,HSPO,HSPO|HSPOR|HSPOU|HSPOW,Horizon Space Acquisition I Corp.,,False,25,2025-12-12,http:404,,,0,0,no-data
66756,ALE,ALE,ALLETE INC,,False,25-NSE,2025-12-15,http:404,,,0,0,no-data
1485003,CARM,CARM,Carisma Therapeutics Inc.,"Carisma Therapeutics, Inc.",True,25,2025-12-15,OTC Markets OTCPK,2023-03-08,2026-09-04,878,182,otc-continuation
1417892,SOL,SOL,Emeren Group Ltd,,False,25-NSE,2025-12-15,http:404,,,0,0,no-data
1528129,VTLE,VTLE,"Vital Energy, Inc.",,False,25-NSE,2025-12-15,http:404,,,0,0,no-data
1696355,BEDU,BEDU,Bright Scholar Education Holdings Ltd,,False,25-NSE,2025-12-16,http:404,,,0,0,no-data
1605607,PGRE,PGRE,"Paramount Group, Inc.",,False,25-NSE,2025-12-19,http:404,,,0,0,no-data
1219601,CCK,CCK,"CROWN HOLDINGS, INC.","Crown Holdings, Inc.",True,25-NSE,2025-12-22,NYSE,2021-09-07,2026-09-04,1255,177,still-listed
890066,GLBZ,GLBZ,GLEN BURNIE BANCORP,Glen Burnie Bancorp,True,25,2025-12-22,OTC Markets OTCQX,2021-09-07,2026-09-04,1255,177,otc-continuation
1000045,OMCC,OMCC,OLD MARKET CAPITAL Corp,Old Market Capital Corporation,True,25,2025-12-22,OTC Markets OTCPK,2021-09-07,2026-09-04,1255,177,otc-continuation
1954042,ZK,ZK,ZEEKR Intelligent Technology Holding Ltd,,False,25-NSE,2025-12-22,http:404,,,0,0,no-data
1814287,ABL,ABL|ABLLL,"Abacus Global Management, Inc.",,False,25,2025-12-29,http:404,,,0,0,no-data
1439124,AXIA,AXIA|AXIA-P,BRAZILIAN ELECTRIC POWER CO,AXIA Energia,False,25-NSE,2025-12-29,NYSE,2026-07-17,2026-09-04,36,36,identity-mismatch
1754836,EIC,EIC|EICA|EICB|EICC,Eagle Point Income Co Inc.,Eagle Point Income Company,True,25-NSE,2025-12-29,NYSE,2021-09-07,2026-09-04,1255,173,still-listed
1902314,MPTI,MPTI,"M-tron Industries, Inc.","M-tron Industries, Inc.",True,25-NSE,2025-12-29,NYSE American,2022-10-03,2026-09-04,985,173,still-listed
1701051,WOW,WOW,"WideOpenWest, Inc.",,False,25-NSE,2025-12-31,http:404,,,0,0,no-data
1833141,CYBN,CYBN,CYBIN INC.,,False,25,2026-01-02,http:404,,,0,0,no-data
1475260,CVE,CVE|CNVEF|CVE-WT,CENOVUS ENERGY INC.,Cenovus Energy Inc.,True,25-NSE,2026-01-05,NYSE,2021-09-07,2026-09-04,1255,169,still-listed
1499961,BINI,BINI,"BOLLINGER INNOVATIONS, INC.","Bollinger Innovations, Inc.",True,25-NSE,2026-01-08,OTC Markets OTCPK,2021-09-07,2026-09-04,1255,166,otc-continuation
1593222,CIO,CIO|CIO-PA,"City Office REIT, Inc.",,False,25-NSE,2026-01-09,http:404,,,0,0,no-data
1944057,CLCO,CLCO,Cool Co Ltd.,,False,25-NSE,2026-01-09,http:404,,,0,0,no-data
1398987,HOUS,HOUS,Anywhere Real Estate Inc.,,False,25-NSE,2026-01-09,http:404,,,0,0,no-data
885732,NXC,NXC,NUVEEN CALIFORNIA SELECT TAX FREE INCOME PORTFOLIO,,False,25-NSE,2026-01-12,http:404,,,0,0,no-data
885731,NXN,NXN,NUVEEN NEW YORK SELECT TAX -FREE INCOME PORTFOLIO,,False,25-NSE,2026-01-12,http:404,,,0,0,no-data
1398453,XIN,XIN,"Xinyuan Real Estate Co., Ltd.",,False,25-NSE,2026-01-14,http:404,,,0,0,no-data
1159167,IRBTQ,IRBTQ,IROBOT CORP,,False,25-NSE,2026-01-15,http:404,,,0,0,no-data
1819395,SONDQ,SONDQ|SONWQ,Sonder Holdings Inc.,Sonder Holdings Inc.,True,25-NSE,2026-01-20,OTC Markets OTCPK,2022-01-19,2026-09-04,1162,159,otc-continuation
1792829,VSTA,VSTA,Vasta Platform Ltd,,False,25,2026-01-20,http:404,,,0,0,no-data
1744494,ADN,ADN|ADNH|ADNWW,"ADVENT TECHNOLOGIES HOLDINGS, INC.",,False,25-NSE,2026-01-21,http:404,,,0,0,no-data
1936255,FORL,FORL|FORLU|FORLW,Four Leaf Acquisition Corp,Four Leaf Acquisition Corporation,True,25-NSE,2026-01-21,OTC Markets OTCPK,2023-05-16,2026-09-04,830,158,otc-continuation
1915328,ISLUF,ISLUF|ISLWF|ISRLF,Israel Acquisitions Corp,Israel Acquisitions Corp,True,25-NSE,2026-01-21,OTC Markets OTCPK,2023-01-13,2026-09-04,914,158,otc-continuation
912463,GES,GES,GUESS INC,,False,25-NSE,2026-01-23,http:404,,,0,0,no-data
1758057,LAZRQ,LAZRQ,"Luminar Technologies, Inc./DE",,False,25-NSE,2026-01-23,http:404,,,0,0,no-data
868278,PRPH,PRPH,"ProPhase Labs, Inc.","ProPhase Labs, Inc.",True,25-NSE,2026-01-23,OTC Markets OTCID,2021-09-07,2026-09-04,1255,156,otc-continuation
1022899,PTIX,PTIX|PTIXW,"Protagenic Therapeutics, Inc.\new","Protagenic Therapeutics, Inc.",True,25-NSE,2026-01-23,OTC Markets OTCQB,2021-09-07,2026-09-04,1255,156,otc-continuation
846475,ZYXIQ,ZYXIQ,ZYNEX INC,,False,25-NSE,2026-01-23,http:404,,,0,0,no-data
1846510,SHCO,SHCO,Soho House & Co Inc.,,False,25-NSE,2026-01-29,http:404,,,0,0,no-data
1409269,VERO,VERO,Venus Concept Inc.,,False,25,2026-01-30,http:404,,,0,0,no-data
1687221,REVG,REVG,"REV Group, Inc.",,False,25-NSE,2026-02-02,http:404,,,0,0,no-data
1725057,DAY,DAY,"Dayforce, Inc.",,False,25-NSE,2026-02-04,http:404,,,0,0,no-data
1532286,NINE,NINE,"Nine Energy Service, Inc.","Nine Energy Service, Inc.",True,25-NSE,2026-02-05,NYSE American,2026-03-31,2026-09-04,110,110,still-listed
1137393,BFK,BFK,BLACKROCK MUNICIPAL INCOME TRUST,,False,25-NSE,2026-02-09,http:404,,,0,0,no-data
1137391,BFZ,BFZ,BLACKROCK CALIFORNIA MUNICIPAL INCOME TRUST,,False,25-NSE,2026-02-09,http:404,,,0,0,no-data
1137390,BNY,BNY,BLACKROCK NEW YORK MUNICIPAL INCOME TRUST,The Bank of New York Mellon Corporation,False,25-NSE,2026-02-09,NYSE,2021-09-07,2026-09-04,1255,145,identity-mismatch
1181187,BYM,BYM,BLACKROCK MUNICIPAL INCOME QUALITY TRUST,,False,25-NSE,2026-02-09,http:404,,,0,0,no-data
1691421,LMND,LMND,"Lemonade, Inc.","Lemonade, Inc.",True,25-NSE,2026-02-09,NYSE,2021-09-07,2026-09-04,1255,145,still-listed
1038186,MHN,MHN,"BLACKROCK MUNIHOLDINGS NEW YORK QUALITY FUND, INC.",,False,25-NSE,2026-02-09,http:404,,,0,0,no-data
1071899,MUE,MUE,"BLACKROCK MUNIHOLDINGS QUALITY FUND II, INC.",,False,25-NSE,2026-02-09,http:404,,,0,0,no-data
1417398,HI,HI,"Hillenbrand, Inc.",,False,25-NSE,2026-02-10,http:404,,,0,0,no-data
1320695,THS,THS,"TreeHouse Foods, Inc.",,False,25-NSE,2026-02-11,http:404,,,0,0,no-data
2007825,CCCX,CCCX|CCCXU|CCCXW,Churchill Capital Corp X/Cayman,,False,25,2026-02-13,http:404,,,0,0,no-data
1126956,SR,SR|SRJN|SR-PA,SPIRE INC,Spire Inc.,True,25-NSE,2026-02-13,NYSE,2021-09-07,2026-09-04,1255,141,still-listed
1815974,ANEB,ANEB,"Anebulo Pharmaceuticals, Inc.","Anebulo Pharmaceuticals, Inc.",True,25,2026-02-17,OTC Markets OTCPK,2021-09-07,2026-09-04,1255,140,otc-continuation
1051514,SSKN,SSKN,"STRATA Skin Sciences, Inc.","STRATA Skin Sciences, Inc.",True,25,2026-02-19,OTC Markets OTCPK,2021-09-07,2026-09-04,1255,138,otc-continuation
1964504,ARMN,ARMN,Aris Mining Corp,,False,25,2026-02-20,http:404,,,0,0,no-data
894242,BKN,BKN,"BLACKROCK INVESTMENT QUALITY MUNICIPAL TRUST, INC.",,False,25-NSE,2026-02-23,http:404,,,0,0,no-data
1343793,BTA,BTA,BlackRock Long-Term Municipal Advantage Trust,Beacon Tactical Alternatives Risk ETF,False,25-NSE,2026-02-23,NYSEArca,2026-08-26,2026-09-04,8,8,identity-mismatch
887394,MQT,MQT,"BLACKROCK MUNIYIELD QUALITY FUND II, INC.",,False,25-NSE,2026-02-23,http:404,,,0,0,no-data
897269,MVT,MVT,"BLACKROCK MUNIVEST FUND II, INC.",,False,25-NSE,2026-02-23,http:404,,,0,0,no-data
879361,MYD,MYD,"BLACKROCK MUNIYIELD FUND, INC.",,False,25-NSE,2026-02-23,http:404,,,0,0,no-data
1945711,LVRO,LVRO|LVROW,Lavoro Ltd,,False,25,2026-02-24,http:404,,,0,0,no-data
1576018,SPNT,SPNT|SSPFF,SiriusPoint Ltd,SiriusPoint Ltd.,True,25-NSE,2026-02-26,NYSE,2021-09-07,2026-09-04,1255,133,still-listed
1841125,BSLK,BSLK|BSLKW,"Bolt Projects Holdings, Inc.","Bolt Projects Holdings, Inc.",True,25,2026-03-02,OTC Markets OTCPK,2024-08-14,2026-09-04,517,131,otc-continuation
723603,CULP,CULP,CULP INC,"Culp, Inc.",True,25,2026-03-05,NasdaqCM,2021-09-07,2026-09-04,1255,128,still-listed
2021042,FTW,FTW|FTW-UN|FTW-WT,EQV Ventures Acquisition Corp.,Presidio Production Company,False,25-NSE,2026-03-05,NYSE,2024-09-27,2026-09-04,486,128,identity-mismatch
1836934,ZENV,ZENV,Zenvia Inc.,,False,25,2026-03-09,http:404,,,0,0,no-data
1475115,EB,EB,"Eventbrite, Inc.",,False,25-NSE,2026-03-10,http:404,,,0,0,no-data
1852353,DC,DC|DC-WT,Dakota Gold Corp.,Dakota Gold Corp.,True,25-NSE,2026-03-16,NYSE American,2022-04-05,2026-09-04,1109,121,still-listed
101538,UAMY,UAMY,UNITED STATES ANTIMONY CORP,United States Antimony Corporation,True,25,2026-03-16,NYSE,2021-09-07,2026-09-04,1255,121,still-listed
1898474,SGN,SGN,"Signing Day Sports, Inc.",,False,25-NSE,2026-03-17,http:404,,,0,0,no-data
1922858,ECDA,ECDA|ECDAW,"ECD Automotive Design, Inc.",,False,25,2026-03-20,http:404,,,0,0,no-data
800166,NGD,NGD,New Gold Inc. /FI,,False,25-NSE,2026-03-20,http:404,,,0,0,no-data
39899,TGNA,TGNA,TEGNA INC,,False,25-NSE,2026-03-20,http:404,,,0,0,no-data
1542028,DVS,DVS,DOLLY VARDEN SILVER CORP,,False,25-NSE,2026-03-27,http:404,,,0,0,no-data
1298699,BXMX,BXMX,Nuveen S&P 500 BuyWrite Income Fund,,False,25-NSE,2026-03-30,http:404,,,0,0,no-data
1608742,DIAX,DIAX,Nuveen Dow 30sm Dynamic Overwrite Fund,,False,25-NSE,2026-03-30,http:404,,,0,0,no-data
1654795,BBU,BBU,Brookfield Business Corp,,False,25-NSE,2026-03-31,http:404,,,0,0,no-data
1871130,BBUC,BBUC,Brookfield Business Holdings Corp,Brookfield Business Corporation,True,25-NSE,2026-03-31,NYSE,2022-03-07,2026-09-04,1130,110,still-listed
1110611,ONTF,ONTF,ON24 INC.,,False,25-NSE,2026-04-01,http:404,,,0,0,no-data
1577134,TFSA,TFSA,"Terra Income Fund 6, LLC",,False,25-NSE,2026-04-01,http:404,,,0,0,no-data
846617,DCOM,DCOM|DCOMG|DCOMP,"Dime Community Bancshares, Inc. /NY/","Dime Commercial Bancshares, Inc.",True,25,2026-04-06,NYSE,2021-09-07,2026-09-04,1255,107,still-listed
1301236,SOHON,SOHON|SOHOO,Sotherly Hotels Inc.,Sotherly Hotels Inc.,True,25,2026-04-08,OTC Markets OTCPK,2021-09-07,2026-09-04,1255,105,otc-continuation
1970509,HYAC,HYAC,Haymaker Acquisition Corp. 4,,False,25-NSE,2026-04-09,http:404,,,0,0,no-data
1012100,SEE,SEE,SEALED AIR CORP/DE,,False,25-NSE,2026-04-09,http:404,,,0,0,no-data
1829311,BMNR,BMNR,"BITMINE IMMERSION TECHNOLOGIES, INC.","Bitmine Immersion Technologies, Inc.",True,25,2026-04-16,NYSE,2025-06-05,2026-09-04,315,99,still-listed
1779474,MAPS,MAPS|MAPSW,"WM TECHNOLOGY, INC.","WM Technology, Inc.",True,25,2026-04-17,OTC Markets OTCQX,2021-09-07,2026-09-04,1255,98,otc-continuation
1327273,LYRA,LYRA,"Lyra Therapeutics, Inc.","Lyra Therapeutics, Inc.",True,25,2026-04-20,OTC Markets OTCPK,2021-09-07,2026-09-04,1255,97,otc-continuation
870780,NQP,NQP,NUVEEN PENNSYLVANIA QUALITY MUNICIPAL INCOME FUND,,False,25-NSE,2026-04-27,http:404,,,0,0,no-data
1831840,SEMR,SEMR,"SEMrush Holdings, Inc.",,False,25-NSE,2026-04-28,http:404,,,0,0,no-data
1567683,CWEN,CWEN|CWEN-A,"Clearway Energy, Inc.","Clearway Energy, Inc.",True,25-NSE,2026-05-01,NYSE,2021-09-07,2026-09-04,1255,88,still-listed
1899830,PERF,PERF|PERFF,Perfect Corp.,Perfect Corp.,True,25-NSE,2026-05-01,NYSE,2022-10-31,2026-09-04,965,88,still-listed
1254699,QVCCQ,QVCCQ|QVCDQ,QVC INC,,False,25-NSE,2026-05-04,OTC Markets OTCPK,2026-07-17,2026-09-04,36,36,identity-mismatch
1600626,PKST,PKST,Peakstone Realty Trust,,False,25-NSE,2026-05-06,http:404,,,0,0,no-data
1956439,APAD,APAD|APADR|APADU,Enhanced Group Inc.,,False,25,2026-05-07,http:404,,,0,0,no-data
858470,CTRA,CTRA,Coterra Energy Inc.,,False,25-NSE,2026-05-07,http:404,,,0,0,no-data
768899,TBI,TBI,"TrueBlue, Inc.","TrueBlue, Inc.",True,25-NSE,2026-05-07,NYSE,2021-09-07,2026-09-04,1255,84,still-listed
1782999,PRTC,PRTC|PTCHF,PureTech Health plc,,False,25,2026-05-11,http:404,,,0,0,no-data
933267,IRS,IRS|IRS-WT,IRSA INVESTMENTS & REPRESENTATIONS INC,IRSA Inversiones y Representaciones Sociedad Anónima,False,25-NSE,2026-05-12,NYSE,2021-09-07,2026-09-04,1255,81,identity-mismatch
1705012,FABTQ,FABTQ|FATAQ|FATPQ,"Fat Brands, Inc",FAT Brands Inc.,True,25-NSE,2026-05-14,OTC Markets OTCPK,2026-07-17,2026-09-04,36,36,otc-continuation
1803737,EHAB,EHAB,"Enhabit, Inc.",,False,25-NSE,2026-05-15,http:404,,,0,0,no-data
24741,GLW,GLW,CORNING INC /NY,Corning Incorporated,True,25-NSE,2026-05-15,NYSE,2021-09-07,2026-09-04,1255,78,still-listed
1129155,MPX,MPX,MARINE PRODUCTS CORP,,False,25-NSE,2026-05-15,http:404,,,0,0,no-data
876717,FCO,FCO,"ABRDN GLOBAL INCOME FUND, INC.",,False,25-NSE,2026-05-18,http:404,,,0,0,no-data
1802450,MSPR,MSPR|MSPRW|MSPRZ,"MSP Recovery, Inc.","MSP Recovery, Inc.",True,25-NSE,2026-05-18,OTC Markets OTCPK,2022-05-24,2026-09-04,1075,77,otc-continuation
1527599,SYBX,SYBX,"SYNLOGIC, INC.","Synlogic, Inc.",True,25-NSE,2026-05-18,OTC Markets OTCPK,2021-09-07,2026-09-04,1255,77,otc-continuation
1782037,YGMZF,YGMZF,MingZhu Logistics Holdings Ltd,MingZhu Logistics Holdings Limited,True,25-NSE,2026-05-18,OTC Markets OTCPK,2021-09-07,2026-09-04,1255,77,otc-continuation
1633336,CCAP,CCAP|FCRX,"Crescent Capital BDC, Inc.","Crescent Capital BDC, Inc.",True,25-NSE,2026-05-26,NasdaqGM,2021-09-07,2026-09-04,1255,72,still-listed
924901,VRE,VRE,"Veris Residential, Inc.",,False,25-NSE,2026-05-27,http:404,,,0,0,no-data
911216,PTN,PTN,PALATIN TECHNOLOGIES INC,"Palatin Technologies, Inc.",True,25,2026-05-28,NasdaqCM,2021-09-07,2026-09-04,1255,70,still-listed
1489096,THR,THR,"Thermon Group Holdings, Inc.",,False,25-NSE,2026-06-01,http:404,,,0,0,no-data
1900720,EPWKF,EPWKF,EPWK Holdings Ltd.,EPWK Holdings Ltd.,True,25-NSE,2026-06-02,OTC Markets OTCPK,2025-02-06,2026-09-04,397,67,otc-continuation
1939365,IVPR,IVPR,"INSPIRE VETERINARY PARTNERS, INC.","Inspire Veterinary Partners, Inc.",True,25-NSE,2026-06-04,OTC Markets OTCPK,2023-08-30,2026-09-04,757,65,otc-continuation
2011954,TWNPQ,TWNPQ,Twin Hospitality Group Inc.,Twin Hospitality Group Inc.,True,25-NSE,2026-06-04,OTC Markets OTCPK,2025-01-28,2026-09-04,404,65,otc-continuation
1231346,SA,SA,SEABRIDGE GOLD INC,Seabridge Gold Inc.,True,25-NSE,2026-06-05,NYSE,2021-09-07,2026-09-04,1255,64,still-listed
809844,CMU,CMU,MFS HIGH YIELD MUNICIPAL TRUST,,False,25-NSE,2026-06-08,http:404,,,0,0,no-data
845606,CXE,CXE,MFS HIGH INCOME MUNICIPAL TRUST,,False,25-NSE,2026-06-08,http:404,,,0,0,no-data
847411,CXH,CXH,MFS INVESTMENT GRADE MUNICIPAL TRUST,,False,25-NSE,2026-06-08,http:404,,,0,0,no-data
1865494,IOBTQ,IOBTQ,"IO Biotech, Inc.","IO Biotech, Inc.",True,25-NSE,2026-06-08,OTC Markets OTCPK,2021-11-05,2026-09-04,1212,63,otc-continuation
1994624,STAI,STAI,ScanTech AI Systems Inc.,ScanTech AI Systems Inc.,True,25-NSE,2026-06-08,OTC Markets OTCPK,2025-01-03,2026-09-04,419,63,otc-continuation
2002038,LEGT,LEGT,Legato Merger Corp. III,,False,25-NSE,2026-06-10,http:404,,,0,0,no-data
35527,FITB,FITB|FITBI|FITBM|FITBO|FITBP,FIFTH THIRD BANCORP,Fifth Third Bancorp,True,25,2026-06-11,NYSE,2021-09-07,2026-09-04,1255,60,still-listed
1984014,BLMZF,BLMZF,Harrison Global Holdings Inc.,Harrison Global Holdings Inc.,True,25-NSE,2026-06-15,OTC Markets OTCPK,2024-07-24,2026-09-04,532,58,otc-continuation
1403161,V,V,VISA INC.,Visa Inc.,True,25-NSE,2026-06-15,NYSE,2021-09-07,2026-09-04,1255,58,still-listed
1409970,LC,LC,LendingClub Corp,,False,25,2026-06-18,http:404,,,0,0,no-data
1849221,PMNT,PMNT,Perfect Moment Ltd.,Perfect Moment Ltd. Common Stock,True,25-NSE,2026-06-18,OTC Markets OTCQB,2024-02-08,2026-09-04,646,55,otc-continuation
833021,CIF,CIF,MFS INTERMEDIATE HIGH INCOME FUND,,False,25-NSE,2026-06-22,http:404,,,0,0,no-data
851170,MCR,MCR,MFS CHARTER INCOME TRUST,,False,25-NSE,2026-06-22,http:404,,,0,0,no-data
1802457,ORGN,ORGN|ORGNW,"Origin Materials, Inc.",,False,25,2026-06-22,http:404,,,0,0,no-data
1962738,CASIF,CASIF,"CASI Pharmaceuticals, Inc.","CASI Pharmaceuticals, Inc.",True,25-NSE,2026-06-23,OTC Markets OTCQB,2021-09-07,2026-09-04,1255,53,otc-continuation
1659323,ITRMF,ITRMF,Iterum Therapeutics plc,Iterum Therapeutics plc,True,25-NSE,2026-06-23,OTC Markets OTCPK,2021-09-07,2026-09-04,1255,53,otc-continuation
2049717,JMG,JMG,JM Group Ltd,,False,25-NSE,2026-06-23,http:404,,,0,0,no-data
2102155,QLEP,QLEP,Quantum Leap Acquisition Corp,Quantum Leap Acquisition Corp,True,25-NSE,2026-06-23,NYSE,2026-06-23,2026-09-04,53,53,still-listed
1866368,CWAN,CWAN,"Clearwater Analytics Holdings, Inc.","Clearwater Analytics Holdings, Inc.",True,25-NSE,2026-06-25,NYSE,2026-07-02,2026-09-04,46,46,still-listed
1127703,PRA,PRA,PROASSURANCE CORP,,False,25-NSE,2026-06-26,http:404,,,0,0,no-data
1782941,TIRXF,TIRXF,TIAN RUIXIANG HOLDINGS LTD,Tian Ruixiang Holdings Ltd.,True,25-NSE,2026-06-26,OTC Markets OTCPK,2021-09-07,2026-09-04,1255,50,otc-continuation
1674356,TPTA,TPTA,"Terra Property Trust, Inc.",,False,25-NSE,2026-06-30,http:404,,,0,0,no-data
1633931,BLD,BLD,"QXO Insulation, LLC",,False,25-NSE,2026-07-01,http:404,,,0,0,no-data
1274173,JHG,JHG,Janus Henderson Group Ltc.,,False,25-NSE,2026-07-01,http:404,,,0,0,no-data
1320414,SEM,SEM,SELECT MEDICAL HOLDINGS CORP,,False,25-NSE,2026-07-01,http:404,,,0,0,no-data
1567925,SILA,SILA,"Sila Realty Trust, Inc.",,False,25-NSE,2026-07-01,http:404,,,0,0,no-data
1922097,LANV,LANV|LANWF,Lanvin Group Holdings Ltd,Lanvin Group Holdings Limited,True,25-NSE,2026-07-06,NYSE,2021-09-07,2026-09-04,1255,45,still-listed
14693,BF-A,BF-A|BF-B,BROWN FORMAN CORP,Brown-Forman Corporation,True,25-NSE,2026-07-07,NYSE,2021-09-07,2026-09-04,1255,44,still-listed
1870600,SBDS,SBDS,"Solo Brands, Inc.","Solo Brands, Inc.",True,25-NSE,2026-07-08,OTC Markets OTCQB,2021-10-28,2026-09-04,1218,43,otc-continuation
1901336,ALCUF,ALCUF|ALCWF|ALCYF,Alchemy Investments Acquisition Corp 1,Alchemy Investments Acquisition Corp 1,True,25-NSE,2026-07-10,OTC Markets OTCPK,2023-05-05,2026-09-04,837,41,otc-continuation
1808220,GOCOQ,GOCOQ,"GoHealth, Inc.",GoHealth Inc,True,25-NSE,2026-07-10,OTC Markets OTCPK,2026-07-17,2026-09-04,36,36,otc-continuation
720154,NOTVQ,NOTVQ,"Inotiv, Inc.",Inotiv Inc,True,25-NSE,2026-07-10,OTC Markets OTCPK,2026-07-17,2026-09-04,36,36,otc-continuation
1742927,RVPH,RVPH,"REVIVA PHARMACEUTICALS HOLDINGS, INC.","Reviva Pharmaceuticals Holdings, Inc.",True,25-NSE,2026-07-10,OTC Markets OTCQB,2021-09-07,2026-09-04,1255,41,otc-continuation
1992243,TE,TE|TE-WT,T1 Energy Inc.,T1 Energy Inc.,True,25-NSE,2026-07-10,NYSE,2021-09-07,2026-09-04,1255,41,still-listed
1901799,BTMCQ,BTMCQ,Bitcoin Depot Inc.,Bitcoin Depot Inc,True,25-NSE,2026-07-13,OTC Markets OTCPK,2026-07-17,2026-09-04,36,36,otc-continuation
1870404,CERO,CERO,"CERO THERAPEUTICS HOLDINGS, INC.","CERo Therapeutics Holdings, Inc.",True,25-NSE,2026-07-13,OTC Markets OTCQB,2021-11-30,2026-09-04,1196,40,otc-continuation
1837254,MEHA,MEHA,Functional Brands Inc.,Functional Brands Inc.,True,25-NSE,2026-07-13,OTC Markets OTCID,2025-11-05,2026-09-04,209,40,otc-continuation
1843588,REE,REE,REE Automotive Ltd.,REE Automotive Ltd,True,25-NSE,2026-07-13,NasdaqGM,2026-07-14,2026-09-04,39,39,still-listed
2014955,SDM,SDM,Smart Digital Group Ltd,,False,25-NSE,2026-07-13,http:404,,,0,0,no-data
895574,VFL,VFL,abrdn National Municipal Income Fund,Delaware Investments Natl Muni Income,False,25-NSE,2026-07-13,NYSE American,2026-07-10,2026-09-04,41,40,identity-mismatch
1648087,AREB,AREB|AREBW,AMERICAN REBEL HOLDINGS INC,"American Rebel Holdings, Inc.",True,25-NSE,2026-07-14,OTC Markets OTCID,2022-02-07,2026-09-04,1149,39,otc-continuation
1141284,ASNS,ASNS,ACTELIS NETWORKS INC,"Actelis Networks, Inc.",True,25-NSE,2026-07-14,OTC Markets OTCQB,2022-05-13,2026-09-04,1082,39,otc-continuation
1759136,BHATF,BHATF,Blue Hat Interactive Entertainment Technology,Blue Hat Interactive Entertainment Technology,True,25-NSE,2026-07-14,OTC Markets OTCPK,2021-09-07,2026-09-04,1255,39,otc-continuation
1967478,CPTAF,CPTAF,Captivision Inc.,Captivision Inc.,True,25-NSE,2026-07-14,OTC Markets OTCPK,2023-11-16,2026-09-04,702,39,otc-continuation
1579214,EEX,EEX,"Emerald Holding, Inc.",Emerald Holding Inc,True,25-NSE,2026-07-14,NYSE,2026-07-13,2026-07-13,1,0,still-listed
1371782,MVO,MVO,MV Oil Trust,MV Oil Trust,True,25,2026-07-14,NYSE,2026-07-17,2026-09-04,36,36,still-listed
827187,SNBRQ,SNBRQ,Sleep Number Corp,Sleep Number Corporation,True,25-NSE,2026-07-14,OTC Markets OTCPK,2021-09-07,2026-09-04,1255,39,otc-continuation
1575828,XPRO,XPRO,EXPRO GROUP HOLDINGS N.V.,Expro Ltd,True,25-NSE,2026-07-14,NYSE,2021-09-07,2026-09-04,1255,39,still-listed
1160791,GORO,GORO,GOLD RESOURCE CORP,Goldgroup Mining Inc.,False,25-NSE,2026-07-20,NYSE American,2021-09-07,2026-09-04,1255,35,identity-mismatch
1718512,GTES,GTES,Gates Industrial Corp Ltd.,Gates Industrial Corporation Ltd.,True,25-NSE,2026-07-20,NYSE,2021-09-07,2026-09-04,1255,35,still-listed
1173382,CAE,CAE,CAE INC,CAE Inc.,True,25,2026-07-22,NasdaqGS,2021-09-07,2026-09-04,1255,33,still-listed
1618563,NSA,NSA|NSA-PA|NSA-PB,National Storage Affiliates Trust,National Storage Affiliates Trust,True,25-NSE,2026-07-22,NYSE,2026-07-17,2026-09-04,36,33,still-listed
1786108,TRIN,TRIN|TRINI|TRINZ,Trinity Capital Inc.,Trinity Capital Inc.,True,25,2026-07-24,NYSE,2021-09-07,2026-09-04,1255,31,still-listed
1606498,AVNS,AVNS,"AVANOS MEDICAL, INC.",Avanos Medical Inc,True,25-NSE,2026-07-27,NYSE,2026-07-17,2026-09-04,36,30,still-listed
1858681,APO,APO|APOS|APO-PA,"Apollo Global Management, Inc.","Apollo Global Management, Inc.",True,25-NSE,2026-07-31,NYSE,2021-09-07,2026-09-04,1255,26,still-listed
1680056,ORLA,ORLA,Orla Mining Ltd.,Orla Mining Ltd,True,25-NSE,2026-07-31,NYSE American,2026-07-17,2026-09-04,36,26,still-listed
885508,STRS,STRS,STRATUS PROPERTIES INC,Stratus Properties Inc.,True,25,2026-07-31,OTC Markets OTCPK,2021-09-07,2026-09-04,1255,26,otc-continuation
1517496,SLAI,SLAI|SLAIY,SOLAI Ltd,SOLAI Limited,True,25-NSE,2026-08-04,NYSE,2026-07-17,2026-09-04,36,24,still-listed
1953575,CNL,CNL,Collective Mining Ltd.,Collective Mining Ltd.,True,25,2026-08-10,NasdaqGS,2021-09-07,2026-09-04,1255,20,still-listed
1282850,FCT,FCT,FIRST TRUST SENIOR FLOATING RATE INCOME FUND II,First Trust Exchange Traded Fund VIII - First Trust Flexible Income ETF,False,25-NSE,2026-08-10,NYSE,2021-09-07,2026-09-04,1255,20,identity-mismatch
1863006,VLN,VLN|VLNWF,Valens Semiconductor Ltd.,Valens Semiconductor Ltd.,True,25-NSE,2026-08-11,NYSE,2021-09-30,2026-09-04,1238,19,still-listed
1645873,MDV,MDV|MDV-PA,"MODIV INDUSTRIAL, INC.",Modiv Industrial Inc,True,25-NSE,2026-08-12,NYSE,2026-07-17,2026-09-04,36,18,still-listed
915912,AVB,AVB,AVALONBAY COMMUNITIES INC,AvalonBay Communities Inc,True,25-NSE,2026-08-17,NYSE,2026-07-17,2026-09-04,36,15,still-listed
1179821,BGI,BGI,BIRKS GROUP INC.,Birks Group Inc.,True,25,2026-08-17,NYSE American,2021-09-07,2026-09-04,1255,15,still-listed
1030997,WILC,WILC,G WILLI FOOD INTERNATIONAL LTD,G. Willi-Food International Ltd,True,25,2026-08-17,NasdaqCM,2026-08-24,2026-09-04,10,10,still-listed
1985840,DEFI,DEFI,Hashdex Commodities Trust,Hashdex Bitcoin ETF,True,25-NSE,2026-08-24,NYSEArca,2026-07-17,2026-09-04,36,10,still-listed
60714,LXU,LXU,"LSB INDUSTRIES, INC.","LSB Industries, Inc.",True,25-NSE,2026-08-25,NYSE,2021-09-07,2026-09-04,1255,9,still-listed
1581091,RMAX,RMAX,"RE/MAX Holdings, Inc.",RE/MAX Holdings Inc,True,25-NSE,2026-08-25,NYSE,2026-07-17,2026-09-04,36,9,still-listed
58492,LEG,LEG,LEGGETT & PLATT INC,Leggett & Platt Inc,True,25-NSE,2026-08-27,NYSE,2026-07-17,2026-09-04,36,7,still-listed
