date,ticker,cik,source,price,adv,n_bars
2023-09-30,ABOS,,current,4.15,2928352,335
2023-09-30,ACB,,current,5.85,3010943,335
2023-09-30,ACCO,,current,4.633,2421481,335
2023-09-30,ACEL,,current,10.95,2928387,335
2023-09-30,ACET,,current,21.92,925247,335
2023-09-30,ACIC,,current,6.6658,1543815,335
2023-09-30,ACNB,,current,28.5203,369896,335
2023-09-30,ACTG,,current,3.65,685023,335
2023-09-30,ADV,,current,71.0,903496,335
2023-09-30,AFCG,,current,5.7238,1034913,335
2023-09-30,AFYA,,current,14.9366,2572744,335
2023-09-30,AIRS,,current,6.84,571391,335
2023-09-30,ALCO,,current,24.5246,638152,335
2023-09-30,ALEC,,current,6.48,3061983,335
2023-09-30,ALTG,,current,11.435,2418886,335
2023-09-30,ALTI,,current,6.96,264933,335
2023-09-30,ALVO,,current,9.12,525756,324
2023-09-30,AMBP,1845097,roster,2.3778,2016455,335
2023-09-30,AMPY,,current,7.35,4086536,335
2023-09-30,AMWL,,current,23.4,1857206,335
2023-09-30,ANGI,,current,19.8,1248545,335
2023-09-30,ANIK,,current,18.63,2368663,335
2023-09-30,ANTX,,current,16.08,334729,335
2023-09-30,AOUT,,current,9.78,361294,335
2023-09-30,APCX,1070050,roster,3.295,283456,335
2023-09-30,APYX,,current,3.2,598320,335
2023-09-30,AROW,,current,15.1204,701993,335
2023-09-30,ARTNA,,current,37.7835,1416036,335
2023-09-30,ASIX,,current,28.4763,4535576,335
2023-09-30,ASTI,,current,179.0,402490,277
2023-09-30,ASTL,,current,6.5027,3074426,335
2023-09-30,ASUR,,current,9.46,2367782,335
2023-09-30,ATLO,,current,14.529,332232,335
2023-09-30,ATLX,,current,30.64,1314740,335
2023-09-30,ATNI,,current,27.8493,1104889,335
2023-09-30,ATOM,,current,6.26,1051605,335
2023-09-30,ATRA,,current,37.0,1723939,335
2023-09-30,ATS,,current,42.62,1122371,335
2023-09-30,AUDC,,current,9.0102,1187978,335
2023-09-30,AURA,,current,8.97,497010,335
2023-09-30,AVD,,current,10.8372,2855605,335
2023-09-30,AVIR,,current,3.0,921214,335
2023-09-30,AVNW,,current,31.2,1858066,335
2023-09-30,BARK,,current,24.0,818427,335
2023-09-30,BATRA,,current,39.07,2378771,335
2023-09-30,BBCP,,current,7.6017,410901,335
2023-09-30,BCBP,,current,9.4634,414956,335
2023-09-30,BCLI,1137883,roster,3.0,377883,335
2023-09-30,BCML,,current,17.8181,446740,335
2023-09-30,BCSF,,current,10.9759,2130282,335
2023-09-30,BCTX,,current,62.5,483093,335
2023-09-30,BDTX,,current,2.87,1475787,335
2023-09-30,BHB,,current,20.9454,647011,335
2023-09-30,BIRD,,current,19.4138,1027680,335
2023-09-30,BIVI,,current,341.0,737721,335
2023-09-30,BKSY,1753539,roster,9.36,1043046,335
2023-09-30,BMRC,,current,15.9281,1011056,335
2023-09-30,BNED,,current,108.3139,398634,335
2023-09-30,BOC,,current,16.39,1512903,335
2023-09-30,BOOM,,current,24.47,4067575,335
2023-09-30,BRCC,,current,35.9,2068850,335
2023-09-30,BSRR,,current,17.0339,365901,335
2023-09-30,BSVN,,current,20.9504,417199,335
2023-09-30,BWB,,current,9.48,377376,335
2023-09-30,BWEN,,current,3.2,435760,335
2023-09-30,BWFG,,current,22.6066,256178,335
2023-09-30,BWMN,,current,28.03,1478549,335
2023-09-30,BWMX,,current,12.6901,524877,335
2023-09-30,CAC,,current,24.784,1051636,335
2023-09-30,CASS,,current,34.2849,1415176,335
2023-09-30,CBAN,,current,9.1127,324166,335
2023-09-30,CCAP,,current,12.287,1500029,335
2023-09-30,CCBG,,current,27.7301,673261,335
2023-09-30,CDZI,,current,3.31,937442,335
2023-09-30,CENT,,current,34.5654,1493002,335
2023-09-30,CFFI,,current,49.5913,258106,335
2023-09-30,CGNT,,current,4.81,1246615,335
2023-09-30,CINT,,current,6.5,663885,335
2023-09-30,CION,,current,6.8782,1154814,335
2023-09-30,CIVB,,current,13.9754,316915,335
2023-09-30,CLAR,,current,6.9975,1676215,335
2023-09-30,CLEUF,1775085,roster,4679.9961,858689,335
2023-09-30,CLMB,,current,10.548,797695,335
2023-09-30,CLW,,current,36.25,2668590,335
2023-09-30,CMCL,,current,8.967,528931,335
2023-09-30,CMT,,current,28.49,1481874,335
2023-09-30,CNDA,1851959,roster,10.28,598332,335
2023-09-30,COOK,,current,136.5,1432249,335
2023-09-30,CPS,,current,13.42,2450006,335
2023-09-30,CRCT,,current,7.0203,1681097,335
2023-09-30,CRMT,,current,90.99,4683333,335
2023-09-30,CRNT,,current,2.05,594084,335
2023-09-30,CRON,,current,2.0,4256531,335
2023-09-30,CSV,,current,27.1723,2000475,335
2023-09-30,CTEV,,current,67.2,1777727,335
2023-09-30,CTOS,1709682,roster,6.2,1599402,335
2023-09-30,CUE,,current,69.0,992295,335
2023-09-30,CVEO,,current,19.5088,468669,335
2023-09-30,CVGI,,current,7.76,1826283,335
2023-09-30,CVRX,,current,15.17,1169021,335
2023-09-30,CWCO,,current,27.2124,3166216,335
2023-09-30,CXAI,,current,90.5,2066442,335
2023-09-30,CYH,,current,2.9,3593272,335
2023-09-30,CZFS,,current,43.1282,746681,335
2023-09-30,CZNC,,current,14.8625,271343,335
2023-09-30,DCBO,,current,40.52,1332316,335
2023-09-30,DCFCQ,1862490,roster,60.56,1004182,335
2023-09-30,DGICA,,current,12.4945,328438,335
2023-09-30,DHX,,current,3.06,254466,335
2023-09-30,DIBS,,current,3.64,281951,335
2023-09-30,DLAPQ,1101396,roster,6.63,293130,335
2023-09-30,DLTH,,current,6.01,311810,335
2023-09-30,DMRC,,current,32.49,2550929,335
2023-09-30,DOMO,,current,9.81,4943509,335
2023-09-30,DSGR,,current,26.0,729433,335
2023-09-30,DSP,,current,5.6,494859,335
2023-09-30,DSX,,current,3.0903,1384403,335
2023-09-30,DTIL,,current,10.23,390910,335
2023-09-30,EBF,,current,16.3855,1054564,335
2023-09-30,EFTR,1828522,roster,14.9975,253503,335
2023-09-30,EGAN,,current,6.13,422970,335
2023-09-30,ENTA,,current,11.17,3751821,335
2023-09-30,EOLS,,current,9.14,3502685,335
2023-09-30,EPM,,current,5.2715,2696753,335
2023-09-30,EPSN,,current,4.6663,274344,335
2023-09-30,ESEA,,current,18.5189,590753,335
2023-09-30,EVCM,,current,10.03,799758,335
2023-09-30,EVEX,,current,8.29,416843,335
2023-09-30,EVI,,current,23.9308,461414,335
2023-09-30,EVLO,1694665,roster,3.92,1350432,335
2023-09-30,EVTL,1867102,roster,11.8,512765,335
2023-09-30,EXFY,,current,3.25,2590165,335
2023-09-30,FBIZ,,current,27.9038,277009,335
2023-09-30,FC,,current,42.92,2277097,335
2023-09-30,FCBC,,current,24.7489,856083,335
2023-09-30,FDBC,,current,40.9738,287143,335
2023-09-30,FENC,,current,7.51,395702,335
2023-09-30,FF,,current,4.3499,1419291,335
2023-09-30,FHTX,,current,5.0,370257,335
2023-09-30,FIP,,current,3.0057,896643,302
2023-09-30,FIRY,,current,5.1,2886339,335
2023-09-30,FLD,1889123,roster,10.46,812688,335
2023-09-30,FLL,,current,4.27,533710,335
2023-09-30,FLWS,,current,7.0,2981592,335
2023-09-30,FOR,,current,26.94,4772819,335
2023-09-30,FORR,,current,28.9,1298838,335
2023-09-30,FOSL,,current,2.06,653421,335
2023-09-30,FOXO,1812360,roster,63044.7773,284597,260
2023-09-30,FRBA,,current,10.2109,376261,335
2023-09-30,FRD,,current,13.0691,460913,335
2023-09-30,FRPH,,current,26.985,520581,335
2023-09-30,FRST,,current,7.3522,313844,335
2023-09-30,FSBW,,current,26.9168,314929,335
2023-09-30,FSTR,,current,18.91,355657,335
2023-09-30,FTCI,,current,12.8,3498354,335
2023-09-30,GAIN,,current,8.9469,883645,335
2023-09-30,GASS,,current,5.04,1171674,335
2023-09-30,GCBC,,current,23.0707,268917,335
2023-09-30,GENC,,current,14.13,251289,335
2023-09-30,GEOS,,current,12.95,264681,335
2023-09-30,GFR,,current,4.95,793138,335
2023-09-30,GIC,,current,30.3593,1168535,335
2023-09-30,GLAD,,current,14.6955,1991553,335
2023-09-30,GLRE,,current,10.74,685724,335
2023-09-30,GNE,,current,13.9277,1135992,335
2023-09-30,GPRK,,current,9.0663,1459586,335
2023-09-30,GRNT,,current,4.8382,897801,335
2023-09-30,GSIT,,current,2.71,892527,335
2023-09-30,GTE,,current,6.94,2050184,335
2023-09-30,GWH,1819438,roster,28.2,1656760,335
2023-09-30,HBT,,current,16.424,434699,335
2023-09-30,HCKT,,current,22.1299,1808999,335
2023-09-30,HGTY,,current,8.17,612673,335
2023-09-30,HIPO,,current,7.97,1159999,335
2023-09-30,HLLY,,current,4.99,3607056,335
2023-09-30,HOFT,,current,16.6832,676172,335
2023-09-30,HRZN,,current,7.4886,1654143,335
2023-09-30,HURC,,current,22.0838,313183,335
2023-09-30,HVT,,current,23.9239,2105914,335
2023-09-30,HY,,current,40.4718,2367173,335
2023-09-30,HYPD,,current,132.8,400632,335
2023-09-30,IBEX,,current,15.45,1070955,335
2023-09-30,IFRX,,current,2.98,417516,335
2023-09-30,IGIC,,current,9.4813,599121,335
2023-09-30,IHRT,,current,3.16,3380781,335
2023-09-30,III,,current,3.8423,482149,335
2023-09-30,IMMR,,current,5.9259,1656391,335
2023-09-30,IMRX,,current,7.68,417571,335
2023-09-30,IMTX,,current,11.58,3497382,335
2023-09-30,IMUX,,current,14.7,615816,335
2023-09-30,IMXI,,current,16.93,4286232,335
2023-09-30,INBK,,current,15.8065,646880,335
2023-09-30,INFU,,current,9.64,407150,335
2023-09-30,INGN,,current,5.22,1557299,335
2023-09-30,INMB,,current,6.77,288004,335
2023-09-30,INSE,,current,11.96,880716,335
2023-09-30,INSG,,current,4.2,290114,335
2023-09-30,INTT,,current,15.17,2481625,335
2023-09-30,INVE,,current,8.44,399119,335
2023-09-30,IRD,,current,3.35,537655,335
2023-09-30,JAKK,,current,17.1196,1343173,335
2023-09-30,JILL,,current,28.4125,701789,335
2023-09-30,JOUT,,current,49.356,1602777,335
2023-09-30,JRVR,,current,14.7688,2541718,335
2023-09-30,JYNT,,current,8.99,1148218,335
2023-09-30,KE,,current,27.38,2227446,335
2023-09-30,KELYA,,current,17.0424,2240270,335
2023-09-30,KIDS,,current,32.0,2597664,335
2023-09-30,KLRS,,current,49.45,1756116,335
2023-09-30,KNOP,,current,6.4862,590775,335
2023-09-30,KRNY,,current,5.7305,1390299,335
2023-09-30,KRO,,current,6.8576,1089821,335
2023-09-30,KULR,,current,2.88,256329,335
2023-09-30,KVHI,,current,5.1,463497,335
2023-09-30,KWY,,current,7.55,433114,335
2023-09-30,LAW,,current,6.64,1569257,335
2023-09-30,LCUT,,current,5.1135,306466,335
2023-09-30,LE,,current,7.47,671878,335
2023-09-30,LEGH,,current,19.41,997337,335
2023-09-30,LFCR,,current,7.55,1900728,335
2023-09-30,LFMD,,current,6.25,1689758,335
2023-09-30,LILA,,current,5.5435,1402276,335
2023-09-30,LMNR,,current,14.6877,709553,335
2023-09-30,LNZA,,current,467.0,1019182,335
2023-09-30,LOCO,,current,8.95,3150532,335
2023-09-30,LODE,,current,4.1,318612,335
2023-09-30,LUNG,,current,10.33,1999165,335
2023-09-30,LWAY,,current,10.34,516974,335
2023-09-30,LXFR,,current,11.462,1324290,335
2023-09-30,LYEL,,current,29.4,1368930,335
2023-09-30,LZM,,current,12.27,514779,335
2023-09-30,MAGN,,current,26.0,786123,335
2023-09-30,MASS,,current,6.66,1103514,335
2023-09-30,MBI,,current,3.1452,942358,335
2023-09-30,MCBS,,current,17.8354,336230,335
2023-09-30,MCOM,1788841,roster,8.835,1487761,335
2023-09-30,MDXG,,current,7.29,4202716,335
2023-09-30,MFIN,,current,6.0415,366980,335
2023-09-30,MG,,current,5.45,449332,335
2023-09-30,MGNX,,current,4.66,1481963,335
2023-09-30,MLP,,current,13.25,371817,335
2023-09-30,MLR,,current,37.4553,936798,335
2023-09-30,MMATQ,1431959,roster,21.19,832485,335
2023-09-30,MMI,,current,28.2441,4020524,335
2023-09-30,MNSB,,current,19.2887,255106,335
2023-09-30,MPAA,,current,8.09,1067026,335
2023-09-30,MTA,,current,3.06,576870,335
2023-09-30,MTRX,,current,11.8,688911,335
2023-09-30,MTW,,current,15.05,4046444,335
2023-09-30,MVBF,,current,20.6161,447491,335
2023-09-30,MX,,current,8.31,1550170,335
2023-09-30,MYFW,,current,18.15,265380,335
2023-09-30,NATH,,current,64.5853,443905,335
2023-09-30,NATR,,current,16.57,662350,335
2023-09-30,NCMI,,current,4.2959,1480007,335
2023-09-30,NDLS,,current,19.68,1208369,335
2023-09-30,NECB,,current,13.3436,940649,335
2023-09-30,NEGG,,current,17.0,360677,335
2023-09-30,NERV,,current,6.9,332910,335
2023-09-30,NEWT,,current,12.2557,1917935,335
2023-09-30,NEXN,,current,3.53,372167,335
2023-09-30,NGS,,current,14.2983,264659,335
2023-09-30,NGVC,,current,11.5314,289782,335
2023-09-30,NKSH,,current,21.4744,304863,335
2023-09-30,NMFC,,current,9.1347,2630382,335
2023-09-30,NOA,,current,20.7179,1178952,335
2023-09-30,NOTE,1823466,roster,24.96,2469134,335
2023-09-30,NRC,,current,41.2186,787192,335
2023-09-30,NRDY,,current,55.5,2837630,335
2023-09-30,NRIM,,current,9.0248,1065295,335
2023-09-30,NVCT,,current,12.89,555405,335
2023-09-30,NWFL,,current,22.4531,304639,335
2023-09-30,OABI,,current,5.19,2245066,335
2023-09-30,OBIO,,current,8.72,406508,335
2023-09-30,OBT,,current,20.3211,785831,335
2023-09-30,OFIX,,current,12.86,4446248,335
2023-09-30,OFLX,,current,71.6797,945119,335
2023-09-30,OGG,,current,2.94,260988,335
2023-09-30,OKUR,,current,76.15,783788,335
2023-09-30,ONEW,,current,25.62,2322126,335
2023-09-30,ONIT,,current,25.88,695202,335
2023-09-30,OPAD,,current,9.76,656378,335
2023-09-30,OPRT,,current,7.22,875030,335
2023-09-30,OPRX,,current,7.78,1183581,335
2023-09-30,ORMP,,current,2.4332,495496,335
2023-09-30,ORN,,current,5.36,719815,335
2023-09-30,ORRF,,current,19.1461,280867,335
2023-09-30,OSG,,current,12.06,3883361,335
2023-09-30,OSUR,,current,5.93,2997428,335
2023-09-30,OVID,,current,3.84,401116,335
2023-09-30,OVLY,,current,23.5719,426968,335
2023-09-30,OZ,,current,85.7,299130,335
2023-09-30,PACK,,current,5.44,1630605,335
2023-09-30,PAMT,,current,21.55,267232,335
2023-09-30,PANL,,current,5.0971,817634,335
2023-09-30,PBYI,,current,2.63,418798,335
2023-09-30,PCB,,current,13.7178,306697,335
2023-09-30,PCYO,,current,9.6,523742,335
2023-09-30,PDLB,,current,7.82,442629,335
2023-09-30,PFIS,,current,35.0499,431566,335
2023-09-30,PIII,,current,73.5,585395,335
2023-09-30,PKBK,,current,14.8049,430450,335
2023-09-30,PKOH,,current,18.7338,683526,335
2023-09-30,PMTS,,current,18.52,912289,335
2023-09-30,PNNT,,current,4.1873,1417122,335
2023-09-30,POLCQ,1810140,roster,4.035,316952,335
2023-09-30,POWW,,current,2.02,829815,335
2023-09-30,PSFE,,current,11.99,4273542,335
2023-09-30,QCLS,,current,1776.0,561169,335
2023-09-30,QUAD,,current,4.4315,920953,335
2023-09-30,QUIK,,current,8.6,308327,335
2023-09-30,RBB,,current,11.5521,343978,335
2023-09-30,RBOT,1812173,roster,17.73,404949,335
2023-09-30,RCEL,,current,14.61,2200853,335
2023-09-30,RCKY,,current,13.7899,507958,335
2023-09-30,RCMT,,current,19.54,830029,335
2023-09-30,RDNW,,current,6.13,1230622,335
2023-09-30,RELL,,current,10.2639,1409483,335
2023-09-30,RGCO,,current,15.3886,420819,335
2023-09-30,RGP,,current,12.5451,1704410,335
2023-09-30,RGR,,current,49.7171,3888300,335
2023-09-30,RICK,,current,59.4123,2863282,335
2023-09-30,RJET,,current,12.9,401978,335
2023-09-30,RLGT,,current,5.65,878305,335
2023-09-30,RM,,current,24.6001,931252,335
2023-09-30,RMNI,,current,2.2,1051620,335
2023-09-30,RMR,,current,18.6077,1284431,335
2023-09-30,RNAC,,current,31.8,591773,335
2023-09-30,RNGR,,current,13.4621,1103820,335
2023-09-30,RPAY,,current,7.59,3913734,335
2023-09-30,RPC,,current,11.134,1991632,335
2023-09-30,RRGB,,current,8.04,3556299,335
2023-09-30,RSVR,,current,6.1,392348,335
2023-09-30,RTB,,current,105.7,298382,335
2023-09-30,RVPH,1742927,roster,97.6,588075,335
2023-09-30,RWAY,,current,7.9939,688909,335
2023-09-30,SAMG,,current,13.738,364568,335
2023-09-30,SAR,,current,17.2023,1341428,335
2023-09-30,SBDS,1870600,roster,204.0,2231813,335
2023-09-30,SBSI,,current,24.8933,2757616,335
2023-09-30,SCLX,,current,30.5106,1835580,335
2023-09-30,SCM,,current,9.5225,1040942,335
2023-09-30,SCYX,,current,18.24,802052,335
2023-09-30,SD,,current,12.4868,3456439,335
2023-09-30,SEAT,,current,128.4,3020250,335
2023-09-30,SENS,,current,12.08,3259756,335
2023-09-30,SES,1819142,roster,2.27,1406883,335
2023-09-30,SGHT,,current,3.37,778448,335
2023-09-30,SHBI,,current,9.5325,1222627,335
2023-09-30,SHIP,,current,4.71,350146,335
2023-09-30,SIGA,,current,3.9174,1866420,335
2023-09-30,SLI,,current,2.83,2336682,335
2023-09-30,SLP,,current,41.4438,3686253,335
2023-09-30,SLRC,,current,11.5933,2280239,335
2023-09-30,SMHI,,current,13.88,787150,335
2023-09-30,SMP,,current,30.302,2883419,335
2023-09-30,SMTI,,current,31.13,395275,335
2023-09-30,SONDQ,1819395,roster,8.21,332018,335
2023-09-30,SPOK,,current,10.9774,1885890,335
2023-09-30,SRG,,current,7.74,2568985,335
2023-09-30,SRI,,current,20.07,1600963,335
2023-09-30,SSP,,current,4.1203,2375217,335
2023-09-30,SSTI,,current,17.9,849041,335
2023-09-30,STBXF,1914818,roster,2329.5999,385481,278
2023-09-30,SWIM,,current,2.8,1331472,335
2023-09-30,TASK,,current,6.7648,2908535,335
2023-09-30,TBCH,,current,9.075,1334108,335
2023-09-30,TBI,,current,14.67,2521312,335
2023-09-30,TCBX,,current,17.1,377762,335
2023-09-30,TCPC,,current,7.4387,1614045,335
2023-09-30,TCX,,current,20.41,886094,335
2023-09-30,TG,,current,5.41,1081307,335
2023-09-30,TIPT,,current,15.9512,658763,335
2023-09-30,TITN,,current,26.58,4485695,335
2023-09-30,TLS,,current,2.39,649577,335
2023-09-30,TLYS,,current,8.12,905045,335
2023-09-30,TOP,,current,25.65,1683841,335
2023-09-30,TPVG,,current,6.679,1320742,335
2023-09-30,TRAK,,current,8.6292,256181,335
2023-09-30,TRC,,current,16.22,572157,335
2023-09-30,TRDA,,current,15.8,683932,335
2023-09-30,TSBK,,current,24.5997,419466,335
2023-09-30,TSQ,,current,6.6768,390593,335
2023-09-30,TUSK,,current,4.64,521739,335
2023-09-30,TWI,,current,13.43,3867070,335
2023-09-30,TZOO,,current,5.83,751383,335
2023-09-30,UFI,,current,7.1,549139,335
2023-09-30,UIS,,current,3.45,2249906,335
2023-09-30,ULH,,current,23.9101,786319,335
2023-09-30,UNTY,,current,22.4632,267092,335
2023-09-30,UP,,current,41.4,1699728,335
2023-09-30,USNA,,current,58.61,3733987,335
2023-09-30,UTMD,,current,81.6248,952647,335
2023-09-30,UWMC,1783398,roster,3.8838,4283889,335
2023-09-30,VERU,,current,7.2,899106,335
2023-09-30,VINP,,current,8.4306,558523,335
2023-09-30,VLGEA,,current,20.6196,450853,335
2023-09-30,VLN,1863006,roster,2.66,657927,335
2023-09-30,VMD,,current,6.73,709239,335
2023-09-30,VNDA,,current,4.32,4100266,335
2023-09-30,VRA,,current,6.61,1066187,335
2023-09-30,VTEX,,current,5.01,2196664,335
2023-09-30,VUZI,,current,3.63,2014292,335
2023-09-30,VYGR,,current,7.75,2446882,335
2023-09-30,WBX,1866501,roster,2.25,2132627,335
2023-09-30,WEST,,current,8.86,2063916,335
2023-09-30,WHF,,current,8.4291,368351,335
2023-09-30,WHWK,,current,4.84,706122,335
2023-09-30,WSBF,,current,9.5951,636854,335
2023-09-30,WTBA,,current,14.0902,255716,335
2023-09-30,XFOR,,current,32.7,2500031,335
2023-09-30,XPER,,current,9.86,1651590,259
2023-09-30,YORW,,current,34.8992,1473071,335
2023-10-31,ABOS,,current,2.205,1528933,356
2023-10-31,ACB,,current,4.38,3724806,356
2023-10-31,ACCO,,current,4.0841,2333937,356
2023-10-31,ACEL,,current,9.88,2855164,356
2023-10-31,ACET,,current,20.96,587737,356
2023-10-31,ACIC,,current,6.8016,1945072,356
2023-10-31,ACNB,,current,30.8121,326968,356
2023-10-31,ACTG,,current,3.53,675564,356
2023-10-31,ADV,,current,56.25,907554,356
2023-10-31,AFCG,,current,5.2216,996078,356
2023-10-31,AFYA,,current,15.3526,2333686,356
2023-10-31,AIRS,,current,5.98,495803,356
2023-10-31,ALCO,,current,23.6697,569823,356
2023-10-31,ALEC,,current,5.16,3152008,356
2023-10-31,ALTG,,current,8.8464,2149553,356
2023-10-31,AMBP,1845097,roster,2.6209,1812004,356
2023-10-31,AMPY,,current,7.02,3637750,356
2023-10-31,AMWL,,current,22.6,1562094,356
2023-10-31,ANGI,,current,16.4,942187,356
2023-10-31,ANIK,,current,18.99,2457553,356
2023-10-31,ANTX,,current,14.66,546510,356
2023-10-31,AOUT,,current,8.35,292225,356
2023-10-31,APCX,1070050,roster,2.28,366413,356
2023-10-31,APYX,,current,2.29,400294,356
2023-10-31,AROW,,current,19.207,750331,356
2023-10-31,ARTNA,,current,35.5069,1217012,356
2023-10-31,ASIX,,current,25.6268,4007782,356
2023-10-31,ASTI,,current,82.3,497450,298
2023-10-31,ASTL,,current,6.8183,2656484,356
2023-10-31,ASUR,,current,8.32,2325733,356
2023-10-31,ATLO,,current,14.9231,302334,356
2023-10-31,ATLX,,current,21.96,1322753,356
2023-10-31,ATNI,,current,26.0579,1237740,356
2023-10-31,ATOM,,current,6.16,860543,356
2023-10-31,ATRA,,current,32.25,1510486,356
2023-10-31,ATS,,current,34.15,1401398,356
2023-10-31,AUDC,,current,6.6752,1110758,356
2023-10-31,AURA,,current,7.47,523937,356
2023-10-31,AVD,,current,9.2507,3266432,356
2023-10-31,AVIR,,current,3.1,885100,356
2023-10-31,AVNW,,current,26.18,2164964,356
2023-10-31,BARK,,current,20.8,704135,356
2023-10-31,BATRA,,current,38.37,1738471,356
2023-10-31,BBCP,,current,6.1487,418342,356
2023-10-31,BCBP,,current,8.6733,349787,356
2023-10-31,BCLI,1137883,roster,2.25,360140,356
2023-10-31,BCML,,current,18.3653,368200,356
2023-10-31,BCSF,,current,10.8182,2319475,356
2023-10-31,BCTX,,current,40.0,447964,356
2023-10-31,BHB,,current,21.9647,642040,356
2023-10-31,BIRD,,current,14.5691,736730,356
2023-10-31,BIVI,,current,387.0,620686,356
2023-10-31,BKSY,1753539,roster,9.52,712169,356
2023-10-31,BMRC,,current,14.6385,772674,356
2023-10-31,BNED,,current,102.3517,262104,356
2023-10-31,BOC,,current,14.23,1663244,356
2023-10-31,BOOM,,current,18.82,4067575,356
2023-10-31,BRCC,,current,27.8,1752383,356
2023-10-31,BSRR,,current,16.1846,337065,356
2023-10-31,BSVN,,current,19.1169,263099,356
2023-10-31,BVFL,,current,9.97,252620,356
2023-10-31,BWB,,current,9.51,321407,356
2023-10-31,BWEN,,current,2.55,413531,356
2023-10-31,BWMN,,current,26.69,1384845,356
2023-10-31,BWMX,,current,8.9119,550807,356
2023-10-31,CAC,,current,25.4083,986616,356
2023-10-31,CASS,,current,34.7727,1309582,356
2023-10-31,CBAN,,current,8.9485,301718,356
2023-10-31,CCAP,,current,11.2308,1075833,356
2023-10-31,CCBG,,current,26.1684,666768,356
2023-10-31,CDZI,,current,2.94,711575,356
2023-10-31,CENT,,current,33.9468,1785062,356
2023-10-31,CFFI,,current,49.0362,258217,356
2023-10-31,CGNT,,current,4.17,1071921,356
2023-10-31,CINT,,current,4.44,550407,356
2023-10-31,CION,,current,6.4227,1124415,356
2023-10-31,CIVB,,current,13.4344,276192,356
2023-10-31,CLAR,,current,5.2851,1637440,356
2023-10-31,CLMB,,current,10.7663,681668,356
2023-10-31,CLW,,current,35.0,2721165,356
2023-10-31,CMCL,,current,10.5887,428330,356
2023-10-31,CMT,,current,25.84,2073262,356
2023-10-31,COOK,,current,135.0,1362122,356
2023-10-31,CPS,,current,12.67,2040219,356
2023-10-31,CRCT,,current,6.2873,1394433,356
2023-10-31,CRMT,,current,65.21,4617636,356
2023-10-31,CSV,,current,20.6317,2002215,356
2023-10-31,CTEV,,current,68.0,1307412,356
2023-10-31,CTOS,1709682,roster,5.7,1904375,356
2023-10-31,CUE,,current,57.6,597937,356
2023-10-31,CURV,,current,2.33,257731,356
2023-10-31,CVEO,,current,18.3513,419307,356
2023-10-31,CVGI,,current,7.11,1212895,356
2023-10-31,CVRX,,current,12.905,920791,356
2023-10-31,CWCO,,current,27.7387,3800627,356
2023-10-31,CXAI,,current,61.5,991807,356
2023-10-31,CYH,,current,2.1,3400452,356
2023-10-31,CZFS,,current,44.0642,843653,356
2023-10-31,CZNC,,current,15.5149,251335,356
2023-10-31,DBGI,,current,7820.0,270650,356
2023-10-31,DCBO,,current,38.07,1081020,356
2023-10-31,DCFCQ,1862490,roster,35.2,892074,356
2023-10-31,DGICA,,current,12.512,326850,356
2023-10-31,DIBS,,current,4.11,250486,356
2023-10-31,DLAPQ,1101396,roster,8.41,279785,356
2023-10-31,DLTH,,current,5.06,296068,356
2023-10-31,DMRC,,current,25.7,2402631,356
2023-10-31,DOMO,,current,7.89,3907812,356
2023-10-31,DSGR,,current,30.3,971408,356
2023-10-31,DSP,,current,5.28,442657,356
2023-10-31,DSX,,current,2.9033,962614,356
2023-10-31,DTIL,,current,9.3,287091,356
2023-10-31,EBF,,current,16.3919,1077447,356
2023-10-31,EGAN,,current,5.97,364230,356
2023-10-31,ENTA,,current,8.82,3637836,356
2023-10-31,EOLS,,current,7.61,3069928,356
2023-10-31,EPM,,current,4.917,2375453,356
2023-10-31,ESEA,,current,17.9701,608797,356
2023-10-31,EVCM,,current,9.57,654738,356
2023-10-31,EVEX,,current,7.5,344007,356
2023-10-31,EVI,,current,25.1793,359953,356
2023-10-31,EVTL,1867102,roster,9.05,487154,356
2023-10-31,EXFY,,current,2.61,1986892,356
2023-10-31,FC,,current,37.98,1971263,356
2023-10-31,FCBC,,current,27.4801,830945,356
2023-10-31,FDBC,,current,40.6038,267299,356
2023-10-31,FENC,,current,6.88,467883,356
2023-10-31,FF,,current,4.0587,1486712,356
2023-10-31,FHTX,,current,3.49,358579,356
2023-10-31,FIP,,current,2.8377,783121,323
2023-10-31,FIRY,,current,4.99,1815414,356
2023-10-31,FLL,,current,3.76,532294,356
2023-10-31,FLWS,,current,7.31,2820817,356
2023-10-31,FNKO,,current,7.71,4758134,356
2023-10-31,FOR,,current,23.47,4133427,356
2023-10-31,FORR,,current,23.82,1165392,356
2023-10-31,FOXO,1812360,roster,40000.0,274686,281
2023-10-31,FRBA,,current,10.4856,283437,356
2023-10-31,FRD,,current,9.388,345498,356
2023-10-31,FRPH,,current,26.975,522648,356
2023-10-31,FRST,,current,8.3896,265830,356
2023-10-31,FSBW,,current,26.6887,305500,356
2023-10-31,FSTR,,current,19.08,422170,356
2023-10-31,FTCI,,current,10.9,2303049,356
2023-10-31,GAIN,,current,9.4561,882021,356
2023-10-31,GASS,,current,5.63,1002758,356
2023-10-31,GCBC,,current,22.7637,261626,356
2023-10-31,GEOS,,current,11.76,734445,356
2023-10-31,GFR,,current,6.19,923783,356
2023-10-31,GIC,,current,28.9002,1260813,356
2023-10-31,GLAD,,current,14.5147,2125235,356
2023-10-31,GLRE,,current,11.15,706917,356
2023-10-31,GNE,,current,18.9864,1359374,356
2023-10-31,GPRK,,current,8.8193,2098293,356
2023-10-31,GRNT,,current,4.8303,1976311,356
2023-10-31,GTE,,current,6.07,1812491,356
2023-10-31,GWH,1819438,roster,18.45,1543154,356
2023-10-31,HBT,,current,16.2079,486497,356
2023-10-31,HCKT,,current,20.7885,1899927,356
2023-10-31,HDSN,,current,12.9,4919297,356
2023-10-31,HGTY,,current,7.73,477113,356
2023-10-31,HIPO,,current,7.13,1099402,356
2023-10-31,HLLY,,current,4.27,2342007,356
2023-10-31,HOFT,,current,14.2815,587352,356
2023-10-31,HRZN,,current,6.9387,1554234,356
2023-10-31,HSDT,,current,4987.5,260625,356
2023-10-31,HURC,,current,19.583,288372,356
2023-10-31,HVT,,current,21.3386,1869993,356
2023-10-31,HY,,current,35.2244,2021665,356
2023-10-31,HYPD,,current,92.0,358558,356
2023-10-31,IBEX,,current,15.85,1186181,356
2023-10-31,IGIC,,current,9.3048,588380,356
2023-10-31,IHRT,,current,2.22,2621097,356
2023-10-31,III,,current,3.5353,345313,356
2023-10-31,IMMR,,current,5.6642,1395635,356
2023-10-31,IMRX,,current,5.96,329650,356
2023-10-31,IMTX,,current,7.36,3760877,356
2023-10-31,IMUX,,current,10.15,508085,356
2023-10-31,IMXI,,current,15.87,4162613,356
2023-10-31,INBK,,current,16.1867,527290,356
2023-10-31,INFU,,current,9.86,306915,356
2023-10-31,INGN,,current,4.42,1189117,356
2023-10-31,INMB,,current,6.76,261026,356
2023-10-31,INSE,,current,10.1,808715,356
2023-10-31,INTT,,current,12.84,1535722,356
2023-10-31,INVE,,current,6.14,329299,356
2023-10-31,IRD,,current,2.81,620476,356
2023-10-31,JAKK,,current,15.3146,820027,356
2023-10-31,JILL,,current,27.3951,1055818,356
2023-10-31,JOUT,,current,43.9508,1438451,356
2023-10-31,JRVR,,current,13.2101,2587529,356
2023-10-31,JYNT,,current,7.68,1139305,356
2023-10-31,KE,,current,25.52,1755207,356
2023-10-31,KELYA,,current,16.574,2075352,356
2023-10-31,KIDS,,current,23.86,3093106,356
2023-10-31,KLRS,,current,33.81,1226069,356
2023-10-31,KNOP,,current,5.4467,485532,356
2023-10-31,KRNY,,current,5.7884,1430325,356
2023-10-31,KRO,,current,6.0612,1072644,356
2023-10-31,KVHI,,current,4.53,441138,356
2023-10-31,KWY,,current,7.66,495309,356
2023-10-31,LAW,,current,5.59,1374259,356
2023-10-31,LE,,current,6.27,563885,356
2023-10-31,LEGH,,current,18.03,799511,356
2023-10-31,LFCR,,current,7.09,1577741,356
2023-10-31,LFMD,,current,6.19,2306891,356
2023-10-31,LFVN,,current,7.2498,258147,356
2023-10-31,LILA,,current,4.5924,1565472,356
2023-10-31,LMNR,,current,13.7605,666868,356
2023-10-31,LNZA,,current,380.0,1338011,356
2023-10-31,LOCO,,current,8.24,2338545,356
2023-10-31,LUNG,,current,7.89,1822561,356
2023-10-31,LWAY,,current,12.07,921835,356
2023-10-31,LXFR,,current,7.5491,1334949,356
2023-10-31,LYEL,,current,35.8,1060663,356
2023-10-31,LZM,,current,9.35,509353,356
2023-10-31,MAGN,,current,21.84,602652,356
2023-10-31,MASS,,current,5.25,817710,356
2023-10-31,MBI,,current,2.8573,961763,356
2023-10-31,MCBS,,current,18.0982,333019,356
2023-10-31,MCFT,,current,20.11,3867632,356
2023-10-31,MCOM,1788841,roster,6.135,2190380,356
2023-10-31,MDXG,,current,6.32,3917529,356
2023-10-31,MFIN,,current,5.594,296407,356
2023-10-31,MG,,current,5.39,313284,356
2023-10-31,MGNX,,current,5.16,1684912,356
2023-10-31,MLP,,current,14.76,327918,356
2023-10-31,MLR,,current,34.5513,911739,356
2023-10-31,MMATQ,1431959,roster,12.91,682554,356
2023-10-31,MMI,,current,27.2718,3368088,356
2023-10-31,MNSB,,current,18.2276,257219,356
2023-10-31,MPAA,,current,7.23,716570,356
2023-10-31,MSPR,1802450,roster,294.0,289276,356
2023-10-31,MTA,,current,2.87,1029385,356
2023-10-31,MTRX,,current,11.56,2026321,356
2023-10-31,MTW,,current,12.71,3180896,356
2023-10-31,MVBF,,current,17.8953,332764,356
2023-10-31,MX,,current,7.27,1502485,356
2023-10-31,NATH,,current,59.3936,424264,356
2023-10-31,NATR,,current,17.78,1169800,356
2023-10-31,NC,,current,31.9844,271800,356
2023-10-31,NCMI,,current,3.54,1916506,356
2023-10-31,NDLS,,current,16.56,1054360,356
2023-10-31,NECB,,current,14.0144,828055,356
2023-10-31,NEGG,,current,11.2,268408,356
2023-10-31,NEWT,,current,12.2317,1472420,356
2023-10-31,NEXN,,current,3.25,304695,356
2023-10-31,NGS,,current,14.3867,370016,356
2023-10-31,NGVC,,current,10.79,315778,356
2023-10-31,NKGN,1845459,roster,3.18,389090,356
2023-10-31,NKSH,,current,20.1451,298408,356
2023-10-31,NKTX,,current,2.03,642795,356
2023-10-31,NMFC,,current,8.6973,2312241,356
2023-10-31,NOA,,current,19.5924,1008370,356
2023-10-31,NOTE,1823466,roster,17.28,1302452,356
2023-10-31,NPCE,,current,6.64,298596,356
2023-10-31,NRC,,current,39.5558,1112335,356
2023-10-31,NRDY,,current,46.65,2431164,356
2023-10-31,NRIM,,current,9.3916,672519,356
2023-10-31,NVCT,,current,8.37,484099,356
2023-10-31,NWFL,,current,22.0697,253786,356
2023-10-31,OABI,,current,4.49,1978365,356
2023-10-31,OBIO,,current,4.62,556986,356
2023-10-31,OBT,,current,20.6835,567118,356
2023-10-31,OFLX,,current,67.091,714331,356
2023-10-31,OGG,,current,3.25,273065,356
2023-10-31,OKUR,,current,79.7,890196,356
2023-10-31,ONEW,,current,22.08,1774225,356
2023-10-31,ONIT,,current,23.4,472383,356
2023-10-31,OPAD,,current,8.12,407002,356
2023-10-31,OPRT,,current,5.68,996791,356
2023-10-31,OPRX,,current,7.79,1236863,356
2023-10-31,ORN,,current,4.54,888656,356
2023-10-31,ORRF,,current,19.2646,266173,356
2023-10-31,OSG,,current,11.89,4093769,356
2023-10-31,OSUR,,current,5.13,2932870,356
2023-10-31,OVID,,current,3.505,382109,356
2023-10-31,OVLY,,current,23.2241,352144,356
2023-10-31,OZ,,current,69.0,318163,356
2023-10-31,PACK,,current,3.53,1498743,356
2023-10-31,PAMT,,current,16.96,258230,356
2023-10-31,PANL,,current,5.0884,704356,356
2023-10-31,PBYI,,current,2.51,303742,356
2023-10-31,PCB,,current,13.5935,354145,356
2023-10-31,PCYO,,current,9.57,396205,356
2023-10-31,PDLB,,current,7.64,311496,356
2023-10-31,PFIS,,current,34.7003,407738,356
2023-10-31,PIII,,current,71.5,533052,356
2023-10-31,PKBK,,current,14.9412,281601,356
2023-10-31,PKOH,,current,21.5848,683656,356
2023-10-31,PMTS,,current,16.82,485384,356
2023-10-31,PNNT,,current,3.9503,1295465,356
2023-10-31,POWW,,current,2.63,887253,356
2023-10-31,PSFE,,current,9.32,4275868,356
2023-10-31,QCLS,,current,1260.0,415455,356
2023-10-31,QUAD,,current,4.3787,540554,356
2023-10-31,QUIK,,current,9.38,271562,356
2023-10-31,RBB,,current,10.8672,300644,356
2023-10-31,RBOT,1812173,roster,11.31,333302,356
2023-10-31,RCEL,,current,9.37,1627147,356
2023-10-31,RCKY,,current,12.092,500693,356
2023-10-31,RCMT,,current,19.61,598620,356
2023-10-31,RDNW,,current,6.39,822527,356
2023-10-31,RELL,,current,10.9588,1200676,356
2023-10-31,RGCO,,current,14.2257,343651,356
2023-10-31,RGP,,current,11.1652,1760073,356
2023-10-31,RGR,,current,51.5486,4382341,356
2023-10-31,RICK,,current,52.6836,2871878,356
2023-10-31,RJET,,current,8.25,263733,356
2023-10-31,RLGT,,current,5.71,795435,356
2023-10-31,RM,,current,21.845,622555,356
2023-10-31,RMNI,,current,2.13,695289,356
2023-10-31,RMR,,current,17.195,1197088,356
2023-10-31,RNAC,,current,37.8,575188,356
2023-10-31,RNGR,,current,12.5697,1217160,356
2023-10-31,RPAY,,current,5.91,4298197,356
2023-10-31,RPC,,current,9.0124,2163448,356
2023-10-31,RRGB,,current,8.07,3019120,356
2023-10-31,RSVR,,current,5.51,282534,356
2023-10-31,RVPH,1742927,roster,109.8,699250,356
2023-10-31,RWAY,,current,7.545,755180,356
2023-10-31,SAMG,,current,14.8374,345892,356
2023-10-31,SAR,,current,15.6829,1202952,356
2023-10-31,SBDS,1870600,roster,152.8,2068926,356
2023-10-31,SBSI,,current,23.679,2361692,356
2023-10-31,SCLX,,current,40.3176,1453694,356
2023-10-31,SCM,,current,8.7556,1145795,356
2023-10-31,SCYX,,current,13.84,806472,356
2023-10-31,SD,,current,12.4788,3178174,356
2023-10-31,SEAT,,current,117.4,2480120,356
2023-10-31,SENS,,current,9.66,1876411,356
2023-10-31,SHBI,,current,9.4057,732476,356
2023-10-31,SHIP,,current,4.4199,344276,356
2023-10-31,SIGA,,current,3.7234,1651800,356
2023-10-31,SLI,,current,2.7,2395021,356
2023-10-31,SLP,,current,33.7325,3146388,356
2023-10-31,SLRC,,current,10.6516,2078603,356
2023-10-31,SMHI,,current,14.25,955804,356
2023-10-31,SMP,,current,31.2303,3246179,356
2023-10-31,SMTI,,current,26.33,410543,356
2023-10-31,SPOK,,current,11.5775,1788887,356
2023-10-31,SRG,,current,7.19,2261892,356
2023-10-31,SRI,,current,16.4,1517312,356
2023-10-31,SSP,,current,4.1128,2514508,356
2023-10-31,SSTI,,current,15.36,597422,356
2023-10-31,SWIM,,current,2.21,920120,356
2023-10-31,TASK,,current,5.9437,2513273,356
2023-10-31,TBCH,,current,8.13,1176734,356
2023-10-31,TBI,,current,10.86,2897585,356
2023-10-31,TCBX,,current,15.29,310799,356
2023-10-31,TCPC,,current,6.634,1535771,356
2023-10-31,TCX,,current,16.82,854356,356
2023-10-31,TG,,current,4.6,923765,356
2023-10-31,TIPT,,current,14.3047,668802,356
2023-10-31,TITN,,current,24.4,4417747,356
2023-10-31,TLS,,current,2.42,570759,356
2023-10-31,TLYS,,current,8.0,670253,356
2023-10-31,TOP,,current,23.55,1611872,356
2023-10-31,TPVG,,current,5.9447,1292641,356
2023-10-31,TRC,,current,15.45,535512,356
2023-10-31,TRDA,,current,15.37,568271,356
2023-10-31,TSBK,,current,25.4167,297103,356
2023-10-31,TSQ,,current,6.6232,332673,356
2023-10-31,TUSK,,current,4.07,387254,356
2023-10-31,TWI,,current,11.65,3851255,356
2023-10-31,TZOO,,current,7.1,727633,356
2023-10-31,UFI,,current,6.71,429459,356
2023-10-31,UIS,,current,2.76,1728104,356
2023-10-31,ULH,,current,21.0804,641648,356
2023-10-31,UNTY,,current,22.981,253856,356
2023-10-31,UP,,current,27.0,1162224,356
2023-10-31,USNA,,current,46.2,3817622,356
2023-10-31,UTMD,,current,74.9715,817182,356
2023-10-31,UWMC,1783398,roster,3.8998,3761510,356
2023-10-31,VERU,,current,9.6,730750,356
2023-10-31,VINP,,current,7.9678,464513,356
2023-10-31,VLGEA,,current,22.4216,431248,356
2023-10-31,VLN,1863006,roster,2.1,484986,356
2023-10-31,VMD,,current,6.23,619288,356
2023-10-31,VNDA,,current,4.34,3983201,356
2023-10-31,VRA,,current,7.38,1037342,356
2023-10-31,VREX,,current,17.9,4510776,356
2023-10-31,VTEX,,current,5.36,2287459,356
2023-10-31,VUZI,,current,3.1,1337799,356
2023-10-31,VYGR,,current,6.54,2021864,356
2023-10-31,WEST,,current,8.42,2167542,356
2023-10-31,WHF,,current,7.6634,305145,356
2023-10-31,WHWK,,current,4.17,502757,356
2023-10-31,WSBF,,current,9.45,719019,356
2023-10-31,XFOR,,current,21.99,1252857,356
2023-10-31,XPER,,current,8.22,1966913,280
2023-10-31,YORW,,current,33.0654,1360906,356
2023-11-30,ABOS,,current,2.25,1184688,377
2023-11-30,ACB,,current,4.57,3788817,377
2023-11-30,ACCO,,current,4.3714,2370523,377
2023-11-30,ACEL,,current,10.19,3060954,377
2023-11-30,ACET,,current,18.08,415392,377
2023-11-30,ACIC,,current,7.4447,1958610,377
2023-11-30,ACNB,,current,35.5489,294205,377
2023-11-30,ACTG,,current,3.62,723939,377
2023-11-30,ADV,,current,68.75,1122729,377
2023-11-30,AFCG,,current,5.6458,893655,377
2023-11-30,AFYA,,current,19.4365,2433397,377
2023-11-30,AIRS,,current,5.44,413865,377
2023-11-30,ALCO,,current,27.7572,520700,377
2023-11-30,ALEC,,current,5.43,3311409,377
2023-11-30,ALTG,,current,8.9406,2149553,377
2023-11-30,AMBP,1845097,roster,3.0539,2818812,377
2023-11-30,AMPY,,current,6.16,3032767,377
2023-11-30,AMWL,,current,26.0,1524678,377
2023-11-30,ANGI,,current,23.0,916591,377
2023-11-30,ANIK,,current,22.31,2101964,377
2023-11-30,ANTX,,current,16.33,602731,377
2023-11-30,APYX,,current,2.42,348791,377
2023-11-30,AROW,,current,22.1565,916413,377
2023-11-30,ARTNA,,current,37.4498,973722,377
2023-11-30,ASIX,,current,24.3652,3881432,377
2023-11-30,ASLE,,current,14.01,4922716,377
2023-11-30,ASTI,,current,89.5,307414,319
2023-11-30,ASTL,,current,8.0039,2670455,377
2023-11-30,ASUR,,current,7.56,2287847,377
2023-11-30,ATLO,,current,16.249,303539,377
2023-11-30,ATLX,,current,23.41,1297517,377
2023-11-30,ATNI,,current,26.4021,1322341,377
2023-11-30,ATOM,,current,6.75,884812,377
2023-11-30,ATRA,,current,17.3,1732945,377
2023-11-30,ATS,,current,39.16,1902434,377
2023-11-30,AUDC,,current,10.2044,1028290,377
2023-11-30,AURA,,current,8.05,617660,377
2023-11-30,AVD,,current,9.2607,3039892,377
2023-11-30,AVIR,,current,2.95,1027339,377
2023-11-30,AVNW,,current,31.05,2155812,377
2023-11-30,BARK,,current,16.4,597396,377
2023-11-30,BATRA,,current,40.7,1607481,377
2023-11-30,BBCP,,current,6.5651,458757,377
2023-11-30,BCBP,,current,10.1059,275325,377
2023-11-30,BCIC,,current,11.2851,319971,377
2023-11-30,BCLI,1137883,roster,3.3,356775,377
2023-11-30,BCML,,current,19.4969,341468,377
2023-11-30,BCSF,,current,10.7537,2197729,377
2023-11-30,BCTX,,current,51.2,360797,377
2023-11-30,BDTX,,current,2.17,974179,377
2023-11-30,BETSF,1543268,roster,23.4,321490,377
2023-11-30,BHB,,current,23.6816,573779,377
2023-11-30,BIRD,,current,16.8777,638351,377
2023-11-30,BIVI,,current,196.0,907231,377
2023-11-30,BKSY,1753539,roster,10.56,687214,377
2023-11-30,BMRC,,current,17.31,759860,377
2023-11-30,BOC,,current,14.59,1654576,377
2023-11-30,BOOM,,current,15.81,3609996,377
2023-11-30,BRBS,,current,2.2286,291994,377
2023-11-30,BRCC,,current,41.6,1680645,377
2023-11-30,BSRR,,current,16.8764,308220,377
2023-11-30,BWB,,current,10.42,348802,377
2023-11-30,BWEN,,current,2.19,270843,377
2023-11-30,BWMN,,current,30.32,1216201,377
2023-11-30,BWMX,,current,11.2282,533340,377
2023-11-30,CAC,,current,30.7396,1141862,377
2023-11-30,CASS,,current,37.7455,1183188,377
2023-11-30,CBAN,,current,9.8554,289548,377
2023-11-30,CBNK,,current,20.33,264101,377
2023-11-30,CCAP,,current,12.0069,1081637,377
2023-11-30,CCBG,,current,25.2202,706496,377
2023-11-30,CDZI,,current,2.86,549028,377
2023-11-30,CENT,,current,30.6891,2064497,377
2023-11-30,CFFI,,current,53.3939,261909,377
2023-11-30,CGNT,,current,5.4,1112543,377
2023-11-30,CINT,,current,5.14,323199,377
2023-11-30,CION,,current,7.1189,1137510,377
2023-11-30,CIVB,,current,13.9978,278289,377
2023-11-30,CLAR,,current,5.0605,1553108,377
2023-11-30,CLMB,,current,11.7796,555872,377
2023-11-30,CLW,,current,34.92,2793228,377
2023-11-30,CMCL,,current,10.9942,364660,377
2023-11-30,CMT,,current,18.31,2138815,377
2023-11-30,COFS,,current,22.8113,258304,377
2023-11-30,COOK,,current,113.5,1134905,377
2023-11-30,CPS,,current,18.7,2231401,377
2023-11-30,CRCT,,current,5.1764,1504388,377
2023-11-30,CSV,,current,21.5652,2378497,377
2023-11-30,CTEV,,current,51.6,1307412,377
2023-11-30,CTOS,1709682,roster,5.81,2397653,377
2023-11-30,CUE,,current,66.9,496733,377
2023-11-30,CURV,,current,3.88,364711,377
2023-11-30,CVEO,,current,21.2683,814809,377
2023-11-30,CVGI,,current,6.54,1083744,377
2023-11-30,CVRX,,current,19.18,952460,377
2023-11-30,CWCO,,current,34.3983,4287477,377
2023-11-30,CXAI,,current,68.0,609589,377
2023-11-30,CYH,,current,2.65,3241923,377
2023-11-30,CZFS,,current,51.6782,670833,377
2023-11-30,DCBO,,current,45.01,1155463,377
2023-11-30,DCFCQ,1862490,roster,34.0,616310,377
2023-11-30,DGICA,,current,12.5741,281999,377
2023-11-30,DIBS,,current,4.25,261232,377
2023-11-30,DLTH,,current,5.14,346005,377
2023-11-30,DMRC,,current,33.33,2509475,377
2023-11-30,DOMO,,current,9.6,3115553,377
2023-11-30,DSGR,,current,25.25,1494736,377
2023-11-30,DSP,,current,6.05,260209,377
2023-11-30,DSX,,current,3.0279,980472,377
2023-11-30,DTIL,,current,11.1,258502,377
2023-11-30,EAF,,current,24.5,4926494,377
2023-11-30,EBF,,current,16.5012,1065875,377
2023-11-30,EGAN,,current,7.55,396247,377
2023-11-30,ENTA,,current,9.92,3162688,377
2023-11-30,EOLS,,current,9.52,3512455,377
2023-11-30,EPM,,current,4.5548,2032000,377
2023-11-30,ESCA,,current,16.926,270801,377
2023-11-30,ESEA,,current,20.1374,531156,377
2023-11-30,EVCM,,current,9.26,857765,377
2023-11-30,EVEX,,current,7.06,354619,377
2023-11-30,EVI,,current,25.3352,359953,377
2023-11-30,EVTL,1867102,roster,6.3,329899,377
2023-11-30,EXFY,,current,2.42,1699474,377
2023-11-30,FC,,current,39.27,2158532,377
2023-11-30,FCBC,,current,28.1684,835043,377
2023-11-30,FDBC,,current,47.4197,267299,377
2023-11-30,FENC,,current,8.62,688445,377
2023-11-30,FF,,current,3.634,1159058,377
2023-11-30,FHTX,,current,4.12,302056,377
2023-11-30,FIP,,current,3.4664,850256,344
2023-11-30,FIRY,,current,6.43,1633569,377
2023-11-30,FLL,,current,5.07,576562,377
2023-11-30,FLWS,,current,8.82,2815552,377
2023-11-30,FNKO,,current,6.78,3863970,377
2023-11-30,FOR,,current,31.42,3864264,377
2023-11-30,FORR,,current,24.5,1346742,377
2023-11-30,FOXO,1812360,roster,19002.5312,257791,302
2023-11-30,FRBA,,current,11.7863,288175,377
2023-11-30,FRPH,,current,28.875,486168,377
2023-11-30,FRST,,current,9.1971,278307,377
2023-11-30,FSBW,,current,28.1878,254145,377
2023-11-30,FSTR,,current,19.59,441149,377
2023-11-30,FTCI,,current,7.4,1682817,377
2023-11-30,GAIN,,current,10.3588,1092990,377
2023-11-30,GASS,,current,6.68,1002758,377
2023-11-30,GEOS,,current,11.98,756141,377
2023-11-30,GFR,,current,5.92,360459,377
2023-11-30,GIC,,current,32.7708,1350506,377
2023-11-30,GLAD,,current,15.7206,1873743,377
2023-11-30,GLAS,,current,4.65,280850,377
2023-11-30,GLRE,,current,11.06,853107,377
2023-11-30,GNE,,current,22.8671,2414570,377
2023-11-30,GNLX,,current,11.7,2782839,213
2023-11-30,GPRK,,current,8.1942,2141105,377
2023-11-30,GRNT,,current,4.862,2429747,377
2023-11-30,GSIT,,current,2.7,263515,377
2023-11-30,GTE,,current,6.32,1873847,377
2023-11-30,GWH,1819438,roster,17.85,1446245,377
2023-11-30,HBT,,current,17.4351,476257,377
2023-11-30,HCKT,,current,21.0511,1660218,377
2023-11-30,HDSN,,current,12.14,4783482,377
2023-11-30,HGTY,,current,8.56,344584,377
2023-11-30,HIPO,,current,8.84,794647,377
2023-11-30,HLLY,,current,4.23,1867914,377
2023-11-30,HOFT,,current,14.942,409219,377
2023-11-30,HRZN,,current,7.9714,1530444,377
2023-11-30,HURC,,current,20.4691,279902,377
2023-11-30,HVT,,current,26.86,1826447,377
2023-11-30,HY,,current,43.4949,1957688,377
2023-11-30,HYPD,,current,113.6,339501,377
2023-11-30,IBEX,,current,17.72,1090302,377
2023-11-30,IGIC,,current,9.9438,550405,377
2023-11-30,IHRT,,current,2.65,2149156,377
2023-11-30,IMMR,,current,5.8353,1444945,377
2023-11-30,IMRX,,current,6.57,318719,377
2023-11-30,IMTX,,current,8.6,4237223,377
2023-11-30,IMUX,,current,11.8,363448,377
2023-11-30,IMXI,,current,20.9,4318204,377
2023-11-30,INBK,,current,20.7697,435710,377
2023-11-30,INFU,,current,10.08,282175,377
2023-11-30,INGN,,current,5.86,1297658,377
2023-11-30,INMB,,current,9.23,267755,377
2023-11-30,INSE,,current,7.86,751241,377
2023-11-30,INTT,,current,13.01,1234750,377
2023-11-30,INVE,,current,7.12,394919,377
2023-11-30,IRD,,current,2.74,638691,377
2023-11-30,JAKK,,current,28.281,912399,377
2023-11-30,JILL,,current,28.3645,1592586,377
2023-11-30,JOUT,,current,48.1824,1120774,377
2023-11-30,JRVR,,current,8.5342,2615973,377
2023-11-30,JYNT,,current,9.14,1098385,377
2023-11-30,KE,,current,24.71,1530694,377
2023-11-30,KELYA,,current,19.6236,2148068,377
2023-11-30,KIDS,,current,31.11,3751723,377
2023-11-30,KLRS,,current,40.94,1226069,377
2023-11-30,KNOP,,current,5.2846,445475,377
2023-11-30,KRNY,,current,6.7121,1421356,377
2023-11-30,KRO,,current,7.7513,1015918,377
2023-11-30,KVHI,,current,5.06,330103,377
2023-11-30,KWY,,current,7.28,560124,377
2023-11-30,LAW,,current,6.03,1247862,377
2023-11-30,LE,,current,7.05,573043,377
2023-11-30,LEGH,,current,22.5,615771,377
2023-11-30,LFCR,,current,7.32,1063703,377
2023-11-30,LFMD,,current,7.19,3442393,377
2023-11-30,LFVN,,current,5.982,268794,377
2023-11-30,LILA,,current,4.7418,1533296,377
2023-11-30,LMNR,,current,14.7434,724040,377
2023-11-30,LNZA,,current,451.0,1185518,377
2023-11-30,LOCO,,current,8.4,2317791,377
2023-11-30,LUNG,,current,11.03,1958545,377
2023-11-30,LWAY,,current,14.01,1266339,377
2023-11-30,LXFR,,current,7.5757,1720100,377
2023-11-30,LYEL,,current,33.4,1170716,377
2023-11-30,LZM,,current,9.59,459171,377
2023-11-30,MAGN,,current,18.46,530848,377
2023-11-30,MASS,,current,7.76,798019,377
2023-11-30,MATV,,current,10.6018,4840087,377
2023-11-30,MBI,,current,3.1713,1014284,377
2023-11-30,MCBS,,current,19.1774,326530,377
2023-11-30,MCFT,,current,20.32,3249526,377
2023-11-30,MCOM,1788841,roster,2.28,2138241,377
2023-11-30,MCRB,,current,22.4,4407162,377
2023-11-30,MDXG,,current,7.78,4113041,377
2023-11-30,MFIN,,current,8.2074,341748,377
2023-11-30,MG,,current,6.58,280389,377
2023-11-30,MGNX,,current,7.52,2338951,377
2023-11-30,MLR,,current,37.6463,818646,377
2023-11-30,MMATQ,1431959,roster,10.0,621976,377
2023-11-30,MMI,,current,33.1054,3482527,377
2023-11-30,MNSB,,current,20.0424,258341,377
2023-11-30,MPAA,,current,9.79,659009,377
2023-11-30,MSPR,1802450,roster,677.25,3256870,377
2023-11-30,MTA,,current,3.24,1117049,377
2023-11-30,MTRX,,current,9.89,2514367,377
2023-11-30,MTW,,current,14.27,3155728,377
2023-11-30,MVBF,,current,18.3792,361785,377
2023-11-30,MX,,current,6.69,1497740,377
2023-11-30,NATH,,current,62.441,359841,377
2023-11-30,NATR,,current,17.28,1152518,377
2023-11-30,NC,,current,32.5247,317252,377
2023-11-30,NCMI,,current,4.1237,1672378,377
2023-11-30,NDLS,,current,24.16,797882,377
2023-11-30,NECB,,current,15.1127,746381,377
2023-11-30,NEGG,,current,27.8,267416,377
2023-11-30,NEWT,,current,11.1794,1355176,377
2023-11-30,NGS,,current,15.1232,437886,377
2023-11-30,NGVC,,current,16.25,342833,377
2023-11-30,NKSH,,current,23.1357,260477,377
2023-11-30,NKTX,,current,2.49,1141264,377
2023-11-30,NMFC,,current,9.0289,2017456,377
2023-11-30,NOA,,current,19.5896,929319,377
2023-11-30,NOTE,1823466,roster,12.12,1138522,377
2023-11-30,NPCE,,current,8.74,305700,377
2023-11-30,NRC,,current,38.5618,1424057,377
2023-11-30,NRDY,,current,39.45,2106926,377
2023-11-30,NRIM,,current,11.264,543766,377
2023-11-30,NVCT,,current,8.12,377823,377
2023-11-30,OABI,,current,4.49,1872406,377
2023-11-30,OBIO,,current,6.21,477377,377
2023-11-30,OBT,,current,22.5382,358280,377
2023-11-30,OFLX,,current,63.9227,672208,377
2023-11-30,OKUR,,current,60.0,1123803,377
2023-11-30,ONEW,,current,26.77,1466890,377
2023-11-30,ONIT,,current,26.1,408105,377
2023-11-30,OPRT,,current,2.46,961461,377
2023-11-30,OPRX,,current,9.59,1168837,377
2023-11-30,ORMP,,current,2.0509,311096,377
2023-11-30,ORN,,current,4.86,807087,377
2023-11-30,ORRF,,current,21.8258,280216,377
2023-11-30,OSG,,current,14.78,4421148,377
2023-11-30,OSUR,,current,7.27,2842767,377
2023-11-30,OVID,,current,3.05,320667,377
2023-11-30,OVLY,,current,23.5437,299035,377
2023-11-30,OZ,,current,69.672,419966,377
2023-11-30,PACK,,current,4.1,1440100,377
2023-11-30,PANL,,current,6.1373,612742,377
2023-11-30,PBYI,,current,3.88,317342,377
2023-11-30,PCB,,current,14.2002,254429,377
2023-11-30,PCYO,,current,10.07,429509,377
2023-11-30,PDLB,,current,9.04,294292,377
2023-11-30,PFIS,,current,37.7678,465037,377
2023-11-30,PIII,,current,60.5,437524,377
2023-11-30,PKOH,,current,21.8891,767678,377
2023-11-30,PMTS,,current,17.51,423061,377
2023-11-30,PNNT,,current,4.1936,1295314,377
2023-11-30,POWW,,current,2.11,1345566,377
2023-11-30,PSFE,,current,10.59,4136542,377
2023-11-30,QUAD,,current,4.0791,478000,377
2023-11-30,QUIK,,current,12.96,271562,377
2023-11-30,RBB,,current,14.3583,353507,377
2023-11-30,RCEL,,current,10.66,1438679,377
2023-11-30,RCKY,,current,26.0882,666702,377
2023-11-30,RCMT,,current,26.8,598620,377
2023-11-30,RDNW,,current,6.05,909864,377
2023-11-30,RELL,,current,11.8687,861334,377
2023-11-30,RGCO,,current,15.8004,320510,377
2023-11-30,RGP,,current,11.5632,1622379,377
2023-11-30,RICK,,current,57.1694,2781118,377
2023-11-30,RLGT,,current,5.96,739061,377
2023-11-30,RM,,current,19.4488,555613,377
2023-11-30,RMNI,,current,3.21,695289,377
2023-11-30,RMR,,current,18.3687,1138079,377
2023-11-30,RNAC,,current,33.6,544948,377
2023-11-30,RNGR,,current,9.5873,1510215,377
2023-11-30,RPAY,,current,7.56,3903022,377
2023-11-30,RPC,,current,9.5707,2265082,377
2023-11-30,RRGB,,current,9.07,1956553,377
2023-11-30,RVPH,1742927,roster,79.2,1131649,377
2023-11-30,RWAY,,current,8.1589,929538,377
2023-11-30,SAMG,,current,13.487,333830,377
2023-11-30,SAR,,current,17.1755,1104548,377
2023-11-30,SBDS,1870600,roster,214.0,2227259,377
2023-11-30,SBSI,,current,24.2741,2355468,377
2023-11-30,SCLX,,current,30.5106,1318215,377
2023-11-30,SCM,,current,9.0966,1025761,377
2023-11-30,SCYX,,current,12.48,560376,377
2023-11-30,SD,,current,11.1617,3656086,377
2023-11-30,SEAT,,current,170.4,2697681,377
2023-11-30,SENS,,current,11.8,1040435,377
2023-11-30,SES,1819142,roster,2.12,927720,377
2023-11-30,SGHT,,current,3.69,732174,377
2023-11-30,SHBI,,current,11.0188,633067,377
2023-11-30,SHIP,,current,5.9729,366599,377
2023-11-30,SIGA,,current,3.9845,1494079,377
2023-11-30,SKIL,,current,18.76,293398,377
2023-11-30,SLI,,current,2.21,2373691,377
2023-11-30,SLP,,current,39.0493,3496798,377
2023-11-30,SLRC,,current,11.2995,2086387,377
2023-11-30,SMHI,,current,11.7,957994,377
2023-11-30,SMP,,current,32.343,4436661,377
2023-11-30,SMTI,,current,32.31,311753,377
2023-11-30,SPOK,,current,13.4821,1764706,377
2023-11-30,SRG,,current,9.05,1947271,377
2023-11-30,SRI,,current,16.6,1445791,377
2023-11-30,SSP,,current,5.6767,2464986,377
2023-11-30,SSTI,,current,22.73,467251,377
2023-11-30,SWIM,,current,2.34,699750,377
2023-11-30,TASK,,current,7.788,2652038,377
2023-11-30,TBCH,,current,10.58,1122511,377
2023-11-30,TBI,,current,14.11,4105926,377
2023-11-30,TCBX,,current,16.98,285910,377
2023-11-30,TCPC,,current,7.5148,1933452,377
2023-11-30,TCX,,current,21.54,709508,377
2023-11-30,TG,,current,4.77,717830,377
2023-11-30,TIPT,,current,17.8112,698712,377
2023-11-30,TITN,,current,25.48,4245584,377
2023-11-30,TLS,,current,4.03,640253,377
2023-11-30,TLYS,,current,8.65,569126,377
2023-11-30,TOP,,current,22.4,1202914,377
2023-11-30,TPVG,,current,6.6918,1158114,377
2023-11-30,TRAK,,current,10.0675,252980,377
2023-11-30,TRC,,current,16.33,565684,377
2023-11-30,TRDA,,current,13.02,615064,377
2023-11-30,TSBK,,current,26.7655,294569,377
2023-11-30,TUSK,,current,4.39,361994,377
2023-11-30,TWI,,current,12.94,4149409,377
2023-11-30,TZOO,,current,9.35,854749,377
2023-11-30,UFI,,current,6.58,330311,377
2023-11-30,UIS,,current,5.01,2091803,377
2023-11-30,ULH,,current,23.6157,536487,377
2023-11-30,UP,,current,43.0,759430,377
2023-11-30,USNA,,current,46.7,3197382,377
2023-11-30,UTMD,,current,80.6662,806567,377
2023-11-30,UWMC,1783398,roster,4.4444,3783063,377
2023-11-30,VERU,,current,9.2,727053,377
2023-11-30,VINP,,current,8.4351,300423,377
2023-11-30,VLGEA,,current,22.9188,538750,377
2023-11-30,VLN,1863006,roster,2.31,419203,377
2023-11-30,VMD,,current,8.08,532113,377
2023-11-30,VNDA,,current,3.64,3637993,377
2023-11-30,VRA,,current,7.62,1185909,377
2023-11-30,VREX,,current,18.91,4367393,377
2023-11-30,VTEX,,current,6.93,2256000,377
2023-11-30,VUZI,,current,2.15,1325007,377
2023-11-30,VYGR,,current,7.03,1453087,377
2023-11-30,WEST,,current,9.25,1983244,377
2023-11-30,WEYS,,current,23.7837,314504,377
2023-11-30,WHF,,current,8.0331,283294,377
2023-11-30,WHWK,,current,5.35,443342,377
2023-11-30,WKHS,,current,1182.0,3102498,377
2023-11-30,WNEB,,current,7.2759,292289,377
2023-11-30,WSBF,,current,10.8813,635563,377
2023-11-30,WTBA,,current,15.9242,250173,377
2023-11-30,XFOR,,current,22.35,1199991,377
2023-11-30,XPER,,current,10.65,2094135,301
2023-11-30,YORW,,current,35.2623,1300432,377
2023-11-30,ZUMZ,,current,19.01,4040979,377
2023-11-30,ZVSA,1859007,roster,32.9,349805,377
2023-12-31,ABOS,,current,3.84,1431622,398
2023-12-31,ACB,,current,4.76,3276423,398
2023-12-31,ACCO,,current,4.9865,2250678,398
2023-12-31,ACEL,,current,10.27,2765183,398
2023-12-31,ACET,,current,30.24,487154,398
2023-12-31,ACIC,,current,8.5677,2028447,398
2023-12-31,ACNB,,current,40.6949,410288,398
2023-12-31,ACTG,,current,3.92,708209,398
2023-12-31,ACU,,current,41.1328,265563,398
2023-12-31,ADV,,current,90.5,1320030,398
2023-12-31,AFCG,,current,6.0862,851124,398
2023-12-31,AFYA,,current,20.7316,3220342,398
2023-12-31,AIOT,,current,3.42,373288,398
2023-12-31,AIRS,,current,7.49,403688,398
2023-12-31,ALCO,,current,28.6207,529642,398
2023-12-31,ALEC,,current,7.98,3068392,398
2023-12-31,ALTG,,current,11.7905,2619159,398
2023-12-31,ALTI,,current,8.76,311806,398
2023-12-31,AMBP,1845097,roster,2.9902,3695103,398
2023-12-31,AMPY,,current,5.93,2573799,398
2023-12-31,AMWL,,current,29.8,1886032,398
2023-12-31,ANGI,,current,24.9,1398656,398
2023-12-31,ANIK,,current,22.66,1819499,398
2023-12-31,ANTX,,current,20.49,818793,398
2023-12-31,AOUT,,current,8.4,275380,398
2023-12-31,APYX,,current,2.62,307679,398
2023-12-31,AROW,,current,25.0933,1111915,398
2023-12-31,ARTNA,,current,37.5495,959468,398
2023-12-31,ASIX,,current,27.6298,3663110,398
2023-12-31,ASLE,,current,12.695,4693342,398
2023-12-31,ASTL,,current,9.6489,4074200,398
2023-12-31,ASUR,,current,9.52,2085682,398
2023-12-31,ATLO,,current,18.9897,303127,398
2023-12-31,ATLX,,current,31.28,1314681,398
2023-12-31,ATNI,,current,34.5967,1462586,398
2023-12-31,ATOM,,current,7.01,996847,398
2023-12-31,ATRA,,current,12.825,1677830,398
2023-12-31,ATS,,current,43.07,2567003,398
2023-12-31,AUDC,,current,10.757,1061732,398
2023-12-31,AURA,,current,8.86,1063380,398
2023-12-31,AVD,,current,10.9061,2857187,398
2023-12-31,AVIR,,current,3.05,1066838,398
2023-12-31,AVNW,,current,32.66,2155812,398
2023-12-31,BARK,,current,16.12,517454,398
2023-12-31,BATRA,,current,42.78,1393374,398
2023-12-31,BBCP,,current,7.265,436694,398
2023-12-31,BCBP,,current,11.0898,325277,398
2023-12-31,BCIC,,current,12.2188,392692,398
2023-12-31,BCLI,1137883,roster,4.05,311102,398
2023-12-31,BCML,,current,21.9832,353672,398
2023-12-31,BCSF,,current,11.103,2103983,398
2023-12-31,BCTX,,current,58.5,330430,398
2023-12-31,BDTX,,current,2.81,905477,398
2023-12-31,BETSF,1543268,roster,10.7,1785536,398
2023-12-31,BHB,,current,26.297,703853,398
2023-12-31,BIRD,,current,21.4251,725540,398
2023-12-31,BIVI,,current,126.0,971348,398
2023-12-31,BKSY,1753539,roster,11.2,728808,398
2023-12-31,BMRC,,current,19.4671,782294,398
2023-12-31,BNED,,current,148.0622,274465,398
2023-12-31,BNT,,current,26.5189,259691,398
2023-12-31,BOC,,current,15.73,1835788,398
2023-12-31,BOOM,,current,18.82,2977324,398
2023-12-31,BPRN,,current,32.3855,265242,398
2023-12-31,BRBS,,current,2.4556,297255,398
2023-12-31,BRCC,,current,36.3,1746228,398
2023-12-31,BSRR,,current,20.5266,341679,398
2023-12-31,BWB,,current,13.52,597239,398
2023-12-31,BWEN,,current,2.77,286124,398
2023-12-31,BWMN,,current,35.52,1283169,398
2023-12-31,BWMX,,current,11.1008,482660,398
2023-12-31,BYRN,,current,6.39,343363,398
2023-12-31,CAC,,current,33.5479,1258206,398
2023-12-31,CASS,,current,41.7594,1198470,398
2023-12-31,CBAN,,current,12.2617,321929,398
2023-12-31,CBNK,,current,23.2179,443654,398
2023-12-31,CCAP,,current,12.8494,1020075,398
2023-12-31,CCBG,,current,27.5644,774345,398
2023-12-31,CDZI,,current,2.8,501121,398
2023-12-31,CENT,,current,39.2404,2831703,398
2023-12-31,CFFI,,current,63.5175,352301,398
2023-12-31,CGNT,,current,6.43,1285421,398
2023-12-31,CHMG,,current,46.7031,329346,398
2023-12-31,CINT,,current,5.26,264551,398
2023-12-31,CION,,current,7.7299,1463796,398
2023-12-31,CIVB,,current,16.8046,338544,398
2023-12-31,CLAR,,current,6.4187,1602998,398
2023-12-31,CLMB,,current,13.5008,592617,398
2023-12-31,CLW,,current,36.12,3138614,398
2023-12-31,CMCL,,current,11.243,397175,398
2023-12-31,CMT,,current,18.53,2107085,398
2023-12-31,CNTN,,current,7.635,294036,398
2023-12-31,COFS,,current,26.6582,363881,398
2023-12-31,COOK,,current,136.5,989987,398
2023-12-31,CPS,,current,19.54,2311200,398
2023-12-31,CRCT,,current,4.9799,2107433,398
2023-12-31,CRNT,,current,2.16,392586,398
2023-12-31,CRON,,current,2.09,2763373,398
2023-12-31,CSV,,current,24.1751,2378497,398
2023-12-31,CTEV,,current,57.6,1386440,398
2023-12-31,CTOS,1709682,roster,6.18,2614789,398
2023-12-31,CUE,,current,79.2,634495,398
2023-12-31,CURV,,current,5.77,442618,398
2023-12-31,CVEO,,current,21.7344,1079896,398
2023-12-31,CVGI,,current,7.01,1129788,398
2023-12-31,CVRX,,current,31.44,1997839,398
2023-12-31,CWCO,,current,34.1531,4207584,398
2023-12-31,CXAI,,current,64.5,401498,398
2023-12-31,CYH,,current,3.13,3963819,398
2023-12-31,CYTOF,1601936,roster,3.48,703627,398
2023-12-31,CZFS,,current,58.6973,707305,398
2023-12-31,CZNC,,current,19.2904,284794,398
2023-12-31,DBGI,,current,6540.0,268650,398
2023-12-31,DCBO,,current,48.38,2865496,398
2023-12-31,DCFCQ,1862490,roster,44.0,388184,398
2023-12-31,DERM,,current,5.76,352002,398
2023-12-31,DGICA,,current,12.4056,363602,398
2023-12-31,DIBS,,current,4.68,282854,398
2023-12-31,DLTH,,current,5.38,408175,398
2023-12-31,DMRC,,current,36.12,3165327,398
2023-12-31,DOMO,,current,10.29,3115553,398
2023-12-31,DSGR,,current,31.56,1610117,398
2023-12-31,DSP,,current,6.89,324013,398
2023-12-31,DSX,,current,2.645,1422174,398
2023-12-31,EBF,,current,17.1185,1117811,398
2023-12-31,EFTR,1828522,roster,11.685,614355,398
2023-12-31,EGAN,,current,8.33,419308,398
2023-12-31,EMPD,,current,28512.0,285552,398
2023-12-31,ENTA,,current,9.41,2295285,398
2023-12-31,EOLS,,current,10.53,4663659,398
2023-12-31,EPM,,current,4.57,1586999,398
2023-12-31,ESCA,,current,17.9917,390201,398
2023-12-31,ESEA,,current,22.0193,672360,398
2023-12-31,ESOA,,current,5.8666,264730,398
2023-12-31,EVCM,,current,11.03,955593,398
2023-12-31,EVEX,,current,7.32,360649,398
2023-12-31,EVI,,current,23.1232,429587,398
2023-12-31,EVTL,1867102,roster,6.88,303802,398
2023-12-31,EXFY,,current,2.47,1455498,398
2023-12-31,FBIO,,current,3.01,726313,398
2023-12-31,FBIZ,,current,37.5521,269026,398
2023-12-31,FC,,current,43.53,2119385,398
2023-12-31,FCBC,,current,31.4489,844288,398
2023-12-31,FDBC,,current,52.7562,359529,398
2023-12-31,FENC,,current,11.22,856489,398
2023-12-31,FF,,current,3.7259,999672,398
2023-12-31,FFAI,,current,4158.0,4421331,398
2023-12-31,FHTX,,current,6.45,306130,398
2023-12-31,FIP,,current,3.6642,1301305,365
2023-12-31,FIRY,,current,6.24,1518929,398
2023-12-31,FLL,,current,5.37,584047,398
2023-12-31,FLWS,,current,10.78,3003636,398
2023-12-31,FMAO,,current,22.7025,274640,398
2023-12-31,FNKO,,current,7.73,3506939,398
2023-12-31,FOR,,current,33.07,4733635,398
2023-12-31,FORR,,current,26.81,1334371,398
2023-12-31,FPH,,current,3.07,288462,398
2023-12-31,FRBA,,current,13.995,333099,398
2023-12-31,FRPH,,current,31.44,521910,398
2023-12-31,FRST,,current,11.5397,539151,398
2023-12-31,FSBW,,current,34.0131,312567,398
2023-12-31,FSTR,,current,21.99,580126,398
2023-12-31,FTCI,,current,6.93,1125251,398
2023-12-31,FVCB,,current,13.8964,268257,398
2023-12-31,GAIN,,current,10.8538,1665586,398
2023-12-31,GASS,,current,6.46,1184672,398
2023-12-31,GCBC,,current,27.1415,270605,398
2023-12-31,GEOS,,current,12.96,688827,398
2023-12-31,GIC,,current,35.3954,1326034,398
2023-12-31,GLAD,,current,16.7197,1781353,398
2023-12-31,GLAS,,current,4.73,250485,398
2023-12-31,GLBS,,current,2.65,277022,398
2023-12-31,GLRE,,current,11.42,894880,398
2023-12-31,GNE,,current,26.6799,4415014,398
2023-12-31,GNLX,,current,14.01,1840951,234
2023-12-31,GPRK,,current,7.6664,2136557,398
2023-12-31,GRNT,,current,4.862,2647685,398
2023-12-31,GSIT,,current,2.64,303269,398
2023-12-31,GTE,,current,5.64,2031297,398
2023-12-31,GWH,1819438,roster,17.1,1402530,398
2023-12-31,GYRE,,current,25.69,1049104,398
2023-12-31,HBB,,current,16.3589,394804,398
2023-12-31,HBT,,current,19.1795,536040,398
2023-12-31,HCKT,,current,21.4665,1564506,398
2023-12-31,HDSN,,current,13.49,4244346,398
2023-12-31,HGTY,,current,7.8,333968,398
2023-12-31,HIPO,,current,9.12,800555,398
2023-12-31,HLLY,,current,4.87,1570574,398
2023-12-31,HOFT,,current,22.5869,378048,398
2023-12-31,HPK,,current,13.8404,4994401,398
2023-12-31,HRZN,,current,8.5589,1561720,398
2023-12-31,HURC,,current,21.3558,274809,398
2023-12-31,HVT,,current,30.7194,2001479,398
2023-12-31,HY,,current,56.8446,2617892,398
2023-12-31,HYPD,,current,166.4,408817,398
2023-12-31,IBEX,,current,19.01,978140,398
2023-12-31,IGIC,,current,10.8356,550104,398
2023-12-31,IHRT,,current,2.67,1973344,398
2023-12-31,IMMR,,current,6.3576,1587867,398
2023-12-31,IMPP,,current,2.64,996644,398
2023-12-31,IMRX,,current,7.35,381064,398
2023-12-31,IMTX,,current,10.53,4037394,398
2023-12-31,IMUX,,current,15.0,481508,398
2023-12-31,IMXI,,current,22.09,4611400,398
2023-12-31,INBK,,current,23.645,508113,398
2023-12-31,INFU,,current,10.54,351881,398
2023-12-31,INGN,,current,5.49,1334955,398
2023-12-31,INMB,,current,11.26,314565,398
2023-12-31,INSE,,current,9.88,1005035,398
2023-12-31,INTT,,current,13.6,1231608,398
2023-12-31,INVE,,current,8.24,400911,398
2023-12-31,IRD,,current,3.01,596270,398
2023-12-31,JAKK,,current,32.7382,3372667,398
2023-12-31,JILL,,current,24.7458,2409328,398
2023-12-31,JMSB,,current,21.6038,274499,398
2023-12-31,JOUT,,current,48.5093,1226294,398
2023-12-31,JRVR,,current,8.9409,4420596,398
2023-12-31,JYNT,,current,9.61,851374,398
2023-12-31,KE,,current,26.95,1809138,398
2023-12-31,KELYA,,current,20.3288,2346965,398
2023-12-31,KIDS,,current,32.51,3978964,398
2023-12-31,KLRS,,current,15.64,1299295,398
2023-12-31,KNOP,,current,5.4944,472187,398
2023-12-31,KRNY,,current,7.5259,1620940,398
2023-12-31,KRO,,current,8.9904,1270494,398
2023-12-31,KRRO,,current,47.93,735497,398
2023-12-31,KVHI,,current,5.26,296145,398
2023-12-31,KWY,,current,8.4,482422,398
2023-12-31,LAKE,,current,18.2984,286334,398
2023-12-31,LAW,,current,7.59,1125197,398
2023-12-31,LCNB,,current,13.5362,273686,398
2023-12-31,LE,,current,9.56,624299,398
2023-12-31,LEGH,,current,25.22,649415,398
2023-12-31,LFCR,,current,6.19,900862,398
2023-12-31,LFMD,,current,8.29,4145163,398
2023-12-31,LILA,,current,4.966,1734399,398
2023-12-31,LMNR,,current,19.9515,770099,398
2023-12-31,LNZA,,current,503.0,889876,398
2023-12-31,LOCO,,current,8.82,2220818,398
2023-12-31,LUNG,,current,12.75,2070075,398
2023-12-31,LWAY,,current,13.41,1112725,398
2023-12-31,LXFR,,current,7.9399,1882457,398
2023-12-31,LYEL,,current,38.8,1668303,398
2023-12-31,LZM,,current,9.04,437114,398
2023-12-31,MAGN,,current,25.22,456004,398
2023-12-31,MASS,,current,11.22,908509,398
2023-12-31,MBI,,current,6.12,1248523,398
2023-12-31,MCBS,,current,21.9666,444104,398
2023-12-31,MCFT,,current,22.64,2526992,398
2023-12-31,MCRB,,current,28.0,3952519,398
2023-12-31,MDXG,,current,8.77,4578520,398
2023-12-31,MFIN,,current,8.573,426917,398
2023-12-31,MG,,current,7.32,294945,398
2023-12-31,MGNX,,current,9.62,3493649,398
2023-12-31,MLP,,current,15.89,280203,398
2023-12-31,MLR,,current,40.5812,1080050,398
2023-12-31,MMATQ,1431959,roster,6.6,601276,398
2023-12-31,MMI,,current,42.0484,3814227,398
2023-12-31,MNSB,,current,23.411,265286,398
2023-12-31,MPAA,,current,9.34,693153,398
2023-12-31,MSPR,1802450,roster,397.25,1685519,398
2023-12-31,MTA,,current,3.08,1097142,398
2023-12-31,MTRX,,current,9.78,2325713,398
2023-12-31,MTW,,current,16.69,3712645,398
2023-12-31,MVBF,,current,20.7732,420707,398
2023-12-31,MX,,current,7.5,1633659,398
2023-12-31,NATH,,current,71.844,292418,398
2023-12-31,NATR,,current,17.29,1295494,398
2023-12-31,NC,,current,34.0158,333847,398
2023-12-31,NCMI,,current,3.961,1513949,398
2023-12-31,NDLS,,current,25.2,671216,398
2023-12-31,NECB,,current,16.1021,798916,398
2023-12-31,NEGG,,current,25.2,627886,398
2023-12-31,NEWT,,current,11.7638,1463666,398
2023-12-31,NGS,,current,15.791,535463,398
2023-12-31,NGVC,,current,15.2672,499786,398
2023-12-31,NKSH,,current,28.5555,308575,398
2023-12-31,NKTX,,current,6.6,1565620,398
2023-12-31,NMFC,,current,9.2958,2083198,398
2023-12-31,NOA,,current,19.963,929319,398
2023-12-31,NOTE,1823466,roster,13.68,1093567,398
2023-12-31,NPCE,,current,10.31,328625,398
2023-12-31,NRC,,current,36.8626,1726472,398
2023-12-31,NRDY,,current,51.45,2106116,398
2023-12-31,NRIM,,current,13.1752,609033,398
2023-12-31,NSLR,,current,3.7227,328591,398
2023-12-31,NVCT,,current,8.34,332079,398
2023-12-31,NWFL,,current,29.0061,269438,398
2023-12-31,OABI,,current,6.17,2101050,398
2023-12-31,OBIO,,current,9.13,373570,398
2023-12-31,OBT,,current,28.4934,358280,398
2023-12-31,OFLX,,current,64.4435,670032,398
2023-12-31,OKUR,,current,16.0,1464258,398
2023-12-31,OM,,current,81.15,4902642,398
2023-12-31,ONEW,,current,33.79,1488879,398
2023-12-31,ONIT,,current,30.76,431480,398
2023-12-31,OPFI,,current,4.7592,609682,398
2023-12-31,OPRT,,current,3.91,994960,398
2023-12-31,OPRX,,current,14.31,1351006,398
2023-12-31,ORMP,,current,2.1535,321827,398
2023-12-31,ORN,,current,4.94,616345,398
2023-12-31,ORRF,,current,27.1213,353758,398
2023-12-31,OSUR,,current,8.2,3708050,398
2023-12-31,OVID,,current,3.22,390048,398
2023-12-31,OVLY,,current,28.149,304031,398
2023-12-31,OZ,,current,77.25,470131,398
2023-12-31,PACK,,current,5.82,1590860,398
2023-12-31,PAMT,,current,20.78,269242,398
2023-12-31,PANL,,current,7.2452,870896,398
2023-12-31,PBYI,,current,4.33,803672,398
2023-12-31,PCB,,current,16.5534,293158,398
2023-12-31,PCYO,,current,10.47,435413,398
2023-12-31,PDLB,,current,9.76,357885,398
2023-12-31,PFIS,,current,42.9842,455344,398
2023-12-31,PIII,,current,70.5,373743,398
2023-12-31,PKOH,,current,25.5026,869420,398
2023-12-31,PLBC,,current,38.4099,310580,398
2023-12-31,PMTS,,current,19.19,380235,398
2023-12-31,PNNT,,current,4.5408,1312522,398
2023-12-31,POWW,,current,2.1,1876632,398
2023-12-31,QUAD,,current,4.7751,479005,398
2023-12-31,QUIK,,current,13.86,877065,398
2023-12-31,RBB,,current,17.4462,500871,398
2023-12-31,RCEL,,current,13.72,1488732,398
2023-12-31,RCKY,,current,28.4702,1192581,398
2023-12-31,RCMT,,current,29.04,1344779,398
2023-12-31,RDNW,,current,8.14,1444019,398
2023-12-31,RELL,,current,12.6052,906180,398
2023-12-31,RGCO,,current,18.3018,321741,398
2023-12-31,RGP,,current,12.039,2111521,398
2023-12-31,RICK,,current,64.9559,2856790,398
2023-12-31,RLGT,,current,6.64,697190,398
2023-12-31,RLYB,,current,19.12,255389,398
2023-12-31,RM,,current,22.5823,463299,398
2023-12-31,RMNI,,current,3.27,963610,398
2023-12-31,RMR,,current,21.7968,1291612,398
2023-12-31,RNAC,,current,20.67,595669,398
2023-12-31,RNGR,,current,9.7591,1778850,398
2023-12-31,RPAY,,current,8.54,4641068,398
2023-12-31,RPC,,current,9.8008,2718025,398
2023-12-31,RRGB,,current,12.47,1456182,398
2023-12-31,RVPH,1742927,roster,103.0,1671397,398
2023-12-31,RWAY,,current,8.1525,1983766,398
2023-12-31,SAMG,,current,14.8907,347279,398
2023-12-31,SAR,,current,17.7885,1266633,398
2023-12-31,SBDS,1870600,roster,246.4,2228525,398
2023-12-31,SBSI,,current,27.5159,2417295,398
2023-12-31,SCLX,,current,44.4583,1252288,398
2023-12-31,SCM,,current,9.2852,961994,398
2023-12-31,SCYX,,current,17.84,379016,398
2023-12-31,SD,,current,10.9771,3797271,398
2023-12-31,SENS,,current,11.4,1104688,398
2023-12-31,SGC,,current,11.9534,365474,398
2023-12-31,SGHT,,current,5.16,826472,398
2023-12-31,SHBI,,current,13.0413,629461,398
2023-12-31,SHIP,,current,6.7049,706068,398
2023-12-31,SIGA,,current,4.1785,1330137,398
2023-12-31,SKIL,,current,17.58,401971,398
2023-12-31,SKYH,,current,9.66,364896,398
2023-12-31,SLI,,current,2.02,2693292,398
2023-12-31,SLP,,current,44.5552,4078853,398
2023-12-31,SLRC,,current,11.6336,2191621,398
2023-12-31,SMC,,current,17.91,300537,398
2023-12-31,SMHI,,current,12.59,1011352,398
2023-12-31,SMID,,current,39.5,416422,398
2023-12-31,SMTI,,current,41.1,413050,398
2023-12-31,SOAR,1853070,roster,83.8144,344036,398
2023-12-31,SPOK,,current,12.141,1881348,398
2023-12-31,SRG,,current,9.35,2353416,398
2023-12-31,SRI,,current,19.57,1550990,398
2023-12-31,SSP,,current,6.0075,2327403,398
2023-12-31,SSTI,,current,25.54,657745,398
2023-12-31,SWIM,,current,2.63,696734,398
2023-12-31,TASK,,current,8.5179,2821273,398
2023-12-31,TBCH,,current,10.95,1187414,398
2023-12-31,TBI,,current,15.34,4498445,398
2023-12-31,TCBX,,current,19.87,279159,398
2023-12-31,TCPC,,current,7.677,2083596,398
2023-12-31,TCX,,current,27.0,743729,398
2023-12-31,TG,,current,5.41,676933,398
2023-12-31,TIPT,,current,18.0976,805982,398
2023-12-31,TITN,,current,28.88,4245584,398
2023-12-31,TLS,,current,3.65,1606843,398
2023-12-31,TLYS,,current,7.54,630477,398
2023-12-31,TOP,,current,18.9,939750,398
2023-12-31,TPVG,,current,7.2014,1239415,398
2023-12-31,TRAK,,current,9.8763,312245,398
2023-12-31,TRC,,current,17.2,637459,398
2023-12-31,TRDA,,current,15.09,944158,398
2023-12-31,TSBK,,current,28.7878,347380,398
2023-12-31,TTGT,,current,34.86,4587330,398
2023-12-31,TTOO,1492674,roster,6.275,1614030,398
2023-12-31,TUSK,,current,4.46,337397,398
2023-12-31,TWI,,current,14.88,3743671,398
2023-12-31,TWIN,,current,15.5999,307589,398
2023-12-31,TZOO,,current,9.53,1143474,398
2023-12-31,UFI,,current,6.66,341866,398
2023-12-31,UIS,,current,5.62,2934062,398
2023-12-31,ULH,,current,26.7203,546874,398
2023-12-31,UNTY,,current,28.4941,320448,398
2023-12-31,UP,,current,68.6,612268,398
2023-12-31,USNA,,current,53.6,3140592,398
2023-12-31,UTMD,,current,80.2183,753559,398
2023-12-31,UWMC,1783398,roster,5.8061,4442880,398
2023-12-31,VERU,,current,7.2,819125,398
2023-12-31,VINP,,current,9.1996,281018,398
2023-12-31,VLGEA,,current,24.1527,623904,398
2023-12-31,VLN,1863006,roster,2.45,349728,398
2023-12-31,VMD,,current,7.85,615424,398
2023-12-31,VNDA,,current,4.22,3203516,398
2023-12-31,VRA,,current,7.7,1442671,398
2023-12-31,VREX,,current,20.5,4682745,398
2023-12-31,VTEX,,current,6.88,1998517,398
2023-12-31,VUZI,,current,2.09,1375657,398
2023-12-31,VYGR,,current,8.44,1266876,398
2023-12-31,WEST,,current,10.21,2025289,398
2023-12-31,WEYS,,current,25.6485,361110,398
2023-12-31,WHF,,current,8.3659,328982,398
2023-12-31,WHWK,,current,2.02,479216,398
2023-12-31,WKHS,,current,1080.0,2404872,398
2023-12-31,WNEB,,current,8.3205,329521,398
2023-12-31,WSBF,,current,12.6237,635219,398
2023-12-31,WTBA,,current,18.5797,296646,398
2023-12-31,XFOR,,current,25.17,1248587,398
2023-12-31,XPER,,current,11.02,3274710,322
2023-12-31,YORW,,current,36.1439,1285333,398
2023-12-31,ZUMZ,,current,20.34,3906808,398
2023-12-31,ZVSA,1859007,roster,9.0,290363,398
2024-01-31,ABOS,,current,3.29,1382631,418
2024-01-31,ACB,,current,3.96,3087515,418
2024-01-31,ACCO,,current,5.0767,2347483,418
2024-01-31,ACEL,,current,10.44,2728712,418
2024-01-31,ACET,,current,46.24,643261,418
2024-01-31,ACIC,,current,10.524,2379857,418
2024-01-31,ACIU,,current,3.25,290980,418
2024-01-31,ACNB,,current,38.9401,555357,418
2024-01-31,ACTG,,current,4.03,595463,418
2024-01-31,ACU,,current,46.7104,493492,418
2024-01-31,ADV,,current,105.75,1990489,418
2024-01-31,AFCG,,current,6.0154,1018687,418
2024-01-31,AFMDQ,1608390,roster,5.34,407333,418
2024-01-31,AFYA,,current,18.5762,3200706,418
2024-01-31,AIOS,,current,95.0,327599,418
2024-01-31,AIOT,,current,2.91,379690,418
2024-01-31,AIRS,,current,7.63,437110,418
2024-01-31,ALCO,,current,29.5261,668701,418
2024-01-31,ALEC,,current,5.69,3540717,418
2024-01-31,ALTG,,current,10.4561,2740726,418
2024-01-31,ALTI,,current,6.61,381744,418
2024-01-31,ALVO,,current,15.13,610989,407
2024-01-31,AMBP,1845097,roster,2.998,3248273,418
2024-01-31,AMPY,,current,6.24,2557942,418
2024-01-31,AMWL,,current,22.0,1770363,418
2024-01-31,ANGI,,current,24.5,1895314,418
2024-01-31,ANIK,,current,24.52,1660283,418
2024-01-31,ANIX,,current,4.29,456694,418
2024-01-31,ANTX,,current,19.43,1393655,418
2024-01-31,ANY,,current,22.1,2245944,418
2024-01-31,AOUT,,current,8.97,334324,418
2024-01-31,APYX,,current,2.27,294234,418
2024-01-31,AROW,,current,23.7372,1057615,418
2024-01-31,ARTNA,,current,33.2465,1029822,418
2024-01-31,ASIX,,current,24.3098,3519071,418
2024-01-31,ASLE,,current,9.76,4999397,418
2024-01-31,ASTL,,current,8.3887,4998159,418
2024-01-31,ASUR,,current,9.09,2233334,418
2024-01-31,ATLO,,current,19.7906,261015,418
2024-01-31,ATLX,,current,23.53,1455103,418
2024-01-31,ATNI,,current,33.2384,1328110,418
2024-01-31,ATOM,,current,8.04,1147490,418
2024-01-31,ATRA,,current,15.5,1641004,418
2024-01-31,ATS,,current,44.11,1980809,418
2024-01-31,AUDC,,current,10.4807,979842,418
2024-01-31,AURA,,current,8.11,1235174,418
2024-01-31,AVD,,current,10.7967,2197277,418
2024-01-31,AVIR,,current,4.07,1305890,418
2024-01-31,AVNW,,current,30.98,2265849,418
2024-01-31,BARK,,current,19.34,635722,418
2024-01-31,BATRA,,current,44.07,1348993,418
2024-01-31,BBCP,,current,6.9195,448067,418
2024-01-31,BCBP,,current,11.1674,346269,418
2024-01-31,BCIC,,current,12.595,539842,418
2024-01-31,BCLI,1137883,roster,5.85,305834,418
2024-01-31,BCML,,current,20.0076,338182,418
2024-01-31,BCSF,,current,11.5598,2183599,418
2024-01-31,BCTX,,current,43.0,345445,418
2024-01-31,BDTX,,current,3.53,897520,418
2024-01-31,BETSF,1543268,roster,3.14,3216062,418
2024-01-31,BGDE,,current,46.8,809971,418
2024-01-31,BHB,,current,24.8371,730954,418
2024-01-31,BIRD,,current,17.6648,843991,418
2024-01-31,BIVI,,current,106.0,770391,418
2024-01-31,BKSY,1753539,roster,10.08,740332,418
2024-01-31,BMRC,,current,17.8935,751047,418
2024-01-31,BNED,,current,90.4272,470797,418
2024-01-31,BOC,,current,16.07,1835788,418
2024-01-31,BOOM,,current,18.66,3098205,418
2024-01-31,BPRN,,current,29.8325,303018,418
2024-01-31,BRBS,,current,2.3907,258189,418
2024-01-31,BRCC,,current,39.0,1912675,418
2024-01-31,BSRR,,current,20.0275,337635,418
2024-01-31,BWB,,current,12.92,876479,418
2024-01-31,BWEN,,current,2.42,279160,418
2024-01-31,BWFG,,current,27.6706,271705,418
2024-01-31,BWMN,,current,31.99,1551305,418
2024-01-31,BWMX,,current,10.9097,388403,418
2024-01-31,BYRN,,current,6.6,356044,418
2024-01-31,CAC,,current,33.4813,1212444,418
2024-01-31,CASS,,current,40.9714,1426527,418
2024-01-31,CBAN,,current,11.9206,390040,418
2024-01-31,CBIO,,current,340.0,528847,418
2024-01-31,CBNK,,current,21.7308,443654,418
2024-01-31,CCAP,,current,12.3097,1111092,418
2024-01-31,CCBG,,current,27.7798,873919,418
2024-01-31,CDZI,,current,2.74,507104,418
2024-01-31,CENT,,current,37.5489,3365510,418
2024-01-31,CFFI,,current,54.6777,370325,418
2024-01-31,CGEN,,current,2.57,304482,418
2024-01-31,CGNT,,current,7.03,1462163,418
2024-01-31,CHMG,,current,45.2683,387782,418
2024-01-31,CION,,current,7.8119,1879604,418
2024-01-31,CIVB,,current,16.2578,394578,418
2024-01-31,CLAR,,current,5.7675,1601611,418
2024-01-31,CLMB,,current,14.1582,537406,418
2024-01-31,CLW,,current,34.0,3282228,418
2024-01-31,CMCL,,current,10.5598,451686,418
2024-01-31,CMRC,,current,8.65,4692693,418
2024-01-31,CMT,,current,17.64,1608958,418
2024-01-31,CNTN,,current,7.035,340967,418
2024-01-31,COFS,,current,25.5573,346493,418
2024-01-31,COOK,,current,114.5,807645,418
2024-01-31,COYA,,current,6.0,252076,272
2024-01-31,CPS,,current,18.02,2387254,418
2024-01-31,CRCT,,current,4.1185,2332168,418
2024-01-31,CRNT,,current,2.44,524818,418
2024-01-31,CRON,,current,2.0,3838434,418
2024-01-31,CSV,,current,24.378,2330239,418
2024-01-31,CTEV,,current,41.2,1226518,418
2024-01-31,CTOS,1709682,roster,6.58,2644801,418
2024-01-31,CUE,,current,78.9,737700,418
2024-01-31,CURV,,current,5.3,595106,418
2024-01-31,CVEO,,current,21.2588,1033168,418
2024-01-31,CVGI,,current,6.74,1024575,418
2024-01-31,CVRX,,current,25.93,3009101,418
2024-01-31,CWCO,,current,31.3613,4299165,418
2024-01-31,CXAI,,current,60.5,386163,418
2024-01-31,CXDO,,current,6.26,575234,418
2024-01-31,CYTOF,1601936,roster,2.0,703627,418
2024-01-31,CZFS,,current,55.3325,491478,418
2024-01-31,CZNC,,current,18.4847,337639,418
2024-01-31,DBGI,,current,5020.0,302280,418
2024-01-31,DCBO,,current,45.53,3515273,418
2024-01-31,DCFCQ,1862490,roster,23.8,333377,418
2024-01-31,DERM,,current,4.86,1474339,418
2024-01-31,DGICA,,current,13.5229,496991,418
2024-01-31,DIBS,,current,4.86,320815,418
2024-01-31,DLTH,,current,4.95,356222,418
2024-01-31,DMRC,,current,36.98,3347333,418
2024-01-31,DOMO,,current,11.21,3573106,418
2024-01-31,DSGR,,current,33.0,1356607,418
2024-01-31,DSP,,current,9.12,413024,418
2024-01-31,DSX,,current,2.7073,1981663,418
2024-01-31,DTIL,,current,11.4,279822,418
2024-01-31,EBF,,current,16.318,1221559,418
2024-01-31,EFTR,1828522,roster,11.32,1104090,418
2024-01-31,EGAN,,current,7.68,486017,418
2024-01-31,EMPD,,current,38016.0,586368,418
2024-01-31,ENTA,,current,12.2,2390352,418
2024-01-31,EPM,,current,4.5464,1525704,418
2024-01-31,ESCA,,current,15.2716,395762,418
2024-01-31,ESEA,,current,28.2469,1253461,418
2024-01-31,ESOA,,current,7.8287,393945,418
2024-01-31,EVCM,,current,10.07,1044123,418
2024-01-31,EVEX,,current,6.67,354639,418
2024-01-31,EVI,,current,21.34,433028,418
2024-01-31,FBIO,,current,2.0,1126868,418
2024-01-31,FBIZ,,current,36.1286,399114,418
2024-01-31,FC,,current,42.43,2882342,418
2024-01-31,FCBC,,current,30.864,873316,418
2024-01-31,FDBC,,current,47.4561,371906,418
2024-01-31,FENC,,current,9.92,825545,418
2024-01-31,FF,,current,3.5421,1091481,418
2024-01-31,FFAI,,current,2538.0,3744918,418
2024-01-31,FHTX,,current,3.35,372683,418
2024-01-31,FINW,,current,14.38,269733,418
2024-01-31,FIP,,current,4.1917,1775191,385
2024-01-31,FIRY,,current,5.34,1287950,418
2024-01-31,FLGT,,current,25.0,4594649,418
2024-01-31,FLL,,current,4.81,573499,418
2024-01-31,FLWS,,current,10.67,3529919,418
2024-01-31,FMAO,,current,21.4667,330311,418
2024-01-31,FNKO,,current,7.41,2967325,418
2024-01-31,FNLC,,current,22.5482,281076,418
2024-01-31,FORR,,current,26.83,1324360,418
2024-01-31,FPH,,current,3.42,277493,418
2024-01-31,FRBA,,current,14.0236,546467,418
2024-01-31,FRPH,,current,30.33,536585,418
2024-01-31,FRST,,current,12.4603,856792,418
2024-01-31,FSBW,,current,34.326,370038,418
2024-01-31,FSTR,,current,23.34,782260,418
2024-01-31,FTCI,,current,5.17,880547,418
2024-01-31,FUNC,,current,21.2853,293545,418
2024-01-31,FVCB,,current,12.2816,281281,418
2024-01-31,GAIN,,current,11.3305,1917139,418
2024-01-31,GASS,,current,7.8,1381517,418
2024-01-31,GCBC,,current,25.8518,277537,418
2024-01-31,GEOS,,current,15.03,745439,418
2024-01-31,GIC,,current,39.6148,1475265,418
2024-01-31,GLAD,,current,17.0505,1876802,418
2024-01-31,GLAS,,current,5.95,443003,418
2024-01-31,GLRE,,current,11.49,887048,418
2024-01-31,GNLX,,current,10.96,1334185,254
2024-01-31,GPRK,,current,8.1674,2222221,418
2024-01-31,GRNT,,current,4.4986,2707619,418
2024-01-31,GTE,,current,5.54,1991135,418
2024-01-31,GWH,1819438,roster,15.45,1007743,418
2024-01-31,GYRE,,current,14.28,1764724,418
2024-01-31,HBB,,current,17.8461,533275,418
2024-01-31,HBT,,current,18.489,463339,418
2024-01-31,HCKT,,current,22.0604,1518540,418
2024-01-31,HDSN,,current,12.73,3905275,418
2024-01-31,HGTY,,current,8.23,359755,418
2024-01-31,HIPO,,current,9.58,804153,418
2024-01-31,HLLY,,current,4.97,1410319,418
2024-01-31,HOFT,,current,21.3052,706486,418
2024-01-31,HPK,,current,13.7238,4882831,418
2024-01-31,HRZN,,current,8.685,1604121,418
2024-01-31,HSHP,,current,5.6158,583608,209
2024-01-31,HURA,,current,4.305,334558,418
2024-01-31,HURC,,current,24.4803,356407,418
2024-01-31,HVT,,current,29.8627,2240653,418
2024-01-31,HY,,current,62.6031,4376155,418
2024-01-31,HYPD,,current,153.6,562803,418
2024-01-31,IBEX,,current,18.57,820312,418
2024-01-31,IGIC,,current,11.3824,557449,418
2024-01-31,IHRT,,current,2.88,2319345,418
2024-01-31,III,,current,4.1129,250641,418
2024-01-31,IMMR,,current,6.4359,1608467,418
2024-01-31,IMPP,,current,3.46,1632582,418
2024-01-31,IMRX,,current,6.66,376159,418
2024-01-31,IMTX,,current,11.2,4171054,418
2024-01-31,IMUX,,current,12.1,473278,418
2024-01-31,IMXI,,current,20.89,4561247,418
2024-01-31,INBK,,current,32.0415,654810,418
2024-01-31,INFU,,current,9.7,355712,418
2024-01-31,INGN,,current,6.335,1917863,418
2024-01-31,INMB,,current,12.18,556609,418
2024-01-31,INSE,,current,9.53,1184270,418
2024-01-31,INTT,,current,12.58,1235314,418
2024-01-31,INVE,,current,8.0,372527,418
2024-01-31,IPSC,,current,4.37,380432,418
2024-01-31,IRD,,current,2.7,606449,418
2024-01-31,JAKK,,current,29.5887,4276893,418
2024-01-31,JILL,,current,23.4691,2581488,418
2024-01-31,JMSB,,current,18.9512,322191,418
2024-01-31,JOUT,,current,42.4051,1388996,418
2024-01-31,JYNT,,current,9.77,814620,418
2024-01-31,KE,,current,24.86,1975748,418
2024-01-31,KELYA,,current,19.633,3145654,418
2024-01-31,KIDS,,current,26.39,4832716,418
2024-01-31,KLRS,,current,16.629,1690159,418
2024-01-31,KNOP,,current,5.664,482669,418
2024-01-31,KRNY,,current,6.4939,1872009,418
2024-01-31,KRO,,current,8.6196,1471581,418
2024-01-31,KRRO,,current,49.09,910271,418
2024-01-31,KVHI,,current,4.95,271191,418
2024-01-31,KWY,,current,8.85,310747,418
2024-01-31,LAKE,,current,18.0615,303312,418
2024-01-31,LAW,,current,8.36,1199943,418
2024-01-31,LCNB,,current,13.4332,269455,418
2024-01-31,LCUT,,current,7.4261,309484,418
2024-01-31,LE,,current,9.58,604533,418
2024-01-31,LEGH,,current,24.18,808560,418
2024-01-31,LFCR,,current,6.78,801108,418
2024-01-31,LFMD,,current,5.56,4680059,418
2024-01-31,LILA,,current,4.9253,1847763,418
2024-01-31,LMNR,,current,17.9689,821961,418
2024-01-31,LNZA,,current,455.0,756502,418
2024-01-31,LOCO,,current,9.41,2286238,418
2024-01-31,LUNG,,current,13.2,2619247,418
2024-01-31,LWAY,,current,12.09,939102,418
2024-01-31,LXFR,,current,7.538,1773908,418
2024-01-31,LYEL,,current,38.4,2238936,418
2024-01-31,LZM,,current,5.87,399015,418
2024-01-31,MAGN,,current,20.93,312573,418
2024-01-31,MASS,,current,7.36,1175640,418
2024-01-31,MBI,,current,6.26,3439280,418
2024-01-31,MCBS,,current,23.3022,508774,418
2024-01-31,MCFT,,current,19.63,2114584,418
2024-01-31,MCRB,,current,23.4,3952519,418
2024-01-31,MDXG,,current,7.93,4766463,418
2024-01-31,MFIN,,current,8.5556,482989,418
2024-01-31,MG,,current,7.85,389809,418
2024-01-31,MLP,,current,20.34,296606,418
2024-01-31,MLR,,current,39.4393,1623988,418
2024-01-31,MMATQ,1431959,roster,4.87,596048,418
2024-01-31,MMI,,current,37.8802,4155039,418
2024-01-31,MPAA,,current,9.8,730729,418
2024-01-31,MSPR,1802450,roster,194.25,1200264,418
2024-01-31,MTA,,current,2.86,1044379,418
2024-01-31,MTRX,,current,9.61,1726958,418
2024-01-31,MTW,,current,16.82,3468585,418
2024-01-31,MVBF,,current,20.8009,544093,418
2024-01-31,MX,,current,6.69,1997204,418
2024-01-31,NATH,,current,67.9391,257042,418
2024-01-31,NATR,,current,17.48,1053444,418
2024-01-31,NC,,current,34.1556,380673,418
2024-01-31,NCMI,,current,3.9993,1572278,418
2024-01-31,NDLS,,current,22.24,619753,418
2024-01-31,NECB,,current,16.3206,768130,418
2024-01-31,NEGG,,current,16.2,802787,418
2024-01-31,NEWT,,current,10.7579,1443593,418
2024-01-31,NEXN,,current,5.15,265003,418
2024-01-31,NGS,,current,14.8679,617471,418
2024-01-31,NGVC,,current,14.7806,641798,418
2024-01-31,NKSH,,current,29.7118,394377,418
2024-01-31,NKTX,,current,9.23,3800110,418
2024-01-31,NMFC,,current,9.5004,2677573,418
2024-01-31,NNBR,,current,4.66,344432,418
2024-01-31,NOA,,current,22.7683,1015087,418
2024-01-31,NOTE,1823466,roster,13.56,1010016,418
2024-01-31,NPCE,,current,15.0,587040,418
2024-01-31,NRC,,current,36.8626,2157341,418
2024-01-31,NRDY,,current,47.25,2181021,418
2024-01-31,NRIM,,current,12.4982,649571,418
2024-01-31,NSLR,,current,3.5338,326667,418
2024-01-31,NVCT,,current,7.36,393556,418
2024-01-31,NWFL,,current,24.8396,253677,418
2024-01-31,OABI,,current,6.02,2380632,418
2024-01-31,OBIO,,current,7.68,365610,418
2024-01-31,OBT,,current,23.6783,386229,418
2024-01-31,OFLX,,current,65.5951,800407,418
2024-01-31,OKUR,,current,16.5,1174061,418
2024-01-31,OM,,current,48.6,4460471,418
2024-01-31,ONEW,,current,25.49,1673992,418
2024-01-31,ONIT,,current,29.8,420308,418
2024-01-31,OPFI,,current,3.1325,1144680,418
2024-01-31,OPRT,,current,3.97,1087654,418
2024-01-31,OPRX,,current,14.03,1642599,418
2024-01-31,ORMP,,current,2.7781,306901,418
2024-01-31,ORN,,current,5.9,424644,418
2024-01-31,ORRF,,current,26.5513,628748,418
2024-01-31,OSUR,,current,7.58,4813335,418
2024-01-31,OVID,,current,3.93,388065,418
2024-01-31,OVLY,,current,26.3176,299035,418
2024-01-31,OZ,,current,65.0,448721,418
2024-01-31,PACK,,current,4.36,1917087,418
2024-01-31,PAMT,,current,21.52,269242,418
2024-01-31,PANL,,current,8.3706,1882282,418
2024-01-31,PBYI,,current,4.76,1170563,418
2024-01-31,PCB,,current,15.4935,288389,418
2024-01-31,PCYO,,current,10.09,424452,418
2024-01-31,PDLB,,current,9.4,365981,418
2024-01-31,PFIS,,current,41.5013,467883,418
2024-01-31,PIII,,current,60.5,377064,418
2024-01-31,PKBK,,current,18.0004,295447,418
2024-01-31,PKOH,,current,24.2256,809877,418
2024-01-31,PLBC,,current,35.6882,300645,418
2024-01-31,PMTS,,current,18.54,339350,418
2024-01-31,PNNT,,current,4.772,1600363,418
2024-01-31,POWW,,current,2.21,1627648,418
2024-01-31,PRLD,,current,3.49,252138,418
2024-01-31,PRQR,,current,2.16,378147,418
2024-01-31,PYXS,,current,4.03,272365,418
2024-01-31,QUAD,,current,5.0747,411970,418
2024-01-31,QUIK,,current,11.86,1304568,418
2024-01-31,RBB,,current,17.2342,658428,418
2024-01-31,RCEL,,current,17.0,1736291,418
2024-01-31,RCKY,,current,26.3571,1502938,418
2024-01-31,RCMT,,current,28.41,2226466,418
2024-01-31,RDNW,,current,6.88,1485821,418
2024-01-31,RELL,,current,9.4043,932794,418
2024-01-31,RGCO,,current,17.7018,321964,418
2024-01-31,RGP,,current,11.5037,2347508,418
2024-01-31,RICK,,current,61.7895,2850988,418
2024-01-31,RJET,,current,13.95,338740,418
2024-01-31,RLGT,,current,6.35,623865,418
2024-01-31,RLYB,,current,11.12,337042,418
2024-01-31,RM,,current,22.6273,396222,418
2024-01-31,RMNI,,current,3.34,1111466,418
2024-01-31,RMR,,current,20.6516,1450118,418
2024-01-31,RNAC,,current,21.6,617124,418
2024-01-31,RNGR,,current,9.9689,1881460,418
2024-01-31,RPAY,,current,7.93,4564839,418
2024-01-31,RPC,,current,8.9665,3554784,418
2024-01-31,RRGB,,current,10.3,1316167,418
2024-01-31,RSVR,,current,7.07,298200,418
2024-01-31,RVPH,1742927,roster,80.4,1719860,418
2024-01-31,RWAY,,current,8.6434,2313272,418
2024-01-31,SAMG,,current,15.1622,284800,418
2024-01-31,SAR,,current,16.0964,1481251,418
2024-01-31,SBDS,1870600,roster,116.8,2802116,418
2024-01-31,SBSI,,current,28.9655,2725797,418
2024-01-31,SCLX,,current,36.3948,1304414,418
2024-01-31,SCM,,current,9.6334,968305,418
2024-01-31,SCYX,,current,15.64,325549,418
2024-01-31,SD,,current,11.7479,4178499,418
2024-01-31,SENS,,current,11.26,1136543,418
2024-01-31,SGC,,current,12.2102,594285,418
2024-01-31,SGHT,,current,4.5,1098195,418
2024-01-31,SHBI,,current,12.5197,629461,418
2024-01-31,SHIP,,current,6.5593,899721,418
2024-01-31,SIGA,,current,3.6861,1307987,418
2024-01-31,SKIL,,current,14.19,506874,418
2024-01-31,SKYH,,current,12.2,364896,418
2024-01-31,SLP,,current,39.2389,3539094,418
2024-01-31,SLRC,,current,11.9432,2077448,418
2024-01-31,SMC,,current,16.72,310232,418
2024-01-31,SMFL,1851860,roster,11.0019,346930,418
2024-01-31,SMHI,,current,11.06,901415,418
2024-01-31,SMID,,current,40.17,731870,418
2024-01-31,SMP,,current,37.4593,4279906,418
2024-01-31,SMTI,,current,35.74,435939,418
2024-01-31,SOAR,1853070,roster,49.5115,281388,418
2024-01-31,SPOK,,current,13.1527,1805829,418
2024-01-31,SPRB,,current,19293.75,274050,418
2024-01-31,SRG,,current,9.31,3048206,418
2024-01-31,SRI,,current,18.47,1527372,418
2024-01-31,SSP,,current,6.188,2327403,418
2024-01-31,SSTI,,current,20.03,819062,418
2024-01-31,STIM,,current,3.5,404458,418
2024-01-31,SWIM,,current,2.64,806766,418
2024-01-31,TASK,,current,8.6418,2220186,418
2024-01-31,TBCH,,current,11.41,1471412,418
2024-01-31,TBI,,current,13.98,3986228,418
2024-01-31,TCBX,,current,19.78,317650,418
2024-01-31,TCPC,,current,7.7236,2337808,418
2024-01-31,TCX,,current,24.49,618359,418
2024-01-31,TG,,current,5.0,657419,418
2024-01-31,TIPT,,current,19.0712,1202747,418
2024-01-31,TITN,,current,27.33,4746976,418
2024-01-31,TLS,,current,4.01,1912547,418
2024-01-31,TLYS,,current,7.43,797851,418
2024-01-31,TOP,,current,16.25,494570,418
2024-01-31,TPVG,,current,7.5993,1629298,418
2024-01-31,TRAK,,current,11.9779,419186,418
2024-01-31,TRC,,current,16.09,693140,418
2024-01-31,TRDA,,current,15.34,1102220,418
2024-01-31,TSBK,,current,26.8113,447483,418
2024-01-31,TSQ,,current,8.6319,268883,418
2024-01-31,TTOO,1492674,roster,4.37,984764,418
2024-01-31,TUSK,,current,3.77,324774,418
2024-01-31,TWI,,current,15.1,3909711,418
2024-01-31,TWIN,,current,15.3586,360652,418
2024-01-31,TZOO,,current,8.73,1008274,418
2024-01-31,UFI,,current,6.43,423708,418
2024-01-31,UIS,,current,7.14,3619004,418
2024-01-31,ULH,,current,28.4272,556786,418
2024-01-31,UNTY,,current,28.5423,324489,418
2024-01-31,UP,,current,65.4,2709604,418
2024-01-31,USNA,,current,47.72,2989431,418
2024-01-31,UTMD,,current,76.5798,816115,418
2024-01-31,VEL,,current,15.76,260029,418
2024-01-31,VERU,,current,4.7,827861,418
2024-01-31,VINP,,current,9.0568,255677,418
2024-01-31,VLGEA,,current,24.1873,638737,418
2024-01-31,VLN,1863006,roster,2.38,349244,418
2024-01-31,VMD,,current,7.96,805680,418
2024-01-31,VNDA,,current,3.65,3203516,418
2024-01-31,VRA,,current,7.9,2117534,418
2024-01-31,VTEX,,current,8.22,2158951,418
2024-01-31,VYGR,,current,7.43,1529369,418
2024-01-31,WEST,,current,10.77,1990791,418
2024-01-31,WEYS,,current,26.6217,348333,418
2024-01-31,WHF,,current,8.6311,397349,418
2024-01-31,WKHS,,current,849.0,2194206,418
2024-01-31,WNEB,,current,8.0432,315947,418
2024-01-31,WSBF,,current,12.6448,552242,418
2024-01-31,WTBA,,current,17.4842,372496,418
2024-01-31,XFOR,,current,24.06,1211696,418
2024-01-31,XPER,,current,11.11,4872237,342
2024-01-31,YORW,,current,33.3737,1536428,418
2024-01-31,ZUMZ,,current,17.74,3906808,418
2024-01-31,ZURA,,current,3.18,593777,217
2024-02-29,ABOS,,current,4.17,1352030,438
2024-02-29,ACB,,current,3.23,3371526,438
2024-02-29,ACCO,,current,4.5436,2347060,438
2024-02-29,ACEL,,current,10.55,2360938,438
2024-02-29,ACET,,current,37.28,2396590,438
2024-02-29,ACIC,,current,12.6342,2841781,438
2024-02-29,ACIU,,current,3.91,435678,438
2024-02-29,ACNB,,current,32.2759,655375,438
2024-02-29,ACTG,,current,3.97,562706,438
2024-02-29,ACU,,current,44.736,722910,438
2024-02-29,ADV,,current,94.5,2060694,438
2024-02-29,AFCG,,current,5.6815,1048910,438
2024-02-29,AFMDQ,1608390,roster,5.9,410113,438
2024-02-29,AFYA,,current,19.6445,2281353,438
2024-02-29,AIOS,,current,88.4,402633,438
2024-02-29,AIOT,,current,3.15,351367,438
2024-02-29,AIRS,,current,6.05,513857,438
2024-02-29,ALCO,,current,26.8688,832415,438
2024-02-29,ALEC,,current,6.99,3801010,438
2024-02-29,ALTG,,current,11.22,2453974,438
2024-02-29,ALTI,,current,5.93,403059,438
2024-02-29,ALVO,,current,15.9,1612981,427
2024-02-29,AMBP,1845097,roster,2.5464,3035145,438
2024-02-29,AMPY,,current,6.08,2526452,438
2024-02-29,AMWL,,current,21.0,1451397,438
2024-02-29,ANGI,,current,27.8,1758638,438
2024-02-29,ANIK,,current,24.77,1556037,438
2024-02-29,ANIX,,current,3.51,633096,438
2024-02-29,ANTX,,current,3.02,1902069,438
2024-02-29,ANY,,current,21.3,3876006,438
2024-02-29,AOUT,,current,8.0,300507,438
2024-02-29,AROW,,current,21.2253,1073297,438
2024-02-29,ARTNA,,current,31.4467,1080218,438
2024-02-29,ASIX,,current,25.3612,3775664,438
2024-02-29,ASTL,,current,8.1271,4918733,438
2024-02-29,ASUR,,current,8.97,2049002,438
2024-02-29,ATLO,,current,16.6288,270132,438
2024-02-29,ATLX,,current,17.42,1341506,438
2024-02-29,ATNI,,current,29.7228,1817792,438
2024-02-29,ATOM,,current,6.07,1409072,438
2024-02-29,ATRA,,current,19.025,1403094,438
2024-02-29,ATS,,current,38.15,1980809,438
2024-02-29,AUDC,,current,11.9789,965770,438
2024-02-29,AURA,,current,9.13,1045698,438
2024-02-29,AVD,,current,10.4786,2110020,438
2024-02-29,AVIR,,current,4.37,1402855,438
2024-02-29,AVNW,,current,35.03,2643689,438
2024-02-29,BARK,,current,24.4,784546,438
2024-02-29,BATRA,,current,41.55,1296941,438
2024-02-29,BBCP,,current,7.1941,408737,438
2024-02-29,BCAL,,current,14.9089,350590,438
2024-02-29,BCBP,,current,9.0859,414167,438
2024-02-29,BCIC,,current,12.3935,388152,438
2024-02-29,BCLI,1137883,roster,5.55,252609,438
2024-02-29,BCML,,current,18.4047,404990,438
2024-02-29,BCSF,,current,11.4567,2480431,438
2024-02-29,BCTX,,current,34.0,335633,438
2024-02-29,BDTX,,current,4.95,1297833,438
2024-02-29,BETSF,1543268,roster,4.28,4108414,438
2024-02-29,BGDE,,current,36.6,1720080,438
2024-02-29,BHB,,current,22.46,761885,438
2024-02-29,BIRD,,current,16.4055,739162,438
2024-02-29,BIVI,,current,125.0,280194,438
2024-02-29,BKSY,1753539,roster,11.76,773560,438
2024-02-29,BMRC,,current,14.8016,829861,438
2024-02-29,BNED,,current,87.4461,592161,438
2024-02-29,BOC,,current,15.9,1790295,438
2024-02-29,BOOM,,current,16.72,3838304,438
2024-02-29,BPRN,,current,27.6899,374102,438
2024-02-29,BRCC,,current,40.3,1917779,438
2024-02-29,BSRR,,current,16.8352,400899,438
2024-02-29,BSVN,,current,25.0956,296496,438
2024-02-29,BWB,,current,11.81,939552,438
2024-02-29,BWFG,,current,23.6559,290937,438
2024-02-29,BWMN,,current,32.88,1649719,438
2024-02-29,BWMX,,current,13.8004,315085,438
2024-02-29,BYRN,,current,12.03,564722,438
2024-02-29,CAC,,current,28.3956,1194609,438
2024-02-29,CASS,,current,44.0767,1501303,438
2024-02-29,CATX,,current,9.0,989688,438
2024-02-29,CBAN,,current,10.1925,408138,438
2024-02-29,CBIO,,current,287.0,821163,438
2024-02-29,CBNK,,current,19.5331,407901,438
2024-02-29,CCAP,,current,12.368,1113344,438
2024-02-29,CCBG,,current,25.8598,834083,438
2024-02-29,CDZI,,current,2.85,526471,438
2024-02-29,CENT,,current,43.64,4352255,438
2024-02-29,CFFI,,current,48.2319,360614,438
2024-02-29,CGEN,,current,2.57,1243487,438
2024-02-29,CGNT,,current,7.36,2089369,438
2024-02-29,CHMG,,current,39.7914,374296,438
2024-02-29,CING,,current,14.52,413146,438
2024-02-29,CION,,current,7.3404,1979815,438
2024-02-29,CIVB,,current,13.6608,397984,438
2024-02-29,CLAR,,current,5.2001,1419768,438
2024-02-29,CLMB,,current,14.3084,533190,438
2024-02-29,CLNN,,current,8.6,281704,438
2024-02-29,CLW,,current,38.61,3417569,438
2024-02-29,CMCL,,current,8.946,414792,438
2024-02-29,CMRC,,current,7.7,4572333,438
2024-02-29,CMT,,current,18.25,1147673,438
2024-02-29,CNTN,,current,6.075,256353,438
2024-02-29,COFS,,current,23.7467,387802,438
2024-02-29,COOK,,current,109.5,644526,438
2024-02-29,COYA,,current,9.55,354201,292
2024-02-29,CPS,,current,13.9,2427944,438
2024-02-29,CRCT,,current,3.6121,2396368,438
2024-02-29,CRNT,,current,2.94,751421,438
2024-02-29,CRON,,current,2.26,3963122,438
2024-02-29,CSV,,current,23.9246,2146300,438
2024-02-29,CTEV,,current,44.8,1252144,438
2024-02-29,CTOS,1709682,roster,6.24,2479035,438
2024-02-29,CUE,,current,63.6,687632,438
2024-02-29,CURV,,current,4.86,634801,438
2024-02-29,CVEO,,current,21.6322,871631,438
2024-02-29,CVGI,,current,6.43,830073,438
2024-02-29,CVRX,,current,19.98,3254335,438
2024-02-29,CWCO,,current,27.9365,3660165,438
2024-02-29,CXAI,,current,118.5,437129,438
2024-02-29,CXDO,,current,5.38,1271931,438
2024-02-29,CZFS,,current,41.3203,414160,438
2024-02-29,CZNC,,current,15.9486,405359,438
2024-02-29,DBGI,,current,8440.0,319080,438
2024-02-29,DCBO,,current,53.84,3846254,438
2024-02-29,DCFCQ,1862490,roster,28.6,329284,438
2024-02-29,DERM,,current,3.65,1381265,438
2024-02-29,DGICA,,current,12.4289,566601,438
2024-02-29,DHX,,current,2.8,294819,438
2024-02-29,DIBS,,current,4.99,318967,438
2024-02-29,DLTH,,current,4.8,297311,438
2024-02-29,DMRC,,current,39.97,3111078,438
2024-02-29,DOMO,,current,11.16,3852597,438
2024-02-29,DSGR,,current,31.47,1272928,438
2024-02-29,DSP,,current,8.56,422240,438
2024-02-29,DSX,,current,2.7251,1947493,438
2024-02-29,DTIL,,current,18.56,328521,438
2024-02-29,EBF,,current,15.907,1472747,438
2024-02-29,EFTR,1828522,roster,13.59,1092896,438
2024-02-29,EGAN,,current,6.05,536440,438
2024-02-29,EMPD,,current,7744.0,1012800,438
2024-02-29,ENTA,,current,14.3,2487814,438
2024-02-29,EOLS,,current,14.42,4954642,438
2024-02-29,EPM,,current,4.4757,1506265,438
2024-02-29,ESCA,,current,13.3311,350212,438
2024-02-29,ESEA,,current,25.2214,1727709,438
2024-02-29,ESOA,,current,7.5932,718093,438
2024-02-29,EVCM,,current,9.82,943322,438
2024-02-29,EVEX,,current,5.57,290396,438
2024-02-29,EVI,,current,20.7164,434976,438
2024-02-29,EXFY,,current,2.05,1157210,438
2024-02-29,FBIO,,current,2.18,901733,438
2024-02-29,FBIZ,,current,32.0754,485527,438
2024-02-29,FC,,current,37.94,2745054,438
2024-02-29,FCBC,,current,27.5991,873316,438
2024-02-29,FCCO,,current,15.2196,280609,438
2024-02-29,FDBC,,current,44.3837,350567,438
2024-02-29,FENC,,current,9.31,817632,438
2024-02-29,FF,,current,3.5666,1058922,438
2024-02-29,FFAI,,current,1134.0,2776887,438
2024-02-29,FHTX,,current,7.78,602251,438
2024-02-29,FINW,,current,8.77,299574,438
2024-02-29,FIP,,current,4.0881,1989392,405
2024-02-29,FIRY,,current,6.67,1108723,438
2024-02-29,FLGT,,current,23.405,4551703,438
2024-02-29,FLL,,current,5.05,465272,438
2024-02-29,FLWS,,current,10.13,3991256,438
2024-02-29,FLXS,,current,32.4749,489265,438
2024-02-29,FMAO,,current,17.9423,373155,438
2024-02-29,FNKO,,current,7.05,2600576,438
2024-02-29,FNLC,,current,20.0031,336199,438
2024-02-29,FORR,,current,20.72,1282144,438
2024-02-29,FPH,,current,3.05,284595,438
2024-02-29,FRBA,,current,12.5665,669917,438
2024-02-29,FRD,,current,17.8511,313222,438
2024-02-29,FRPH,,current,30.005,559342,438
2024-02-29,FRST,,current,11.2761,909421,438
2024-02-29,FSBW,,current,30.2876,368960,438
2024-02-29,FSTR,,current,23.61,770793,438
2024-02-29,FTCI,,current,4.51,414020,438
2024-02-29,FUNC,,current,20.2806,400318,438
2024-02-29,FVCB,,current,11.7434,273458,438
2024-02-29,GAIN,,current,10.7652,1943230,438
2024-02-29,GASS,,current,6.2,1314706,438
2024-02-29,GCBC,,current,27.2854,287695,438
2024-02-29,GENC,,current,16.55,321980,438
2024-02-29,GEOS,,current,12.31,1077376,438
2024-02-29,GIC,,current,39.9429,1693557,438
2024-02-29,GLAD,,current,16.1103,2070349,438
2024-02-29,GLAS,,current,6.95,485330,438
2024-02-29,GLRE,,current,12.48,835213,438
2024-02-29,GNE,,current,17.1502,4094769,438
2024-02-29,GNLX,,current,7.46,1322713,274
2024-02-29,GPRK,,current,7.5412,2020375,438
2024-02-29,GRDX,,current,22.8,423465,438
2024-02-29,GRNT,,current,5.0235,2262443,438
2024-02-29,GSIT,,current,3.62,564017,438
2024-02-29,GTE,,current,5.26,1988538,438
2024-02-29,GWH,1819438,roster,12.63,858961,438
2024-02-29,GWRS,,current,11.8445,257078,438
2024-02-29,GYRE,,current,24.79,1743439,438
2024-02-29,HBB,,current,17.4906,531591,438
2024-02-29,HBT,,current,17.2036,474500,438
2024-02-29,HCKT,,current,23.5594,1772049,438
2024-02-29,HDSN,,current,14.54,4039028,438
2024-02-29,HGTY,,current,8.77,366548,438
2024-02-29,HIPO,,current,13.43,930533,438
2024-02-29,HLLY,,current,4.31,1289607,438
2024-02-29,HOFT,,current,20.5084,842045,438
2024-02-29,HPK,,current,15.9981,4855715,438
2024-02-29,HRZN,,current,8.0631,1634352,438
2024-02-29,HSHP,,current,6.7883,606713,229
2024-02-29,HURA,,current,3.535,402813,438
2024-02-29,HURC,,current,26.2855,402079,438
2024-02-29,HVT,,current,29.1791,2542527,438
2024-02-29,HY,,current,53.3164,4911016,438
2024-02-29,HYPD,,current,184.0,695330,438
2024-02-29,IBEX,,current,15.73,791335,438
2024-02-29,ICCM,,current,39.3,264968,438
2024-02-29,IGIC,,current,10.8608,471085,438
2024-02-29,IHRT,,current,2.27,2121119,438
2024-02-29,III,,current,3.714,317520,438
2024-02-29,IMMR,,current,6.1005,1727703,438
2024-02-29,IMPP,,current,3.19,1750755,438
2024-02-29,IMRX,,current,6.35,348887,438
2024-02-29,IMTX,,current,12.44,4257298,438
2024-02-29,IMUX,,current,14.0,636288,438
2024-02-29,IMXI,,current,19.5,4366978,438
2024-02-29,INBK,,current,30.5557,1047267,438
2024-02-29,INFU,,current,9.27,334689,438
2024-02-29,INGN,,current,6.29,2662247,438
2024-02-29,INMB,,current,11.82,975499,438
2024-02-29,INSE,,current,9.57,1028060,438
2024-02-29,INTT,,current,11.53,1164775,438
2024-02-29,INVE,,current,8.8,262713,438
2024-02-29,IPSC,,current,3.47,543791,438
2024-02-29,IRD,,current,2.59,560592,438
2024-02-29,ISTR,,current,15.1246,317567,438
2024-02-29,JAKK,,current,32.4803,3028002,438
2024-02-29,JILL,,current,24.1986,2087914,438
2024-02-29,JMSB,,current,16.8061,399983,438
2024-02-29,JOUT,,current,40.9422,1729868,438
2024-02-29,JYNT,,current,9.75,765379,438
2024-02-29,KE,,current,22.12,2459472,438
2024-02-29,KELYA,,current,22.921,3418494,438
2024-02-29,KIDS,,current,27.44,4218894,438
2024-02-29,KLRS,,current,16.422,1427238,438
2024-02-29,KNOP,,current,5.319,468617,438
2024-02-29,KRNY,,current,5.3358,2189027,438
2024-02-29,KRO,,current,7.8417,1572231,438
2024-02-29,KRRO,,current,46.95,802946,438
2024-02-29,KVHI,,current,4.88,290182,438
2024-02-29,LAKE,,current,18.2226,303312,438
2024-02-29,LAW,,current,6.55,1237266,438
2024-02-29,LCNB,,current,12.0169,278813,438
2024-02-29,LCUT,,current,9.0306,462551,438
2024-02-29,LE,,current,9.52,525024,438
2024-02-29,LEGH,,current,25.34,993482,438
2024-02-29,LFCR,,current,8.25,851333,438
2024-02-29,LFMD,,current,8.0,4156804,438
2024-02-29,LILA,,current,4.178,1774639,438
2024-02-29,LMNR,,current,17.5918,813389,438
2024-02-29,LNZA,,current,307.0,757796,438
2024-02-29,LOCO,,current,9.04,1932489,438
2024-02-29,LUNG,,current,9.36,3123601,438
2024-02-29,LWAY,,current,11.72,688904,438
2024-02-29,LXFR,,current,8.5852,1466824,438
2024-02-29,LYEL,,current,56.8,1974645,438
2024-02-29,LZM,,current,4.65,252039,438
2024-02-29,MAGN,,current,27.56,428563,438
2024-02-29,MASS,,current,7.48,1126577,438
2024-02-29,MBI,,current,6.88,3633709,438
2024-02-29,MCBS,,current,21.9564,519269,438
2024-02-29,MCFT,,current,21.73,2147340,438
2024-02-29,MCRB,,current,23.0,3761587,438
2024-02-29,MDWD,,current,14.37,274490,438
2024-02-29,MDXG,,current,8.2,4929190,438
2024-02-29,MFIN,,current,6.5712,493405,438
2024-02-29,MG,,current,8.7,477866,438
2024-02-29,MLP,,current,19.26,408628,438
2024-02-29,MLR,,current,42.7595,1806850,438
2024-02-29,MMATQ,1431959,roster,2.91,795341,438
2024-02-29,MMI,,current,34.7805,4415401,438
2024-02-29,MNSB,,current,17.0203,267840,438
2024-02-29,MPAA,,current,9.02,676779,438
2024-02-29,MSPR,1802450,roster,143.5,410806,438
2024-02-29,MTA,,current,2.4,1093108,438
2024-02-29,MTRX,,current,11.67,1712106,438
2024-02-29,MTW,,current,13.52,3704143,438
2024-02-29,MVBF,,current,19.4749,568238,438
2024-02-29,MX,,current,6.69,2086823,438
2024-02-29,MYFW,,current,13.81,268942,438
2024-02-29,NATH,,current,64.7357,258210,438
2024-02-29,NATR,,current,17.63,789520,438
2024-02-29,NC,,current,30.288,388434,438
2024-02-29,NCMI,,current,3.8749,1358512,438
2024-02-29,NDLS,,current,20.0,530781,438
2024-02-29,NECB,,current,14.1986,718548,438
2024-02-29,NEGG,,current,19.8,576028,438
2024-02-29,NEWT,,current,9.6753,1433943,438
2024-02-29,NEXI,1538210,roster,6.78,669618,438
2024-02-29,NEXN,,current,5.27,263436,438
2024-02-29,NGS,,current,16.0954,633082,438
2024-02-29,NGVC,,current,15.1718,726107,438
2024-02-29,NKSH,,current,26.9666,378980,438
2024-02-29,NMFC,,current,9.347,3273633,438
2024-02-29,NNBR,,current,4.6,576612,438
2024-02-29,NOA,,current,23.879,1088727,438
2024-02-29,NOTE,1823466,roster,18.84,1002349,438
2024-02-29,NPCE,,current,16.74,907481,438
2024-02-29,NRC,,current,38.1578,2614293,438
2024-02-29,NRDY,,current,37.35,2139751,438
2024-02-29,NRIM,,current,11.2016,648529,438
2024-02-29,NSLR,,current,4.0629,342049,438
2024-02-29,NVCT,,current,9.83,492576,438
2024-02-29,NWFL,,current,23.7535,257375,438
2024-02-29,NXDR,,current,2.09,2462202,438
2024-02-29,OABI,,current,6.21,2292897,438
2024-02-29,OBIO,,current,6.34,390844,438
2024-02-29,OBT,,current,21.0578,445840,438
2024-02-29,OFLX,,current,64.5166,705409,438
2024-02-29,OKUR,,current,16.2,817340,438
2024-02-29,OM,,current,52.05,3180160,438
2024-02-29,ONEW,,current,25.51,2039028,438
2024-02-29,ONIT,,current,26.04,412276,438
2024-02-29,OPFI,,current,3.0953,1066162,438
2024-02-29,OPRT,,current,3.75,832469,438
2024-02-29,OPRX,,current,15.61,1476289,438
2024-02-29,ORMP,,current,3.179,356164,438
2024-02-29,ORN,,current,6.92,473429,438
2024-02-29,ORRF,,current,24.4991,827583,438
2024-02-29,OVID,,current,3.43,459857,438
2024-02-29,OVLY,,current,22.9912,314063,438
2024-02-29,OZ,,current,64.28,551376,438
2024-02-29,PACK,,current,4.47,1937193,438
2024-02-29,PAMT,,current,18.2,321321,438
2024-02-29,PANL,,current,7.3155,2059893,438
2024-02-29,PAYS,,current,3.05,288068,438
2024-02-29,PBYI,,current,6.6,1520251,438
2024-02-29,PCB,,current,14.3978,285813,438
2024-02-29,PCYO,,current,9.82,447137,438
2024-02-29,PDLB,,current,8.77,365981,438
2024-02-29,PEPG,,current,14.78,386255,438
2024-02-29,PFIS,,current,34.6133,476145,438
2024-02-29,PIII,,current,52.5,338955,438
2024-02-29,PKBK,,current,15.3961,290738,438
2024-02-29,PKOH,,current,25.0093,644799,438
2024-02-29,PLBC,,current,31.7686,285439,438
2024-02-29,PLTK,,current,6.286,4738537,438
2024-02-29,PMTS,,current,19.35,286365,438
2024-02-29,PNNT,,current,4.5274,1903169,438
2024-02-29,POWW,,current,2.32,1470952,438
2024-02-29,PRLD,,current,4.17,262063,438
2024-02-29,PROF,,current,8.88,325666,438
2024-02-29,PRQR,,current,2.0,432809,438
2024-02-29,PTPI,1815903,roster,42.0,323605,438
2024-02-29,PYXS,,current,6.36,898777,438
2024-02-29,QUAD,,current,5.2738,454052,438
2024-02-29,QUIK,,current,15.67,1578592,438
2024-02-29,RBB,,current,15.4414,669094,438
2024-02-29,RCEL,,current,16.87,1853442,438
2024-02-29,RCKY,,current,28.1306,1030363,438
2024-02-29,RCMT,,current,27.66,2076857,438
2024-02-29,RDNW,,current,7.52,1120217,438
2024-02-29,RELL,,current,8.249,1165896,438
2024-02-29,RGCO,,current,17.12,294884,438
2024-02-29,RGP,,current,11.6888,2879276,438
2024-02-29,RICK,,current,55.535,2888692,438
2024-02-29,RJET,,current,13.5,361457,438
2024-02-29,RLGT,,current,5.73,620166,438
2024-02-29,RLYB,,current,17.76,377754,438
2024-02-29,RM,,current,21.1026,369257,438
2024-02-29,RMNI,,current,3.1,906264,438
2024-02-29,RMR,,current,18.9973,1728042,438
2024-02-29,RNAC,,current,21.6,459224,438
2024-02-29,RNGR,,current,9.8258,1793193,438
2024-02-29,RPAY,,current,8.54,4796653,438
2024-02-29,RPC,,current,8.7268,4582199,438
2024-02-29,RRGB,,current,8.6,1340787,438
2024-02-29,RSVR,,current,7.1,369770,438
2024-02-29,RVPH,1742927,roster,77.4,1370081,438
2024-02-29,RWAY,,current,8.9827,2309900,438
2024-02-29,SAMG,,current,14.5753,265861,438
2024-02-29,SAR,,current,16.2339,1680885,438
2024-02-29,SBDS,1870600,roster,106.0,2488120,438
2024-02-29,SBSI,,current,25.1608,3062065,438
2024-02-29,SCLX,,current,52.7397,1053813,438
2024-02-29,SCM,,current,9.3638,975258,438
2024-02-29,SCYX,,current,13.6,289183,438
2024-02-29,SENS,,current,14.0,1270215,438
2024-02-29,SGC,,current,12.7513,666564,438
2024-02-29,SGHT,,current,4.11,978077,438
2024-02-29,SHBI,,current,10.3811,736973,438
2024-02-29,SHIP,,current,6.9532,947603,438
2024-02-29,SIGA,,current,3.9771,1197946,438
2024-02-29,SKIL,,current,11.99,530633,438
2024-02-29,SKYH,,current,12.27,259311,438
2024-02-29,SLP,,current,41.8116,3472924,438
2024-02-29,SLRC,,current,11.5098,1969606,438
2024-02-29,SMC,,current,19.34,315307,438
2024-02-29,SMFL,1851860,roster,8.4,440403,438
2024-02-29,SMHI,,current,10.45,928889,438
2024-02-29,SMID,,current,44.67,923715,438
2024-02-29,SMP,,current,29.2194,3789627,438
2024-02-29,SMTI,,current,37.61,448204,438
2024-02-29,SPOK,,current,13.8115,1756924,438
2024-02-29,SPRB,,current,30206.25,741487,438
2024-02-29,SRG,,current,9.47,3087236,438
2024-02-29,SRI,,current,18.22,1531984,438
2024-02-29,SSP,,current,2.9925,2452269,438
2024-02-29,SSTI,,current,17.51,826295,438
2024-02-29,STIM,,current,2.97,517859,438
2024-02-29,SWIM,,current,2.74,753670,438
2024-02-29,SXTC,,current,22440.0,304500,438
2024-02-29,TASK,,current,8.0748,1739726,438
2024-02-29,TAYD,,current,36.36,287605,438
2024-02-29,TBCH,,current,10.43,1578041,438
2024-02-29,TBI,,current,11.64,3225802,438
2024-02-29,TCBX,,current,18.85,419813,438
2024-02-29,TCPC,,current,7.4242,2501288,438
2024-02-29,TCX,,current,18.99,561108,438
2024-02-29,TG,,current,4.34,628050,438
2024-02-29,TIPT,,current,16.8662,1402019,438
2024-02-29,TITN,,current,25.25,4641493,438
2024-02-29,TLS,,current,3.65,1648978,438
2024-02-29,TLYS,,current,7.52,797851,438
2024-02-29,TOP,,current,14.0,459526,438
2024-02-29,TPVG,,current,7.1285,1518938,438
2024-02-29,TRAK,,current,14.4938,607897,438
2024-02-29,TRC,,current,16.26,767868,438
2024-02-29,TRDA,,current,12.99,1065588,438
2024-02-29,TSBK,,current,24.0158,464625,438
2024-02-29,TSQ,,current,8.3047,289966,438
2024-02-29,TTGT,,current,31.03,4170955,438
2024-02-29,TTOO,1492674,roster,5.05,698877,438
2024-02-29,TWI,,current,14.15,3717590,438
2024-02-29,TWIN,,current,15.1961,344943,438
2024-02-29,TZOO,,current,8.92,743689,438
2024-02-29,UFI,,current,5.84,444543,438
2024-02-29,UIS,,current,5.28,4021172,438
2024-02-29,ULH,,current,31.8602,607027,438
2024-02-29,UNTY,,current,25.5475,354465,438
2024-02-29,UP,,current,56.4,2953690,438
2024-02-29,USNA,,current,48.06,2988720,438
2024-02-29,UTMD,,current,66.5787,976527,438
2024-02-29,VERU,,current,6.2,915114,438
2024-02-29,VINP,,current,9.143,269214,438
2024-02-29,VLGEA,,current,24.8194,581373,438
2024-02-29,VLN,1863006,roster,2.37,414414,438
2024-02-29,VMD,,current,8.5,840409,438
2024-02-29,VNDA,,current,4.47,3539060,438
2024-02-29,VRA,,current,7.78,2212298,438
2024-02-29,VTEX,,current,8.41,1945692,438
2024-02-29,VYGR,,current,8.97,2347491,438
2024-02-29,WEST,,current,9.82,1852770,438
2024-02-29,WEYS,,current,26.5318,287688,438
2024-02-29,WHF,,current,8.4543,379766,438
2024-02-29,WHWK,,current,2.07,564807,438
2024-02-29,WKHS,,current,1005.0,2060448,438
2024-02-29,WNEB,,current,7.5338,285074,438
2024-02-29,WNW,,current,2380.0,339170,438
2024-02-29,WSBF,,current,11.1799,552242,438
2024-02-29,WTBA,,current,15.162,426714,438
2024-02-29,XFOR,,current,27.9,1099973,438
2024-02-29,XPER,,current,11.25,4635160,362
2024-02-29,YORW,,current,32.9147,1658372,438
2024-02-29,ZUMZ,,current,17.26,2943583,438
2024-02-29,ZURA,,current,3.76,583247,237
2024-03-31,ABOS,,current,4.05,1285429,459
2024-03-31,ACB,,current,4.39,3513593,459
2024-03-31,ACCO,,current,4.6657,2856401,459
2024-03-31,ACEL,,current,11.79,2489828,459
2024-03-31,ACET,,current,37.6,3420227,459
2024-03-31,ACIC,,current,9.6817,3227676,459
2024-03-31,ACIU,,current,2.96,435678,459
2024-03-31,ACNB,,current,34.4765,477424,459
2024-03-31,ACTG,,current,5.33,551142,459
2024-03-31,ACU,,current,45.4032,990575,459
2024-03-31,ADV,,current,108.25,2104551,459
2024-03-31,AFCG,,current,6.5013,1009324,459
2024-03-31,AFMDQ,1608390,roster,5.3,400739,459
2024-03-31,AFYA,,current,17.5647,2187004,459
2024-03-31,AIOS,,current,105.4,425193,459
2024-03-31,AIOT,,current,5.34,446200,459
2024-03-31,AIRS,,current,6.14,434294,459
2024-03-31,AISP,,current,6.59,396980,459
2024-03-31,ALCO,,current,28.8678,782680,459
2024-03-31,ALEC,,current,6.02,3725857,459
2024-03-31,ALTG,,current,12.4081,2429648,459
2024-03-31,ALTI,,current,5.66,474493,459
2024-03-31,ALVO,,current,12.22,2691447,448
2024-03-31,AMBP,1845097,roster,2.7495,2598586,459
2024-03-31,AMPY,,current,6.61,2382758,459
2024-03-31,AMWL,,current,16.22,1198709,459
2024-03-31,ANGI,,current,26.2,1553348,459
2024-03-31,ANIK,,current,25.4,1780036,459
2024-03-31,ANIX,,current,3.12,474155,459
2024-03-31,ANTX,,current,3.25,1581223,459
2024-03-31,ANY,,current,15.4,1585251,459
2024-03-31,AROW,,current,22.7238,862557,459
2024-03-31,ARTNA,,current,33.8945,1080218,459
2024-03-31,ASIX,,current,26.5273,3470493,459
2024-03-31,ASTL,,current,8.2142,4005561,459
2024-03-31,ASUR,,current,7.78,1860869,459
2024-03-31,ATLX,,current,17.02,1218584,459
2024-03-31,ATNI,,current,28.1927,1856550,459
2024-03-31,ATOM,,current,6.16,1210487,459
2024-03-31,ATRA,,current,17.35,1140657,459
2024-03-31,ATS,,current,33.72,2158472,459
2024-03-31,AUDC,,current,11.7802,800969,459
2024-03-31,AURA,,current,7.85,977818,459
2024-03-31,AVD,,current,12.9052,1948626,459
2024-03-31,AVIR,,current,4.04,1505027,459
2024-03-31,AVNW,,current,38.34,3180867,459
2024-03-31,BARK,,current,24.8,746346,459
2024-03-31,BATRA,,current,41.9,1140365,459
2024-03-31,BBCP,,current,6.9992,426797,459
2024-03-31,BCAL,,current,14.6727,382196,459
2024-03-31,BCBP,,current,9.1384,384018,459
2024-03-31,BCIC,,current,13.2172,364539,459
2024-03-31,BCML,,current,19.3029,358592,459
2024-03-31,BCSF,,current,11.8865,2642474,459
2024-03-31,BCTX,,current,28.6,293318,459
2024-03-31,BDTX,,current,5.07,1706797,459
2024-03-31,BGDE,,current,30.6,1175783,459
2024-03-31,BHB,,current,23.9912,701000,459
2024-03-31,BIRD,,current,12.138,613540,459
2024-03-31,BIVI,,current,52.9,273128,459
2024-03-31,BKSY,1753539,roster,10.88,763323,459
2024-03-31,BMRC,,current,15.0347,898983,459
2024-03-31,BNED,,current,71.9443,570163,459
2024-03-31,BOC,,current,15.46,1930139,459
2024-03-31,BOOM,,current,19.49,3991610,459
2024-03-31,BPRN,,current,28.036,290793,459
2024-03-31,BRCC,,current,42.8,2190337,459
2024-03-31,BSRR,,current,18.5832,374446,459
2024-03-31,BSVN,,current,26.6549,274449,459
2024-03-31,BWB,,current,11.64,651127,459
2024-03-31,BWFG,,current,24.5454,264200,459
2024-03-31,BWMN,,current,34.79,1801131,459
2024-03-31,BWMX,,current,16.2486,365654,459
2024-03-31,BYRN,,current,13.93,1553321,459
2024-03-31,CAC,,current,30.2261,1182169,459
2024-03-31,CASS,,current,44.9329,1510202,459
2024-03-31,CATX,,current,11.9,1806608,459
2024-03-31,CBAN,,current,10.7044,354506,459
2024-03-31,CBIO,,current,300.0,861387,459
2024-03-31,CBNK,,current,20.0629,325384,459
2024-03-31,CCAP,,current,13.1417,1039025,459
2024-03-31,CCBG,,current,26.1376,727622,459
2024-03-31,CDZI,,current,2.9,532213,459
2024-03-31,CENT,,current,42.83,4103126,459
2024-03-31,CGEN,,current,2.58,1231188,459
2024-03-31,CGNT,,current,8.27,1977697,459
2024-03-31,CING,,current,13.2,404406,459
2024-03-31,CINT,,current,4.13,269564,459
2024-03-31,CION,,current,7.7603,1993795,459
2024-03-31,CIVB,,current,14.1578,359876,459
2024-03-31,CLAR,,current,6.3028,1409717,459
2024-03-31,CLMB,,current,17.497,519141,459
2024-03-31,CMCL,,current,10.3266,330443,459
2024-03-31,CMRC,,current,6.89,4371918,459
2024-03-31,CMT,,current,18.93,901444,459
2024-03-31,COOK,,current,126.5,599701,459
2024-03-31,COYA,,current,9.92,533788,313
2024-03-31,CPS,,current,16.56,2122316,459
2024-03-31,CRCT,,current,3.597,2418068,459
2024-03-31,CRNT,,current,3.2,1281871,459
2024-03-31,CRON,,current,2.61,4602175,459
2024-03-31,CSV,,current,26.2549,2146300,459
2024-03-31,CTEV,,current,32.44,1249574,459
2024-03-31,CTOS,1709682,roster,5.82,2552408,459
2024-03-31,CUE,,current,56.7,497488,459
2024-03-31,CURV,,current,4.88,430056,459
2024-03-31,CVEO,,current,25.8259,976593,459
2024-03-31,CVGI,,current,6.43,678161,459
2024-03-31,CVRX,,current,18.21,2974139,459
2024-03-31,CWCO,,current,28.2076,3135313,459
2024-03-31,CXAI,,current,122.5,722201,459
2024-03-31,CXDO,,current,4.81,1396937,459
2024-03-31,CZNC,,current,16.367,343461,459
2024-03-31,DCBO,,current,48.98,3482718,459
2024-03-31,DCFCQ,1862490,roster,10.7,285272,459
2024-03-31,DERM,,current,3.68,660750,459
2024-03-31,DGICA,,current,12.68,634607,459
2024-03-31,DHX,,current,2.55,430534,459
2024-03-31,DIBS,,current,5.96,367745,459
2024-03-31,DLTH,,current,4.9,285426,459
2024-03-31,DMRC,,current,27.18,3271315,459
2024-03-31,DOMO,,current,8.92,3481520,459
2024-03-31,DSGR,,current,35.48,1436484,459
2024-03-31,DSP,,current,10.66,522825,459
2024-03-31,DSX,,current,2.6376,1747765,459
2024-03-31,DTIL,,current,13.56,726246,459
2024-03-31,EAF,,current,13.8,4802411,459
2024-03-31,EBF,,current,16.2073,1639356,459
2024-03-31,EFTR,1828522,roster,14.39,1256786,459
2024-03-31,EGAN,,current,6.45,587339,459
2024-03-31,ELMD,,current,16.15,305379,459
2024-03-31,ELTX,,current,7.6,292348,459
2024-03-31,EMPD,,current,4352.0,1542960,459
2024-03-31,ENTA,,current,17.46,3220142,459
2024-03-31,EPM,,current,4.9275,1342695,459
2024-03-31,EQ,,current,2.31,363124,459
2024-03-31,ESEA,,current,25.7472,1518895,459
2024-03-31,ESOA,,current,8.0935,726274,459
2024-03-31,ESP,,current,23.3124,262039,459
2024-03-31,EVCM,,current,9.42,933217,459
2024-03-31,EVI,,current,24.2633,328088,459
2024-03-31,FBIO,,current,2.0,639203,459
2024-03-31,FBIZ,,current,35.3772,403774,459
2024-03-31,FC,,current,39.26,2698532,459
2024-03-31,FCBC,,current,29.6175,849413,459
2024-03-31,FCCO,,current,16.3853,298325,459
2024-03-31,FENC,,current,11.12,831960,459
2024-03-31,FF,,current,4.9836,1041875,459
2024-03-31,FFAI,,current,600.0,1849716,459
2024-03-31,FHTX,,current,6.71,603247,459
2024-03-31,FINW,,current,10.05,261870,459
2024-03-31,FIP,,current,5.9446,2344029,426
2024-03-31,FIRY,,current,6.49,991795,459
2024-03-31,FLGT,,current,21.7,4305755,459
2024-03-31,FLL,,current,5.57,442049,459
2024-03-31,FLWS,,current,10.83,3702365,459
2024-03-31,FLXS,,current,35.8834,848901,459
2024-03-31,FMAO,,current,20.6063,321701,459
2024-03-31,FNKO,,current,6.24,2733332,459
2024-03-31,FNLC,,current,21.4761,299315,459
2024-03-31,FORR,,current,21.56,1852227,459
2024-03-31,FRBA,,current,13.1403,555619,459
2024-03-31,FRD,,current,18.3304,284724,459
2024-03-31,FRPH,,current,30.7,546802,459
2024-03-31,FRST,,current,11.1842,893500,459
2024-03-31,FSBW,,current,32.1986,294525,459
2024-03-31,FSTR,,current,27.31,898487,459
2024-03-31,FTCI,,current,5.39,333092,459
2024-03-31,FUNC,,current,21.3133,400318,459
2024-03-31,GAIN,,current,11.1005,1645021,459
2024-03-31,GASS,,current,5.94,1049495,459
2024-03-31,GENC,,current,16.69,281920,459
2024-03-31,GEOS,,current,13.19,1085000,459
2024-03-31,GIC,,current,41.0355,2798314,459
2024-03-31,GLAD,,current,17.1671,2032842,459
2024-03-31,GLAS,,current,8.02,568015,459
2024-03-31,GLRE,,current,12.47,808674,459
2024-03-31,GLSI,,current,19.94,388077,459
2024-03-31,GNE,,current,14.3601,2470990,459
2024-03-31,GNLX,,current,6.43,881331,295
2024-03-31,GPRK,,current,8.7132,2428446,459
2024-03-31,GRDX,,current,13.14,502366,459
2024-03-31,GRNT,,current,5.3442,1716440,459
2024-03-31,GSIT,,current,3.4,645111,459
2024-03-31,GTE,,current,7.14,2068398,459
2024-03-31,GWH,1819438,roster,10.845,786713,459
2024-03-31,GWRS,,current,11.9429,262236,459
2024-03-31,GYRE,,current,17.48,1278873,459
2024-03-31,HBB,,current,22.9276,690438,459
2024-03-31,HBT,,current,17.4697,404490,459
2024-03-31,HCKT,,current,23.012,1777115,459
2024-03-31,HGTY,,current,9.15,366931,459
2024-03-31,HIPO,,current,18.27,1334781,459
2024-03-31,HITI,,current,2.03,462667,459
2024-03-31,HLLY,,current,4.46,1259416,459
2024-03-31,HOFT,,current,21.0015,688059,459
2024-03-31,HPK,,current,15.3648,4599066,459
2024-03-31,HRZN,,current,7.6192,1938862,459
2024-03-31,HSHP,,current,6.5335,537013,250
2024-03-31,HURA,,current,3.64,498241,459
2024-03-31,HURC,,current,20.16,488556,459
2024-03-31,HVT,,current,29.7942,2751052,459
2024-03-31,HYPD,,current,78.88,1021385,459
2024-03-31,IBEX,,current,15.43,831366,459
2024-03-31,IGIC,,current,11.8306,437038,459
2024-03-31,IHRT,,current,2.09,1936867,459
2024-03-31,III,,current,3.6213,305101,459
2024-03-31,IMMR,,current,6.7803,2177539,459
2024-03-31,IMPP,,current,3.13,1482394,459
2024-03-31,IMRX,,current,2.89,330453,459
2024-03-31,IMUX,,current,13.2,748492,459
2024-03-31,IMXI,,current,22.83,4574143,459
2024-03-31,INBK,,current,34.0187,1246073,459
2024-03-31,INFU,,current,8.57,311457,459
2024-03-31,INGN,,current,8.07,3086208,459
2024-03-31,INMB,,current,11.75,875780,459
2024-03-31,INSE,,current,9.86,907450,459
2024-03-31,INTT,,current,13.25,1041161,459
2024-03-31,INVE,,current,7.92,327531,459
2024-03-31,IPSC,,current,4.18,586587,459
2024-03-31,IRD,,current,2.01,436774,459
2024-03-31,ISTR,,current,15.6379,319359,459
2024-03-31,JAKK,,current,22.7464,2619450,459
2024-03-31,JILL,,current,30.6875,1710165,459
2024-03-31,JMSB,,current,17.1604,273296,459
2024-03-31,JOUT,,current,42.1582,1651099,459
2024-03-31,JYNT,,current,13.06,767531,459
2024-03-31,KE,,current,21.65,2475917,459
2024-03-31,KELYA,,current,23.619,4364679,459
2024-03-31,KIDS,,current,29.16,4490768,459
2024-03-31,KLRS,,current,17.365,673295,459
2024-03-31,KNOP,,current,4.9452,322082,459
2024-03-31,KRNY,,current,5.4892,2291343,459
2024-03-31,KRO,,current,10.898,1790326,459
2024-03-31,KRRO,,current,90.0,853372,459
2024-03-31,KVHI,,current,5.1,305885,459
2024-03-31,LAKE,,current,18.094,264335,459
2024-03-31,LAW,,current,8.13,1237266,459
2024-03-31,LCNB,,current,13.9006,271495,459
2024-03-31,LCUT,,current,9.6474,574698,459
2024-03-31,LE,,current,10.89,336712,459
2024-03-31,LEE,,current,13.33,327407,459
2024-03-31,LEGH,,current,21.52,1010593,459
2024-03-31,LFCR,,current,5.31,834098,459
2024-03-31,LFMD,,current,10.28,4262563,459
2024-03-31,LILA,,current,4.7351,2089043,459
2024-03-31,LMNR,,current,18.9901,639232,459
2024-03-31,LNZA,,current,309.5,800245,459
2024-03-31,LOCO,,current,9.74,1890317,459
2024-03-31,LOVE,,current,22.6,4622202,459
2024-03-31,LUNG,,current,9.27,4562120,459
2024-03-31,LWAY,,current,17.22,525059,459
2024-03-31,LXFR,,current,9.3616,1447017,459
2024-03-31,LYEL,,current,44.6,1785299,459
2024-03-31,LYTHF,1816319,roster,11575.0,531175,449
2024-03-31,LZM,,current,7.67,276292,459
2024-03-31,MAGN,,current,26.0,742131,459
2024-03-31,MASS,,current,7.55,1261561,459
2024-03-31,MBI,,current,6.76,2917141,459
2024-03-31,MCBS,,current,23.0072,419252,459
2024-03-31,MCFT,,current,23.72,2616796,459
2024-03-31,MCRB,,current,15.48,3516707,459
2024-03-31,MDWD,,current,14.25,560224,459
2024-03-31,MFIN,,current,6.9725,528791,459
2024-03-31,MG,,current,9.56,560558,459
2024-03-31,MLP,,current,21.66,418253,459
2024-03-31,MLR,,current,48.2692,2039040,459
2024-03-31,MMATQ,1431959,roster,3.07,684796,459
2024-03-31,MMI,,current,33.1333,4727605,459
2024-03-31,MNSB,,current,17.2291,281342,459
2024-03-31,MPAA,,current,8.04,454589,459
2024-03-31,MRAI,1844392,roster,2.44,264591,459
2024-03-31,MSPR,1802450,roster,119.875,277967,459
2024-03-31,MTA,,current,3.11,1142818,459
2024-03-31,MTRX,,current,13.03,2036074,459
2024-03-31,MTW,,current,14.14,3235827,459
2024-03-31,MVBF,,current,20.7095,482046,459
2024-03-31,MX,,current,5.58,2032148,459
2024-03-31,NATR,,current,20.77,735801,459
2024-03-31,NC,,current,28.3304,384504,459
2024-03-31,NCMI,,current,4.9273,1287683,459
2024-03-31,NDLS,,current,15.28,426152,459
2024-03-31,NECB,,current,14.3261,650357,459
2024-03-31,NEGG,,current,18.4,424850,459
2024-03-31,NERV,,current,2.58,302499,459
2024-03-31,NEWT,,current,9.5379,1245953,459
2024-03-31,NEXI,1538210,roster,5.61,669618,459
2024-03-31,NGS,,current,19.0808,666442,459
2024-03-31,NGVC,,current,17.3279,837949,459
2024-03-31,NKSH,,current,29.4912,279513,459
2024-03-31,NMFC,,current,9.5264,3416546,459
2024-03-31,NNBR,,current,4.74,671131,459
2024-03-31,NOA,,current,21.396,1274696,459
2024-03-31,NOTE,1823466,roster,15.96,1195003,459
2024-03-31,NPCE,,current,13.2,1028179,459
2024-03-31,NRC,,current,37.0211,2367771,459
2024-03-31,NRDY,,current,43.65,2371945,459
2024-03-31,NRIM,,current,11.7774,533467,459
2024-03-31,NRXP,,current,4.72,327117,459
2024-03-31,NSLR,,current,4.2991,276930,459
2024-03-31,NVCT,,current,8.2,661893,459
2024-03-31,NXDR,,current,2.25,2394571,459
2024-03-31,NXUR,1722969,roster,13.64,510010,220
2024-03-31,OABI,,current,5.42,2201630,459
2024-03-31,OBIO,,current,5.27,321778,459
2024-03-31,OBT,,current,21.8673,318507,459
2024-03-31,OCS,,current,12.05,253995,459
2024-03-31,OFLX,,current,64.8273,540158,459
2024-03-31,OKUR,,current,16.6,465049,459
2024-03-31,OM,,current,33.3,2353994,459
2024-03-31,ONEW,,current,28.15,2039028,459
2024-03-31,ONIT,,current,27.01,306775,459
2024-03-31,OPFI,,current,2.3238,740847,459
2024-03-31,OPRT,,current,2.43,567453,459
2024-03-31,OPRX,,current,12.15,1499626,459
2024-03-31,ORMP,,current,2.7222,347253,459
2024-03-31,ORN,,current,8.2,841089,459
2024-03-31,ORRF,,current,24.7955,779779,459
2024-03-31,OSG,,current,15.63,4943413,459
2024-03-31,OVID,,current,3.05,497074,459
2024-03-31,OZ,,current,60.89,324924,459
2024-03-31,PACK,,current,7.87,2358089,459
2024-03-31,PAMT,,current,16.21,279006,459
2024-03-31,PANL,,current,6.2031,1987733,459
2024-03-31,PAYS,,current,3.66,358929,459
2024-03-31,PBYI,,current,5.3,2882327,459
2024-03-31,PCYO,,current,9.5,369131,459
2024-03-31,PEPG,,current,14.7,814405,459
2024-03-31,PFIS,,current,38.4384,398274,459
2024-03-31,PIII,,current,51.5,282364,459
2024-03-31,PKBK,,current,15.7996,284723,459
2024-03-31,PKOH,,current,25.3706,499034,459
2024-03-31,PLTK,,current,6.1406,4861566,459
2024-03-31,PMTS,,current,17.86,296109,459
2024-03-31,PNNT,,current,4.6633,1938943,459
2024-03-31,POWW,,current,2.75,1179139,459
2024-03-31,PRE,,current,4.05,276650,459
2024-03-31,PROF,,current,8.53,340019,459
2024-03-31,PRQR,,current,2.29,419902,459
2024-03-31,PTPI,1815903,roster,37.0,769575,459
2024-03-31,PYXS,,current,4.26,2736279,459
2024-03-31,QUAD,,current,4.7224,517730,459
2024-03-31,QUIK,,current,16.03,2157501,459
2024-03-31,RBB,,current,16.6427,540842,459
2024-03-31,RCEL,,current,16.03,2149979,459
2024-03-31,RCKY,,current,25.753,600378,459
2024-03-31,RCMT,,current,21.37,1790990,459
2024-03-31,RDCM,,current,11.16,351900,459
2024-03-31,RDNW,,current,6.46,870949,459
2024-03-31,RELL,,current,8.7526,1135548,459
2024-03-31,RGP,,current,11.3023,3278397,459
2024-03-31,RICK,,current,56.9199,2456152,459
2024-03-31,RLGT,,current,5.42,517584,459
2024-03-31,RLYB,,current,14.8,343140,459
2024-03-31,RM,,current,22.0879,408577,459
2024-03-31,RMNI,,current,3.26,780054,459
2024-03-31,RMR,,current,18.817,1716401,459
2024-03-31,RNAC,,current,19.5,339046,459
2024-03-31,RNGR,,current,10.8187,1658758,459
2024-03-31,RRGB,,current,7.66,1792963,459
2024-03-31,RSVR,,current,7.93,350944,459
2024-03-31,RVPH,1742927,roster,75.6,1034888,459
2024-03-31,RWAY,,current,8.1125,2500636,459
2024-03-31,SAR,,current,16.4575,1235437,459
2024-03-31,SBDS,1870600,roster,86.8,2332811,459
2024-03-31,SBSI,,current,25.9968,3087439,459
2024-03-31,SCLX,,current,34.6513,1194736,459
2024-03-31,SCM,,current,9.7413,1016195,459
2024-03-31,SCYX,,current,11.76,268564,459
2024-03-31,SENS,,current,10.62,1112982,459
2024-03-31,SGC,,current,14.7722,677483,459
2024-03-31,SGHT,,current,5.28,642415,459
2024-03-31,SHBI,,current,10.6401,719701,459
2024-03-31,SHIP,,current,7.5307,1193864,459
2024-03-31,SIGA,,current,6.8568,1191087,459
2024-03-31,SKIL,,current,9.0,388534,459
2024-03-31,SLP,,current,41.0338,3495229,459
2024-03-31,SLRC,,current,12.1995,1969606,459
2024-03-31,SMC,,current,28.07,392567,459
2024-03-31,SMFL,1851860,roster,4.347,402118,459
2024-03-31,SMHI,,current,13.94,1017333,459
2024-03-31,SMID,,current,46.98,1011893,459
2024-03-31,SMP,,current,30.7115,3549039,459
2024-03-31,SMTI,,current,37.0,415366,459
2024-03-31,SPOK,,current,12.7367,1814093,459
2024-03-31,SPRB,,current,4421.25,1269970,459
2024-03-31,SRG,,current,9.65,2591268,459
2024-03-31,SRI,,current,18.44,1501407,459
2024-03-31,SSP,,current,2.9549,2923395,459
2024-03-31,SSTI,,current,15.88,754551,459
2024-03-31,STI,,current,137.5,529316,459
2024-03-31,STIM,,current,4.76,517859,459
2024-03-31,SWIM,,current,3.96,744652,459
2024-03-31,SXTC,,current,20160.0,321300,459
2024-03-31,TASK,,current,7.5925,1691386,459
2024-03-31,TAYD,,current,49.77,425480,459
2024-03-31,TBCH,,current,17.24,1612943,459
2024-03-31,TBI,,current,12.52,3506501,459
2024-03-31,TCBX,,current,20.02,506231,459
2024-03-31,TCPC,,current,7.165,2552262,459
2024-03-31,TCX,,current,18.56,542467,459
2024-03-31,TG,,current,6.52,585675,459
2024-03-31,TIPT,,current,16.5534,1672511,459
2024-03-31,TITN,,current,24.81,4611629,459
2024-03-31,TLS,,current,4.16,1505990,459
2024-03-31,TLYS,,current,6.8,604054,459
2024-03-31,TOP,,current,13.35,566016,459
2024-03-31,TPVG,,current,6.5516,1507251,459
2024-03-31,TRAK,,current,15.6547,837476,459
2024-03-31,TRC,,current,15.41,775748,459
2024-03-31,TRDA,,current,14.17,1013505,459
2024-03-31,TSBK,,current,24.856,296058,459
2024-03-31,TSQ,,current,8.554,296259,459
2024-03-31,TTGT,,current,33.08,3495887,459
2024-03-31,TTOO,1492674,roster,3.0,642373,459
2024-03-31,TWI,,current,12.46,3551255,459
2024-03-31,TWIN,,current,15.9995,304671,459
2024-03-31,TZOO,,current,10.18,833245,459
2024-03-31,UFI,,current,5.99,405484,459
2024-03-31,UIS,,current,4.91,3815633,459
2024-03-31,ULH,,current,35.2692,698982,459
2024-03-31,UNTY,,current,26.7032,336009,459
2024-03-31,UP,,current,57.4,2267017,459
2024-03-31,USNA,,current,48.5,3316945,459
2024-03-31,UTMD,,current,68.0218,1583642,459
2024-03-31,VERU,,current,7.0,753071,459
2024-03-31,VLGEA,,current,26.5949,460429,459
2024-03-31,VLN,1863006,roster,2.35,496981,459
2024-03-31,VMD,,current,9.43,974174,459
2024-03-31,VNDA,,current,4.11,3417190,459
2024-03-31,VRA,,current,6.8,2136270,459
2024-03-31,VREX,,current,18.1,4573943,459
2024-03-31,VTEX,,current,8.17,2868912,459
2024-03-31,VYGR,,current,9.31,4772659,459
2024-03-31,WEST,,current,10.33,1653870,459
2024-03-31,WHF,,current,8.6958,358199,459
2024-03-31,WHWK,,current,2.34,511177,459
2024-03-31,WKHS,,current,705.0,2002770,459
2024-03-31,WNEB,,current,7.1516,285074,459
2024-03-31,WSBF,,current,10.9372,524219,459
2024-03-31,WTBA,,current,15.8463,398223,459
2024-03-31,XFOR,,current,41.7,1203575,459
2024-03-31,XPER,,current,12.06,4477844,383
2024-03-31,YORW,,current,34.148,1822245,459
2024-03-31,ZCAR,1854275,roster,1226.0,272700,459
2024-03-31,ZUMZ,,current,15.19,2537970,459
2024-03-31,ZURA,,current,2.57,367012,258
2024-03-31,ZVSA,1859007,roster,7.5,271837,459
2024-04-30,ABOS,,current,3.18,999993,480
2024-04-30,ACCO,,current,4.0918,2741982,480
2024-04-30,ACEL,,current,11.11,2455057,480
2024-04-30,ACET,,current,25.44,2272264,480
2024-04-30,ACIC,,current,9.6002,2880169,480
2024-04-30,ACIU,,current,2.4,450852,480
2024-04-30,ACNB,,current,29.5709,345811,480
2024-04-30,ACRV,,current,10.0,421604,364
2024-04-30,ACTG,,current,4.89,874578,480
2024-04-30,ACU,,current,39.4706,931923,480
2024-04-30,ADV,,current,108.25,2421153,480
2024-04-30,AEYE,,current,15.63,782876,480
2024-04-30,AFCG,,current,6.244,986559,480
2024-04-30,AFMDQ,1608390,roster,5.49,428487,480
2024-04-30,AFYA,,current,16.9408,1773275,480
2024-04-30,AIOS,,current,147.4,446126,480
2024-04-30,AIOT,,current,4.66,2648411,480
2024-04-30,AISP,,current,7.13,4166297,480
2024-04-30,ALCO,,current,28.1481,541772,480
2024-04-30,ALEC,,current,5.26,3134334,480
2024-04-30,ALGS,,current,18.35,300397,480
2024-04-30,ALTG,,current,11.1721,2429720,480
2024-04-30,ALTI,,current,4.97,488342,480
2024-04-30,ALVO,,current,14.22,2589376,469
2024-04-30,AMBP,1845097,roster,3.1904,3257606,480
2024-04-30,AMPY,,current,7.46,2651925,480
2024-04-30,AMWL,,current,11.92,1368072,480
2024-04-30,ANGI,,current,21.6,1702482,480
2024-04-30,ANIK,,current,25.97,1522109,480
2024-04-30,ANIX,,current,3.02,359593,480
2024-04-30,ANTX,,current,2.37,1190007,480
2024-04-30,ANY,,current,10.4,884967,480
2024-04-30,AROW,,current,20.7076,821760,480
2024-04-30,ARQ,,current,7.55,1277373,480
2024-04-30,ARTNA,,current,32.0586,1030861,480
2024-04-30,ASIX,,current,24.3476,3188287,480
2024-04-30,ASLE,,current,7.09,4344086,480
2024-04-30,ASTL,,current,7.624,3516687,480
2024-04-30,ASUR,,current,7.51,1732770,480
2024-04-30,ATLX,,current,14.86,1070321,480
2024-04-30,ATNI,,current,17.6887,1975327,480
2024-04-30,ATOM,,current,4.93,1184880,480
2024-04-30,ATRA,,current,17.85,1000807,480
2024-04-30,ATS,,current,32.81,3281129,480
2024-04-30,AUDC,,current,10.0276,661438,480
2024-04-30,AURA,,current,7.5,975062,480
2024-04-30,AVD,,current,11.6097,1639556,480
2024-04-30,AVIR,,current,3.71,1151169,480
2024-04-30,AVNW,,current,34.37,3002883,480
2024-04-30,BARK,,current,22.0,608443,480
2024-04-30,BATRA,,current,41.13,1046828,480
2024-04-30,BBCP,,current,6.1309,411497,480
2024-04-30,BCAL,,current,13.8067,432833,480
2024-04-30,BCBP,,current,8.3513,349560,480
2024-04-30,BCIC,,current,13.7464,314317,480
2024-04-30,BCML,,current,18.8439,437043,480
2024-04-30,BCSF,,current,12.5309,3040070,480
2024-04-30,BDTX,,current,5.865,2049845,480
2024-04-30,BGDE,,current,26.4,592003,480
2024-04-30,BHB,,current,23.1395,715904,480
2024-04-30,BIRD,,current,11.0886,576512,480
2024-04-30,BIVI,,current,49.5,381371,480
2024-04-30,BKSY,1753539,roster,10.08,737086,480
2024-04-30,BMRC,,current,12.9458,942533,480
2024-04-30,BNED,,current,19.8741,424946,480
2024-04-30,BOC,,current,15.75,2097310,480
2024-04-30,BOOM,,current,16.56,3064244,480
2024-04-30,BRCC,,current,40.4,2416189,480
2024-04-30,BSRR,,current,19.101,383422,480
2024-04-30,BSVN,,current,25.8988,287109,480
2024-04-30,BWB,,current,11.78,558927,480
2024-04-30,BWFG,,current,22.2365,262819,480
2024-04-30,BWMN,,current,33.29,2891273,480
2024-04-30,BWMX,,current,13.02,510761,480
2024-04-30,BYRN,,current,12.88,2651620,480
2024-04-30,CAC,,current,27.5721,1137069,480
2024-04-30,CASS,,current,40.5768,1584408,480
2024-04-30,CATX,,current,16.4,2974018,480
2024-04-30,CBAN,,current,10.3042,318067,480
2024-04-30,CBIO,,current,155.0,1084077,480
2024-04-30,CBNK,,current,18.9456,340632,480
2024-04-30,CCAP,,current,13.2483,1048839,480
2024-04-30,CCBG,,current,25.5525,633836,480
2024-04-30,CDZI,,current,2.26,447944,480
2024-04-30,CENT,,current,41.24,4432486,480
2024-04-30,CGNT,,current,6.91,1933700,480
2024-04-30,CINT,,current,3.95,328985,480
2024-04-30,CION,,current,8.0778,1949840,480
2024-04-30,CIVB,,current,13.6055,355342,480
2024-04-30,CLAR,,current,6.0227,1333042,480
2024-04-30,CLMB,,current,16.7391,567001,480
2024-04-30,CMCL,,current,9.6851,337189,480
2024-04-30,CMRC,,current,5.83,4496497,480
2024-04-30,CMT,,current,19.0,733108,480
2024-04-30,COOK,,current,105.5,551661,480
2024-04-30,COYA,,current,8.38,639024,334
2024-04-30,CPS,,current,15.79,1917027,480
2024-04-30,CRCT,,current,4.0656,2395893,480
2024-04-30,CRNT,,current,2.82,1290388,480
2024-04-30,CRVO,,current,24.73,422330,480
2024-04-30,CSV,,current,25.3422,2018268,480
2024-04-30,CTEV,,current,26.6,1365080,480
2024-04-30,CTKB,,current,6.03,4375675,480
2024-04-30,CTOS,1709682,roster,5.13,2865212,480
2024-04-30,CUE,,current,42.6,437448,480
2024-04-30,CURV,,current,5.04,333525,480
2024-04-30,CVEO,,current,22.1901,1175034,480
2024-04-30,CVGI,,current,6.14,606707,480
2024-04-30,CVRX,,current,15.28,2196017,480
2024-04-30,CWCO,,current,24.4158,3305237,480
2024-04-30,CXAI,,current,175.5,4464419,480
2024-04-30,CXDO,,current,4.26,913254,480
2024-04-30,CYH,,current,3.29,4758796,480
2024-04-30,CZNC,,current,14.9551,320500,480
2024-04-30,CZOOF,1859639,roster,10.58,402774,480
2024-04-30,DBGI,,current,5700.0,278460,480
2024-04-30,DCBO,,current,46.48,3428380,480
2024-04-30,DERM,,current,3.33,460718,480
2024-04-30,DGICA,,current,11.9716,576412,480
2024-04-30,DHX,,current,2.44,518140,480
2024-04-30,DIBS,,current,5.89,586684,480
2024-04-30,DLTH,,current,4.36,275072,480
2024-04-30,DMRC,,current,21.82,3805075,480
2024-04-30,DOMO,,current,7.66,3498708,480
2024-04-30,DSGR,,current,33.15,1652756,480
2024-04-30,DSP,,current,8.45,1333060,480
2024-04-30,DSX,,current,2.7197,1443312,480
2024-04-30,DTIL,,current,9.84,914291,480
2024-04-30,EAF,,current,16.6,4160458,480
2024-04-30,EBF,,current,15.9424,1662302,480
2024-04-30,EFTR,1828522,roster,2.07,1143706,480
2024-04-30,EGAN,,current,6.28,539740,480
2024-04-30,ELMD,,current,16.4,418369,480
2024-04-30,ELTX,,current,9.1,271213,480
2024-04-30,EML,,current,30.1012,412244,480
2024-04-30,EMPD,,current,1670.4,1324838,480
2024-04-30,ENTA,,current,13.25,2994127,480
2024-04-30,EPM,,current,4.7108,1278737,480
2024-04-30,ESEA,,current,24.4904,953853,480
2024-04-30,ESOA,,current,7.3087,788021,480
2024-04-30,ESP,,current,21.5397,266862,480
2024-04-30,EVCM,,current,9.15,1122196,480
2024-04-30,EVI,,current,20.921,264044,480
2024-04-30,FBIZ,,current,31.3207,396289,480
2024-04-30,FC,,current,39.57,2919399,480
2024-04-30,FCBC,,current,28.4885,813566,480
2024-04-30,FCCO,,current,15.945,312421,480
2024-04-30,FENC,,current,9.14,1129185,480
2024-04-30,FF,,current,4.9758,1969818,480
2024-04-30,FFAI,,current,252.0,1862535,480
2024-04-30,FHTX,,current,5.73,615329,480
2024-04-30,FIP,,current,7.0237,3225176,447
2024-04-30,FIRY,,current,6.34,890765,480
2024-04-30,FLGT,,current,20.58,3727538,480
2024-04-30,FLL,,current,5.34,363400,480
2024-04-30,FLWS,,current,9.31,2830027,480
2024-04-30,FLXS,,current,37.5476,849996,480
2024-04-30,FMAO,,current,19.423,305067,480
2024-04-30,FMTOF,1888151,roster,7650.0,1082475,480
2024-04-30,FNKO,,current,6.11,3068566,480
2024-04-30,FNLC,,current,19.7238,301476,480
2024-04-30,FORR,,current,18.89,2313723,480
2024-04-30,FRBA,,current,11.2945,497135,480
2024-04-30,FRD,,current,19.0445,277370,480
2024-04-30,FRPH,,current,30.74,562937,480
2024-04-30,FRST,,current,9.2727,713190,480
2024-04-30,FSBW,,current,29.3878,266394,480
2024-04-30,FSTR,,current,24.21,1029385,480
2024-04-30,FTCI,,current,4.48,296252,480
2024-04-30,FUNC,,current,21.2526,390105,480
2024-04-30,GAIN,,current,11.141,1243680,480
2024-04-30,GASS,,current,6.2,648707,480
2024-04-30,GENC,,current,16.9,420672,480
2024-04-30,GEOS,,current,12.57,761358,480
2024-04-30,GIC,,current,36.1054,2798314,480
2024-04-30,GLAD,,current,17.4427,2047531,480
2024-04-30,GLAS,,current,8.75,634585,480
2024-04-30,GLRE,,current,12.16,724440,480
2024-04-30,GLSI,,current,12.6,573935,480
2024-04-30,GNE,,current,15.2838,2019436,480
2024-04-30,GNLX,,current,3.17,644274,316
2024-04-30,GPRK,,current,8.8766,3240931,480
2024-04-30,GRNT,,current,5.5004,1693601,480
2024-04-30,GSIT,,current,4.08,891212,480
2024-04-30,GTE,,current,8.99,2351726,480
2024-04-30,GWH,1819438,roster,11.46,597413,480
2024-04-30,GWRS,,current,11.8369,251902,480
2024-04-30,GYRE,,current,16.43,1021188,480
2024-04-30,HBB,,current,20.424,892303,480
2024-04-30,HBT,,current,17.2128,451339,480
2024-04-30,HCKT,,current,20.9476,1895585,480
2024-04-30,HGTY,,current,8.73,342267,480
2024-04-30,HIPO,,current,21.95,2554035,480
2024-04-30,HKIT,,current,5662.5,264356,271
2024-04-30,HLLY,,current,4.05,1079766,480
2024-04-30,HOFT,,current,15.1323,573543,480
2024-04-30,HPK,,current,14.6341,4396230,480
2024-04-30,HRZN,,current,7.8636,1938862,480
2024-04-30,HSHP,,current,6.95,628384,271
2024-04-30,HURA,,current,5.705,491794,480
2024-04-30,HURC,,current,18.45,497586,480
2024-04-30,HVT,,current,27.2793,2479769,480
2024-04-30,HY,,current,55.481,4725924,480
2024-04-30,HYPD,,current,56.96,1056275,480
2024-04-30,IBEX,,current,13.37,802570,480
2024-04-30,IGIC,,current,11.4548,574335,480
2024-04-30,IHRT,,current,2.17,1485199,480
2024-04-30,III,,current,3.0924,365705,480
2024-04-30,IMMR,,current,6.6124,2449514,480
2024-04-30,IMPP,,current,3.74,1311345,480
2024-04-30,IMTX,,current,9.98,4151007,480
2024-04-30,IMUX,,current,12.3,511928,480
2024-04-30,IMXI,,current,20.98,4112256,480
2024-04-30,INBK,,current,30.4151,1368662,480
2024-04-30,INFU,,current,7.62,321567,480
2024-04-30,INGN,,current,7.02,2479230,480
2024-04-30,INMB,,current,11.77,1005676,480
2024-04-30,INSE,,current,8.79,878012,480
2024-04-30,INTT,,current,11.95,1063831,480
2024-04-30,INVE,,current,5.13,505812,480
2024-04-30,IPSC,,current,3.05,472311,480
2024-04-30,ISTR,,current,15.9438,313072,480
2024-04-30,JAKK,,current,17.7458,2407029,480
2024-04-30,JILL,,current,24.8322,1532936,480
2024-04-30,JOUT,,current,37.7805,1693290,480
2024-04-30,JYNT,,current,12.32,763612,480
2024-04-30,KE,,current,21.57,2219444,480
2024-04-30,KELYA,,current,22.2135,4606274,480
2024-04-30,KIDS,,current,29.23,3847553,480
2024-04-30,KLRS,,current,18.745,340358,480
2024-04-30,KNOP,,current,5.1538,317535,480
2024-04-30,KRNY,,current,4.6624,2396391,480
2024-04-30,KRO,,current,10.7133,2145153,480
2024-04-30,KRRO,,current,60.95,1562845,480
2024-04-30,KULR,,current,3.76,849078,480
2024-04-30,KVHI,,current,4.89,411145,480
2024-04-30,LAKE,,current,16.8482,335036,480
2024-04-30,LAW,,current,7.75,1718420,480
2024-04-30,LCUT,,current,8.5611,563718,480
2024-04-30,LE,,current,13.93,562781,480
2024-04-30,LEE,,current,12.84,271106,480
2024-04-30,LEGH,,current,20.65,1577375,480
2024-04-30,LENZ,,current,16.5,1075950,480
2024-04-30,LFCR,,current,6.46,878324,480
2024-04-30,LFMD,,current,11.87,4410920,480
2024-04-30,LILA,,current,5.2446,3152232,480
2024-04-30,LMNR,,current,19.2716,641844,480
2024-04-30,LNZA,,current,222.0,830821,480
2024-04-30,LOCO,,current,8.69,1787355,480
2024-04-30,LTRN,,current,4.93,1590868,480
2024-04-30,LUNG,,current,7.5,4760224,480
2024-04-30,LWAY,,current,20.01,1082406,480
2024-04-30,LXFR,,current,9.0916,1200941,480
2024-04-30,LYEL,,current,45.0,1775534,480
2024-04-30,LYTHF,1816319,roster,10150.0,530800,470
2024-04-30,LZM,,current,7.35,319995,480
2024-04-30,MAGN,,current,19.5,865252,480
2024-04-30,MASS,,current,5.755,985411,480
2024-04-30,MBI,,current,6.41,2394882,480
2024-04-30,MCBS,,current,21.7628,366602,480
2024-04-30,MCFT,,current,20.68,2662465,480
2024-04-30,MCRB,,current,18.18,3080665,480
2024-04-30,MDWD,,current,19.22,862582,480
2024-04-30,MFIN,,current,6.9196,590042,480
2024-04-30,MG,,current,8.94,505689,480
2024-04-30,MLP,,current,19.8,355027,480
2024-04-30,MLR,,current,47.5659,2374066,480
2024-04-30,MMATQ,1431959,roster,3.51,651768,480
2024-04-30,MMI,,current,31.4558,4353738,480
2024-04-30,MNSB,,current,14.4682,327396,480
2024-04-30,MPAA,,current,5.92,426569,480
2024-04-30,MRAI,1844392,roster,2.07,254897,480
2024-04-30,MSPR,1802450,roster,169.75,362793,480
2024-04-30,MTA,,current,3.14,1234249,480
2024-04-30,MTRX,,current,11.36,2072446,480
2024-04-30,MTW,,current,12.82,3119844,480
2024-04-30,MVBF,,current,17.9247,366863,480
2024-04-30,MX,,current,5.0,1753151,480
2024-04-30,MYFW,,current,16.42,273971,480
2024-04-30,NAGE,,current,3.56,615606,480
2024-04-30,NATR,,current,19.79,820614,480
2024-04-30,NC,,current,26.3792,398400,480
2024-04-30,NCMI,,current,4.2002,2057087,480
2024-04-30,NDLS,,current,11.84,468709,480
2024-04-30,NECB,,current,14.5661,523557,480
2024-04-30,NEGG,,current,16.4,279194,480
2024-04-30,NEWP,,current,2.1,379127,480
2024-04-30,NEWT,,current,9.6766,1247418,480
2024-04-30,NEXI,1538210,roster,3.28,274205,480
2024-04-30,NGS,,current,23.2249,813131,480
2024-04-30,NGVC,,current,15.9647,842863,480
2024-04-30,NMFC,,current,9.564,3272813,480
2024-04-30,NNBR,,current,3.74,711160,480
2024-04-30,NOA,,current,21.2712,1332544,480
2024-04-30,NOTE,1823466,roster,16.68,1179963,480
2024-04-30,NPCE,,current,13.53,1153587,480
2024-04-30,NRC,,current,32.0581,1833662,480
2024-04-30,NRDY,,current,40.65,2456581,480
2024-04-30,NRIM,,current,11.1455,368497,480
2024-04-30,NRXP,,current,3.55,755604,480
2024-04-30,NSLR,,current,3.5999,268274,480
2024-04-30,NVCT,,current,6.38,522128,480
2024-04-30,NXDR,,current,2.04,2425838,480
2024-04-30,NXUR,1722969,roster,10.4,331545,241
2024-04-30,OABI,,current,4.54,2370025,480
2024-04-30,OBT,,current,21.6676,250446,480
2024-04-30,OCS,,current,12.73,262740,480
2024-04-30,OFIX,,current,13.09,4279342,480
2024-04-30,OFLX,,current,61.9684,415699,480
2024-04-30,OM,,current,39.45,1920913,480
2024-04-30,ONEW,,current,21.96,1901922,480
2024-04-30,OPFI,,current,2.6464,617901,480
2024-04-30,OPRT,,current,3.22,466090,480
2024-04-30,OPRX,,current,10.0,1427297,480
2024-04-30,ORMP,,current,2.2747,333420,480
2024-04-30,ORN,,current,6.91,2121526,480
2024-04-30,ORRF,,current,24.3509,892499,480
2024-04-30,OSUR,,current,5.4,4841315,480
2024-04-30,OVID,,current,3.34,460582,480
2024-04-30,OZ,,current,60.25,278070,480
2024-04-30,PACK,,current,7.51,3073794,480
2024-04-30,PANL,,current,6.4166,1501992,480
2024-04-30,PAYS,,current,4.69,524079,480
2024-04-30,PBYI,,current,5.02,2622683,480
2024-04-30,PCYO,,current,9.49,428784,480
2024-04-30,PEPG,,current,11.68,875977,480
2024-04-30,PFIS,,current,33.9,354871,480
2024-04-30,PKOH,,current,23.3546,436064,480
2024-04-30,PMTS,,current,18.25,370032,480
2024-04-30,PNNT,,current,4.9159,1926418,480
2024-04-30,POWW,,current,2.58,1083078,480
2024-04-30,PRE,,current,4.45,439949,480
2024-04-30,PROF,,current,7.7,266063,480
2024-04-30,PSFE,,current,14.65,4803755,480
2024-04-30,PTPI,1815903,roster,17.6,758058,480
2024-04-30,PYXS,,current,4.44,2995152,480
2024-04-30,QUAD,,current,4.091,664406,480
2024-04-30,QUIK,,current,15.37,3350304,480
2024-04-30,RBB,,current,16.4487,503027,480
2024-04-30,RCEL,,current,8.72,2444952,480
2024-04-30,RCKY,,current,25.696,525386,480
2024-04-30,RCMT,,current,18.94,1539576,480
2024-04-30,RDCM,,current,8.7,347195,480
2024-04-30,RDNW,,current,5.42,737960,480
2024-04-30,RELL,,current,10.2637,1023289,480
2024-04-30,RGP,,current,9.4902,3329028,480
2024-04-30,RICK,,current,50.4526,2312365,480
2024-04-30,RLGT,,current,5.08,509884,480
2024-04-30,RLYB,,current,14.8,355819,480
2024-04-30,RM,,current,23.8396,465025,480
2024-04-30,RMNI,,current,2.76,689480,480
2024-04-30,RMR,,current,19.1869,1541492,480
2024-04-30,RNAC,,current,22.0,522007,480
2024-04-30,RNGR,,current,9.7838,1532645,480
2024-04-30,RRGB,,current,7.6,2347712,480
2024-04-30,RSVR,,current,9.03,370644,480
2024-04-30,RVPH,1742927,roster,58.0,729967,480
2024-04-30,RWAY,,current,8.561,2133271,480
2024-04-30,SAMG,,current,13.3766,261955,480
2024-04-30,SAR,,current,16.7838,896513,480
2024-04-30,SBDS,1870600,roster,78.0,1385886,480
2024-04-30,SBSI,,current,24.1469,2942005,480
2024-04-30,SCLX,,current,20.0934,1182883,480
2024-04-30,SCM,,current,10.5255,1032666,480
2024-04-30,SCYX,,current,14.56,260551,480
2024-04-30,SD,,current,12.8088,4225696,480
2024-04-30,SENS,,current,8.72,1126529,480
2024-04-30,SGC,,current,15.0584,597795,480
2024-04-30,SGHT,,current,5.82,577199,480
2024-04-30,SHBI,,current,9.6501,760415,480
2024-04-30,SHIP,,current,8.2146,1498332,480
2024-04-30,SIGA,,current,7.0731,4074970,480
2024-04-30,SKIL,,current,7.26,338135,480
2024-04-30,SLP,,current,45.3813,4027176,480
2024-04-30,SLRC,,current,12.3505,2004101,480
2024-04-30,SMC,,current,28.91,649413,480
2024-04-30,SMFL,1851860,roster,3.85,389645,480
2024-04-30,SMHI,,current,12.72,2117754,480
2024-04-30,SMID,,current,36.3,839144,480
2024-04-30,SMP,,current,29.5489,3552027,480
2024-04-30,SMTI,,current,32.43,396844,480
2024-04-30,SPOK,,current,12.617,1825911,480
2024-04-30,SPRB,,current,3993.75,1111050,480
2024-04-30,SRG,,current,9.35,2747739,480
2024-04-30,SRI,,current,15.62,1544040,480
2024-04-30,SSP,,current,2.9023,3528020,480
2024-04-30,SSTI,,current,13.53,805067,480
2024-04-30,STI,,current,120.5,1027009,480
2024-04-30,STIM,,current,3.535,466784,480
2024-04-30,SUNE,,current,9000.0,397500,480
2024-04-30,SWIM,,current,2.94,622657,480
2024-04-30,SXTC,,current,12360.0,339360,480
2024-04-30,TARA,,current,3.1,357051,480
2024-04-30,TASK,,current,7.586,1599642,480
2024-04-30,TAYD,,current,52.94,642641,480
2024-04-30,TBCH,,current,14.01,3705668,480
2024-04-30,TBI,,current,10.55,3768829,480
2024-04-30,TCBX,,current,19.86,493627,480
2024-04-30,TCPC,,current,6.9795,2820419,480
2024-04-30,TCX,,current,17.95,648560,480
2024-04-30,TG,,current,6.58,610113,480
2024-04-30,TIPT,,current,15.4805,1361416,480
2024-04-30,TITN,,current,22.63,3701410,480
2024-04-30,TLS,,current,3.6,1143395,480
2024-04-30,TLYS,,current,5.95,434481,480
2024-04-30,TMCI,,current,10.65,4535012,480
2024-04-30,TONX,,current,29.2,1007632,480
2024-04-30,TOP,,current,12.8,600845,480
2024-04-30,TPVG,,current,6.5585,1486745,480
2024-04-30,TRAK,,current,16.2572,932312,480
2024-04-30,TRC,,current,17.01,856500,480
2024-04-30,TRDA,,current,12.34,954603,480
2024-04-30,TSQ,,current,9.6513,426988,480
2024-04-30,TTGT,,current,27.45,2786866,480
2024-04-30,TTOO,1492674,roster,2.94,546850,480
2024-04-30,TWI,,current,11.53,3273995,480
2024-04-30,TWIN,,current,15.8059,373118,480
2024-04-30,TZOO,,current,8.36,910548,480
2024-04-30,UFI,,current,5.79,347353,480
2024-04-30,UIS,,current,5.43,3310867,480
2024-04-30,ULH,,current,43.381,945276,480
2024-04-30,UNTY,,current,26.1324,303836,480
2024-04-30,UP,,current,46.4,1783395,480
2024-04-30,USNA,,current,42.98,3502099,480
2024-04-30,UTMD,,current,63.4207,2052124,480
2024-04-30,VERU,,current,12.5,1090916,480
2024-04-30,VLGEA,,current,26.2529,488464,480
2024-04-30,VLN,1863006,roster,2.36,597818,480
2024-04-30,VMD,,current,8.22,951877,480
2024-04-30,VNDA,,current,4.82,3879127,480
2024-04-30,VRA,,current,6.78,1677595,480
2024-04-30,VREX,,current,16.91,4497209,480
2024-04-30,VTEX,,current,7.41,2986253,480
2024-04-30,VYGR,,current,7.77,4580407,480
2024-04-30,WEST,,current,10.25,1385418,480
2024-04-30,WHF,,current,9.0956,470978,480
2024-04-30,WKHS,,current,501.0,2601313,480
2024-04-30,WNEB,,current,5.8555,281460,480
2024-04-30,WSBF,,current,10.4707,589397,480
2024-04-30,WTBA,,current,14.6198,364856,480
2024-04-30,XFOR,,current,32.7,2186272,480
2024-04-30,XPER,,current,10.73,3782438,404
2024-04-30,YORW,,current,33.4419,1858626,480
2024-04-30,ZUMZ,,current,16.94,2541960,480
2024-04-30,ZURA,,current,4.64,375154,279
2024-04-30,ZVSA,1859007,roster,5.77,278777,480
2024-05-31,ABOS,,current,2.98,825851,502
2024-05-31,ACCO,,current,4.3212,2415209,502
2024-05-31,ACEL,,current,9.59,2715615,502
2024-05-31,ACET,,current,23.68,1619388,502
2024-05-31,ACIC,,current,10.8681,2260196,502
2024-05-31,ACIU,,current,3.97,532435,502
2024-05-31,ACNB,,current,29.3142,307261,502
2024-05-31,ACRV,,current,7.57,668081,386
2024-05-31,ACTG,,current,5.46,1064717,502
2024-05-31,ACU,,current,34.166,926500,502
2024-05-31,ADV,,current,86.5,3235748,502
2024-05-31,AEYE,,current,23.75,2982612,502
2024-05-31,AFCG,,current,6.1074,885853,502
2024-05-31,AFMDQ,1608390,roster,4.06,419438,502
2024-05-31,AFYA,,current,15.9954,1897269,502
2024-05-31,AIIO,,current,66.2,260945,502
2024-05-31,AIOS,,current,105.8,476411,502
2024-05-31,AIOT,,current,5.43,3448768,502
2024-05-31,AISP,,current,4.23,4316400,502
2024-05-31,AKAN,,current,403.9977,579017,502
2024-05-31,ALCO,,current,26.3734,487158,502
2024-05-31,ALEC,,current,4.92,2692644,502
2024-05-31,ALTG,,current,8.3243,3067462,502
2024-05-31,ALTI,,current,4.95,479530,502
2024-05-31,ALVO,,current,13.77,1719857,491
2024-05-31,AMBP,1845097,roster,3.1343,3257606,502
2024-05-31,AMPY,,current,6.26,3012884,502
2024-05-31,AMWL,,current,8.04,1267389,502
2024-05-31,ANGI,,current,20.2,1656855,502
2024-05-31,ANIK,,current,25.71,1577636,502
2024-05-31,ANIX,,current,2.54,257236,502
2024-05-31,ANTX,,current,2.04,424993,502
2024-05-31,ANY,,current,11.6,483856,502
2024-05-31,AROW,,current,23.1182,744141,502
2024-05-31,ARQ,,current,6.86,1757012,502
2024-05-31,ARTNA,,current,32.3403,1032076,502
2024-05-31,ASIX,,current,21.4992,2669307,502
2024-05-31,ASLE,,current,7.58,2383860,502
2024-05-31,ASTL,,current,7.5176,2736678,502
2024-05-31,ASUR,,current,7.52,1278491,502
2024-05-31,ATLX,,current,14.65,900097,502
2024-05-31,ATNI,,current,21.187,2214842,502
2024-05-31,ATOM,,current,4.09,928894,502
2024-05-31,ATRA,,current,14.2,825999,502
2024-05-31,ATS,,current,30.99,3913673,502
2024-05-31,AUDC,,current,9.0339,539753,502
2024-05-31,AURA,,current,7.35,975062,502
2024-05-31,AVD,,current,8.63,1850234,502
2024-05-31,AVIR,,current,3.61,872318,502
2024-05-31,AVNW,,current,30.89,2469552,502
2024-05-31,AVXL,,current,4.14,4977111,502
2024-05-31,AWIN,1855631,roster,6.17,283544,331
2024-05-31,BARK,,current,27.0,592043,502
2024-05-31,BATRA,,current,41.13,1059933,502
2024-05-31,BBCP,,current,6.2904,432194,502
2024-05-31,BCAL,,current,13.6985,399120,502
2024-05-31,BCBP,,current,8.9177,335869,502
2024-05-31,BCIC,,current,14.2903,402930,502
2024-05-31,BCLI,1137883,roster,7.8,290767,502
2024-05-31,BCML,,current,18.872,384542,502
2024-05-31,BCSF,,current,12.5536,3738110,502
2024-05-31,BDTX,,current,4.76,2450285,502
2024-05-31,BGDE,,current,26.0,309900,502
2024-05-31,BHB,,current,23.6832,732960,502
2024-05-31,BIRD,,current,10.1266,624964,502
2024-05-31,BIVI,,current,44.0,351167,502
2024-05-31,BKSY,1753539,roster,8.64,600935,502
2024-05-31,BKTI,,current,13.7,267881,502
2024-05-31,BMRC,,current,13.8915,852328,502
2024-05-31,BNED,,current,76.2172,551645,502
2024-05-31,BOC,,current,14.79,2307801,502
2024-05-31,BOOM,,current,13.2,3064244,502
2024-05-31,BRCC,,current,60.4,3232525,502
2024-05-31,BSRR,,current,19.4081,382386,502
2024-05-31,BSVN,,current,28.4225,252779,502
2024-05-31,BWB,,current,11.21,480558,502
2024-05-31,BWMN,,current,32.37,2995292,502
2024-05-31,BWMX,,current,14.0904,481229,502
2024-05-31,BYRN,,current,12.11,2737126,502
2024-05-31,CAC,,current,29.6023,1072979,502
2024-05-31,CASS,,current,39.2708,1477909,502
2024-05-31,CBAN,,current,11.2631,298618,502
2024-05-31,CBIO,,current,27.0,1152345,502
2024-05-31,CBNK,,current,19.4569,346748,502
2024-05-31,CCAP,,current,13.8269,1273832,502
2024-05-31,CCBG,,current,25.411,629056,502
2024-05-31,CDZI,,current,3.03,414051,502
2024-05-31,CENT,,current,43.45,3226343,502
2024-05-31,CFFI,,current,41.1539,427785,502
2024-05-31,CGEN,,current,2.19,664890,502
2024-05-31,CGNT,,current,7.62,1627475,502
2024-05-31,CINT,,current,4.39,343507,502
2024-05-31,CION,,current,8.7904,1907528,502
2024-05-31,CIVB,,current,13.3321,404985,502
2024-05-31,CLAR,,current,6.3822,1195054,502
2024-05-31,CLMB,,current,14.0547,606923,502
2024-05-31,CMCL,,current,10.0441,380753,502
2024-05-31,CMRC,,current,8.26,4278529,502
2024-05-31,CMT,,current,19.05,726642,502
2024-05-31,COOK,,current,132.0,488364,502
2024-05-31,COYA,,current,7.55,421518,356
2024-05-31,CPS,,current,12.76,1550867,502
2024-05-31,CRCT,,current,4.7079,2874177,502
2024-05-31,CRDL,,current,2.57,453403,502
2024-05-31,CRMT,,current,61.72,4234716,502
2024-05-31,CRNT,,current,2.61,1030555,502
2024-05-31,CRVO,,current,19.69,479907,502
2024-05-31,CSTE,,current,5.78,435684,502
2024-05-31,CSV,,current,25.9615,2301125,502
2024-05-31,CTEV,,current,21.6,1446103,502
2024-05-31,CTKB,,current,5.68,3970311,502
2024-05-31,CTOS,1709682,roster,4.73,3175473,502
2024-05-31,CUE,,current,47.7,420803,502
2024-05-31,CURV,,current,6.65,263381,502
2024-05-31,CVEO,,current,22.7858,1232262,502
2024-05-31,CVGI,,current,5.2,647800,502
2024-05-31,CVRX,,current,6.88,2082890,502
2024-05-31,CWCO,,current,25.9267,3305237,502
2024-05-31,CXAI,,current,119.0,4006472,502
2024-05-31,CXDO,,current,3.33,490409,502
2024-05-31,CYH,,current,3.86,4402046,502
2024-05-31,CZNC,,current,15.3005,294127,502
2024-05-31,DCBO,,current,34.63,3660296,502
2024-05-31,DERM,,current,3.8,348870,502
2024-05-31,DGICA,,current,11.8359,550989,502
2024-05-31,DHX,,current,2.07,467061,502
2024-05-31,DIBS,,current,5.47,636995,502
2024-05-31,DMRC,,current,26.4,3906205,502
2024-05-31,DOMO,,current,6.43,3042539,502
2024-05-31,DSGR,,current,33.64,1764676,502
2024-05-31,DSP,,current,9.5,1535078,502
2024-05-31,DSX,,current,2.7197,1471828,502
2024-05-31,DTIL,,current,12.82,773572,502
2024-05-31,EAF,,current,17.0,4580275,502
2024-05-31,EBF,,current,16.5826,1491751,502
2024-05-31,EGAN,,current,5.93,521111,502
2024-05-31,ELMD,,current,14.79,411163,502
2024-05-31,ELTX,,current,7.51,359527,502
2024-05-31,EML,,current,26.7004,564429,502
2024-05-31,EMPD,,current,1196.8,718681,502
2024-05-31,ENTA,,current,12.0,2250859,502
2024-05-31,ENTX,,current,2.31,352150,502
2024-05-31,EPM,,current,4.5343,1233632,502
2024-05-31,ESEA,,current,26.7957,793896,502
2024-05-31,ESOA,,current,6.6808,752627,502
2024-05-31,EVCM,,current,9.73,1361763,502
2024-05-31,FBIZ,,current,32.5063,349009,502
2024-05-31,FC,,current,36.69,2727818,502
2024-05-31,FCBC,,current,29.5241,722381,502
2024-05-31,FCCO,,current,15.5848,314593,502
2024-05-31,FENC,,current,6.85,1217722,502
2024-05-31,FF,,current,3.8097,2235355,502
2024-05-31,FFAI,,current,3390.0,2913525,502
2024-05-31,FHTX,,current,5.8,488551,502
2024-05-31,FIRY,,current,6.34,661992,502
2024-05-31,FLGT,,current,21.35,3359534,502
2024-05-31,FLL,,current,5.05,364237,502
2024-05-31,FLWS,,current,9.48,2561344,502
2024-05-31,FLXS,,current,36.0758,776759,502
2024-05-31,FMAO,,current,19.913,275996,502
2024-05-31,FMTOF,1888151,roster,6825.5,1716868,502
2024-05-31,FNKO,,current,8.87,3210501,502
2024-05-31,FNLC,,current,21.1744,256060,502
2024-05-31,FORR,,current,18.41,2057344,502
2024-05-31,FRBA,,current,11.6377,421457,502
2024-05-31,FRPH,,current,30.9,575002,502
2024-05-31,FRST,,current,9.6094,525456,502
2024-05-31,FSBW,,current,30.7722,281281,502
2024-05-31,FSTR,,current,27.13,1190273,502
2024-05-31,FTCI,,current,4.84,255076,502
2024-05-31,FUNC,,current,18.8213,408544,502
2024-05-31,GAIN,,current,11.0068,1039997,502
2024-05-31,GALT,,current,2.72,482950,502
2024-05-31,GASS,,current,8.75,527867,502
2024-05-31,GCBC,,current,30.0477,315676,502
2024-05-31,GDOT,,current,10.0,4845285,502
2024-05-31,GENC,,current,19.38,448445,502
2024-05-31,GEOS,,current,9.93,738183,502
2024-05-31,GIC,,current,31.5229,2747304,502
2024-05-31,GLAD,,current,18.1414,1983374,502
2024-05-31,GLAS,,current,7.83,897085,502
2024-05-31,GLRE,,current,13.16,685025,502
2024-05-31,GLSI,,current,13.41,494350,502
2024-05-31,GNE,,current,14.4298,1845380,502
2024-05-31,GNLX,,current,2.65,531135,338
2024-05-31,GPRK,,current,9.3848,3793130,502
2024-05-31,GRNT,,current,5.4675,1922527,502
2024-05-31,GSIT,,current,2.63,699701,502
2024-05-31,GTE,,current,9.16,2833207,502
2024-05-31,GTN,,current,5.1306,4941749,502
2024-05-31,GWH,1819438,roster,11.265,518444,502
2024-05-31,GYRE,,current,10.41,848268,502
2024-05-31,HBB,,current,17.6286,1002880,502
2024-05-31,HBT,,current,17.8296,385696,502
2024-05-31,HCKT,,current,20.8244,1841377,502
2024-05-31,HDSN,,current,8.99,4616630,502
2024-05-31,HGTY,,current,9.3,386976,502
2024-05-31,HIPO,,current,18.09,2531619,502
2024-05-31,HITI,,current,2.48,1369443,502
2024-05-31,HLLY,,current,3.72,1065409,502
2024-05-31,HOFT,,current,14.8524,425819,502
2024-05-31,HPK,,current,15.2187,4317523,502
2024-05-31,HRZN,,current,7.9106,1998700,502
2024-05-31,HSHP,,current,8.0743,592411,293
2024-05-31,HURA,,current,11.095,512503,502
2024-05-31,HURC,,current,18.0,550398,502
2024-05-31,HVT,,current,24.1046,2467206,502
2024-05-31,HY,,current,67.7887,4940243,502
2024-05-31,HYPD,,current,56.96,860040,502
2024-05-31,IBEX,,current,15.49,603560,502
2024-05-31,IGIC,,current,12.5383,716411,502
2024-05-31,III,,current,2.8952,355369,502
2024-05-31,IMMR,,current,9.1388,2935375,502
2024-05-31,IMPP,,current,4.14,1400677,502
2024-05-31,IMTX,,current,11.28,4539667,502
2024-05-31,IMUX,,current,12.2,287373,502
2024-05-31,IMXI,,current,20.77,3892681,502
2024-05-31,INBK,,current,28.3881,1311160,502
2024-05-31,INDO,,current,3.06,863604,502
2024-05-31,INFU,,current,7.07,368916,502
2024-05-31,INGN,,current,8.11,1811551,502
2024-05-31,INMB,,current,9.535,1066959,502
2024-05-31,INSE,,current,9.01,796444,502
2024-05-31,INSG,,current,9.81,305693,502
2024-05-31,INTT,,current,9.72,1107912,502
2024-05-31,INVE,,current,4.39,666207,502
2024-05-31,IPSC,,current,3.08,374146,502
2024-05-31,ISTR,,current,15.0357,315234,502
2024-05-31,JAKK,,current,16.3369,1987037,502
2024-05-31,JILL,,current,32.6485,1502651,502
2024-05-31,JOUT,,current,32.0702,1840702,502
2024-05-31,JRVR,,current,7.5282,4569650,502
2024-05-31,JYNT,,current,15.09,920491,502
2024-05-31,KE,,current,22.82,1925967,502
2024-05-31,KELYA,,current,20.4223,4600434,502
2024-05-31,KEN,,current,20.97,277857,502
2024-05-31,KIDS,,current,33.07,4181757,502
2024-05-31,KNOP,,current,5.8088,315053,502
2024-05-31,KRNT,,current,14.14,4593446,502
2024-05-31,KRNY,,current,4.8657,1994543,502
2024-05-31,KRO,,current,13.3085,2145153,502
2024-05-31,KRRO,,current,50.25,2018890,502
2024-05-31,KULR,,current,2.48,2151426,502
2024-05-31,KVHI,,current,5.11,440387,502
2024-05-31,KWY,,current,8.0,264404,502
2024-05-31,LAKE,,current,18.5021,396102,502
2024-05-31,LAW,,current,6.09,1915398,502
2024-05-31,LCUT,,current,10.2009,590057,502
2024-05-31,LE,,current,14.38,1664867,502
2024-05-31,LEGH,,current,23.18,1623169,502
2024-05-31,LENZ,,current,15.51,1913686,502
2024-05-31,LFCR,,current,5.78,878837,502
2024-05-31,LILA,,current,6.0598,3196444,502
2024-05-31,LMNR,,current,19.1163,703056,502
2024-05-31,LNZA,,current,292.0,911094,502
2024-05-31,LOCO,,current,10.56,2405044,502
2024-05-31,LODE,,current,2.5,273366,502
2024-05-31,LTRN,,current,6.3,1233126,502
2024-05-31,LUNG,,current,7.3,3683124,502
2024-05-31,LWAY,,current,15.68,3335844,502
2024-05-31,LXFR,,current,11.0032,1258771,502
2024-05-31,LYEL,,current,53.2,1792453,502
2024-05-31,LYTHF,1816319,roster,7575.0,431075,492
2024-05-31,LZM,,current,8.59,415334,502
2024-05-31,MAGN,,current,20.8,540631,502
2024-05-31,MASS,,current,6.16,1144889,502
2024-05-31,MBI,,current,5.7,1958895,502
2024-05-31,MCBS,,current,22.9342,387732,502
2024-05-31,MCFT,,current,20.87,2940914,502
2024-05-31,MCRB,,current,19.48,2969378,502
2024-05-31,MDRX,1124804,roster,9.76,4306184,502
2024-05-31,MDWD,,current,16.04,1060768,502
2024-05-31,MFIN,,current,7.4795,428344,502
2024-05-31,MG,,current,8.48,534384,502
2024-05-31,MLP,,current,20.69,379125,502
2024-05-31,MLR,,current,57.0752,2815059,502
2024-05-31,MMATQ,1431959,roster,3.62,639198,502
2024-05-31,MMI,,current,31.2716,3583947,502
2024-05-31,MNSB,,current,15.973,349976,502
2024-05-31,MPAA,,current,5.29,414526,502
2024-05-31,MRDN,,current,72.0,252249,502
2024-05-31,MSPR,1802450,roster,120.2075,319708,502
2024-05-31,MTA,,current,3.29,1302636,502
2024-05-31,MTRX,,current,11.92,1986976,502
2024-05-31,MTW,,current,12.18,2767390,502
2024-05-31,MVBF,,current,17.0522,300589,502
2024-05-31,MX,,current,5.0,1318826,502
2024-05-31,MYFW,,current,16.71,269854,502
2024-05-31,NAGE,,current,2.83,914788,502
2024-05-31,NATR,,current,15.16,1005122,502
2024-05-31,NC,,current,30.488,428922,502
2024-05-31,NCMI,,current,5.3196,3087785,502
2024-05-31,NDLS,,current,14.8,460861,502
2024-05-31,NECB,,current,15.6111,474002,502
2024-05-31,NEGG,,current,17.6,299992,502
2024-05-31,NEWP,,current,2.06,542686,502
2024-05-31,NEWT,,current,11.6275,1298140,502
2024-05-31,NEXN,,current,6.58,263260,502
2024-05-31,NGS,,current,21.1332,1373535,502
2024-05-31,NGVC,,current,20.3423,881978,502
2024-05-31,NKSH,,current,26.8747,268179,502
2024-05-31,NMFC,,current,9.4587,3000832,502
2024-05-31,NNBR,,current,3.26,670606,502
2024-05-31,NOA,,current,20.4357,1369682,502
2024-05-31,NOTE,1823466,roster,15.6,750048,502
2024-05-31,NPCE,,current,6.54,937239,502
2024-05-31,NRC,,current,26.441,1760476,502
2024-05-31,NRDY,,current,25.35,2360510,502
2024-05-31,NRIM,,current,13.1531,434181,502
2024-05-31,NRXP,,current,3.68,875101,502
2024-05-31,NVCT,,current,6.4,491126,502
2024-05-31,NXDR,,current,2.41,2741709,502
2024-05-31,NXUR,1722969,roster,9.398,264164,263
2024-05-31,OABI,,current,4.48,2528401,502
2024-05-31,OFIX,,current,14.22,3919030,502
2024-05-31,OFLX,,current,54.8973,518334,502
2024-05-31,OM,,current,53.1,2405806,502
2024-05-31,ONEW,,current,25.33,1739682,502
2024-05-31,ONIT,,current,24.48,264491,502
2024-05-31,OPFI,,current,3.2668,581050,502
2024-05-31,OPRT,,current,3.32,552919,502
2024-05-31,OPRX,,current,12.1,1394247,502
2024-05-31,ORN,,current,9.97,2848078,502
2024-05-31,ORRF,,current,24.0781,1230371,502
2024-05-31,OSUR,,current,4.7,4511519,502
2024-05-31,OVID,,current,3.06,398476,502
2024-05-31,PACK,,current,6.36,3321693,502
2024-05-31,PANL,,current,7.3892,1115613,502
2024-05-31,PAYS,,current,4.61,895645,502
2024-05-31,PBYI,,current,3.81,1709646,502
2024-05-31,PCYO,,current,9.2,393699,502
2024-05-31,PEPG,,current,16.35,630722,502
2024-05-31,PFIS,,current,35.0145,326114,502
2024-05-31,PKOH,,current,24.8534,505614,502
2024-05-31,PMTS,,current,27.88,530988,502
2024-05-31,PNNT,,current,5.1293,1558889,502
2024-05-31,POWW,,current,2.54,1006791,502
2024-05-31,PRE,,current,5.91,304008,502
2024-05-31,PTPI,1815903,roster,14.625,257024,502
2024-05-31,PYXS,,current,3.72,2239111,502
2024-05-31,QUAD,,current,4.1332,548166,502
2024-05-31,QUIK,,current,12.96,3678955,502
2024-05-31,RBB,,current,17.2693,601145,502
2024-05-31,RCEL,,current,9.3,2124274,502
2024-05-31,RCKY,,current,35.3119,636141,502
2024-05-31,RCMT,,current,19.65,1487158,502
2024-05-31,RDCM,,current,9.05,278285,502
2024-05-31,RDNW,,current,5.64,647869,502
2024-05-31,RELL,,current,10.9707,900681,502
2024-05-31,RGP,,current,9.7022,2993250,502
2024-05-31,RICK,,current,42.2091,2535570,502
2024-05-31,RLGT,,current,5.25,500726,502
2024-05-31,RLYB,,current,12.72,326016,502
2024-05-31,RM,,current,25.3639,593544,502
2024-05-31,RMNI,,current,2.6,672318,502
2024-05-31,RMR,,current,18.6353,1423470,502
2024-05-31,RNAC,,current,31.44,1184017,502
2024-05-31,RNGR,,current,9.9754,1325526,502
2024-05-31,RPC,,current,7.7902,4900285,502
2024-05-31,RRGB,,current,7.73,2317320,502
2024-05-31,RSVR,,current,8.27,329905,502
2024-05-31,RVPH,1742927,roster,27.4,634676,502
2024-05-31,RWAY,,current,8.2186,2618826,502
2024-05-31,SAMG,,current,13.6158,339309,502
2024-05-31,SAR,,current,16.6987,822144,502
2024-05-31,SBDS,1870600,roster,77.6,830780,502
2024-05-31,SBSI,,current,24.2013,2276518,502
2024-05-31,SCLX,,current,24.1905,953286,502
2024-05-31,SCM,,current,10.4653,1201864,502
2024-05-31,SCYX,,current,18.8,289190,502
2024-05-31,SD,,current,12.4017,3483780,502
2024-05-31,SENS,,current,8.64,861493,502
2024-05-31,SGC,,current,18.0104,868323,502
2024-05-31,SGHT,,current,6.52,595777,502
2024-05-31,SHBI,,current,10.4667,648786,502
2024-05-31,SHIP,,current,10.5604,2231880,502
2024-05-31,SKIL,,current,9.44,349800,502
2024-05-31,SKYH,,current,10.52,295903,502
2024-05-31,SLP,,current,48.6564,3992736,502
2024-05-31,SLRC,,current,12.9943,1574659,502
2024-05-31,SMC,,current,32.95,940419,502
2024-05-31,SMFL,1851860,roster,5.97,736530,502
2024-05-31,SMHI,,current,13.23,2296022,502
2024-05-31,SMID,,current,37.12,778341,502
2024-05-31,SMP,,current,27.8208,3311635,502
2024-05-31,SMTI,,current,30.19,415497,502
2024-05-31,SPCB,,current,4.6,604889,502
2024-05-31,SPOK,,current,12.1942,1749285,502
2024-05-31,SPRB,,current,4072.5,529621,502
2024-05-31,SRG,,current,5.25,3272328,502
2024-05-31,SRI,,current,16.22,1583801,502
2024-05-31,SSP,,current,2.0301,3422635,502
2024-05-31,SST,1805833,roster,13.8,286653,502
2024-05-31,SSTI,,current,15.995,783742,502
2024-05-31,STI,,current,112.0,941749,502
2024-05-31,SUNE,,current,36000.0,561750,502
2024-05-31,SWIM,,current,3.75,671767,502
2024-05-31,SXTC,,current,13920.0,293820,502
2024-05-31,TARA,,current,2.9,458088,502
2024-05-31,TASK,,current,9.2153,1607828,502
2024-05-31,TAYD,,current,47.53,989794,502
2024-05-31,TBCH,,current,16.88,4683186,502
2024-05-31,TBI,,current,10.65,3191719,502
2024-05-31,TCBX,,current,20.77,493627,502
2024-05-31,TCPC,,current,7.5497,2969948,502
2024-05-31,TCX,,current,22.77,660097,502
2024-05-31,TG,,current,5.41,655845,502
2024-05-31,TIPT,,current,16.5535,1301724,502
2024-05-31,TITN,,current,18.42,4059244,502
2024-05-31,TLS,,current,4.35,1198994,502
2024-05-31,TLYS,,current,5.77,367278,502
2024-05-31,TMCI,,current,5.75,4464661,502
2024-05-31,TONX,,current,31.6,1552577,502
2024-05-31,TOP,,current,12.4,418479,502
2024-05-31,TPVG,,current,6.3926,2033772,502
2024-05-31,TRAK,,current,16.2473,819566,502
2024-05-31,TRC,,current,17.97,977273,502
2024-05-31,TRDA,,current,15.63,906022,502
2024-05-31,TSQ,,current,8.6695,537297,502
2024-05-31,TTGT,,current,30.26,2460754,502
2024-05-31,TTOO,1492674,roster,5.06,825955,502
2024-05-31,TWI,,current,8.04,3785989,502
2024-05-31,TWIN,,current,13.7049,434420,502
2024-05-31,TZOO,,current,7.7,862087,502
2024-05-31,UFI,,current,6.69,343263,502
2024-05-31,UIS,,current,4.35,2902760,502
2024-05-31,ULH,,current,42.3384,1459715,502
2024-05-31,UNTY,,current,26.5387,260592,502
2024-05-31,UP,,current,55.2,1576288,502
2024-05-31,USAU,,current,5.8,356745,502
2024-05-31,USNA,,current,46.73,3429094,502
2024-05-31,UTMD,,current,64.205,1515954,502
2024-05-31,VEL,,current,18.07,298652,502
2024-05-31,VERU,,current,9.7,2091759,502
2024-05-31,VLGEA,,current,28.7103,545112,502
2024-05-31,VLN,1863006,roster,2.73,668311,502
2024-05-31,VMD,,current,7.2,1075268,502
2024-05-31,VNDA,,current,5.01,4149295,502
2024-05-31,VRA,,current,7.93,1657302,502
2024-05-31,VREX,,current,15.14,4889010,502
2024-05-31,VTEX,,current,6.77,3149606,502
2024-05-31,VYGR,,current,8.14,4421442,502
2024-05-31,WEST,,current,10.29,1400594,502
2024-05-31,WHF,,current,8.9764,808197,502
2024-05-31,WKHS,,current,594.0,3199878,502
2024-05-31,WNEB,,current,6.1737,295817,502
2024-05-31,WSBF,,current,10.8713,518994,502
2024-05-31,WTBA,,current,15.4091,327269,502
2024-05-31,XFOR,,current,29.28,3007106,502
2024-05-31,XPER,,current,8.94,3353200,426
2024-05-31,YORW,,current,34.0162,1739284,502
2024-05-31,ZUMZ,,current,18.95,3143965,502
2024-05-31,ZURA,,current,5.37,561292,301
2024-05-31,ZVSA,1859007,roster,4.08,288069,502
2024-06-30,ABOS,,current,2.42,785737,522
2024-06-30,ACCO,,current,3.9668,2352064,522
2024-06-30,ACEL,,current,10.26,2575962,522
2024-06-30,ACET,,current,19.36,1150700,522
2024-06-30,ACIC,,current,9.5549,2073238,522
2024-06-30,ACIU,,current,3.99,861122,522
2024-06-30,ACNB,,current,33.5932,269748,522
2024-06-30,ACRV,,current,5.8,869163,406
2024-06-30,ACTG,,current,5.01,916299,522
2024-06-30,ACU,,current,33.8857,761193,522
2024-06-30,ADV,,current,80.5,3531250,522
2024-06-30,AEYE,,current,17.61,4530114,522
2024-06-30,AFCG,,current,6.663,759972,522
2024-06-30,AFMDQ,1608390,roster,5.45,461518,522
2024-06-30,AFYA,,current,16.6855,1788333,522
2024-06-30,AIIO,,current,25.6,260990,522
2024-06-30,AIOS,,current,69.8,435568,522
2024-06-30,AIOT,,current,4.57,3257011,522
2024-06-30,AISP,,current,3.59,3059740,522
2024-06-30,AKAN,,current,325.1689,666506,522
2024-06-30,ALCO,,current,25.594,487158,522
2024-06-30,ALEC,,current,4.54,2587521,522
2024-06-30,ALTG,,current,7.7552,2813483,522
2024-06-30,ALTI,,current,5.21,505737,522
2024-06-30,ALVO,,current,12.16,1689506,511
2024-06-30,AMBP,1845097,roster,2.7974,3318223,522
2024-06-30,AMPY,,current,6.78,2684906,522
2024-06-30,AMWL,,current,6.5,965369,522
2024-06-30,ANGI,,current,19.2,1520105,522
2024-06-30,ANIK,,current,25.33,1159675,522
2024-06-30,ANY,,current,10.8,477242,522
2024-06-30,AROW,,current,23.9265,755209,522
2024-06-30,ARQ,,current,6.07,1636811,522
2024-06-30,ARTNA,,current,32.3495,1391692,522
2024-06-30,ASIX,,current,21.3965,2622776,522
2024-06-30,ASLE,,current,6.92,1972785,522
2024-06-30,ASTI,,current,10.4,638002,464
2024-06-30,ASTL,,current,6.7339,2263197,522
2024-06-30,ASUR,,current,8.4,913680,522
2024-06-30,ATLX,,current,10.38,855710,522
2024-06-30,ATNI,,current,20.6186,2572510,522
2024-06-30,ATOM,,current,3.81,912789,522
2024-06-30,ATRA,,current,8.5,698793,522
2024-06-30,ATS,,current,32.31,3791049,522
2024-06-30,AUDC,,current,9.3772,546351,522
2024-06-30,AURA,,current,7.56,902865,522
2024-06-30,AVD,,current,8.6,1653303,522
2024-06-30,AVIR,,current,3.31,815919,522
2024-06-30,AVNW,,current,28.69,1895725,522
2024-06-30,AVXL,,current,4.22,4260740,522
2024-06-30,AXG,,current,3.76,2678060,204
2024-06-30,BARK,,current,36.2,661140,522
2024-06-30,BATRA,,current,41.33,1029228,522
2024-06-30,BBCP,,current,5.3247,425850,522
2024-06-30,BCAL,,current,13.2556,420203,522
2024-06-30,BCBP,,current,9.4512,341806,522
2024-06-30,BCIC,,current,14.139,393977,522
2024-06-30,BCML,,current,19.1571,372682,522
2024-06-30,BCSF,,current,12.7065,3312769,522
2024-06-30,BDTX,,current,4.66,2698953,522
2024-06-30,BGDE,,current,28.6,300718,522
2024-06-30,BHB,,current,24.6363,757025,522
2024-06-30,BIRD,,current,8.7449,443980,522
2024-06-30,BKSY,1753539,roster,8.56,590697,522
2024-06-30,BMRC,,current,14.7478,712196,522
2024-06-30,BNAI,,current,34.5,284798,522
2024-06-30,BNED,,current,6.3597,2226814,522
2024-06-30,BOC,,current,13.46,2434557,522
2024-06-30,BOOM,,current,14.42,3399353,522
2024-06-30,BRCC,,current,61.3,3966361,522
2024-06-30,BSFC,1730773,roster,2.0,527642,522
2024-06-30,BSRR,,current,20.8223,382119,522
2024-06-30,BURU,1814215,roster,277.8432,295711,354
2024-06-30,BWB,,current,11.61,445610,522
2024-06-30,BWEN,,current,3.28,429413,522
2024-06-30,BWMN,,current,31.79,2682531,522
2024-06-30,BWMX,,current,12.1524,359653,522
2024-06-30,BYRN,,current,9.98,2417573,522
2024-06-30,CAC,,current,30.1784,1030347,522
2024-06-30,CASS,,current,37.644,1240767,522
2024-06-30,CBAN,,current,11.5169,301703,522
2024-06-30,CBIO,,current,28.0,956885,522
2024-06-30,CBNK,,current,19.8244,343387,522
2024-06-30,CCAP,,current,14.712,2056117,522
2024-06-30,CCBG,,current,27.0468,602987,522
2024-06-30,CDZI,,current,3.09,354004,522
2024-06-30,CENT,,current,38.5,3263463,522
2024-06-30,CETX,1435064,roster,69300.0,327442,522
2024-06-30,CFFI,,current,45.7237,655486,522
2024-06-30,CGNT,,current,7.64,1606670,522
2024-06-30,CINT,,current,5.2,463747,522
2024-06-30,CION,,current,8.8402,1717117,522
2024-06-30,CIVB,,current,14.4214,394717,522
2024-06-30,CLAR,,current,6.3072,895006,522
2024-06-30,CLMB,,current,15.5527,595912,522
2024-06-30,CMCL,,current,9.1843,476597,522
2024-06-30,CMRC,,current,8.06,4296060,522
2024-06-30,CMT,,current,15.94,644673,522
2024-06-30,COOK,,current,120.0,441844,522
2024-06-30,COYA,,current,6.06,341936,376
2024-06-30,CPS,,current,12.44,1429747,522
2024-06-30,CRCT,,current,4.5265,2913737,522
2024-06-30,CRDL,,current,2.02,741757,522
2024-06-30,CRMT,,current,60.21,3271574,522
2024-06-30,CRNT,,current,2.5,815532,522
2024-06-30,CRVO,,current,17.12,507720,522
2024-06-30,CSTE,,current,5.0,472783,522
2024-06-30,CSV,,current,26.176,2488324,522
2024-06-30,CTEV,,current,15.52,1381881,522
2024-06-30,CTKB,,current,5.58,3432144,522
2024-06-30,CTOS,1709682,roster,4.35,2964322,522
2024-06-30,CUE,,current,37.2,426993,522
2024-06-30,CURV,,current,7.49,333525,522
2024-06-30,CVEO,,current,24.2141,990353,522
2024-06-30,CVGI,,current,4.9,581505,522
2024-06-30,CVRX,,current,11.99,2153813,522
2024-06-30,CWCO,,current,25.5418,2885624,522
2024-06-30,CXAI,,current,101.0,2838263,522
2024-06-30,CXDO,,current,3.145,391363,522
2024-06-30,CYH,,current,3.36,4531219,522
2024-06-30,CZNC,,current,15.8406,279811,522
2024-06-30,DCBO,,current,38.63,3508950,522
2024-06-30,DERM,,current,5.64,367511,522
2024-06-30,DGICA,,current,11.6997,502212,522
2024-06-30,DHX,,current,2.09,451072,522
2024-06-30,DIBS,,current,4.49,618095,522
2024-06-30,DLTH,,current,3.69,257074,522
2024-06-30,DMRC,,current,31.01,3763578,522
2024-06-30,DOMO,,current,7.72,2773184,522
2024-06-30,DSGR,,current,30.0,1728339,522
2024-06-30,DSP,,current,9.87,1150846,522
2024-06-30,DSX,,current,2.6785,1518812,522
2024-06-30,DTIL,,current,9.73,426635,522
2024-06-30,EAF,,current,9.7,4498647,522
2024-06-30,EBF,,current,17.519,1356479,522
2024-06-30,EGAN,,current,6.31,517007,522
2024-06-30,ELDN,,current,2.64,338452,522
2024-06-30,ELMD,,current,15.03,375782,522
2024-06-30,ELTX,,current,4.11,323342,522
2024-06-30,EML,,current,24.4186,584341,522
2024-06-30,EMPD,,current,273.92,655817,522
2024-06-30,ENTA,,current,12.97,2029204,522
2024-06-30,EPM,,current,4.3231,1152130,522
2024-06-30,ESEA,,current,25.4812,732193,522
2024-06-30,ESOA,,current,7.0242,808938,522
2024-06-30,EVCM,,current,10.98,1672278,522
2024-06-30,FBIZ,,current,35.1479,345221,522
2024-06-30,FC,,current,38.0,2402301,522
2024-06-30,FCBC,,current,31.766,695771,522
2024-06-30,FCCO,,current,16.3526,285775,522
2024-06-30,FENC,,current,6.11,848628,522
2024-06-30,FF,,current,4.6332,2132554,522
2024-06-30,FHTX,,current,5.75,463829,522
2024-06-30,FIRY,,current,7.18,624692,522
2024-06-30,FLGT,,current,19.62,3145839,522
2024-06-30,FLL,,current,5.0,338325,522
2024-06-30,FLWS,,current,9.52,2398620,522
2024-06-30,FLXS,,current,30.0289,824856,522
2024-06-30,FMAO,,current,21.4661,279897,522
2024-06-30,FMTOF,1888151,roster,5287.0,942420,522
2024-06-30,FNKO,,current,9.76,3665812,522
2024-06-30,FORR,,current,17.08,1817431,522
2024-06-30,FRBA,,current,12.2432,379182,522
2024-06-30,FRD,,current,14.8004,255620,522
2024-06-30,FRPH,,current,28.52,535280,522
2024-06-30,FRST,,current,9.7207,457305,522
2024-06-30,FSBW,,current,34.0926,304226,522
2024-06-30,FSTR,,current,21.52,1306550,522
2024-06-30,FUNC,,current,19.1686,388230,522
2024-06-30,GAIN,,current,11.0939,1044457,522
2024-06-30,GALT,,current,2.26,485702,522
2024-06-30,GASS,,current,7.35,544162,522
2024-06-30,GCBC,,current,32.6218,531779,522
2024-06-30,GDOT,,current,9.45,4365988,522
2024-06-30,GENC,,current,19.34,507674,522
2024-06-30,GEOS,,current,8.98,808257,522
2024-06-30,GIC,,current,28.939,2086420,522
2024-06-30,GLAD,,current,19.0421,1916331,522
2024-06-30,GLAS,,current,7.158,904571,522
2024-06-30,GLRE,,current,13.1,612457,522
2024-06-30,GLSI,,current,17.26,404563,522
2024-06-30,GNE,,current,13.9897,1454218,522
2024-06-30,GPRK,,current,10.0818,3971733,522
2024-06-30,GRNT,,current,5.292,2190258,522
2024-06-30,GSIT,,current,2.65,469755,522
2024-06-30,GTE,,current,9.67,2715986,522
2024-06-30,GTN,,current,4.5012,4584709,522
2024-06-30,GWH,1819438,roster,12.27,463580,522
2024-06-30,GYRE,,current,11.93,707020,522
2024-06-30,HBB,,current,16.2791,842735,522
2024-06-30,HBT,,current,18.9231,375089,522
2024-06-30,HCKT,,current,20.6737,1842085,522
2024-06-30,HDSN,,current,8.79,3847873,522
2024-06-30,HGTY,,current,10.4,512677,522
2024-06-30,HIPO,,current,17.19,2253654,522
2024-06-30,HITI,,current,2.21,1492861,522
2024-06-30,HLLY,,current,3.58,1057984,522
2024-06-30,HOFT,,current,12.8698,476058,522
2024-06-30,HPK,,current,13.7336,4041188,522
2024-06-30,HRZN,,current,8.301,1736273,522
2024-06-30,HSHP,,current,7.8621,596919,313
2024-06-30,HURA,,current,9.45,993056,522
2024-06-30,HURC,,current,15.26,468560,522
2024-06-30,HVT,,current,22.3381,2578974,522
2024-06-30,HYPD,,current,47.52,483680,522
2024-06-30,IBEX,,current,16.18,485259,522
2024-06-30,IDN,,current,3.42,279572,522
2024-06-30,IGIC,,current,12.2538,698707,522
2024-06-30,III,,current,2.6732,294375,522
2024-06-30,IMMR,,current,8.5824,4632201,522
2024-06-30,IMPP,,current,3.88,1225511,522
2024-06-30,IMTX,,current,11.62,4790285,522
2024-06-30,IMXI,,current,20.84,3148782,522
2024-06-30,INBK,,current,26.5197,1310169,522
2024-06-30,INDO,,current,2.75,802347,522
2024-06-30,INFU,,current,6.83,312933,522
2024-06-30,INGN,,current,8.13,1506433,522
2024-06-30,INMB,,current,8.82,1090693,522
2024-06-30,INSE,,current,9.15,811620,522
2024-06-30,INSG,,current,10.66,1119987,522
2024-06-30,INTT,,current,9.88,1065014,522
2024-06-30,INVE,,current,4.3,489544,522
2024-06-30,IPSC,,current,2.55,348425,522
2024-06-30,ISTR,,current,14.7203,381752,522
2024-06-30,IVPR,1939365,roster,39.5,400099,209
2024-06-30,JAKK,,current,16.4934,1593983,522
2024-06-30,JILL,,current,33.6394,1702895,522
2024-06-30,JOUT,,current,32.2175,1974612,522
2024-06-30,JRVR,,current,7.5684,3362719,522
2024-06-30,JYNT,,current,14.06,808270,522
2024-06-30,KE,,current,21.98,1894452,522
2024-06-30,KELYA,,current,20.2614,4171011,522
2024-06-30,KEN,,current,20.2443,300740,522
2024-06-30,KIDS,,current,28.76,3546912,522
2024-06-30,KNOP,,current,8.4483,469600,522
2024-06-30,KRNT,,current,14.64,3429612,522
2024-06-30,KRNY,,current,5.3436,2029548,522
2024-06-30,KRO,,current,11.7581,2026408,522
2024-06-30,KRRO,,current,33.87,2237888,522
2024-06-30,KULR,,current,3.2,1591232,522
2024-06-30,KVHI,,current,4.65,408643,522
2024-06-30,KWY,,current,8.24,354664,522
2024-06-30,LAKE,,current,22.7215,581368,522
2024-06-30,LAW,,current,5.96,1718420,522
2024-06-30,LCUT,,current,7.9443,504562,522
2024-06-30,LE,,current,13.59,1711603,522
2024-06-30,LEGH,,current,22.94,1439992,522
2024-06-30,LENZ,,current,17.29,2455708,522
2024-06-30,LFCR,,current,5.13,871183,522
2024-06-30,LILA,,current,6.5285,2764467,522
2024-06-30,LMNR,,current,20.2037,708168,522
2024-06-30,LNZA,,current,185.0,996581,522
2024-06-30,LOCO,,current,11.31,2511178,522
2024-06-30,LTRN,,current,4.67,585283,522
2024-06-30,LUNG,,current,6.34,2478443,522
2024-06-30,LWAY,,current,12.77,3021924,522
2024-06-30,LXFR,,current,10.6008,1105501,522
2024-06-30,LYEL,,current,29.0,1662205,522
2024-06-30,LZM,,current,7.68,544829,522
2024-06-30,MAGN,,current,18.07,370651,522
2024-06-30,MASS,,current,5.15,1034912,522
2024-06-30,MATV,,current,15.4306,4582356,522
2024-06-30,MBI,,current,5.49,1803382,522
2024-06-30,MCBS,,current,24.5425,385608,522
2024-06-30,MCFT,,current,18.88,3303298,522
2024-06-30,MCRB,,current,14.48,2792250,522
2024-06-30,MDRX,1124804,roster,9.5,2047473,522
2024-06-30,MDWD,,current,15.52,814191,522
2024-06-30,MDXG,,current,6.93,4600463,522
2024-06-30,MFIN,,current,6.8547,410183,522
2024-06-30,MG,,current,8.29,436809,522
2024-06-30,MLP,,current,22.05,300417,522
2024-06-30,MLR,,current,53.1756,3165953,522
2024-06-30,MMATQ,1431959,roster,3.01,615933,522
2024-06-30,MMI,,current,30.5637,3114839,522
2024-06-30,MNSB,,current,16.9278,373996,522
2024-06-30,MPAA,,current,6.17,515689,522
2024-06-30,MRDN,,current,29.64,725896,522
2024-06-30,MTA,,current,2.78,1043388,522
2024-06-30,MTRX,,current,9.93,1916112,522
2024-06-30,MTW,,current,11.53,2607880,522
2024-06-30,MVBF,,current,17.4644,268906,522
2024-06-30,MX,,current,4.87,975848,522
2024-06-30,MYFW,,current,17.0,283410,522
2024-06-30,NAGE,,current,2.73,818459,522
2024-06-30,NATR,,current,15.07,902534,522
2024-06-30,NC,,current,26.1404,396458,522
2024-06-30,NCMI,,current,4.2002,2416972,522
2024-06-30,NDLS,,current,12.64,389979,522
2024-06-30,NECB,,current,16.3353,422978,522
2024-06-30,NEOV,,current,2.64,308544,522
2024-06-30,NEWT,,current,10.8992,1424982,522
2024-06-30,NEXN,,current,5.62,315826,522
2024-06-30,NGS,,current,19.7584,1437624,522
2024-06-30,NGVC,,current,20.4466,887422,522
2024-06-30,NKSH,,current,25.5897,273060,522
2024-06-30,NMFC,,current,9.4587,2993445,522
2024-06-30,NNBR,,current,3.0,599856,522
2024-06-30,NOA,,current,18.5788,1184834,522
2024-06-30,NOTE,1823466,roster,17.52,705380,522
2024-06-30,NPCE,,current,7.56,729482,522
2024-06-30,NRC,,current,21.5625,1775749,522
2024-06-30,NRDY,,current,25.05,2233841,522
2024-06-30,NRIM,,current,13.5918,587926,522
2024-06-30,NRXP,,current,2.44,642287,522
2024-06-30,NVCT,,current,6.33,473314,522
2024-06-30,NXDR,,current,2.78,3734164,522
2024-06-30,OABI,,current,3.75,2546034,522
2024-06-30,OFIX,,current,13.26,3733822,522
2024-06-30,OFLX,,current,47.4051,610259,522
2024-06-30,OM,,current,57.75,2867905,522
2024-06-30,ONEW,,current,27.57,1796306,522
2024-06-30,ONIT,,current,23.98,259667,522
2024-06-30,OPFI,,current,3.2861,572639,522
2024-06-30,OPRT,,current,2.9,463614,522
2024-06-30,OPRX,,current,10.0,1202117,522
2024-06-30,ORN,,current,9.51,2957941,522
2024-06-30,ORRF,,current,25.534,1357512,522
2024-06-30,OSUR,,current,4.26,4259846,522
2024-06-30,PACK,,current,6.43,2455492,522
2024-06-30,PANL,,current,7.0558,1030417,522
2024-06-30,PAYS,,current,4.31,828858,522
2024-06-30,PBYI,,current,3.26,1283936,522
2024-06-30,PCYO,,current,9.55,418192,522
2024-06-30,PEBK,,current,27.3491,262927,522
2024-06-30,PEPG,,current,15.96,779110,522
2024-06-30,PFIS,,current,41.0335,332582,522
2024-06-30,PKOH,,current,24.7388,492152,522
2024-06-30,PMTS,,current,27.25,582132,522
2024-06-30,PNNT,,current,5.2747,1686953,522
2024-06-30,PSFE,,current,17.68,4997087,522
2024-06-30,PYXS,,current,3.31,1642614,522
2024-06-30,QUAD,,current,4.8969,492038,522
2024-06-30,QUIK,,current,10.39,2933639,522
2024-06-30,RBB,,current,17.5397,680424,522
2024-06-30,RCEL,,current,7.92,2138152,522
2024-06-30,RCKY,,current,35.2241,1151627,522
2024-06-30,RCMT,,current,18.72,1103401,522
2024-06-30,RDNW,,current,4.1,607963,522
2024-06-30,RELL,,current,11.3625,898108,522
2024-06-30,RGP,,current,9.5978,3040904,522
2024-06-30,RICK,,current,42.8047,2860047,522
2024-06-30,RLGT,,current,5.69,487284,522
2024-06-30,RLYB,,current,10.72,355036,522
2024-06-30,RM,,current,26.498,534056,522
2024-06-30,RMNI,,current,3.07,581662,522
2024-06-30,RMR,,current,18.0677,1423470,522
2024-06-30,RNAC,,current,27.01,2402026,522
2024-06-30,RNGR,,current,10.1294,1057035,522
2024-06-30,RPAY,,current,10.56,4586259,522
2024-06-30,RPC,,current,8.2012,4062837,522
2024-06-30,RRGB,,current,7.57,2237752,522
2024-06-30,RSVR,,current,7.9,383952,522
2024-06-30,RVPH,1742927,roster,25.6,347068,522
2024-06-30,RWAY,,current,8.1838,2328034,522
2024-06-30,SAMG,,current,13.9821,320680,522
2024-06-30,SAR,,current,16.606,885748,522
2024-06-30,SBDS,1870600,roster,91.2,631378,522
2024-06-30,SBSI,,current,24.8771,2200308,522
2024-06-30,SCLX,,current,42.061,869111,522
2024-06-30,SCM,,current,10.5242,1225492,522
2024-06-30,SCYX,,current,16.0,288428,522
2024-06-30,SD,,current,11.7648,2870557,522
2024-06-30,SENS,,current,7.98,753174,522
2024-06-30,SGC,,current,17.0288,1300556,522
2024-06-30,SGHT,,current,6.67,699133,522
2024-06-30,SHBI,,current,10.7099,640399,522
2024-06-30,SHIP,,current,8.6701,2254958,522
2024-06-30,SIGA,,current,6.0798,4253368,522
2024-06-30,SKIL,,current,13.83,378870,522
2024-06-30,SKYH,,current,9.25,404249,522
2024-06-30,SLP,,current,48.5465,3899248,522
2024-06-30,SLRC,,current,13.1095,1548618,522
2024-06-30,SMC,,current,35.56,739842,522
2024-06-30,SMFL,1851860,roster,2.96,1083086,522
2024-06-30,SMHI,,current,13.49,1997194,522
2024-06-30,SMID,,current,27.69,682620,522
2024-06-30,SMP,,current,25.6133,3642547,522
2024-06-30,SMTI,,current,28.22,462292,522
2024-06-30,SOPH,,current,4.58,282518,522
2024-06-30,SPCB,,current,4.0,760534,522
2024-06-30,SPOK,,current,12.0639,1459825,522
2024-06-30,SPRB,,current,2913.75,331891,522
2024-06-30,SRG,,current,4.67,2848755,522
2024-06-30,SRI,,current,15.96,1705545,522
2024-06-30,SSP,,current,2.3609,2909370,522
2024-06-30,SST,1805833,roster,15.2,312612,522
2024-06-30,SSTI,,current,12.18,823473,522
2024-06-30,STI,,current,27.5,416532,522
2024-06-30,SUNE,,current,13600.0,2368500,522
2024-06-30,SWIM,,current,3.03,540086,522
2024-06-30,SXTC,,current,13080.0,355500,522
2024-06-30,TARA,,current,2.08,596519,522
2024-06-30,TASK,,current,8.6744,1521845,522
2024-06-30,TAYD,,current,44.98,960001,522
2024-06-30,TBCH,,current,14.34,4337439,522
2024-06-30,TBI,,current,10.3,2914749,522
2024-06-30,TCBX,,current,21.27,422183,522
2024-06-30,TCPC,,current,7.6514,2772525,522
2024-06-30,TCX,,current,19.32,622445,522
2024-06-30,TG,,current,4.79,562960,522
2024-06-30,TIPT,,current,15.8518,1263180,522
2024-06-30,TITN,,current,15.9,3827467,522
2024-06-30,TLS,,current,4.02,1357976,522
2024-06-30,TLYS,,current,6.03,409151,522
2024-06-30,TONX,,current,24.8,1274629,522
2024-06-30,TOP,,current,13.0,277157,522
2024-06-30,TPVG,,current,5.795,2129893,522
2024-06-30,TRAK,,current,15.1188,804475,522
2024-06-30,TRC,,current,17.06,1081904,522
2024-06-30,TRDA,,current,14.25,1000293,522
2024-06-30,TSQ,,current,8.6774,433086,522
2024-06-30,TTGT,,current,31.17,2139849,522
2024-06-30,TTOO,1492674,roster,5.34,774514,522
2024-06-30,TWI,,current,7.41,4248108,522
2024-06-30,TWIN,,current,11.4337,514217,522
2024-06-30,TZOO,,current,7.59,679686,522
2024-06-30,UFI,,current,5.89,276039,522
2024-06-30,UIS,,current,4.13,2480882,522
2024-06-30,ULH,,current,38.9211,1660324,522
2024-06-30,UNTY,,current,28.7499,262339,522
2024-06-30,UP,,current,37.8,1513226,522
2024-06-30,USAU,,current,5.17,566925,522
2024-06-30,USNA,,current,45.24,3030941,522
2024-06-30,UTMD,,current,64.1944,1153811,522
2024-06-30,VEL,,current,17.93,268198,522
2024-06-30,VERU,,current,8.4,2094907,522
2024-06-30,VLGEA,,current,24.7709,603999,522
2024-06-30,VLN,1863006,roster,3.19,817066,522
2024-06-30,VMD,,current,6.55,928633,522
2024-06-30,VNDA,,current,5.65,4779905,522
2024-06-30,VOXR,,current,2.6882,351716,522
2024-06-30,VRA,,current,6.26,1685056,522
2024-06-30,VTEX,,current,7.26,2850871,522
2024-06-30,VYGR,,current,7.91,3376996,522
2024-06-30,WEST,,current,10.23,1466311,522
2024-06-30,WHF,,current,8.8663,890295,522
2024-06-30,WKHS,,current,235.5,2462218,522
2024-06-30,WSBF,,current,11.6453,464028,522
2024-06-30,WTBA,,current,16.1395,279341,522
2024-06-30,XFOR,,current,17.4,2058058,522
2024-06-30,XPER,,current,8.21,3118550,446
2024-06-30,YORW,,current,35.1177,1561831,522
2024-06-30,ZIP,,current,9.09,4988610,522
2024-06-30,ZUMZ,,current,19.48,3879820,522
2024-06-30,ZURA,,current,3.5,620840,321
2024-07-31,ABOS,,current,3.42,874360,543
2024-07-31,ACCO,,current,4.3634,2079965,543
2024-07-31,ACEL,,current,11.08,2228536,543
2024-07-31,ACET,,current,24.8,1245422,543
2024-07-31,ACIC,,current,11.1126,2012050,543
2024-07-31,ACIU,,current,4.2,913479,543
2024-07-31,ACNB,,current,36.2977,351318,543
2024-07-31,ACRV,,current,8.24,640569,427
2024-07-31,ACTG,,current,5.35,1038127,543
2024-07-31,ACU,,current,43.3583,606101,543
2024-07-31,ADV,,current,100.25,3196053,543
2024-07-31,AEHL,,current,15091.2002,342489,543
2024-07-31,AEYE,,current,24.5,4966790,543
2024-07-31,AFCG,,current,7.2872,1203426,543
2024-07-31,AFMDQ,1608390,roster,5.38,632782,543
2024-07-31,AFYA,,current,16.9408,1993864,543
2024-07-31,AIFU,,current,616.0,275580,543
2024-07-31,AIOS,,current,230.2,521259,543
2024-07-31,AIOT,,current,4.55,3220209,543
2024-07-31,AISP,,current,3.78,1782323,543
2024-07-31,AKAN,,current,205.518,533922,543
2024-07-31,ALCO,,current,28.7352,553421,543
2024-07-31,ALEC,,current,6.26,2841447,543
2024-07-31,ALTG,,current,10.3499,3144632,543
2024-07-31,ALTI,,current,4.82,540432,543
2024-07-31,ALVO,,current,11.8,1104221,532
2024-07-31,AMBP,1845097,roster,2.9866,3773505,543
2024-07-31,AMPY,,current,7.41,2580971,543
2024-07-31,AMWL,,current,8.39,935151,543
2024-07-31,ANGI,,current,22.2,1190345,543
2024-07-31,ANIK,,current,27.2,1147302,543
2024-07-31,ANY,,current,10.2,570154,543
2024-07-31,AROW,,current,29.2169,888131,543
2024-07-31,ARQ,,current,6.55,1322057,543
2024-07-31,ARTNA,,current,36.4898,1529551,543
2024-07-31,ASIX,,current,25.9895,2802825,543
2024-07-31,ASLE,,current,6.78,1926116,543
2024-07-31,ASNS,1141284,roster,14.8,942590,543
2024-07-31,ASTI,,current,8.0,788506,485
2024-07-31,ASTL,,current,8.3421,2653770,543
2024-07-31,ASUR,,current,10.3,829220,543
2024-07-31,ATLX,,current,11.34,734713,543
2024-07-31,ATNI,,current,25.7642,2449174,543
2024-07-31,ATOM,,current,3.1,801667,543
2024-07-31,ATRA,,current,9.63,701716,543
2024-07-31,ATS,,current,30.26,2462132,543
2024-07-31,AUDC,,current,9.9734,499678,543
2024-07-31,AURA,,current,10.04,1022789,543
2024-07-31,AVD,,current,9.34,1854892,543
2024-07-31,AVIR,,current,3.82,803581,543
2024-07-31,AVNW,,current,30.23,1725347,543
2024-07-31,AVXL,,current,6.31,3923523,543
2024-07-31,AXG,,current,2.69,2141585,225
2024-07-31,BARK,,current,30.4,908389,543
2024-07-31,BATRA,,current,46.02,1176839,543
2024-07-31,BBCP,,current,6.1664,499473,543
2024-07-31,BCAL,,current,15.3616,577786,543
2024-07-31,BCBP,,current,11.2561,360778,543
2024-07-31,BCIC,,current,14.2615,399672,543
2024-07-31,BCML,,current,22.8473,335075,543
2024-07-31,BCSF,,current,13.2129,2938246,543
2024-07-31,BDTX,,current,5.91,2505071,543
2024-07-31,BGDE,,current,24.6,406933,543
2024-07-31,BHB,,current,29.6039,838593,543
2024-07-31,BIRD,,current,10.6688,408475,543
2024-07-31,BKSY,1753539,roster,8.8,553072,543
2024-07-31,BMRC,,current,19.4208,775484,543
2024-07-31,BNAI,,current,24.5,325964,543
2024-07-31,BNED,,current,10.2451,3643617,543
2024-07-31,BOC,,current,14.62,2821060,543
2024-07-31,BOOM,,current,13.73,3485423,543
2024-07-31,BRCC,,current,55.0,4595187,543
2024-07-31,BSRR,,current,27.577,501298,543
2024-07-31,BSVN,,current,39.7285,282533,543
2024-07-31,BURU,1814215,roster,311.376,291543,375
2024-07-31,BWB,,current,13.9,431924,543
2024-07-31,BWEN,,current,3.18,648490,543
2024-07-31,BWMN,,current,34.52,2216647,543
2024-07-31,BWMX,,current,12.1897,359921,543
2024-07-31,BYRN,,current,9.2,2086600,543
2024-07-31,CAC,,current,38.2957,1169398,543
2024-07-31,CASS,,current,39.7202,1291834,543
2024-07-31,CBAN,,current,14.6664,361419,543
2024-07-31,CBIO,,current,22.0,335507,543
2024-07-31,CBNK,,current,24.4372,394800,543
2024-07-31,CCAP,,current,14.9157,2280768,543
2024-07-31,CCBG,,current,33.8275,679838,543
2024-07-31,CCLD,,current,2.23,311974,543
2024-07-31,CDZI,,current,3.48,357586,543
2024-07-31,CENT,,current,40.02,3850738,543
2024-07-31,CETX,1435064,roster,59220.0,281610,543
2024-07-31,CFFI,,current,55.1625,660576,543
2024-07-31,CGNT,,current,7.5,1338728,543
2024-07-31,CHMG,,current,46.6696,295564,543
2024-07-31,CINT,,current,6.17,484688,543
2024-07-31,CION,,current,8.9642,1485096,543
2024-07-31,CIVB,,current,16.8979,518399,543
2024-07-31,CLAR,,current,5.5762,978255,543
2024-07-31,CLEUF,1775085,roster,379.44,381251,543
2024-07-31,CLMB,,current,17.3405,783794,543
2024-07-31,CMCL,,current,11.167,657082,543
2024-07-31,CMRC,,current,8.14,4265230,543
2024-07-31,CMT,,current,18.42,632059,543
2024-07-31,COOK,,current,125.0,444618,543
2024-07-31,COYA,,current,6.97,321949,397
2024-07-31,CPS,,current,14.36,1361001,543
2024-07-31,CRCT,,current,5.2737,2940183,543
2024-07-31,CRDL,,current,2.17,673326,543
2024-07-31,CRMT,,current,67.93,3301032,543
2024-07-31,CRNT,,current,2.74,683629,543
2024-07-31,CRON,,current,2.43,2569365,543
2024-07-31,CRVO,,current,13.89,579123,543
2024-07-31,CSTE,,current,6.12,434043,543
2024-07-31,CSV,,current,31.1889,2843747,543
2024-07-31,CTEV,,current,18.0,1105811,543
2024-07-31,CTKB,,current,6.65,3102764,543
2024-07-31,CTOS,1709682,roster,4.98,2587743,543
2024-07-31,CUE,,current,22.95,386365,543
2024-07-31,CURV,,current,8.21,491050,543
2024-07-31,CVEO,,current,25.4773,821107,543
2024-07-31,CVGI,,current,5.48,623126,543
2024-07-31,CVRX,,current,7.925,2681775,543
2024-07-31,CWCO,,current,27.5942,2634960,543
2024-07-31,CXAI,,current,104.5,755523,543
2024-07-31,CXDO,,current,3.92,354827,543
2024-07-31,CYH,,current,5.16,4512105,543
2024-07-31,CZFS,,current,50.7396,336027,543
2024-07-31,CZNC,,current,18.3362,342307,543
2024-07-31,DCBO,,current,38.23,2672602,543
2024-07-31,DERM,,current,5.5,296359,543
2024-07-31,DGICA,,current,13.5982,502212,543
2024-07-31,DHX,,current,2.11,356852,543
2024-07-31,DIBS,,current,4.55,517538,543
2024-07-31,DLTH,,current,3.71,279854,543
2024-07-31,DMRC,,current,32.95,3404919,543
2024-07-31,DOMO,,current,8.19,2599240,543
2024-07-31,DSGR,,current,33.06,1618545,543
2024-07-31,DSP,,current,11.77,1073842,543
2024-07-31,DSX,,current,2.5099,1862923,543
2024-07-31,DTIL,,current,9.55,304990,543
2024-07-31,EAF,,current,7.8,3415531,543
2024-07-31,EBF,,current,19.0919,1440695,543
2024-07-31,EGAN,,current,7.17,561418,543
2024-07-31,ELDN,,current,2.76,325706,543
2024-07-31,ELMD,,current,15.8,374977,543
2024-07-31,EML,,current,27.0647,522975,543
2024-07-31,EMPD,,current,140.16,1286293,543
2024-07-31,ENTA,,current,14.75,1953302,543
2024-07-31,EPM,,current,4.4954,1147993,543
2024-07-31,ESEA,,current,26.7221,801265,543
2024-07-31,ESOA,,current,7.0046,760251,543
2024-07-31,EVCM,,current,12.11,1708560,543
2024-07-31,EVEX,,current,3.33,267679,543
2024-07-31,FBIO,,current,2.08,304604,543
2024-07-31,FBIZ,,current,43.6427,409937,543
2024-07-31,FC,,current,43.05,2156083,543
2024-07-31,FCBC,,current,38.8712,864567,543
2024-07-31,FCCO,,current,21.8557,356174,543
2024-07-31,FENC,,current,6.33,643213,543
2024-07-31,FF,,current,5.0035,1633631,543
2024-07-31,FHTX,,current,6.98,533125,543
2024-07-31,FIRY,,current,6.46,570504,543
2024-07-31,FLGT,,current,23.95,3131228,543
2024-07-31,FLL,,current,5.66,386118,543
2024-07-31,FLWS,,current,10.14,2235204,543
2024-07-31,FLXS,,current,36.4871,906455,543
2024-07-31,FMAO,,current,25.2185,513161,543
2024-07-31,FMTOF,1888151,roster,5142.5,252076,543
2024-07-31,FNKO,,current,9.71,4066696,543
2024-07-31,FORR,,current,19.4,1676797,543
2024-07-31,FRBA,,current,14.7994,395498,543
2024-07-31,FRD,,current,15.9443,262075,543
2024-07-31,FRPH,,current,29.65,548168,543
2024-07-31,FRST,,current,12.1787,479365,543
2024-07-31,FSBW,,current,41.7529,463075,543
2024-07-31,FSTR,,current,23.58,1306550,543
2024-07-31,FUNC,,current,26.7126,376350,543
2024-07-31,GAIN,,current,11.2933,1020854,543
2024-07-31,GALT,,current,2.46,341893,543
2024-07-31,GASS,,current,6.51,823338,543
2024-07-31,GCBC,,current,34.7218,802701,543
2024-07-31,GDOT,,current,9.55,3974916,543
2024-07-31,GENC,,current,23.76,583447,543
2024-07-31,GEOS,,current,8.82,750603,543
2024-07-31,GFR,,current,7.0,329710,543
2024-07-31,GIC,,current,33.0363,1981523,543
2024-07-31,GLAD,,current,19.744,1742526,543
2024-07-31,GLAS,,current,8.3,696367,543
2024-07-31,GLRE,,current,13.68,662401,543
2024-07-31,GLSI,,current,15.79,413649,543
2024-07-31,GNE,,current,16.0183,1373755,543
2024-07-31,GNLX,,current,2.1,408353,379
2024-07-31,GPRK,,current,8.9401,3348945,543
2024-07-31,GRML,,current,68.0,253802,543
2024-07-31,GRNT,,current,5.618,2185783,543
2024-07-31,GSIT,,current,2.77,353140,543
2024-07-31,GTE,,current,8.77,2262483,543
2024-07-31,GWH,1819438,roster,10.8,511608,543
2024-07-31,GYRE,,current,14.24,642548,543
2024-07-31,HBB,,current,18.372,791980,543
2024-07-31,HBT,,current,21.7588,361018,543
2024-07-31,HCKT,,current,25.547,1946860,543
2024-07-31,HDSN,,current,8.85,3129146,543
2024-07-31,HGTY,,current,11.1,850784,543
2024-07-31,HIPO,,current,19.08,2122975,543
2024-07-31,HLLY,,current,3.85,1155525,543
2024-07-31,HOFT,,current,13.563,435367,543
2024-07-31,HPK,,current,15.9216,3927311,543
2024-07-31,HRZN,,current,8.3893,1627990,543
2024-07-31,HSHP,,current,6.8638,587740,334
2024-07-31,HURA,,current,7.84,959424,543
2024-07-31,HURC,,current,17.41,338400,543
2024-07-31,HVT,,current,25.2706,2873430,543
2024-07-31,HYPD,,current,113.6,580894,543
2024-07-31,IBEX,,current,17.6,559266,543
2024-07-31,IGIC,,current,15.3348,724311,543
2024-07-31,III,,current,3.237,276582,543
2024-07-31,IMPP,,current,3.96,952149,543
2024-07-31,IMXI,,current,22.09,3245933,543
2024-07-31,INBK,,current,37.365,1315771,543
2024-07-31,INDO,,current,2.22,362436,543
2024-07-31,INFU,,current,6.87,371650,543
2024-07-31,INGN,,current,9.18,1340368,543
2024-07-31,INMB,,current,8.26,1051215,543
2024-07-31,INSE,,current,9.02,769644,543
2024-07-31,INSG,,current,9.18,1594929,543
2024-07-31,INTT,,current,10.65,914423,543
2024-07-31,INVE,,current,3.98,305300,543
2024-07-31,IPSC,,current,2.28,362975,543
2024-07-31,ISTR,,current,18.0973,476742,543
2024-07-31,IVPR,1939365,roster,185.0,760170,230
2024-07-31,JAKK,,current,19.1088,1343339,543
2024-07-31,JILL,,current,36.0923,4431019,543
2024-07-31,JOUT,,current,38.9805,1925876,543
2024-07-31,JRVR,,current,8.4398,2646236,543
2024-07-31,JYNT,,current,14.51,689297,543
2024-07-31,KE,,current,23.51,1851023,543
2024-07-31,KELYA,,current,22.2298,4309767,543
2024-07-31,KEN,,current,19.8073,274253,543
2024-07-31,KIDS,,current,32.25,3559205,543
2024-07-31,KNOP,,current,7.0672,731961,543
2024-07-31,KRNT,,current,15.68,3093186,543
2024-07-31,KRNY,,current,6.2385,2078283,543
2024-07-31,KRO,,current,11.2334,2482873,543
2024-07-31,KRRO,,current,45.21,2437770,543
2024-07-31,KULR,,current,2.24,824677,543
2024-07-31,KVHI,,current,4.55,339949,543
2024-07-31,KWY,,current,8.78,456927,543
2024-07-31,LAKE,,current,23.9893,836183,543
2024-07-31,LAW,,current,6.15,1092209,543
2024-07-31,LCUT,,current,7.8888,597429,543
2024-07-31,LE,,current,17.6,1648701,543
2024-07-31,LEGH,,current,28.25,1407094,543
2024-07-31,LENZ,,current,25.1,2621329,543
2024-07-31,LFCR,,current,6.32,840873,543
2024-07-31,LFVN,,current,7.7945,291877,543
2024-07-31,LILA,,current,7.0245,2734871,543
2024-07-31,LMNR,,current,21.5474,679512,543
2024-07-31,LNZA,,current,195.5,1038981,543
2024-07-31,LOCO,,current,11.92,2636576,543
2024-07-31,LTRN,,current,4.45,360320,543
2024-07-31,LUNG,,current,7.06,1996157,543
2024-07-31,LWAY,,current,11.93,2287994,543
2024-07-31,LXFR,,current,11.9722,1209765,543
2024-07-31,LYEL,,current,31.6,1324538,543
2024-07-31,LZM,,current,7.2,805465,543
2024-07-31,MAGN,,current,19.63,298747,543
2024-07-31,MASS,,current,5.56,1014594,543
2024-07-31,MBI,,current,4.36,2119863,543
2024-07-31,MCBS,,current,29.8414,475848,543
2024-07-31,MCFT,,current,21.22,3575334,543
2024-07-31,MCRB,,current,25.2,3110703,543
2024-07-31,MDRX,1124804,roster,9.65,1625632,543
2024-07-31,MDWD,,current,18.89,989101,543
2024-07-31,MDXG,,current,7.59,4341199,543
2024-07-31,MFIN,,current,7.2117,542736,543
2024-07-31,MG,,current,10.03,503314,543
2024-07-31,MLP,,current,23.82,323106,543
2024-07-31,MLR,,current,65.7784,4369874,543
2024-07-31,MMATQ,1431959,roster,2.27,352799,543
2024-07-31,MMI,,current,38.5731,3258984,543
2024-07-31,MNSB,,current,16.6413,300247,543
2024-07-31,MPAA,,current,6.09,460189,543
2024-07-31,MRDN,,current,27.36,600562,543
2024-07-31,MTA,,current,2.92,783741,543
2024-07-31,MTRX,,current,10.06,2114974,543
2024-07-31,MTW,,current,12.73,2849034,543
2024-07-31,MVBF,,current,22.2615,340526,543
2024-07-31,MX,,current,4.92,883141,543
2024-07-31,MYFW,,current,18.15,363999,543
2024-07-31,NAGE,,current,2.99,797409,543
2024-07-31,NATH,,current,67.2602,321874,543
2024-07-31,NATR,,current,17.01,929667,543
2024-07-31,NC,,current,28.2282,431010,543
2024-07-31,NCMI,,current,5.7502,2387041,543
2024-07-31,NDLS,,current,13.6,290951,543
2024-07-31,NECB,,current,21.0166,494493,543
2024-07-31,NEGG,,current,17.4,467869,543
2024-07-31,NEOV,,current,2.58,290157,543
2024-07-31,NEWT,,current,11.9599,1644176,543
2024-07-31,NEXN,,current,6.79,330549,543
2024-07-31,NGS,,current,19.8566,1179762,543
2024-07-31,NGVC,,current,25.3558,1331143,543
2024-07-31,NKSH,,current,28.7568,317163,543
2024-07-31,NKTX,,current,6.35,3810640,543
2024-07-31,NMFC,,current,9.6596,3109113,543
2024-07-31,NNBR,,current,3.88,556043,543
2024-07-31,NOA,,current,18.8197,1011362,543
2024-07-31,NOTE,1823466,roster,19.2,834262,543
2024-07-31,NPCE,,current,7.7,562457,543
2024-07-31,NRC,,current,23.3571,2176379,543
2024-07-31,NRDY,,current,26.85,2013648,543
2024-07-31,NRIM,,current,16.2942,903686,543
2024-07-31,NRXP,,current,2.26,278925,543
2024-07-31,NVCT,,current,6.5,478999,543
2024-07-31,NXDR,,current,2.86,4232584,543
2024-07-31,OABI,,current,4.78,2662694,543
2024-07-31,OBIO,,current,7.0,525959,543
2024-07-31,OBT,,current,28.1748,413973,543
2024-07-31,OFIX,,current,16.2,3975683,543
2024-07-31,OFLX,,current,48.6346,1096546,543
2024-07-31,OM,,current,52.65,2867905,543
2024-07-31,ONEW,,current,25.73,1979972,543
2024-07-31,ONIT,,current,28.72,363681,543
2024-07-31,OPAD,,current,4.46,267796,543
2024-07-31,OPFI,,current,3.5673,567441,543
2024-07-31,OPRT,,current,3.15,380960,543
2024-07-31,OPRX,,current,11.07,1123717,543
2024-07-31,ORN,,current,8.15,4073885,543
2024-07-31,ORRF,,current,33.2054,2127259,543
2024-07-31,OSUR,,current,4.45,4017855,543
2024-07-31,PACK,,current,6.93,1968093,543
2024-07-31,PAMT,,current,21.33,288075,543
2024-07-31,PANL,,current,6.3078,923123,543
2024-07-31,PAYS,,current,5.22,661931,543
2024-07-31,PBYI,,current,3.62,1234471,543
2024-07-31,PCYO,,current,10.92,402181,543
2024-07-31,PDLB,,current,9.97,272247,543
2024-07-31,PEBK,,current,30.0465,426801,543
2024-07-31,PEPG,,current,16.98,1167049,543
2024-07-31,PFIS,,current,44.4124,652472,543
2024-07-31,PKBK,,current,18.3751,332473,543
2024-07-31,PKOH,,current,29.2107,601991,543
2024-07-31,PMTS,,current,28.3,647796,543
2024-07-31,PNNT,,current,5.1526,1934602,543
2024-07-31,PYXS,,current,3.85,1524990,543
2024-07-31,QUAD,,current,5.0317,553708,543
2024-07-31,QUIK,,current,10.49,2236933,543
2024-07-31,RBB,,current,22.174,862071,543
2024-07-31,RCEL,,current,9.95,1610432,543
2024-07-31,RCKY,,current,33.4895,1473709,543
2024-07-31,RCMT,,current,19.52,855772,543
2024-07-31,RDNW,,current,4.115,650458,543
2024-07-31,RELL,,current,11.5632,787436,543
2024-07-31,RGP,,current,10.3803,3840600,543
2024-07-31,RICK,,current,48.7498,3152298,543
2024-07-31,RJET,,current,23.7,269989,543
2024-07-31,RLGT,,current,6.35,502440,543
2024-07-31,RM,,current,29.1441,640698,543
2024-07-31,RMNI,,current,3.15,472369,543
2024-07-31,RMR,,current,21.0543,1480851,543
2024-07-31,RNAC,,current,16.16,2402026,543
2024-07-31,RNGR,,current,12.3537,852079,543
2024-07-31,RPC,,current,9.5649,3995182,543
2024-07-31,RRGB,,current,5.83,2393745,543
2024-07-31,RSVR,,current,8.31,367032,543
2024-07-31,RVPH,1742927,roster,22.2,315752,543
2024-07-31,RWAY,,current,8.2186,2211823,543
2024-07-31,SAMG,,current,15.0225,401890,543
2024-07-31,SAR,,current,17.1986,1068298,543
2024-07-31,SBDS,1870600,roster,96.8,568028,543
2024-07-31,SBSI,,current,31.4725,2223122,543
2024-07-31,SCLX,,current,33.7796,1190690,543
2024-07-31,SCM,,current,11.0454,1337424,543
2024-07-31,SCYX,,current,16.96,309074,543
2024-07-31,SD,,current,12.2106,2993156,543
2024-07-31,SENS,,current,8.4,653784,543
2024-07-31,SGC,,current,17.6682,1698146,543
2024-07-31,SGHT,,current,7.75,737778,543
2024-07-31,SHBI,,current,13.6749,751113,543
2024-07-31,SHIP,,current,8.1519,2119689,543
2024-07-31,SIGA,,current,7.9142,3647247,543
2024-07-31,SISI,1300734,roster,642.0,779940,543
2024-07-31,SKIL,,current,17.43,491167,543
2024-07-31,SKYH,,current,10.01,469424,543
2024-07-31,SLP,,current,40.15,4374633,543
2024-07-31,SLRC,,current,12.7836,1460450,543
2024-07-31,SMC,,current,36.71,736699,543
2024-07-31,SMFL,1851860,roster,2.12,921002,543
2024-07-31,SMHI,,current,13.54,1950177,543
2024-07-31,SMID,,current,33.33,751793,543
2024-07-31,SMP,,current,29.9268,3919112,543
2024-07-31,SMTI,,current,29.84,610030,543
2024-07-31,SMX,,current,467704.625,509300,543
2024-07-31,SOPH,,current,4.47,269667,543
2024-07-31,SPCB,,current,4.0,322147,543
2024-07-31,SPOK,,current,12.3245,1454006,543
2024-07-31,SPRB,,current,2947.5,268787,543
2024-07-31,SRG,,current,5.1,2357509,543
2024-07-31,SRI,,current,16.55,2060764,543
2024-07-31,SSP,,current,2.8045,2507547,543
2024-07-31,SSTI,,current,15.25,706187,543
2024-07-31,STEM,,current,23.8,4810735,543
2024-07-31,STI,,current,20.0,284476,543
2024-07-31,SUNE,,current,13200.0,3498750,543
2024-07-31,SVUHF,1973368,roster,6.4,258890,462
2024-07-31,SWIM,,current,3.81,588462,543
2024-07-31,SXTC,,current,13080.0,342660,543
2024-07-31,TARA,,current,2.21,447896,543
2024-07-31,TASK,,current,11.001,1534975,543
2024-07-31,TAYD,,current,51.09,1068408,543
2024-07-31,TBCH,,current,14.355,3052028,543
2024-07-31,TBI,,current,12.12,2664304,543
2024-07-31,TCBX,,current,23.7,513075,543
2024-07-31,TCPC,,current,7.5451,2541890,543
2024-07-31,TCX,,current,25.78,710584,543
2024-07-31,TG,,current,5.81,486406,543
2024-07-31,TIPT,,current,19.2259,1257349,543
2024-07-31,TITN,,current,17.69,3914136,543
2024-07-31,TLS,,current,4.21,1543968,543
2024-07-31,TLYS,,current,5.75,473597,543
2024-07-31,TONX,,current,17.4,793515,543
2024-07-31,TOYO,,current,2.87,420679,543
2024-07-31,TPVG,,current,6.4445,2257153,543
2024-07-31,TRAK,,current,18.629,958809,543
2024-07-31,TRC,,current,19.22,1180812,543
2024-07-31,TRDA,,current,16.9,1358064,543
2024-07-31,TSBK,,current,28.7046,263292,543
2024-07-31,TSQ,,current,9.7005,404366,543
2024-07-31,TTGT,,current,32.16,2022567,543
2024-07-31,TTOO,1492674,roster,4.89,586124,543
2024-07-31,TWI,,current,8.51,4656167,543
2024-07-31,TWIN,,current,13.6079,610396,543
2024-07-31,TZOO,,current,10.15,657952,543
2024-07-31,UFI,,current,5.97,260851,543
2024-07-31,UIS,,current,4.8,1685626,543
2024-07-31,ULH,,current,40.1006,1652386,543
2024-07-31,UNTY,,current,33.4168,356672,543
2024-07-31,UP,,current,52.6,1979979,543
2024-07-31,USAU,,current,5.54,619140,543
2024-07-31,USCB,,current,15.7405,371318,543
2024-07-31,USNA,,current,43.73,2940247,543
2024-07-31,UTMD,,current,66.9136,1010291,543
2024-07-31,VEL,,current,18.99,362706,543
2024-07-31,VERU,,current,9.1,1378415,543
2024-07-31,VINP,,current,9.8267,280455,543
2024-07-31,VLGEA,,current,28.8729,681766,543
2024-07-31,VLN,1863006,roster,2.2,663118,543
2024-07-31,VMD,,current,7.15,928633,543
2024-07-31,VNDA,,current,5.84,4624926,543
2024-07-31,VOXR,,current,2.8725,561582,543
2024-07-31,VRA,,current,6.73,2347224,543
2024-07-31,VTEX,,current,6.41,2828303,543
2024-07-31,VYGR,,current,9.26,3128503,543
2024-07-31,WEST,,current,9.91,1580071,543
2024-07-31,WEYS,,current,28.3102,271610,543
2024-07-31,WHF,,current,8.7651,701835,543
2024-07-31,WKHS,,current,220.5,1924968,543
2024-07-31,WSBF,,current,13.7437,410583,543
2024-07-31,WTBA,,current,18.8805,341258,543
2024-07-31,XFOR,,current,25.2,1354928,543
2024-07-31,XPER,,current,7.98,3490600,467
2024-07-31,YORW,,current,39.0376,1441988,543
2024-07-31,ZAPPF,1955104,roster,9.51,1353943,239
2024-07-31,ZIP,,current,9.07,4870748,543
2024-07-31,ZUMZ,,current,25.36,4525111,543
2024-07-31,ZURA,,current,3.73,760216,342
2024-08-31,ABOS,,current,2.74,768701,566
2024-08-31,ACCO,,current,4.6952,2267425,566
2024-08-31,ACEL,,current,11.66,1912592,566
2024-08-31,ACET,,current,23.36,903946,566
2024-08-31,ACIC,,current,10.1707,1897352,566
2024-08-31,ACIU,,current,3.23,548592,566
2024-08-31,ACNB,,current,39.2177,481431,566
2024-08-31,ACRV,,current,9.49,559040,450
2024-08-31,ACTG,,current,4.81,1100976,566
2024-08-31,ACU,,current,42.7857,540943,566
2024-08-31,ADV,,current,96.75,3040473,566
2024-08-31,AEHL,,current,8985.5996,757055,566
2024-08-31,AEYE,,current,24.21,4129204,566
2024-08-31,AFCG,,current,8.4506,1369997,566
2024-08-31,AFMDQ,1608390,roster,4.23,571103,566
2024-08-31,AFYA,,current,15.4093,2063431,566
2024-08-31,AIFU,,current,512.0,326644,566
2024-08-31,AIOS,,current,189.4,661880,566
2024-08-31,AIOT,,current,4.99,3473169,566
2024-08-31,AISP,,current,3.11,1818697,566
2024-08-31,ALCO,,current,28.9427,553125,566
2024-08-31,ALEC,,current,5.28,2457495,566
2024-08-31,ALLT,,current,3.35,348872,566
2024-08-31,ALTG,,current,6.5663,2969531,566
2024-08-31,ALTI,,current,4.02,541204,566
2024-08-31,ALVO,,current,11.68,1052112,555
2024-08-31,AMBP,1845097,roster,2.9455,3701078,566
2024-08-31,AMPY,,current,7.13,2772721,566
2024-08-31,AMWL,,current,8.3,864698,566
2024-08-31,ANGI,,current,27.0,1139588,566
2024-08-31,ANIK,,current,25.7,1041248,566
2024-08-31,ANY,,current,9.09,442934,566
2024-08-31,AROW,,current,28.2808,940582,566
2024-08-31,ARQ,,current,6.82,1194985,566
2024-08-31,ARTNA,,current,33.492,1396190,566
2024-08-31,ASIX,,current,27.7548,3012760,566
2024-08-31,ASLE,,current,5.09,1797853,566
2024-08-31,ASNS,1141284,roster,17.2,1326074,566
2024-08-31,ASTI,,current,3.13,648633,508
2024-08-31,ASTL,,current,10.3735,3928984,566
2024-08-31,ASUR,,current,8.59,825273,566
2024-08-31,ATLO,,current,17.5525,256941,566
2024-08-31,ATLX,,current,10.37,506773,566
2024-08-31,ATNI,,current,24.1998,1815566,566
2024-08-31,ATOM,,current,2.69,607219,566
2024-08-31,ATRA,,current,7.6,530395,566
2024-08-31,ATS,,current,26.85,1891258,566
2024-08-31,AUDC,,current,9.8614,440878,566
2024-08-31,AURA,,current,7.95,895493,566
2024-08-31,AVD,,current,5.74,1707095,566
2024-08-31,AVIR,,current,3.85,792838,566
2024-08-31,AVNW,,current,27.45,1601652,566
2024-08-31,AVXL,,current,6.02,4322303,566
2024-08-31,AXG,,current,2.51,610887,248
2024-08-31,BARK,,current,33.4,900961,566
2024-08-31,BATRA,,current,45.6,1133019,566
2024-08-31,BBCP,,current,5.75,460654,566
2024-08-31,BCAL,,current,14.7416,959587,566
2024-08-31,BCBP,,current,11.1818,403715,566
2024-08-31,BCIC,,current,13.9458,550129,566
2024-08-31,BCML,,current,21.68,375677,566
2024-08-31,BCSF,,current,13.3298,2481188,566
2024-08-31,BDTX,,current,6.1,2605652,566
2024-08-31,BGDE,,current,26.0,603061,566
2024-08-31,BHB,,current,29.6955,872671,566
2024-08-31,BIRD,,current,12.3479,396158,566
2024-08-31,BKSY,1753539,roster,8.88,571323,566
2024-08-31,BMRC,,current,19.7581,1365454,566
2024-08-31,BNAI,,current,11.7,321109,566
2024-08-31,BNED,,current,12.9182,3320637,566
2024-08-31,BOC,,current,14.29,2328302,566
2024-08-31,BOOM,,current,12.37,2678674,566
2024-08-31,BPRN,,current,34.545,258187,566
2024-08-31,BRCC,,current,44.3,4399144,566
2024-08-31,BSRR,,current,28.2617,708248,566
2024-08-31,BSVN,,current,38.2144,504229,566
2024-08-31,BWB,,current,14.42,431692,566
2024-08-31,BWEN,,current,2.19,471990,566
2024-08-31,BWFG,,current,29.311,313624,566
2024-08-31,BWMN,,current,24.0,2231988,566
2024-08-31,BWMX,,current,11.5512,374958,566
2024-08-31,BYRN,,current,11.59,1789355,566
2024-08-31,CAC,,current,37.0001,1408597,566
2024-08-31,CASS,,current,40.81,1493402,566
2024-08-31,CBAN,,current,14.2327,538020,566
2024-08-31,CBNK,,current,24.8391,468074,566
2024-08-31,CCAP,,current,14.4691,2003923,566
2024-08-31,CCBG,,current,32.829,850646,566
2024-08-31,CDZI,,current,3.37,360295,566
2024-08-31,CENT,,current,39.47,4389804,566
2024-08-31,CERO,1870404,roster,254.0,432646,566
2024-08-31,CFFI,,current,55.0392,644842,566
2024-08-31,CGEN,,current,2.1,403689,566
2024-08-31,CGNT,,current,7.66,1407116,566
2024-08-31,CHMG,,current,44.4237,438848,566
2024-08-31,CINT,,current,6.67,465201,566
2024-08-31,CION,,current,8.9715,1332159,566
2024-08-31,CIVB,,current,15.963,708394,566
2024-08-31,CLAR,,current,4.062,1055444,566
2024-08-31,CLEUF,1775085,roster,326.52,381251,566
2024-08-31,CLMB,,current,23.566,1340177,566
2024-08-31,CMCL,,current,12.4206,755398,566
2024-08-31,CMRC,,current,5.86,3852129,566
2024-08-31,CMT,,current,17.85,633342,566
2024-08-31,CNTM,1895249,roster,28.224,265319,545
2024-08-31,COFS,,current,28.9309,290270,566
2024-08-31,COOK,,current,179.5,512372,566
2024-08-31,COYA,,current,6.03,315839,420
2024-08-31,CPS,,current,15.45,1405637,566
2024-08-31,CRCT,,current,4.8003,2670305,566
2024-08-31,CRMT,,current,60.53,3767147,566
2024-08-31,CRNT,,current,2.98,756792,566
2024-08-31,CRON,,current,2.26,2166221,566
2024-08-31,CRVO,,current,18.62,860342,566
2024-08-31,CSTE,,current,4.9,404329,566
2024-08-31,CSV,,current,32.4479,2905879,566
2024-08-31,CTEV,,current,9.4,580187,566
2024-08-31,CTKB,,current,5.74,3126849,566
2024-08-31,CTOS,1709682,roster,4.1,2411023,566
2024-08-31,CUE,,current,21.69,275211,566
2024-08-31,CURV,,current,6.6,846248,566
2024-08-31,CVEO,,current,27.9013,864787,566
2024-08-31,CVGI,,current,3.63,620364,566
2024-08-31,CVRX,,current,9.86,2810767,566
2024-08-31,CWCO,,current,26.8119,2273198,566
2024-08-31,CXAI,,current,104.5,596767,566
2024-08-31,CXDO,,current,5.16,499439,566
2024-08-31,CZFS,,current,53.3262,371016,566
2024-08-31,CZNC,,current,18.0671,349684,566
2024-08-31,DCBO,,current,43.14,2440541,566
2024-08-31,DERM,,current,4.98,307207,566
2024-08-31,DGICA,,current,13.9896,596395,566
2024-08-31,DIBS,,current,4.91,428319,566
2024-08-31,DLTH,,current,4.06,349120,566
2024-08-31,DMRC,,current,28.69,2867875,566
2024-08-31,DOMO,,current,7.47,2416742,566
2024-08-31,DSGR,,current,37.22,1354086,566
2024-08-31,DSP,,current,11.13,1073605,566
2024-08-31,DSX,,current,2.412,1380907,566
2024-08-31,DTIL,,current,10.88,258591,566
2024-08-31,EAF,,current,6.86,2517008,566
2024-08-31,EBF,,current,19.3591,1581693,566
2024-08-31,EGAN,,current,7.17,496464,566
2024-08-31,ELMD,,current,17.15,297217,566
2024-08-31,EML,,current,28.9777,643045,566
2024-08-31,EMPD,,current,93.44,979010,566
2024-08-31,ENTA,,current,12.88,2084774,566
2024-08-31,EPM,,current,4.2247,1076540,566
2024-08-31,ESEA,,current,33.0212,906778,566
2024-08-31,ESOA,,current,9.4179,717111,566
2024-08-31,EVCM,,current,10.71,1585566,566
2024-08-31,EVEX,,current,2.81,332359,566
2024-08-31,EVI,,current,16.1073,282129,566
2024-08-31,EXFY,,current,2.32,836313,566
2024-08-31,FBIO,,current,2.03,380792,566
2024-08-31,FBIZ,,current,43.3753,519700,566
2024-08-31,FC,,current,40.26,2480323,566
2024-08-31,FCBC,,current,38.335,1134753,566
2024-08-31,FCCO,,current,20.8059,429016,566
2024-08-31,FDBC,,current,50.2724,343807,566
2024-08-31,FENC,,current,5.57,546112,566
2024-08-31,FF,,current,5.6357,1692310,566
2024-08-31,FHTX,,current,8.28,539292,566
2024-08-31,FIRY,,current,5.9,514590,566
2024-08-31,FLGT,,current,22.56,3327303,566
2024-08-31,FLL,,current,5.11,401231,566
2024-08-31,FLWS,,current,8.03,1944033,566
2024-08-31,FLXS,,current,40.0062,927622,566
2024-08-31,FMAO,,current,25.6666,797408,566
2024-08-31,FNKO,,current,10.47,4518956,566
2024-08-31,FNLC,,current,25.0439,319202,566
2024-08-31,FORR,,current,19.18,1585341,566
2024-08-31,FRBA,,current,14.851,565245,566
2024-08-31,FRD,,current,14.7851,269376,566
2024-08-31,FRPH,,current,29.62,567322,566
2024-08-31,FRST,,current,11.369,509133,566
2024-08-31,FSBW,,current,41.2689,520152,566
2024-08-31,FSTR,,current,20.08,1161121,566
2024-08-31,FUNC,,current,27.3184,385136,566
2024-08-31,FVCB,,current,12.0663,258764,566
2024-08-31,GAIN,,current,10.3653,1182861,566
2024-08-31,GALT,,current,2.7,312894,566
2024-08-31,GASS,,current,5.97,730627,566
2024-08-31,GCBC,,current,33.0862,633210,566
2024-08-31,GDOT,,current,11.17,3783858,566
2024-08-31,GENC,,current,20.17,704876,566
2024-08-31,GEOS,,current,10.32,569786,566
2024-08-31,GFR,,current,7.39,347775,566
2024-08-31,GIC,,current,31.1606,1716877,566
2024-08-31,GLAD,,current,18.8649,1884932,566
2024-08-31,GLAS,,current,8.36,789282,566
2024-08-31,GLRE,,current,13.97,1044800,566
2024-08-31,GLSI,,current,14.02,426028,566
2024-08-31,GNE,,current,16.0948,1312226,566
2024-08-31,GNLX,,current,2.17,283689,402
2024-08-31,GPRK,,current,8.2225,2975445,566
2024-08-31,GRML,,current,46.55,431757,566
2024-08-31,GRNT,,current,5.4001,1983623,566
2024-08-31,GSIT,,current,2.64,279379,566
2024-08-31,GTE,,current,7.37,2008288,566
2024-08-31,GWH,1819438,roster,7.49,522489,566
2024-08-31,GWRS,,current,11.9224,256710,566
2024-08-31,GYRE,,current,13.77,503405,566
2024-08-31,HBB,,current,27.738,803900,566
2024-08-31,HBT,,current,20.968,453298,566
2024-08-31,HCKT,,current,25.2234,2596228,566
2024-08-31,HDSN,,current,8.22,3170115,566
2024-08-31,HGTY,,current,11.94,983512,566
2024-08-31,HIPO,,current,19.85,2073222,566
2024-08-31,HITI,,current,2.04,852344,566
2024-08-31,HLLY,,current,3.23,1246760,566
2024-08-31,HOFT,,current,14.0785,462426,566
2024-08-31,HPK,,current,15.7067,3803046,566
2024-08-31,HRZN,,current,7.7619,1700843,566
2024-08-31,HSHP,,current,6.691,588850,357
2024-08-31,HURA,,current,6.545,623625,566
2024-08-31,HURC,,current,17.2,273075,566
2024-08-31,HVT,,current,24.4803,3309953,566
2024-08-31,HY,,current,58.4749,4989699,566
2024-08-31,HYPD,,current,44.0,876187,566
2024-08-31,IBEX,,current,17.24,690989,566
2024-08-31,IGIC,,current,16.1973,860305,566
2024-08-31,IMPP,,current,4.42,812294,566
2024-08-31,IMTX,,current,11.09,2905227,566
2024-08-31,IMUX,,current,15.1,308653,566
2024-08-31,IMXI,,current,18.15,4186696,566
2024-08-31,INBK,,current,35.618,1324896,566
2024-08-31,INDO,,current,3.27,438392,566
2024-08-31,INFU,,current,6.65,267043,566
2024-08-31,INGN,,current,12.27,1489154,566
2024-08-31,INMB,,current,6.62,1137787,566
2024-08-31,INNV,,current,6.36,272668,566
2024-08-31,INSE,,current,9.03,791506,566
2024-08-31,INSG,,current,14.59,1894097,566
2024-08-31,INTT,,current,7.16,843272,566
2024-08-31,ISTR,,current,17.9145,866709,566
2024-08-31,IVPR,1939365,roster,33.875,3273887,253
2024-08-31,JAKK,,current,22.6911,1385107,566
2024-08-31,JILL,,current,31.2922,4928344,566
2024-08-31,JOUT,,current,33.4371,1674277,566
2024-08-31,JRVR,,current,7.2453,2019293,566
2024-08-31,JYNT,,current,11.31,520439,566
2024-08-31,KE,,current,18.45,1889628,566
2024-08-31,KELYA,,current,20.0518,3876208,566
2024-08-31,KIDS,,current,31.95,4372392,566
2024-08-31,KINS,,current,8.5804,280216,566
2024-08-31,KNOP,,current,6.7965,619915,566
2024-08-31,KRNT,,current,18.58,3003359,566
2024-08-31,KRNY,,current,6.0255,2333477,566
2024-08-31,KRO,,current,10.8305,2561825,566
2024-08-31,KRRO,,current,47.72,2623484,566
2024-08-31,KULR,,current,2.08,485356,566
2024-08-31,KVHI,,current,4.44,267782,566
2024-08-31,KWY,,current,8.29,445789,566
2024-08-31,LAKE,,current,23.9016,846112,566
2024-08-31,LAW,,current,5.53,880019,566
2024-08-31,LCNB,,current,14.1741,261604,566
2024-08-31,LCUT,,current,6.6456,499144,566
2024-08-31,LE,,current,15.49,1457355,566
2024-08-31,LEGH,,current,26.96,1359532,566
2024-08-31,LENZ,,current,23.39,2507979,566
2024-08-31,LFCR,,current,4.38,768051,566
2024-08-31,LFMD,,current,5.21,3614031,566
2024-08-31,LFVN,,current,7.5942,348463,566
2024-08-31,LILA,,current,6.4334,2476381,566
2024-08-31,LMNR,,current,24.4418,721256,566
2024-08-31,LNZA,,current,149.0,789487,566
2024-08-31,LOCO,,current,13.86,2642769,566
2024-08-31,LODE,,current,2.6,449054,566
2024-08-31,LUNG,,current,7.32,1869915,566
2024-08-31,LWAY,,current,19.18,1669116,566
2024-08-31,LXEO,,current,11.51,2958233,207
2024-08-31,LXFR,,current,10.3728,1055823,566
2024-08-31,LYEL,,current,29.0,965401,566
2024-08-31,LZM,,current,6.16,862740,566
2024-08-31,MAGN,,current,20.93,256140,566
2024-08-31,MASS,,current,3.95,967542,566
2024-08-31,MATV,,current,17.3477,4714617,566
2024-08-31,MBI,,current,3.92,2197116,566
2024-08-31,MCBS,,current,28.6721,918873,566
2024-08-31,MCFT,,current,18.53,3054113,566
2024-08-31,MCRB,,current,16.02,2356992,566
2024-08-31,MDRX,1124804,roster,9.95,1205604,566
2024-08-31,MDWD,,current,18.39,1296916,566
2024-08-31,MDXG,,current,6.84,3922515,566
2024-08-31,MFIN,,current,7.3041,479648,566
2024-08-31,MG,,current,11.96,878070,566
2024-08-31,MGNX,,current,3.51,4325046,566
2024-08-31,MLP,,current,26.01,277166,566
2024-08-31,MLR,,current,58.6748,4984640,566
2024-08-31,MMI,,current,38.4665,2956442,566
2024-08-31,MPAA,,current,6.63,415455,566
2024-08-31,MRDN,,current,31.08,310282,566
2024-08-31,MTA,,current,2.99,670150,566
2024-08-31,MTRX,,current,9.96,1639344,566
2024-08-31,MTW,,current,10.09,2716837,566
2024-08-31,MVBF,,current,19.8322,419709,566
2024-08-31,MX,,current,4.72,853426,566
2024-08-31,MYFW,,current,19.24,298648,566
2024-08-31,NAGE,,current,3.45,826440,566
2024-08-31,NATH,,current,73.1926,444328,566
2024-08-31,NATR,,current,13.8,733102,566
2024-08-31,NC,,current,26.3388,443284,566
2024-08-31,NCMI,,current,6.5921,2367999,566
2024-08-31,NECB,,current,21.0535,723628,566
2024-08-31,NEGG,,current,16.4,343284,566
2024-08-31,NEOV,,current,3.2,290157,566
2024-08-31,NEWT,,current,11.027,1686302,566
2024-08-31,NEXN,,current,7.81,320831,566
2024-08-31,NGS,,current,21.5358,1063792,566
2024-08-31,NGVC,,current,25.674,1399398,566
2024-08-31,NKSH,,current,27.3271,258802,566
2024-08-31,NKTX,,current,5.31,3175817,566
2024-08-31,NMFC,,current,9.5128,2822493,566
2024-08-31,NNBR,,current,3.94,484680,566
2024-08-31,NOA,,current,19.0925,1037594,566
2024-08-31,NOTE,1823466,roster,15.6,790017,566
2024-08-31,NPCE,,current,7.92,394181,566
2024-08-31,NRC,,current,21.4216,2128594,566
2024-08-31,NRDY,,current,16.2,1912827,566
2024-08-31,NRIM,,current,16.2635,1021378,566
2024-08-31,NVCT,,current,6.96,433810,566
2024-08-31,NXDR,,current,2.5,4060480,566
2024-08-31,OABI,,current,4.19,2505975,566
2024-08-31,OBIO,,current,6.7,517815,566
2024-08-31,OBT,,current,27.4439,670069,566
2024-08-31,OFIX,,current,17.44,3937995,566
2024-08-31,OFLX,,current,43.6334,1089559,566
2024-08-31,OM,,current,7.95,2449528,566
2024-08-31,ONEW,,current,24.03,2060236,566
2024-08-31,ONIT,,current,28.98,405603,566
2024-08-31,OPAD,,current,3.89,255149,566
2024-08-31,OPFI,,current,4.6239,586200,566
2024-08-31,OPRT,,current,2.97,300870,566
2024-08-31,OPRX,,current,8.31,929843,566
2024-08-31,ORN,,current,7.56,3416634,566
2024-08-31,ORRF,,current,33.6546,2689188,566
2024-08-31,OSG,,current,11.7,4950654,566
2024-08-31,OSUR,,current,4.48,3144293,566
2024-08-31,OVLY,,current,25.4847,280509,566
2024-08-31,PACK,,current,7.09,2154608,566
2024-08-31,PAMT,,current,18.14,319724,566
2024-08-31,PANL,,current,6.1733,801387,566
2024-08-31,PAYS,,current,4.74,558785,566
2024-08-31,PBYI,,current,2.5,1128228,566
2024-08-31,PCB,,current,17.886,296043,566
2024-08-31,PCYO,,current,10.65,429724,566
2024-08-31,PDLB,,current,11.34,496269,566
2024-08-31,PEBK,,current,27.2648,733404,566
2024-08-31,PEPG,,current,9.63,1223228,566
2024-08-31,PERI,,current,8.55,4070861,566
2024-08-31,PFIS,,current,43.4587,787838,566
2024-08-31,PKBK,,current,19.2188,278608,566
2024-08-31,PKOH,,current,29.0172,801201,566
2024-08-31,PLBC,,current,38.692,266541,566
2024-08-31,PLCE,,current,5.7,3937613,566
2024-08-31,PLTK,,current,6.6759,4825500,566
2024-08-31,PMTS,,current,28.64,561683,566
2024-08-31,PNNT,,current,5.0327,2061017,566
2024-08-31,PRLD,,current,5.2,517793,566
2024-08-31,PSFE,,current,22.4,4718752,566
2024-08-31,PYXS,,current,3.79,1506430,566
2024-08-31,QNTM,,current,4.53,276354,566
2024-08-31,QUAD,,current,4.2611,647387,566
2024-08-31,QUIK,,current,8.4,1861376,566
2024-08-31,RBB,,current,21.5544,993794,566
2024-08-31,RCEL,,current,9.36,1450454,566
2024-08-31,RCKY,,current,30.7257,1273836,566
2024-08-31,RCMT,,current,20.38,574764,566
2024-08-31,RDNW,,current,4.47,628692,566
2024-08-31,RELL,,current,11.3845,715044,566
2024-08-31,RGP,,current,9.1959,3920579,566
2024-08-31,RGR,,current,40.8772,4758308,566
2024-08-31,RICK,,current,44.7995,3589766,566
2024-08-31,RJET,,current,18.45,267966,566
2024-08-31,RLGT,,current,6.37,496839,566
2024-08-31,RM,,current,31.2135,639933,566
2024-08-31,RMR,,current,20.7451,1445642,566
2024-08-31,RNAC,,current,13.96,1957612,566
2024-08-31,RNGR,,current,12.039,739712,566
2024-08-31,RPC,,current,9.7539,4520900,566
2024-08-31,RRGB,,current,3.5,2745654,566
2024-08-31,RSVR,,current,7.76,343731,566
2024-08-31,RVPH,1742927,roster,22.4,261787,566
2024-08-31,RWAY,,current,7.6999,1916618,566
2024-08-31,SAMG,,current,14.5292,317368,566
2024-08-31,SAR,,current,17.2425,877346,566
2024-08-31,SBDS,1870600,roster,54.8,524796,566
2024-08-31,SBSI,,current,31.1885,2718949,566
2024-08-31,SCLX,,current,25.0623,1326384,566
2024-08-31,SCM,,current,10.6712,1241330,566
2024-08-31,SD,,current,12.1854,2914820,566
2024-08-31,SENS,,current,7.78,578417,566
2024-08-31,SGC,,current,13.178,1661279,566
2024-08-31,SGHT,,current,6.77,799009,566
2024-08-31,SHBI,,current,13.4072,875827,566
2024-08-31,SHIP,,current,10.102,1767346,566
2024-08-31,SIGA,,current,7.2333,3891058,566
2024-08-31,SISI,1300734,roster,670.8,764820,566
2024-08-31,SKIL,,current,15.1,674884,566
2024-08-31,SKYH,,current,12.35,500359,566
2024-08-31,SLP,,current,36.25,4959442,566
2024-08-31,SLRC,,current,12.9873,1477340,566
2024-08-31,SMC,,current,36.9,702580,566
2024-08-31,SMHI,,current,11.45,1766724,566
2024-08-31,SMID,,current,34.71,691867,566
2024-08-31,SMP,,current,30.1352,4062475,566
2024-08-31,SMTI,,current,35.89,637733,566
2024-08-31,SMX,,current,285086.75,442848,566
2024-08-31,SOPH,,current,3.84,288624,566
2024-08-31,SPCB,,current,2.69,328820,566
2024-08-31,SPOK,,current,12.3678,1396232,566
2024-08-31,SRG,,current,4.65,1830052,566
2024-08-31,SRI,,current,14.34,1946616,566
2024-08-31,SSTI,,current,14.1,736552,566
2024-08-31,STEM,,current,11.66,4547295,566
2024-08-31,SUNE,,current,7800.0,771350,566
2024-08-31,SWIM,,current,6.25,1080118,566
2024-08-31,SXTC,,current,7548.0,259200,566
2024-08-31,TARA,,current,2.0,300026,566
2024-08-31,TASK,,current,8.6678,1762179,566
2024-08-31,TAYD,,current,57.22,1012962,566
2024-08-31,TBCH,,current,15.62,2568160,566
2024-08-31,TBI,,current,7.97,2311065,566
2024-08-31,TCBX,,current,25.61,669400,566
2024-08-31,TCPC,,current,6.4966,2752893,566
2024-08-31,TCX,,current,21.41,689087,566
2024-08-31,TG,,current,6.13,443706,566
2024-08-31,TIPT,,current,19.1229,1201398,566
2024-08-31,TITN,,current,15.11,3422018,566
2024-08-31,TKNO,,current,4.94,722368,566
2024-08-31,TLS,,current,3.65,1763181,566
2024-08-31,TLYS,,current,5.36,450539,566
2024-08-31,TONX,,current,14.4,498335,566
2024-08-31,TOYO,,current,5.15,457981,566
2024-08-31,TPVG,,current,5.4342,2065556,566
2024-08-31,TRAK,,current,19.2322,847891,566
2024-08-31,TRC,,current,17.89,1016290,566
2024-08-31,TRDA,,current,17.7,1682010,566
2024-08-31,TSBK,,current,29.3543,340113,566
2024-08-31,TSQ,,current,8.5162,390069,566
2024-08-31,TTGT,,current,26.65,2936214,566
2024-08-31,TTOO,1492674,roster,3.19,512008,566
2024-08-31,TUSK,,current,3.82,270033,566
2024-08-31,TWI,,current,8.33,4613957,566
2024-08-31,TWIN,,current,12.812,580640,566
2024-08-31,TZOO,,current,12.07,778437,566
2024-08-31,UFI,,current,6.83,258484,566
2024-08-31,UIS,,current,5.53,1565331,566
2024-08-31,ULH,,current,40.6339,1304931,566
2024-08-31,UNTY,,current,32.989,457547,566
2024-08-31,UP,,current,35.4,2335445,566
2024-08-31,USAU,,current,5.54,427663,566
2024-08-31,USCB,,current,14.2921,321766,566
2024-08-31,USNA,,current,40.82,2666237,566
2024-08-31,UTMD,,current,65.3282,868114,566
2024-08-31,VEL,,current,18.77,545073,566
2024-08-31,VERU,,current,8.2,664392,566
2024-08-31,VFS,,current,3.6,4179885,566
2024-08-31,VINP,,current,8.8731,387893,566
2024-08-31,VLGEA,,current,30.4449,704018,566
2024-08-31,VLN,1863006,roster,2.14,536413,566
2024-08-31,VMD,,current,7.6,749355,566
2024-08-31,VNDA,,current,5.29,3772252,566
2024-08-31,VOXR,,current,2.7076,583652,566
2024-08-31,VRA,,current,5.83,2676410,566
2024-08-31,VTEX,,current,7.06,3113833,566
2024-08-31,VTVT,,current,15.71,265046,566
2024-08-31,VYGR,,current,6.56,2945437,566
2024-08-31,WEST,,current,7.995,1610685,566
2024-08-31,WEYS,,current,27.9958,310094,566
2024-08-31,WHF,,current,8.5917,701167,566
2024-08-31,WKHS,,current,102.0,1414851,566
2024-08-31,WLDS,,current,259.92,282675,495
2024-08-31,WSBF,,current,13.9556,358519,566
2024-08-31,WTBA,,current,18.2339,477301,566
2024-08-31,XFOR,,current,21.0,1123785,566
2024-08-31,XPER,,current,8.82,4029119,490
2024-08-31,YORW,,current,36.9072,1407665,566
2024-08-31,ZAPPF,1955104,roster,3.95,2926410,262
2024-08-31,ZIP,,current,9.55,4299095,566
2024-08-31,ZNTL,,current,3.47,3720640,566
2024-08-31,ZURA,,current,4.13,838709,365
2024-09-30,ABOS,,current,2.48,576354,585
2024-09-30,ACCO,,current,4.6352,2127350,585
2024-09-30,ACEL,,current,11.57,1972030,585
2024-09-30,ACET,,current,22.88,774236,585
2024-09-30,ACIC,,current,10.3066,1987581,585
2024-09-30,ACIU,,current,3.75,374485,585
2024-09-30,ACNB,,current,40.3003,598074,585
2024-09-30,ACRV,,current,7.16,505783,469
2024-09-30,ACTG,,current,4.73,1285328,585
2024-09-30,ACU,,current,39.1564,489741,585
2024-09-30,ADV,,current,87.75,2327344,585
2024-09-30,AEHL,,current,3110.3999,604012,585
2024-09-30,AEYE,,current,23.66,3295785,585
2024-09-30,AFCG,,current,8.5475,1487948,585
2024-09-30,AFMDQ,1608390,roster,3.36,351084,585
2024-09-30,AFYA,,current,16.1278,1951653,585
2024-09-30,AIFU,,current,516.0,325926,585
2024-09-30,AIOS,,current,340.2,949523,585
2024-09-30,AIOT,,current,5.19,3611583,585
2024-09-30,AISP,,current,2.46,1289298,585
2024-09-30,ALCO,,current,27.6981,546729,585
2024-09-30,ALEC,,current,4.92,2550292,585
2024-09-30,ALGS,,current,8.04,302724,585
2024-09-30,ALLT,,current,2.97,355459,585
2024-09-30,ALTG,,current,6.3423,2407311,585
2024-09-30,ALTI,,current,3.8,538634,585
2024-09-30,ALVO,,current,11.9,801930,574
2024-09-30,AMBP,1845097,roster,3.1666,4021968,585
2024-09-30,AMPY,,current,6.41,2481563,585
2024-09-30,AMWL,,current,9.5,820066,585
2024-09-30,ANGI,,current,26.0,1214576,585
2024-09-30,ANIK,,current,24.56,1053875,585
2024-09-30,ANY,,current,9.93,338480,585
2024-09-30,AROW,,current,26.2495,923087,585
2024-09-30,ARQ,,current,6.07,1038387,585
2024-09-30,ARTNA,,current,33.9928,1166860,585
2024-09-30,ASIX,,current,28.7031,3225780,585
2024-09-30,ASLE,,current,5.09,1731190,585
2024-09-30,ASNS,1141284,roster,14.0,907097,585
2024-09-30,ASTI,,current,2.43,370042,527
2024-09-30,ASUR,,current,9.17,830957,585
2024-09-30,ATLO,,current,17.1086,256723,585
2024-09-30,ATLX,,current,7.17,486484,585
2024-09-30,ATNI,,current,29.8066,1609328,585
2024-09-30,ATOM,,current,2.66,472501,585
2024-09-30,ATRA,,current,8.075,586371,585
2024-09-30,ATS,,current,29.73,2418412,585
2024-09-30,AUDC,,current,8.9332,484443,585
2024-09-30,AURA,,current,9.03,937630,585
2024-09-30,AVD,,current,5.27,1609633,585
2024-09-30,AVIR,,current,3.44,691041,585
2024-09-30,AVNW,,current,22.57,2097223,585
2024-09-30,AVXL,,current,5.68,4285850,585
2024-09-30,AXG,,current,2.72,346646,267
2024-09-30,BARK,,current,32.6,766495,585
2024-09-30,BATRA,,current,42.65,1137348,585
2024-09-30,BBCP,,current,5.183,387183,585
2024-09-30,BCAL,,current,14.4562,961270,585
2024-09-30,BCBP,,current,10.9926,469672,585
2024-09-30,BCIC,,current,13.5724,555522,585
2024-09-30,BCML,,current,22.4328,373397,585
2024-09-30,BCSF,,current,13.3687,2234215,585
2024-09-30,BDTX,,current,4.23,2764962,585
2024-09-30,BGDE,,current,28.0,521710,585
2024-09-30,BHB,,current,27.9726,957257,585
2024-09-30,BIRD,,current,10.4152,471156,585
2024-09-30,BKSY,1753539,roster,4.46,657695,585
2024-09-30,BKTI,,current,22.84,434200,585
2024-09-30,BMRC,,current,18.1878,1595920,585
2024-09-30,BNED,,current,9.3408,2874751,585
2024-09-30,BOC,,current,14.97,1924891,585
2024-09-30,BOOM,,current,13.0,2341989,585
2024-09-30,BPRN,,current,34.6841,287609,585
2024-09-30,BRBS,,current,2.2611,293220,585
2024-09-30,BRCC,,current,34.7,3745548,585
2024-09-30,BSRR,,current,26.8547,874343,585
2024-09-30,BSVN,,current,36.3939,545961,585
2024-09-30,BURU,1814215,roster,100.5984,264224,417
2024-09-30,BWB,,current,14.09,536756,585
2024-09-30,BWEN,,current,2.2,279679,585
2024-09-30,BWFG,,current,28.7628,382336,585
2024-09-30,BWMN,,current,23.82,2081259,585
2024-09-30,BWMX,,current,11.2022,373087,585
2024-09-30,BYRN,,current,17.63,2317489,585
2024-09-30,CAC,,current,37.0926,1775604,585
2024-09-30,CASS,,current,39.1356,1499642,585
2024-09-30,CBAN,,current,14.4508,571305,585
2024-09-30,CBNK,,current,24.4993,497892,585
2024-09-30,CCAP,,current,14.8312,1518657,585
2024-09-30,CCBG,,current,33.1305,953432,585
2024-09-30,CDZI,,current,3.06,382639,585
2024-09-30,CENT,,current,36.65,3724196,585
2024-09-30,CERO,1870404,roster,184.0,355173,585
2024-09-30,CFFI,,current,56.2907,445889,585
2024-09-30,CGNT,,current,6.79,1599638,585
2024-09-30,CHMG,,current,45.9908,484738,585
2024-09-30,CING,,current,5.03,822345,585
2024-09-30,CINT,,current,7.02,437809,585
2024-09-30,CION,,current,8.9264,1332159,585
2024-09-30,CIVB,,current,16.6967,721046,585
2024-09-30,CLAR,,current,4.3542,1402890,585
2024-09-30,CLMB,,current,24.6676,1728126,585
2024-09-30,CLNN,,current,4.82,273654,585
2024-09-30,CMCL,,current,14.3726,838508,585
2024-09-30,CMRC,,current,6.08,4942090,585
2024-09-30,CMT,,current,17.93,661737,585
2024-09-30,CNTM,1895249,roster,37.76,296873,564
2024-09-30,COFS,,current,28.7345,572923,585
2024-09-30,COOK,,current,192.0,641355,585
2024-09-30,COYA,,current,6.76,282610,439
2024-09-30,CPS,,current,14.11,1344784,585
2024-09-30,CPTAF,1967478,roster,2.049,303189,217
2024-09-30,CRCT,,current,5.7138,2191953,585
2024-09-30,CRDL,,current,2.07,506501,585
2024-09-30,CRMT,,current,43.41,4373011,585
2024-09-30,CRNT,,current,2.73,775905,585
2024-09-30,CRON,,current,2.17,2124482,585
2024-09-30,CRVO,,current,15.13,1064594,585
2024-09-30,CSTE,,current,4.57,318801,585
2024-09-30,CSV,,current,32.1248,2905879,585
2024-09-30,CTEV,,current,7.32,437320,585
2024-09-30,CTKB,,current,5.39,3126849,585
2024-09-30,CTOS,1709682,roster,3.6,2278306,585
2024-09-30,CURV,,current,4.17,1136873,585
2024-09-30,CVEO,,current,26.8225,1110057,585
2024-09-30,CVGI,,current,3.42,593761,585
2024-09-30,CVRX,,current,8.63,2181498,585
2024-09-30,CWCO,,current,24.3103,2239897,585
2024-09-30,CXAI,,current,85.5,573068,585
2024-09-30,CXDO,,current,4.32,543001,585
2024-09-30,CZFS,,current,53.3372,442050,585
2024-09-30,CZNC,,current,17.6544,353987,585
2024-09-30,DCBO,,current,44.36,2488240,585
2024-09-30,DGICA,,current,13.4932,630837,585
2024-09-30,DIBS,,current,4.49,334210,585
2024-09-30,DLTH,,current,3.82,342592,585
2024-09-30,DMRC,,current,27.09,2385501,585
2024-09-30,DOMO,,current,7.27,2279403,585
2024-09-30,DSGR,,current,38.09,1298916,585
2024-09-30,DSP,,current,11.01,1015865,585
2024-09-30,DSX,,current,2.441,1167571,585
2024-09-30,DTIL,,current,9.05,318850,585
2024-09-30,EAF,,current,11.3,1929668,585
2024-09-30,EBF,,current,19.2539,1610613,585
2024-09-30,EGAN,,current,5.17,432963,585
2024-09-30,ELMD,,current,20.3,349689,585
2024-09-30,EML,,current,31.5473,751600,585
2024-09-30,EMPD,,current,73.92,493607,585
2024-09-30,ENTA,,current,10.05,1848200,585
2024-09-30,EPM,,current,4.4659,1064036,585
2024-09-30,ESEA,,current,36.5851,1257829,585
2024-09-30,ESOA,,current,9.055,999592,585
2024-09-30,EVCM,,current,10.42,1276361,585
2024-09-30,EVEX,,current,3.22,411187,585
2024-09-30,EVI,,current,19.421,284908,585
2024-09-30,EXFY,,current,2.0,923367,585
2024-09-30,FBIZ,,current,43.2319,623025,585
2024-09-30,FC,,current,40.99,2255378,585
2024-09-30,FCBC,,current,36.4756,1198778,585
2024-09-30,FCCO,,current,20.4241,381091,585
2024-09-30,FDBC,,current,46.3795,347116,585
2024-09-30,FENC,,current,5.2,429783,585
2024-09-30,FF,,current,5.1273,1459272,585
2024-09-30,FHTX,,current,9.36,693118,585
2024-09-30,FIRY,,current,5.77,410806,585
2024-09-30,FLGT,,current,21.16,2988696,585
2024-09-30,FLL,,current,5.0,360584,585
2024-09-30,FLWS,,current,7.96,2106099,585
2024-09-30,FLXS,,current,42.6662,875831,585
2024-09-30,FMAO,,current,25.8534,739374,585
2024-09-30,FNKO,,current,11.86,4348209,585
2024-09-30,FNLC,,current,23.4545,347553,585
2024-09-30,FORR,,current,17.17,1317214,585
2024-09-30,FRBA,,current,14.494,580386,585
2024-09-30,FRPH,,current,29.97,567322,585
2024-09-30,FRST,,current,11.2941,579788,585
2024-09-30,FSBW,,current,41.5607,758748,585
2024-09-30,FSTR,,current,20.14,966553,585
2024-09-30,FUNC,,current,28.1514,463773,585
2024-09-30,FVCB,,current,13.0156,269398,585
2024-09-30,GAIN,,current,11.5249,1267148,585
2024-09-30,GALT,,current,2.71,263858,585
2024-09-30,GASS,,current,6.86,714868,585
2024-09-30,GCBC,,current,29.5825,532835,585
2024-09-30,GDOT,,current,11.67,4035671,585
2024-09-30,GENC,,current,20.92,615710,585
2024-09-30,GEOS,,current,10.34,438308,585
2024-09-30,GFR,,current,7.45,532677,585
2024-09-30,GIC,,current,31.6257,1654267,585
2024-09-30,GLAD,,current,20.1768,2045726,585
2024-09-30,GLAS,,current,9.23,831601,585
2024-09-30,GLRE,,current,13.7,1280674,585
2024-09-30,GLSI,,current,14.15,404375,585
2024-09-30,GNE,,current,15.441,1063625,585
2024-09-30,GNLX,,current,2.17,267041,421
2024-09-30,GOEVQ,1750153,roster,21.4,4653998,585
2024-09-30,GPRK,,current,7.4741,2605592,585
2024-09-30,GRNT,,current,5.1024,1941961,585
2024-09-30,GSIT,,current,3.18,251417,585
2024-09-30,GTE,,current,6.16,1859090,585
2024-09-30,GWH,1819438,roster,6.62,510990,585
2024-09-30,GWRS,,current,11.8606,261705,585
2024-09-30,GYRE,,current,12.76,666818,585
2024-09-30,HBB,,current,28.4843,928952,585
2024-09-30,HBT,,current,20.2291,509823,585
2024-09-30,HCKT,,current,24.8205,2762506,585
2024-09-30,HDSN,,current,8.26,2859510,585
2024-09-30,HGTY,,current,10.42,809048,585
2024-09-30,HIPO,,current,17.17,1971656,585
2024-09-30,HITI,,current,2.02,770833,585
2024-09-30,HLLY,,current,3.03,1218542,585
2024-09-30,HOFT,,current,16.065,375010,585
2024-09-30,HPK,,current,14.277,4105572,585
2024-09-30,HRZN,,current,7.5778,1936454,585
2024-09-30,HSHP,,current,7.5167,581525,376
2024-09-30,HURA,,current,7.175,348110,585
2024-09-30,HVT,,current,24.3105,3682509,585
2024-09-30,HY,,current,59.1901,4019681,585
2024-09-30,HYPD,,current,39.6,904830,585
2024-09-30,IBEX,,current,19.71,870964,585
2024-09-30,IGIC,,current,16.5041,932927,585
2024-09-30,III,,current,3.0615,252709,585
2024-09-30,IMPP,,current,4.0,782007,585
2024-09-30,IMRX,,current,2.66,488142,585
2024-09-30,IMTX,,current,11.73,3001381,585
2024-09-30,IMUX,,current,15.5,344863,585
2024-09-30,IMXI,,current,18.64,4790176,585
2024-09-30,INBK,,current,32.4282,1209349,585
2024-09-30,INDO,,current,2.47,1296129,585
2024-09-30,INFU,,current,6.75,307808,585
2024-09-30,INGN,,current,9.69,1763407,585
2024-09-30,INMB,,current,5.22,1137787,585
2024-09-30,INNV,,current,5.99,293361,585
2024-09-30,INSE,,current,9.26,736516,585
2024-09-30,INSG,,current,17.49,2557595,585
2024-09-30,INTT,,current,7.03,557060,585
2024-09-30,ISTR,,current,18.6938,820839,585
2024-09-30,IVPR,1939365,roster,11.975,3356387,272
2024-09-30,JAKK,,current,23.7501,1488738,585
2024-09-30,JILL,,current,24.3173,4260984,585
2024-09-30,JMSB,,current,19.5066,297053,585
2024-09-30,JOUT,,current,33.9114,1404140,585
2024-09-30,JRVR,,current,6.1844,1797131,585
2024-09-30,JYNT,,current,11.59,461427,585
2024-09-30,KE,,current,18.37,2249479,585
2024-09-30,KELYA,,current,20.0613,3904926,585
2024-09-30,KIDS,,current,26.46,4791575,585
2024-09-30,KINS,,current,8.7083,998347,585
2024-09-30,KNOP,,current,6.5645,429904,585
2024-09-30,KRNT,,current,26.45,3518578,585
2024-09-30,KRNY,,current,5.9635,1974790,585
2024-09-30,KRO,,current,11.7168,2390545,585
2024-09-30,KRRO,,current,34.51,2306199,585
2024-09-30,KULR,,current,2.24,405849,585
2024-09-30,KWY,,current,8.1,343305,585
2024-09-30,LAKE,,current,20.0139,663308,585
2024-09-30,LAW,,current,5.8,715080,585
2024-09-30,LCNB,,current,13.5184,261604,585
2024-09-30,LCUT,,current,5.9485,351461,585
2024-09-30,LE,,current,17.11,1587687,585
2024-09-30,LEGH,,current,27.41,1274513,585
2024-09-30,LENZ,,current,24.04,2665647,585
2024-09-30,LFCR,,current,4.95,764187,585
2024-09-30,LFMD,,current,5.21,2534946,585
2024-09-30,LFVN,,current,12.4344,555655,585
2024-09-30,LILA,,current,6.7052,2428072,585
2024-09-30,LMNR,,current,25.5333,1044231,585
2024-09-30,LNZA,,current,174.0,603512,585
2024-09-30,LOCO,,current,13.44,3253321,585
2024-09-30,LODE,,current,4.9,847424,585
2024-09-30,LUNG,,current,8.29,2100157,585
2024-09-30,LWAY,,current,25.97,1868916,585
2024-09-30,LXEO,,current,9.11,2765474,226
2024-09-30,LXFR,,current,11.9075,1236656,585
2024-09-30,LYEL,,current,30.2,876046,585
2024-09-30,LZM,,current,7.03,783481,585
2024-09-30,MASS,,current,3.63,781780,585
2024-09-30,MATV,,current,15.7465,4795784,585
2024-09-30,MBI,,current,3.58,1708263,585
2024-09-30,MCBS,,current,27.774,1058229,585
2024-09-30,MCFT,,current,18.12,2752649,585
2024-09-30,MCRB,,current,18.38,3087400,585
2024-09-30,MDRX,1124804,roster,9.5,1207609,585
2024-09-30,MDWD,,current,17.57,1103008,585
2024-09-30,MDXG,,current,5.83,3771157,585
2024-09-30,MFIN,,current,7.3402,368347,585
2024-09-30,MG,,current,11.15,1298030,585
2024-09-30,MGNX,,current,3.19,2570797,585
2024-09-30,MLP,,current,21.29,284345,585
2024-09-30,MLR,,current,58.3741,4908515,585
2024-09-30,MMI,,current,38.6004,3041484,585
2024-09-30,MPAA,,current,6.64,350067,585
2024-09-30,MTA,,current,3.19,783741,585
2024-09-30,MTRX,,current,11.55,1528678,585
2024-09-30,MTW,,current,9.71,2634231,585
2024-09-30,MVBF,,current,18.0096,459630,585
2024-09-30,MX,,current,4.7,713164,585
2024-09-30,MYFW,,current,19.77,345420,585
2024-09-30,NAGE,,current,3.8,825207,585
2024-09-30,NATH,,current,76.5499,503931,585
2024-09-30,NATR,,current,14.04,638235,585
2024-09-30,NC,,current,27.1465,500981,585
2024-09-30,NCMI,,current,6.8887,2298426,585
2024-09-30,NECB,,current,24.1415,805341,585
2024-09-30,NEGG,,current,15.2,304046,585
2024-09-30,NEOV,,current,3.25,309953,585
2024-09-30,NEWT,,current,10.7366,1770831,585
2024-09-30,NEXN,,current,8.15,283453,585
2024-09-30,NGS,,current,18.9826,1005976,585
2024-09-30,NGVC,,current,27.039,1754690,585
2024-09-30,NKSH,,current,26.4494,259621,585
2024-09-30,NKTX,,current,4.52,2868259,585
2024-09-30,NMFC,,current,9.5525,2662131,585
2024-09-30,NNBR,,current,3.97,408532,585
2024-09-30,NOA,,current,18.164,968541,585
2024-09-30,NOTE,1823466,roster,15.24,481772,585
2024-09-30,NPCE,,current,6.68,316314,585
2024-09-30,NRC,,current,21.1501,1715896,585
2024-09-30,NRDY,,current,14.67,1680380,585
2024-09-30,NRIM,,current,16.6727,1104704,585
2024-09-30,NVCT,,current,6.18,393383,585
2024-09-30,NXDR,,current,2.51,3015648,585
2024-09-30,OABI,,current,4.25,2094622,585
2024-09-30,OBIO,,current,5.02,431952,585
2024-09-30,OBT,,current,28.6076,678752,585
2024-09-30,OFIX,,current,15.32,3933385,585
2024-09-30,OFLX,,current,47.7482,1018120,585
2024-09-30,OM,,current,9.195,1476326,585
2024-09-30,ONEW,,current,24.15,1976731,585
2024-09-30,ONIT,,current,33.97,547792,585
2024-09-30,OPFI,,current,4.7305,755750,585
2024-09-30,OPRT,,current,2.74,318045,585
2024-09-30,OPRX,,current,7.75,829805,585
2024-09-30,ORN,,current,5.69,2749909,585
2024-09-30,ORRF,,current,33.6076,2724955,585
2024-09-30,OSG,,current,11.23,4600673,585
2024-09-30,OSUR,,current,4.29,2807527,585
2024-09-30,OVLY,,current,25.9433,293475,585
2024-09-30,OZ,,current,70.221,334337,585
2024-09-30,PACK,,current,6.43,2118522,585
2024-09-30,PAMT,,current,18.18,367886,585
2024-09-30,PANL,,current,6.53,805959,585
2024-09-30,PAYS,,current,3.86,575784,585
2024-09-30,PBYI,,current,2.58,981167,585
2024-09-30,PCB,,current,17.2638,367165,585
2024-09-30,PCYO,,current,10.87,355060,585
2024-09-30,PDLB,,current,11.53,572799,585
2024-09-30,PEBK,,current,24.0594,692624,585
2024-09-30,PEPG,,current,8.82,923557,585
2024-09-30,PERI,,current,7.97,3297260,585
2024-09-30,PFIS,,current,42.3998,751829,585
2024-09-30,PKBK,,current,19.4813,338673,585
2024-09-30,PKOH,,current,29.1899,885699,585
2024-09-30,PLBC,,current,39.3085,344846,585
2024-09-30,PLCE,,current,17.02,3237169,585
2024-09-30,PLTK,,current,7.0888,4741966,585
2024-09-30,PMTS,,current,27.21,614868,585
2024-09-30,PNNT,,current,4.9969,2191889,585
2024-09-30,PRLD,,current,2.12,999392,585
2024-09-30,PROF,,current,7.92,423173,585
2024-09-30,PRTH,,current,6.85,300898,585
2024-09-30,PSFE,,current,22.35,4554016,585
2024-09-30,PYXS,,current,3.62,1436548,585
2024-09-30,QNTM,,current,3.85,280955,585
2024-09-30,QTRX,,current,12.73,4860820,585
2024-09-30,QUAD,,current,4.2066,499753,585
2024-09-30,QUIK,,current,7.76,1492809,585
2024-09-30,RAIL,,current,9.75,1493824,585
2024-09-30,RBB,,current,21.3385,1082430,585
2024-09-30,RCEL,,current,10.74,1155173,585
2024-09-30,RCKY,,current,30.4432,1208320,585
2024-09-30,RCMT,,current,20.37,488856,585
2024-09-30,RDNW,,current,4.82,489962,585
2024-09-30,RELL,,current,11.9225,679548,585
2024-09-30,RGP,,current,8.3406,3008932,585
2024-09-30,RGR,,current,40.5472,4488541,585
2024-09-30,RICK,,current,43.9529,3576286,585
2024-09-30,RLGT,,current,6.43,590554,585
2024-09-30,RM,,current,30.8039,667300,585
2024-09-30,RMR,,current,20.2567,1305695,585
2024-09-30,RNAC,,current,17.0,1229286,585
2024-09-30,RNGR,,current,11.3234,632339,585
2024-09-30,RPC,,current,10.5012,4621138,585
2024-09-30,RRGB,,current,4.39,2558032,585
2024-09-30,RVPH,1742927,roster,27.0,347050,585
2024-09-30,RWAY,,current,7.4745,1721119,585
2024-09-30,SAMG,,current,15.6106,336159,585
2024-09-30,SAR,,current,17.4846,877346,585
2024-09-30,SBDS,1870600,roster,56.8,410723,585
2024-09-30,SBSI,,current,29.8582,2908663,585
2024-09-30,SCLX,,current,20.5075,1010099,585
2024-09-30,SCM,,current,10.7024,1354023,585
2024-09-30,SD,,current,10.8733,3146619,585
2024-09-30,SENS,,current,6.98,655730,585
2024-09-30,SGC,,current,14.1154,1456228,585
2024-09-30,SGHT,,current,6.51,987589,585
2024-09-30,SHBI,,current,12.9918,907623,585
2024-09-30,SHIP,,current,10.8263,1593839,585
2024-09-30,SIGA,,current,5.5752,4148361,585
2024-09-30,SISI,1300734,roster,286.74,463644,585
2024-09-30,SKIL,,current,16.08,771394,585
2024-09-30,SKYH,,current,11.33,529110,585
2024-09-30,SLAMF,1838162,roster,11.08,325080,585
2024-09-30,SLP,,current,31.56,4959442,585
2024-09-30,SLRC,,current,12.4676,1668247,585
2024-09-30,SMC,,current,34.59,1272594,585
2024-09-30,SMHI,,current,9.7,1628681,585
2024-09-30,SMID,,current,33.19,756421,585
2024-09-30,SMP,,current,30.8907,4181069,585
2024-09-30,SMTI,,current,30.15,647996,585
2024-09-30,SMX,,current,282043.125,399933,585
2024-09-30,SONDQ,1819395,roster,4.35,387846,585
2024-09-30,SPCB,,current,3.82,401911,585
2024-09-30,SPOK,,current,12.609,1317751,585
2024-09-30,SRG,,current,4.64,1654413,585
2024-09-30,SRI,,current,11.37,1951083,585
2024-09-30,SSTI,,current,11.39,715180,585
2024-09-30,STEM,,current,6.58,3604128,585
2024-09-30,SUNE,,current,1400.0,703900,585
2024-09-30,SWIM,,current,6.74,2378422,585
2024-09-30,TASK,,current,7.8206,1778228,585
2024-09-30,TAYD,,current,51.27,1057449,585
2024-09-30,TBCH,,current,15.12,2314177,585
2024-09-30,TBI,,current,7.62,1953508,585
2024-09-30,TCBX,,current,26.44,909987,585
2024-09-30,TCPC,,current,6.134,3001093,585
2024-09-30,TCX,,current,21.01,778596,585
2024-09-30,TG,,current,7.25,478979,585
2024-09-30,TIPT,,current,18.7757,1108654,585
2024-09-30,TITN,,current,14.28,3239082,585
2024-09-30,TKNO,,current,4.71,785830,585
2024-09-30,TLS,,current,3.48,1769297,585
2024-09-30,TLYS,,current,4.98,344506,585
2024-09-30,TMCI,,current,5.77,3829143,585
2024-09-30,TONX,,current,10.8,464648,585
2024-09-30,TOYO,,current,2.71,427353,585
2024-09-30,TPVG,,current,5.3581,1846226,585
2024-09-30,TRAK,,current,17.5117,793579,585
2024-09-30,TRC,,current,17.88,995958,585
2024-09-30,TRDA,,current,16.45,1896455,585
2024-09-30,TSBK,,current,28.3298,347130,585
2024-09-30,TSQ,,current,8.21,365980,585
2024-09-30,TTGT,,current,24.58,3339910,585
2024-09-30,TTOO,1492674,roster,2.0,490784,585
2024-09-30,TUSK,,current,4.105,336276,585
2024-09-30,TWI,,current,8.27,4331001,585
2024-09-30,TWIN,,current,12.481,366315,585
2024-09-30,TZOO,,current,12.56,1311205,585
2024-09-30,UFI,,current,7.4,290072,585
2024-09-30,UIS,,current,5.81,1830955,585
2024-09-30,ULH,,current,41.1434,1029616,585
2024-09-30,UNTY,,current,33.1104,531957,585
2024-09-30,UP,,current,48.0,2329845,585
2024-09-30,USAU,,current,5.59,372657,585
2024-09-30,USCB,,current,14.742,273829,585
2024-09-30,USNA,,current,37.92,2812446,585
2024-09-30,UTMD,,current,64.4113,875647,585
2024-09-30,VEL,,current,19.55,673374,585
2024-09-30,VERU,,current,7.7,470474,585
2024-09-30,VFS,,current,3.92,3210080,585
2024-09-30,VINP,,current,8.7231,486318,585
2024-09-30,VLGEA,,current,29.9903,717803,585
2024-09-30,VLN,1863006,roster,2.28,380930,585
2024-09-30,VMD,,current,7.29,657390,585
2024-09-30,VNDA,,current,4.67,2899292,585
2024-09-30,VOXR,,current,2.8452,538506,585
2024-09-30,VRA,,current,5.53,2444374,585
2024-09-30,VTEX,,current,7.32,3271524,585
2024-09-30,VYGR,,current,5.85,2891468,585
2024-09-30,WEST,,current,6.67,2056084,585
2024-09-30,WEYS,,current,28.8848,316621,585
2024-09-30,WHF,,current,8.5716,494822,585
2024-09-30,WKHS,,current,135.9,1306656,585
2024-09-30,WSBF,,current,13.6147,366084,585
2024-09-30,WTBA,,current,17.3839,516099,585
2024-09-30,XFOR,,current,19.65,691164,585
2024-09-30,XPER,,current,9.14,3646421,509
2024-09-30,YORW,,current,35.5248,1359267,585
2024-09-30,ZAPPF,1955104,roster,2.91,2000760,281
2024-09-30,ZIP,,current,9.29,4499834,585
2024-09-30,ZNTL,,current,3.75,2742374,585
2024-09-30,ZURA,,current,4.07,1019657,384
2024-10-31,ABOS,,current,3.03,373638,608
2024-10-31,ACB,,current,5.68,4358286,608
2024-10-31,ACCO,,current,4.2583,2187154,608
2024-10-31,ACEL,,current,11.35,1566206,608
2024-10-31,ACET,,current,21.76,477307,608
2024-10-31,ACIC,,current,11.013,2128906,608
2024-10-31,ACNB,,current,39.1897,476941,608
2024-10-31,ACRV,,current,8.35,476191,492
2024-10-31,ACTG,,current,4.62,1246993,608
2024-10-31,ACU,,current,38.8994,513649,608
2024-10-31,ADV,,current,78.75,1625688,608
2024-10-31,AEYE,,current,22.35,2571890,608
2024-10-31,AFCG,,current,8.314,1331832,608
2024-10-31,AFMDQ,1608390,roster,3.34,259862,608
2024-10-31,AFYA,,current,15.9292,1855935,608
2024-10-31,AIFU,,current,524.0,267718,608
2024-10-31,AIOS,,current,191.4,1059588,608
2024-10-31,AIOT,,current,5.29,4100717,608
2024-10-31,AIRG,,current,9.5,251750,608
2024-10-31,AIRS,,current,5.88,275763,608
2024-10-31,AISP,,current,2.07,969246,608
2024-10-31,ALCO,,current,24.3039,489152,608
2024-10-31,ALEC,,current,5.1,2110713,608
2024-10-31,ALGS,,current,9.77,427197,608
2024-10-31,ALLT,,current,3.35,250294,608
2024-10-31,ALTG,,current,6.3617,1680778,608
2024-10-31,ALTI,,current,4.1,473642,608
2024-10-31,ALVO,,current,12.77,1071971,597
2024-10-31,AMBP,1845097,roster,3.1496,3263058,608
2024-10-31,AMPY,,current,6.71,1911433,608
2024-10-31,AMWL,,current,9.65,418041,608
2024-10-31,ANGI,,current,24.1,1121085,608
2024-10-31,ANIK,,current,24.68,994700,608
2024-10-31,ANY,,current,10.7,265542,608
2024-10-31,AROW,,current,27.4785,718076,608
2024-10-31,ARQ,,current,6.01,966328,608
2024-10-31,ARTNA,,current,31.1083,825514,608
2024-10-31,ASIX,,current,26.7783,3012408,608
2024-10-31,ASLE,,current,5.4,1952919,608
2024-10-31,ASNS,1141284,roster,12.9,408609,608
2024-10-31,ASUR,,current,9.65,656627,608
2024-10-31,ATLX,,current,10.58,526655,608
2024-10-31,ATNI,,current,20.8336,1357984,608
2024-10-31,ATOM,,current,4.27,377666,608
2024-10-31,ATRA,,current,9.58,641959,608
2024-10-31,ATS,,current,30.8,3199836,608
2024-10-31,AUDC,,current,8.6759,432361,608
2024-10-31,AURA,,current,10.36,935927,608
2024-10-31,AVD,,current,5.36,1396316,608
2024-10-31,AVIR,,current,3.28,615280,608
2024-10-31,AVNW,,current,20.66,2432914,608
2024-10-31,AVXL,,current,5.71,3235401,608
2024-10-31,AXG,,current,2.67,254683,290
2024-10-31,BARK,,current,28.4,787864,608
2024-10-31,BATRA,,current,42.73,1238908,608
2024-10-31,BBCP,,current,4.9703,304539,608
2024-10-31,BCAL,,current,14.2791,808864,608
2024-10-31,BCBP,,current,11.1277,324293,608
2024-10-31,BCIC,,current,13.7442,530853,608
2024-10-31,BCML,,current,23.5388,318623,608
2024-10-31,BCSF,,current,13.4887,2073409,608
2024-10-31,BCTX,,current,7.7,710093,608
2024-10-31,BDTX,,current,2.87,2910367,608
2024-10-31,BGDE,,current,35.6,520936,608
2024-10-31,BHB,,current,30.5661,854068,608
2024-10-31,BIRD,,current,9.8555,498099,608
2024-10-31,BKSY,1753539,roster,6.82,2681470,608
2024-10-31,BKTI,,current,27.5,692673,608
2024-10-31,BMRC,,current,20.9958,1296584,608
2024-10-31,BNED,,current,9.629,2078633,608
2024-10-31,BNT,,current,35.7473,304867,608
2024-10-31,BOC,,current,14.91,1481329,608
2024-10-31,BOOM,,current,10.11,1958247,608
2024-10-31,BRBS,,current,2.334,541067,608
2024-10-31,BRCC,,current,31.6,2602536,608
2024-10-31,BSRR,,current,27.1455,706950,608
2024-10-31,BSVN,,current,41.0988,524699,608
2024-10-31,BURU,1814215,roster,94.9098,975495,440
2024-10-31,BVFL,,current,15.54,273924,608
2024-10-31,BWB,,current,14.68,454134,608
2024-10-31,BWFG,,current,27.5608,307578,608
2024-10-31,BWMN,,current,21.03,2081259,608
2024-10-31,BWMX,,current,11.1682,318195,608
2024-10-31,CAC,,current,39.6591,1662011,608
2024-10-31,CASS,,current,40.3559,1236630,608
2024-10-31,CBAN,,current,14.6404,402961,608
2024-10-31,CBNK,,current,24.6741,415740,608
2024-10-31,CCAP,,current,14.7104,1440485,608
2024-10-31,CCBG,,current,33.5901,783990,608
2024-10-31,CDZI,,current,2.98,360295,608
2024-10-31,CENT,,current,34.17,3700487,608
2024-10-31,CERO,1870404,roster,164.0,305607,608
2024-10-31,CFFI,,current,59.9906,296576,608
2024-10-31,CGNT,,current,6.59,1572403,608
2024-10-31,CHCI,,current,11.86,254437,608
2024-10-31,CHMG,,current,45.5022,454312,608
2024-10-31,CIA,,current,4.79,324800,608
2024-10-31,CING,,current,4.26,879870,608
2024-10-31,CINT,,current,6.8,380109,608
2024-10-31,CION,,current,8.8437,1407106,608
2024-10-31,CIVB,,current,19.0484,686604,608
2024-10-31,CLAR,,current,3.9583,1040153,608
2024-10-31,CLMB,,current,26.196,2534662,608
2024-10-31,CLNN,,current,6.24,342405,608
2024-10-31,CMCL,,current,14.765,999440,608
2024-10-31,CMRC,,current,5.4,4933227,608
2024-10-31,CMT,,current,15.5,553948,608
2024-10-31,COFS,,current,31.1056,815022,608
2024-10-31,COOK,,current,157.5,563218,608
2024-10-31,COYA,,current,6.655,261823,462
2024-10-31,CPS,,current,13.61,1224384,608
2024-10-31,CRCT,,current,5.6142,1707284,608
2024-10-31,CRMT,,current,39.64,3779652,608
2024-10-31,CRNT,,current,2.52,760678,608
2024-10-31,CRON,,current,2.11,1756103,608
2024-10-31,CRVO,,current,14.08,1064594,608
2024-10-31,CSV,,current,31.9682,2418092,608
2024-10-31,CTEV,,current,9.2,479286,608
2024-10-31,CTKB,,current,4.9,2662153,608
2024-10-31,CTOS,1709682,roster,3.97,1649989,608
2024-10-31,CURI,,current,2.0606,304147,608
2024-10-31,CURV,,current,3.76,1395580,608
2024-10-31,CVEO,,current,24.7042,1032892,608
2024-10-31,CVGI,,current,3.01,525918,608
2024-10-31,CVRX,,current,14.07,2043026,608
2024-10-31,CWCO,,current,23.2916,2006335,608
2024-10-31,CXAI,,current,72.5,532483,608
2024-10-31,CXDO,,current,5.71,595345,608
2024-10-31,CZFS,,current,56.9781,451292,608
2024-10-31,CZNC,,current,17.3721,266667,608
2024-10-31,DCBO,,current,46.23,2162108,608
2024-10-31,DERM,,current,5.725,287396,608
2024-10-31,DGICA,,current,14.2102,550560,608
2024-10-31,DIBS,,current,4.22,286783,608
2024-10-31,DLTH,,current,3.59,267897,608
2024-10-31,DMRC,,current,31.87,2161728,608
2024-10-31,DOMO,,current,8.29,2266063,608
2024-10-31,DPRO,,current,2.61,273342,608
2024-10-31,DSGR,,current,40.24,1363081,608
2024-10-31,DSP,,current,11.88,736168,608
2024-10-31,DSX,,current,2.1033,866130,608
2024-10-31,DTIL,,current,8.07,460797,608
2024-10-31,EAF,,current,18.3,1976652,608
2024-10-31,EBF,,current,18.6711,2101379,608
2024-10-31,EGAN,,current,5.25,256967,608
2024-10-31,ELAB,,current,109642.1016,486905,237
2024-10-31,ELMD,,current,22.68,1010062,608
2024-10-31,EML,,current,30.1903,724827,608
2024-10-31,EMPD,,current,52.8,266342,608
2024-10-31,ENTA,,current,11.49,1733573,608
2024-10-31,EPM,,current,4.4072,966371,608
2024-10-31,ESEA,,current,30.1668,1678162,608
2024-10-31,ESOA,,current,11.0563,1027694,608
2024-10-31,EVCM,,current,10.69,899331,608
2024-10-31,EVEX,,current,3.21,810345,608
2024-10-31,FBIZ,,current,41.9508,609650,608
2024-10-31,FC,,current,40.11,1465467,608
2024-10-31,FCBC,,current,36.9361,1094756,608
2024-10-31,FCCO,,current,22.4311,263021,608
2024-10-31,FENC,,current,4.47,382310,608
2024-10-31,FF,,current,5.5288,1435450,608
2024-10-31,FHTX,,current,8.04,985136,608
2024-10-31,FIRY,,current,5.72,343145,608
2024-10-31,FLGT,,current,20.27,2686739,608
2024-10-31,FLL,,current,5.2,333460,608
2024-10-31,FLWS,,current,8.01,1731885,608
2024-10-31,FLXS,,current,56.7394,824196,608
2024-10-31,FMAO,,current,25.8563,466576,608
2024-10-31,FNKO,,current,11.98,4028980,608
2024-10-31,FNLC,,current,24.0465,281300,608
2024-10-31,FOR,,current,32.11,4157565,608
2024-10-31,FORR,,current,15.06,1181792,608
2024-10-31,FPH,,current,3.9,448999,608
2024-10-31,FRBA,,current,13.8957,408341,608
2024-10-31,FRPH,,current,29.16,496859,608
2024-10-31,FRST,,current,10.7795,473037,608
2024-10-31,FSBW,,current,42.3423,513609,608
2024-10-31,FSTR,,current,19.68,711793,608
2024-10-31,FTCI,,current,5.35,539008,608
2024-10-31,FUNC,,current,30.1684,450006,608
2024-10-31,FXHO,,current,21950.0,594150,608
2024-10-31,GAIN,,current,11.7305,1536664,608
2024-10-31,GALT,,current,2.52,289107,608
2024-10-31,GASS,,current,5.8,728142,608
2024-10-31,GCBC,,current,27.6026,336378,608
2024-10-31,GDOT,,current,11.7,3707346,608
2024-10-31,GENC,,current,20.09,463887,608
2024-10-31,GEOS,,current,11.6,348189,608
2024-10-31,GFR,,current,7.12,696451,608
2024-10-31,GIC,,current,24.4076,1463339,608
2024-10-31,GLAD,,current,20.3599,2019623,608
2024-10-31,GLAS,,current,7.63,845780,608
2024-10-31,GLRE,,current,13.52,1130320,608
2024-10-31,GLSI,,current,14.39,330991,608
2024-10-31,GNE,,current,15.2006,800915,608
2024-10-31,GNLX,,current,3.33,280619,444
2024-10-31,GOEVQ,1750153,roster,16.368,3204764,608
2024-10-31,GPRK,,current,7.6612,2346301,608
2024-10-31,GRNT,,current,5.0684,1580803,608
2024-10-31,GSIT,,current,3.21,322368,608
2024-10-31,GTE,,current,6.31,1620590,608
2024-10-31,GTN,,current,5.1272,4440292,608
2024-10-31,GWH,1819438,roster,7.73,506957,608
2024-10-31,GYRE,,current,14.71,536211,608
2024-10-31,HBB,,current,29.4826,1129618,608
2024-10-31,HBT,,current,20.2385,480729,608
2024-10-31,HCKT,,current,23.4824,2592969,608
2024-10-31,HDSN,,current,7.63,2722007,608
2024-10-31,HGTY,,current,10.77,621798,608
2024-10-31,HIPO,,current,18.75,1546999,608
2024-10-31,HITI,,current,2.87,969417,608
2024-10-31,HLLY,,current,2.66,1029986,608
2024-10-31,HOFT,,current,15.19,290543,608
2024-10-31,HPK,,current,12.8474,4103215,608
2024-10-31,HRZN,,current,6.9475,2215603,608
2024-10-31,HSHP,,current,5.8668,576666,399
2024-10-31,HURA,,current,6.09,269882,608
2024-10-31,HURC,,current,21.45,270737,608
2024-10-31,HVT,,current,21.389,4426557,608
2024-10-31,HY,,current,59.7752,3457083,608
2024-10-31,HYPD,,current,42.32,540347,608
2024-10-31,IBEX,,current,18.32,1078919,608
2024-10-31,IGIC,,current,20.159,860320,608
2024-10-31,IHRT,,current,2.01,789467,608
2024-10-31,IMPP,,current,3.71,698557,608
2024-10-31,IMTX,,current,9.23,3427980,608
2024-10-31,IMUX,,current,12.4,414490,608
2024-10-31,IMXI,,current,17.53,4184708,608
2024-10-31,INBK,,current,34.9355,874209,608
2024-10-31,INDO,,current,3.7,3664030,608
2024-10-31,INFU,,current,6.13,274192,608
2024-10-31,INGN,,current,9.27,1759653,608
2024-10-31,INMB,,current,5.95,1028592,608
2024-10-31,INSE,,current,9.5,498750,608
2024-10-31,INSG,,current,17.65,2838673,608
2024-10-31,INTT,,current,7.38,289358,608
2024-10-31,ISTR,,current,20.5269,613072,608
2024-10-31,IVPR,1939365,roster,6.995,1681084,295
2024-10-31,JAKK,,current,25.288,1391298,608
2024-10-31,JILL,,current,23.9025,3381022,608
2024-10-31,JMSB,,current,20.886,264869,608
2024-10-31,JOUT,,current,30.4014,1123792,608
2024-10-31,JRVR,,current,6.2041,1548437,608
2024-10-31,JYNT,,current,11.2,382672,608
2024-10-31,KE,,current,18.19,1932147,608
2024-10-31,KELYA,,current,19.3679,3136307,608
2024-10-31,KIDS,,current,27.0,4192322,608
2024-10-31,KINS,,current,10.1646,1232053,608
2024-10-31,KNOP,,current,5.7566,346485,608
2024-10-31,KRNY,,current,6.2732,1598373,608
2024-10-31,KRO,,current,10.8698,1707586,608
2024-10-31,KRRO,,current,60.85,2416181,608
2024-10-31,KULR,,current,2.24,430538,608
2024-10-31,KWY,,current,9.18,263239,608
2024-10-31,LAKE,,current,19.28,687278,608
2024-10-31,LAW,,current,5.95,523035,608
2024-10-31,LCUT,,current,5.1678,284946,608
2024-10-31,LE,,current,16.37,1633179,608
2024-10-31,LEGH,,current,25.48,1058770,608
2024-10-31,LENZ,,current,27.64,3085891,608
2024-10-31,LFCR,,current,5.93,747081,608
2024-10-31,LFMD,,current,4.15,1999489,608
2024-10-31,LFVN,,current,12.3865,778722,608
2024-10-31,LGMK,1566826,roster,2475.0,698381,608
2024-10-31,LILA,,current,6.6916,2251605,608
2024-10-31,LMNR,,current,25.5361,830870,608
2024-10-31,LNZA,,current,172.0,527969,608
2024-10-31,LOCO,,current,12.55,3115054,608
2024-10-31,LODE,,current,4.2,1211712,608
2024-10-31,LUCK,,current,10.5036,4475106,608
2024-10-31,LUNG,,current,6.79,1697336,608
2024-10-31,LWAY,,current,26.57,2123683,608
2024-10-31,LXEO,,current,8.275,2044249,249
2024-10-31,LXFR,,current,13.6229,1139193,608
2024-10-31,LYEL,,current,17.16,696603,608
2024-10-31,LZM,,current,6.43,622609,608
2024-10-31,MAGN,,current,24.57,283844,608
2024-10-31,MASS,,current,3.25,553176,608
2024-10-31,MATV,,current,14.2277,4201129,608
2024-10-31,MBI,,current,3.89,998166,608
2024-10-31,MCBS,,current,28.5217,847039,608
2024-10-31,MCFT,,current,17.29,2222526,608
2024-10-31,MCRB,,current,15.66,2158775,608
2024-10-31,MDRX,1124804,roster,9.43,1111430,608
2024-10-31,MDWD,,current,18.12,679890,608
2024-10-31,MDXG,,current,5.69,2856287,608
2024-10-31,MED,,current,18.69,3222894,608
2024-10-31,MFIN,,current,8.4702,299622,608
2024-10-31,MG,,current,11.1,1445224,608
2024-10-31,MGNX,,current,3.4,2048551,608
2024-10-31,MLP,,current,22.07,264826,608
2024-10-31,MLR,,current,65.3169,4269742,608
2024-10-31,MMI,,current,37.6539,2630415,608
2024-10-31,MPAA,,current,5.31,336906,608
2024-10-31,MTA,,current,3.68,925573,608
2024-10-31,MTRX,,current,11.35,1198434,608
2024-10-31,MTW,,current,10.37,2027508,608
2024-10-31,MVBF,,current,19.3695,369288,608
2024-10-31,MX,,current,4.48,538286,608
2024-10-31,MYFW,,current,19.1,291863,608
2024-10-31,NAGE,,current,3.58,806545,608
2024-10-31,NATH,,current,79.8413,523657,608
2024-10-31,NATR,,current,12.99,403064,608
2024-10-31,NC,,current,28.0324,425160,608
2024-10-31,NCMI,,current,6.9174,2372085,608
2024-10-31,NECB,,current,25.0305,1054538,608
2024-10-31,NEOV,,current,3.28,326265,608
2024-10-31,NEWT,,current,11.9278,1558604,608
2024-10-31,NEXN,,current,8.33,375705,608
2024-10-31,NGS,,current,19.6111,851496,608
2024-10-31,NGVC,,current,26.4098,1738040,608
2024-10-31,NKTX,,current,3.33,2548658,608
2024-10-31,NMFC,,current,9.0042,3048350,608
2024-10-31,NNBR,,current,3.92,286715,608
2024-10-31,NOA,,current,16.6165,733428,608
2024-10-31,NOTE,1823466,roster,11.76,319188,608
2024-10-31,NPCE,,current,6.93,273155,608
2024-10-31,NRC,,current,16.9182,1395549,608
2024-10-31,NRDY,,current,13.95,1413026,608
2024-10-31,NRIM,,current,15.7897,1015888,608
2024-10-31,NVCT,,current,7.89,567620,608
2024-10-31,NXDR,,current,2.49,2481576,608
2024-10-31,OABI,,current,3.99,1468002,608
2024-10-31,OBIO,,current,5.74,264725,608
2024-10-31,OBT,,current,27.3655,622507,608
2024-10-31,OCS,,current,17.17,430785,608
2024-10-31,OFIX,,current,16.35,3289015,608
2024-10-31,OFLX,,current,46.9384,776503,608
2024-10-31,OKUR,,current,17.49,424851,608
2024-10-31,OM,,current,8.1,592600,608
2024-10-31,ONEW,,current,22.52,1673404,608
2024-10-31,ONIT,,current,30.15,586872,608
2024-10-31,OPFI,,current,5.0795,1007721,608
2024-10-31,OPRX,,current,5.48,725481,608
2024-10-31,ORN,,current,5.42,1997597,608
2024-10-31,ORRF,,current,35.5724,2259368,608
2024-10-31,OSG,,current,11.5,4790664,608
2024-10-31,OSUR,,current,4.2,2329890,608
2024-10-31,OZ,,current,65.25,310694,608
2024-10-31,PACK,,current,5.93,1689640,608
2024-10-31,PAMT,,current,15.34,292319,608
2024-10-31,PANL,,current,5.8166,796823,608
2024-10-31,PAYS,,current,3.65,525474,608
2024-10-31,PBYI,,current,2.84,702364,608
2024-10-31,PCB,,current,17.3846,281572,608
2024-10-31,PCYO,,current,10.59,282631,608
2024-10-31,PDEX,,current,30.5,400656,608
2024-10-31,PDLB,,current,11.48,491869,608
2024-10-31,PEBK,,current,24.5119,338918,608
2024-10-31,PEPG,,current,7.07,605266,608
2024-10-31,PERI,,current,8.33,2282956,608
2024-10-31,PFIS,,current,43.7599,458983,608
2024-10-31,PKBK,,current,20.1291,277842,608
2024-10-31,PKOH,,current,28.5278,610572,608
2024-10-31,PLBC,,current,40.1812,396907,608
2024-10-31,PLTK,,current,7.0799,3908555,608
2024-10-31,PMTS,,current,22.84,595047,608
2024-10-31,PNNT,,current,5.0401,1902861,608
2024-10-31,PPIH,,current,13.18,250057,608
2024-10-31,PROF,,current,7.45,311990,608
2024-10-31,PSFE,,current,21.91,3671664,608
2024-10-31,PYXS,,current,3.77,1355144,608
2024-10-31,QNTM,,current,4.76,399219,608
2024-10-31,QTRX,,current,13.36,4209190,608
2024-10-31,QUAD,,current,5.9237,499753,608
2024-10-31,QUIK,,current,7.72,1131375,608
2024-10-31,RAIL,,current,14.87,3635188,608
2024-10-31,RBB,,current,21.592,814265,608
2024-10-31,RCEL,,current,10.39,897618,608
2024-10-31,RCKY,,current,26.5361,777361,608
2024-10-31,RCMT,,current,22.4,552458,608
2024-10-31,RDCM,,current,10.2,276569,608
2024-10-31,RDNW,,current,5.32,341426,608
2024-10-31,RELL,,current,13.3155,582156,608
2024-10-31,RGP,,current,7.3179,2619007,608
2024-10-31,RGR,,current,39.5767,3880619,608
2024-10-31,RICK,,current,43.7068,2880040,608
2024-10-31,RLGT,,current,6.79,630090,608
2024-10-31,RM,,current,26.9592,510260,608
2024-10-31,RMR,,current,20.0611,1178945,608
2024-10-31,RNAC,,current,21.14,1244017,608
2024-10-31,RNGR,,current,12.2904,515779,608
2024-10-31,RPC,,current,10.9185,3554207,608
2024-10-31,RRGB,,current,6.04,2176368,608
2024-10-31,RVPH,1742927,roster,23.1,294450,608
2024-10-31,RWAY,,current,7.3363,1639832,608
2024-10-31,SAR,,current,17.8092,877554,608
2024-10-31,SBDS,1870600,roster,52.0,288304,608
2024-10-31,SBSI,,current,30.004,2536706,608
2024-10-31,SCLX,,current,20.5293,809869,608
2024-10-31,SCM,,current,11.1702,1338973,608
2024-10-31,SD,,current,10.2585,3136518,608
2024-10-31,SDHC,,current,34.3,3145067,203
2024-10-31,SEAT,,current,82.4,3907675,608
2024-10-31,SENS,,current,6.84,995815,608
2024-10-31,SGC,,current,13.7878,1073127,608
2024-10-31,SGHT,,current,5.29,791505,608
2024-10-31,SHBI,,current,13.8226,803247,608
2024-10-31,SHIP,,current,8.514,1911471,608
2024-10-31,SIGA,,current,5.6713,3740464,608
2024-10-31,SISI,1300734,roster,174.96,251381,608
2024-10-31,SKIL,,current,15.62,715663,608
2024-10-31,SKYH,,current,11.46,728473,608
2024-10-31,SLI,,current,2.51,1641316,608
2024-10-31,SLP,,current,28.68,4174681,608
2024-10-31,SLRC,,current,12.9111,1703129,608
2024-10-31,SMC,,current,35.21,2033476,608
2024-10-31,SMHI,,current,8.43,1375879,608
2024-10-31,SMID,,current,33.79,599814,608
2024-10-31,SMP,,current,31.8047,3973307,608
2024-10-31,SMTI,,current,32.75,723109,608
2024-10-31,SMX,,current,39059.9297,290666,608
2024-10-31,SNBRQ,827187,roster,13.23,4757116,608
2024-10-31,SONDQ,1819395,roster,2.92,506170,608
2024-10-31,SPCB,,current,3.41,337487,608
2024-10-31,SPOK,,current,12.4177,1196059,608
2024-10-31,SRBK,,current,10.3267,299832,281
2024-10-31,SRG,,current,4.11,1054606,608
2024-10-31,SRI,,current,9.28,1764325,608
2024-10-31,SSP,,current,2.4962,1254477,608
2024-10-31,SSTI,,current,10.98,628910,608
2024-10-31,STEM,,current,9.64,3136509,608
2024-10-31,SUNE,,current,824.0,953268,608
2024-10-31,SWIM,,current,6.62,3122339,608
2024-10-31,TARA,,current,2.34,299357,608
2024-10-31,TASK,,current,8.0943,1679859,608
2024-10-31,TAYD,,current,48.65,857633,608
2024-10-31,TBCH,,current,17.29,2142678,608
2024-10-31,TBI,,current,7.56,1430118,608
2024-10-31,TCBX,,current,33.05,846519,608
2024-10-31,TCPC,,current,6.0088,3111434,608
2024-10-31,TCX,,current,19.87,524257,608
2024-10-31,TG,,current,7.76,477104,608
2024-10-31,TIPT,,current,19.0168,1021540,608
2024-10-31,TITN,,current,14.07,2853057,608
2024-10-31,TKNO,,current,7.11,830250,608
2024-10-31,TLS,,current,3.73,1324343,608
2024-10-31,TMCI,,current,4.79,2597191,608
2024-10-31,TNON,,current,114.1,1004091,608
2024-10-31,TONX,,current,12.79,793340,608
2024-10-31,TPVG,,current,4.9749,1571128,608
2024-10-31,TRAK,,current,19.4486,675756,608
2024-10-31,TRC,,current,16.14,1025675,608
2024-10-31,TRDA,,current,17.23,1847749,608
2024-10-31,TSQ,,current,8.2027,285590,608
2024-10-31,TTGT,,current,29.75,3454234,608
2024-10-31,TUSK,,current,4.4,325496,608
2024-10-31,TWI,,current,7.36,3555591,608
2024-10-31,TZOO,,current,17.32,1433701,608
2024-10-31,UFI,,current,6.88,290072,608
2024-10-31,UIS,,current,7.2,2417280,608
2024-10-31,ULH,,current,39.4515,1029616,608
2024-10-31,UNTY,,current,38.5669,487944,608
2024-10-31,UP,,current,43.6,1588259,608
2024-10-31,USAU,,current,6.32,364032,608
2024-10-31,USNA,,current,36.74,2615179,608
2024-10-31,UTMD,,current,61.7862,999546,608
2024-10-31,VBNK,,current,15.1176,347128,608
2024-10-31,VEL,,current,19.18,651811,608
2024-10-31,VERU,,current,7.7,384154,608
2024-10-31,VFS,,current,3.96,2665669,608
2024-10-31,VINP,,current,9.0759,499448,608
2024-10-31,VLGEA,,current,27.0736,674302,608
2024-10-31,VMAR,,current,138000.0,298000,608
2024-10-31,VMD,,current,8.88,870874,608
2024-10-31,VNDA,,current,4.56,2187701,608
2024-10-31,VOXR,,current,2.9816,467835,608
2024-10-31,VRA,,current,5.21,1930449,608
2024-10-31,VTEX,,current,6.95,2961811,608
2024-10-31,VYGR,,current,6.84,2931725,608
2024-10-31,WEST,,current,6.62,2331166,608
2024-10-31,WHF,,current,8.9968,561019,608
2024-10-31,WKHS,,current,116.7,1010692,608
2024-10-31,WSBF,,current,13.9274,358519,608
2024-10-31,WTBA,,current,20.3269,400351,608
2024-10-31,XFOR,,current,15.57,576763,608
2024-10-31,XPER,,current,9.32,3288183,532
2024-10-31,XPOF,,current,12.9,3875494,608
2024-10-31,YORW,,current,33.8119,1153317,608
2024-10-31,ZAPPF,1955104,roster,2.41,388317,304
2024-10-31,ZIP,,current,9.31,4375995,608
2024-10-31,ZNTL,,current,2.7,2857060,608
2024-10-31,ZURA,,current,4.63,976450,407
2024-11-30,ABOS,,current,2.27,429680,629
2024-11-30,ACB,,current,4.55,3986545,629
2024-11-30,ACCO,,current,5.0493,2345311,629
2024-11-30,ACEL,,current,11.56,1659623,629
2024-11-30,ACET,,current,18.08,532568,629
2024-11-30,ACIC,,current,12.4349,2092685,629
2024-11-30,ACIU,,current,3.4,268512,629
2024-11-30,ACNB,,current,44.0349,553058,629
2024-11-30,ACRV,,current,7.58,460219,513
2024-11-30,ACTG,,current,4.55,1281780,629
2024-11-30,ACU,,current,43.3503,500171,629
2024-11-30,ADV,,current,89.0,1497683,629
2024-11-30,AEYE,,current,26.92,2902233,629
2024-11-30,AFCG,,current,8.1139,1331832,629
2024-11-30,AFMDQ,1608390,roster,2.84,279569,629
2024-11-30,AFYA,,current,15.3384,1819918,629
2024-11-30,AIOS,,current,167.4,1017983,629
2024-11-30,AIOT,,current,7.04,4748311,629
2024-11-30,AIRG,,current,8.87,296095,629
2024-11-30,AIRS,,current,6.83,695413,629
2024-11-30,AISP,,current,3.12,1034135,629
2024-11-30,ALCO,,current,26.5205,580625,629
2024-11-30,ALEC,,current,2.59,2831916,629
2024-11-30,ALGS,,current,25.51,987374,629
2024-11-30,ALLT,,current,4.37,250294,629
2024-11-30,ALTG,,current,7.7677,1608401,629
2024-11-30,ALTI,,current,4.75,519247,629
2024-11-30,ALVO,,current,11.75,874057,618
2024-11-30,AMBP,1845097,roster,3.1158,3876705,629
2024-11-30,AMIX,,current,103.32,286031,213
2024-11-30,AMPY,,current,6.71,1629023,629
2024-11-30,AMWL,,current,9.57,436255,629
2024-11-30,ANGI,,current,18.6,1145635,629
2024-11-30,ANIK,,current,17.72,1298677,629
2024-11-30,ANY,,current,14.7,557922,629
2024-11-30,AROW,,current,30.8876,800004,629
2024-11-30,ARQ,,current,7.71,1150080,629
2024-11-30,ARTNA,,current,32.5094,745997,629
2024-11-30,ASIX,,current,30.6448,3262695,629
2024-11-30,ASLE,,current,6.3,2257825,629
2024-11-30,ASNS,1141284,roster,12.3,257905,629
2024-11-30,ASTL,,current,10.5993,4685094,629
2024-11-30,ASUR,,current,9.79,733087,629
2024-11-30,ATLX,,current,7.09,822369,629
2024-11-30,ATNI,,current,18.0188,1545593,629
2024-11-30,ATOM,,current,6.18,746391,629
2024-11-30,ATRA,,current,12.175,911174,629
2024-11-30,ATS,,current,32.69,3863487,629
2024-11-30,AUDC,,current,8.5472,536878,629
2024-11-30,AURA,,current,9.31,1366331,629
2024-11-30,AVD,,current,6.01,1380772,629
2024-11-30,AVIR,,current,3.42,533613,629
2024-11-30,AVNW,,current,15.83,3105722,629
2024-11-30,AVXL,,current,9.46,4090089,629
2024-11-30,AZ,,current,6.92,455236,629
2024-11-30,BARK,,current,43.2,968303,629
2024-11-30,BATRA,,current,42.09,1534767,629
2024-11-30,BBCP,,current,6.1309,314876,629
2024-11-30,BCAL,,current,17.6348,854346,629
2024-11-30,BCBP,,current,12.1164,347955,629
2024-11-30,BCIC,,current,13.2975,531317,629
2024-11-30,BCML,,current,27.4052,465927,629
2024-11-30,BCSF,,current,13.6967,2091186,629
2024-11-30,BCTX,,current,9.8,886422,629
2024-11-30,BDTX,,current,2.65,2276317,629
2024-11-30,BFLY,1804176,roster,3.29,4241826,629
2024-11-30,BGDE,,current,42.8,525023,629
2024-11-30,BHB,,current,33.6202,921241,629
2024-11-30,BIRD,,current,6.9872,470983,629
2024-11-30,BIVI,,current,28.0,2963112,629
2024-11-30,BKTI,,current,33.18,718029,629
2024-11-30,BMRC,,current,23.5775,1274990,629
2024-11-30,BNED,,current,10.8711,2146813,629
2024-11-30,BNT,,current,40.5493,466246,629
2024-11-30,BNTC,,current,10.09,324689,629
2024-11-30,BOC,,current,15.27,1497945,629
2024-11-30,BOOM,,current,8.05,2131980,629
2024-11-30,BRBS,,current,2.8608,856032,629
2024-11-30,BRCC,,current,31.4,2197740,629
2024-11-30,BSRR,,current,29.7654,804260,629
2024-11-30,BSVN,,current,45.6696,741764,629
2024-11-30,BURU,1814215,roster,93.313,1319104,461
2024-11-30,BVFL,,current,16.92,464004,629
2024-11-30,BWB,,current,14.9,598914,629
2024-11-30,BWFG,,current,32.0861,427623,629
2024-11-30,BWMN,,current,27.39,1945117,629
2024-11-30,CAC,,current,44.0439,2147525,629
2024-11-30,CASS,,current,42.4466,1271368,629
2024-11-30,CBAN,,current,16.8389,469613,629
2024-11-30,CBNK,,current,28.2313,610505,629
2024-11-30,CCAP,,current,15.6448,1493313,629
2024-11-30,CCBG,,current,37.6883,856454,629
2024-11-30,CDZI,,current,4.44,443755,629
2024-11-30,CENT,,current,39.75,3676472,629
2024-11-30,CERO,1870404,roster,386.0,420340,629
2024-11-30,CETX,1435064,roster,477.0,911272,629
2024-11-30,CFFI,,current,68.8051,371797,629
2024-11-30,CGNT,,current,8.12,1651713,629
2024-11-30,CHCI,,current,8.16,259753,629
2024-11-30,CHMG,,current,50.1291,489640,629
2024-11-30,CIA,,current,4.48,376491,629
2024-11-30,CING,,current,4.36,523980,629
2024-11-30,CINT,,current,6.77,374635,629
2024-11-30,CION,,current,8.8287,1572701,629
2024-11-30,CIVB,,current,21.6928,784865,629
2024-11-30,CLAR,,current,4.3028,964832,629
2024-11-30,CLDI,1855485,roster,407.04,258499,629
2024-11-30,CLMB,,current,33.4469,3322036,629
2024-11-30,CLNN,,current,4.18,336038,629
2024-11-30,CMCL,,current,10.2135,1165469,629
2024-11-30,CMT,,current,16.54,506218,629
2024-11-30,CNVS,,current,3.77,534696,629
2024-11-30,COFS,,current,35.1261,929706,629
2024-11-30,COOK,,current,160.5,489533,629
2024-11-30,COYA,,current,6.52,390851,483
2024-11-30,CPS,,current,15.44,1431093,629
2024-11-30,CRCT,,current,4.3103,1464834,629
2024-11-30,CRMT,,current,46.16,3948064,629
2024-11-30,CRNT,,current,4.54,896096,629
2024-11-30,CRON,,current,2.08,1647330,629
2024-11-30,CRVO,,current,10.8,1034955,629
2024-11-30,CSV,,current,39.8131,2418092,629
2024-11-30,CTEV,,current,7.89,520621,629
2024-11-30,CTKB,,current,6.53,3257794,629
2024-11-30,CTOS,1709682,roster,5.98,1889923,629
2024-11-30,CUE,,current,36.6,576232,629
2024-11-30,CURV,,current,4.29,1467547,629
2024-11-30,CVEO,,current,23.166,1088445,629
2024-11-30,CVGI,,current,2.41,565611,629
2024-11-30,CVRX,,current,15.32,2414210,629
2024-11-30,CWCO,,current,26.1242,1883079,629
2024-11-30,CXAI,,current,83.5,464538,629
2024-11-30,CXDO,,current,5.38,572910,629
2024-11-30,CZFS,,current,66.7755,960461,629
2024-11-30,CZNC,,current,18.6467,293945,629
2024-11-30,DBGI,,current,222.0,744064,629
2024-11-30,DCBO,,current,49.87,2222927,629
2024-11-30,DERM,,current,5.78,387023,629
2024-11-30,DGICA,,current,15.4713,689416,629
2024-11-30,DIBS,,current,3.89,309842,629
2024-11-30,DMRC,,current,33.89,2283090,629
2024-11-30,DOMO,,current,9.36,2077729,629
2024-11-30,DSGR,,current,39.12,1504344,629
2024-11-30,DSP,,current,18.88,816573,629
2024-11-30,DTIL,,current,7.29,546288,629
2024-11-30,EAF,,current,19.6,2857573,629
2024-11-30,EBF,,current,19.4936,2802742,629
2024-11-30,EBMT,,current,16.4911,251501,629
2024-11-30,ECOR,,current,12.2,517755,629
2024-11-30,ELAB,,current,12084.2109,2099705,258
2024-11-30,ELDN,,current,4.66,359155,629
2024-11-30,ELMD,,current,30.78,1303798,629
2024-11-30,EML,,current,27.748,491294,629
2024-11-30,ENTA,,current,8.6,1626442,629
2024-11-30,EPM,,current,4.9099,987348,629
2024-11-30,ESCA,,current,14.0022,264783,629
2024-11-30,ESEA,,current,28.205,1643204,629
2024-11-30,ESOA,,current,15.7849,1159577,629
2024-11-30,ESP,,current,28.3784,528502,629
2024-11-30,EVCM,,current,12.15,944498,629
2024-11-30,EVEX,,current,4.19,895789,629
2024-11-30,EVTL,1867102,roster,10.1,278581,629
2024-11-30,EXFY,,current,3.26,860838,629
2024-11-30,FBIO,,current,2.13,821359,629
2024-11-30,FBIZ,,current,48.1563,913773,629
2024-11-30,FC,,current,36.38,1502636,629
2024-11-30,FCBC,,current,40.3853,1210685,629
2024-11-30,FCCO,,current,24.9864,277241,629
2024-11-30,FDBC,,current,50.3726,304086,629
2024-11-30,FENC,,current,6.06,424545,629
2024-11-30,FF,,current,4.7533,1418424,629
2024-11-30,FHTX,,current,7.99,1027360,629
2024-11-30,FIRY,,current,5.7,360657,629
2024-11-30,FLGT,,current,18.3,2947543,629
2024-11-30,FLL,,current,4.72,367457,629
2024-11-30,FLWS,,current,8.13,2261313,629
2024-11-30,FLXS,,current,57.2926,1006726,629
2024-11-30,FMAO,,current,31.5624,538316,629
2024-11-30,FNKO,,current,11.75,4273359,629
2024-11-30,FNLC,,current,26.0132,318941,629
2024-11-30,FOA,,current,19.44,367015,629
2024-11-30,FOR,,current,29.85,3799718,629
2024-11-30,FORR,,current,17.25,1101869,629
2024-11-30,FPH,,current,4.06,787778,629
2024-11-30,FRBA,,current,14.3295,439073,629
2024-11-30,FRPH,,current,31.88,513081,629
2024-11-30,FRST,,current,11.7935,592421,629
2024-11-30,FSBW,,current,45.1643,580009,629
2024-11-30,FSTR,,current,28.73,749385,629
2024-11-30,FTCI,,current,3.15,724194,629
2024-11-30,FUNC,,current,33.9716,505592,629
2024-11-30,FXHO,,current,17400.0,444475,629
2024-11-30,GAIN,,current,11.7137,1581949,629
2024-11-30,GALT,,current,2.89,336711,629
2024-11-30,GASS,,current,5.43,763491,629
2024-11-30,GCBC,,current,29.6024,345261,629
2024-11-30,GDOT,,current,10.27,4395286,629
2024-11-30,GENC,,current,22.19,415359,629
2024-11-30,GEOS,,current,10.74,357747,629
2024-11-30,GFR,,current,7.3,857705,629
2024-11-30,GIC,,current,26.5033,1663408,629
2024-11-30,GLAD,,current,23.6098,2192053,629
2024-11-30,GLAS,,current,7.05,746027,629
2024-11-30,GLRE,,current,14.93,1253018,629
2024-11-30,GLSI,,current,14.25,352407,629
2024-11-30,GMM,,current,234.5,373632,289
2024-11-30,GNE,,current,14.7388,774536,629
2024-11-30,GNLX,,current,2.69,342732,465
2024-11-30,GOEVQ,1750153,roster,7.658,3068376,629
2024-11-30,GPRK,,current,9.2373,2332033,629
2024-11-30,GRNT,,current,5.5788,1730670,629
2024-11-30,GSIT,,current,3.3,393160,629
2024-11-30,GTE,,current,6.88,1604055,629
2024-11-30,GTN,,current,3.7617,4291956,629
2024-11-30,GWH,1819438,roster,6.26,506957,629
2024-11-30,GYRE,,current,12.51,694378,629
2024-11-30,HAO,,current,335.36,986196,214
2024-11-30,HBB,,current,18.4159,1124567,629
2024-11-30,HBT,,current,22.5991,514834,629
2024-11-30,HCKT,,current,29.9528,2358676,629
2024-11-30,HDSN,,current,5.94,3015084,629
2024-11-30,HGTY,,current,11.78,620689,629
2024-11-30,HIPO,,current,33.04,1955447,629
2024-11-30,HITI,,current,3.26,1557516,629
2024-11-30,HLLY,,current,2.84,900298,629
2024-11-30,HOFT,,current,16.8948,312853,629
2024-11-30,HPK,,current,14.7569,3935205,629
2024-11-30,HRZN,,current,6.7776,2690106,629
2024-11-30,HSHP,,current,5.559,596251,420
2024-11-30,HURA,,current,6.56,271234,629
2024-11-30,HURC,,current,23.32,274306,629
2024-11-30,HVT,,current,21.372,4225917,629
2024-11-30,HY,,current,52.5609,3519668,629
2024-11-30,HYPD,,current,7.92,496935,629
2024-11-30,IBEX,,current,20.5,1798422,629
2024-11-30,ICCM,,current,24.96,293300,629
2024-11-30,IGIC,,current,22.7402,1325611,629
2024-11-30,IHRT,,current,2.29,1095602,629
2024-11-30,IKT,,current,2.92,342222,629
2024-11-30,IMMR,,current,8.2341,4567782,629
2024-11-30,IMPP,,current,3.18,609051,629
2024-11-30,IMRX,,current,2.09,883663,629
2024-11-30,IMTX,,current,8.32,4219542,629
2024-11-30,IMUX,,current,12.4,734439,629
2024-11-30,IMXI,,current,21.07,4028176,629
2024-11-30,INBK,,current,41.2284,1049865,629
2024-11-30,INDO,,current,3.01,2480008,629
2024-11-30,INFU,,current,8.9,374205,629
2024-11-30,INGN,,current,9.71,1707289,629
2024-11-30,INMB,,current,5.05,1000089,629
2024-11-30,INSE,,current,9.62,586020,629
2024-11-30,INSG,,current,11.94,3033742,629
2024-11-30,INTT,,current,7.58,306174,629
2024-11-30,ISTR,,current,23.042,577137,629
2024-11-30,ITRMF,1659323,roster,2.02,568112,629
2024-11-30,IVPR,1939365,roster,5.5225,601291,316
2024-11-30,JAKK,,current,26.826,1618122,629
2024-11-30,JILL,,current,26.6227,3022560,629
2024-11-30,JMSB,,current,22.0032,302655,629
2024-11-30,JOUT,,current,31.613,1019944,629
2024-11-30,JRVR,,current,4.6259,1508695,629
2024-11-30,JYNT,,current,11.64,429208,629
2024-11-30,KE,,current,19.61,1879278,629
2024-11-30,KELYA,,current,13.9898,3540497,629
2024-11-30,KIDS,,current,25.98,4098316,629
2024-11-30,KINS,,current,16.4818,1601016,629
2024-11-30,KNOP,,current,5.6596,339112,629
2024-11-30,KRNY,,current,7.1176,1770515,629
2024-11-30,KRO,,current,10.6906,1581110,629
2024-11-30,KRRO,,current,52.06,3402095,629
2024-11-30,KULR,,current,9.28,549745,629
2024-11-30,KWY,,current,8.83,263239,629
2024-11-30,LAKE,,current,22.4871,672487,629
2024-11-30,LAW,,current,5.92,500450,629
2024-11-30,LCUT,,current,5.5157,299370,629
2024-11-30,LE,,current,15.95,1857749,629
2024-11-30,LEE,,current,16.32,305450,629
2024-11-30,LEGH,,current,26.17,1137897,629
2024-11-30,LENZ,,current,35.6,3885633,629
2024-11-30,LFCR,,current,7.41,815984,629
2024-11-30,LFMD,,current,6.59,2294141,629
2024-11-30,LFVN,,current,13.9958,933758,629
2024-11-30,LGMK,1566826,roster,1365.0,841509,629
2024-11-30,LILA,,current,4.7283,2445131,629
2024-11-30,LMNR,,current,27.1681,954382,629
2024-11-30,LNZA,,current,124.0,611163,629
2024-11-30,LOCO,,current,12.72,2594003,629
2024-11-30,LODE,,current,3.7,884845,629
2024-11-30,LUNG,,current,6.45,1444596,629
2024-11-30,LWAY,,current,24.45,2444472,629
2024-11-30,LXEO,,current,8.23,2000496,270
2024-11-30,LXFR,,current,13.4082,1320519,629
2024-11-30,LYEL,,current,18.9,945365,629
2024-11-30,LZM,,current,7.1,608131,629
2024-11-30,MAGN,,current,20.48,837039,629
2024-11-30,MASS,,current,2.74,524327,629
2024-11-30,MATV,,current,12.1214,4312011,629
2024-11-30,MBI,,current,6.89,1119359,629
2024-11-30,MCBS,,current,32.3673,916712,629
2024-11-30,MCFT,,current,21.2,2266272,629
2024-11-30,MCRB,,current,19.6,2438040,629
2024-11-30,MDRX,1124804,roster,10.4,1692447,629
2024-11-30,MDWD,,current,17.47,658824,629
2024-11-30,MDXG,,current,9.25,3100727,629
2024-11-30,MED,,current,19.67,3212260,629
2024-11-30,MFIN,,current,8.6131,353819,629
2024-11-30,MG,,current,9.31,1331067,629
2024-11-30,MGNX,,current,3.59,2015502,629
2024-11-30,MLP,,current,24.25,277784,629
2024-11-30,MLR,,current,71.387,4591504,629
2024-11-30,MMI,,current,40.6006,2717484,629
2024-11-30,MPAA,,current,7.29,317811,629
2024-11-30,MTA,,current,3.07,1114428,629
2024-11-30,MTRX,,current,13.26,1539155,629
2024-11-30,MTW,,current,10.63,2240473,629
2024-11-30,MVBF,,current,20.5414,432422,629
2024-11-30,MX,,current,4.32,672453,629
2024-11-30,MYFW,,current,22.21,381344,629
2024-11-30,NAGE,,current,7.72,1145840,629
2024-11-30,NATH,,current,82.7788,658922,629
2024-11-30,NATR,,current,16.24,401989,629
2024-11-30,NC,,current,30.6803,381589,629
2024-11-30,NCDL,,current,13.9793,1199711,215
2024-11-30,NCMI,,current,6.6495,2601610,629
2024-11-30,NECB,,current,28.1383,1588471,629
2024-11-30,NEGG,,current,11.8,274485,629
2024-11-30,NEOV,,current,5.09,603798,629
2024-11-30,NEWT,,current,12.9553,1598809,629
2024-11-30,NEXN,,current,9.8,432517,629
2024-11-30,NGS,,current,27.261,914850,629
2024-11-30,NGVC,,current,45.5491,2102790,629
2024-11-30,NKTX,,current,2.87,2648883,629
2024-11-30,NMFC,,current,9.4889,4067666,629
2024-11-30,NNBR,,current,3.99,299530,629
2024-11-30,NOA,,current,19.7011,780830,629
2024-11-30,NODK,,current,16.14,256597,629
2024-11-30,NOTE,1823466,roster,10.5,366621,629
2024-11-30,NPCE,,current,10.6,307582,629
2024-11-30,NRC,,current,18.5713,1360973,629
2024-11-30,NRDY,,current,23.7,1363160,629
2024-11-30,NRIM,,current,20.2476,1265435,629
2024-11-30,NSLR,,current,5.0077,360665,629
2024-11-30,NVCT,,current,5.04,754001,629
2024-11-30,NXDR,,current,2.43,2499384,629
2024-11-30,OABI,,current,3.91,1528482,629
2024-11-30,OBIO,,current,5.63,254079,629
2024-11-30,OBT,,current,28.6028,867104,629
2024-11-30,OCS,,current,16.04,645024,629
2024-11-30,OFIX,,current,19.53,3622382,629
2024-11-30,OFLX,,current,45.9983,727377,629
2024-11-30,OKUR,,current,15.42,819202,629
2024-11-30,OM,,current,13.44,391785,629
2024-11-30,ONEW,,current,22.19,1715546,629
2024-11-30,ONIT,,current,30.87,816054,629
2024-11-30,OPBK,,current,16.2729,264002,629
2024-11-30,OPFI,,current,7.91,1495473,629
2024-11-30,OPRT,,current,3.98,292901,629
2024-11-30,OPRX,,current,5.45,978735,629
2024-11-30,ORN,,current,8.72,2618327,629
2024-11-30,ORRF,,current,37.3639,3088747,629
2024-11-30,OSUR,,current,3.8,2349929,629
2024-11-30,PACK,,current,7.79,1599850,629
2024-11-30,PAMT,,current,18.97,273880,629
2024-11-30,PANL,,current,5.1196,871265,629
2024-11-30,PAYS,,current,3.39,511641,629
2024-11-30,PBYI,,current,3.39,751039,629
2024-11-30,PCB,,current,20.1337,351272,629
2024-11-30,PCYO,,current,14.54,322164,629
2024-11-30,PDEX,,current,51.0,792659,629
2024-11-30,PDLB,,current,12.93,446998,629
2024-11-30,PEBK,,current,30.1779,274590,629
2024-11-30,PEPG,,current,5.05,450390,629
2024-11-30,PERI,,current,8.62,2199185,629
2024-11-30,PFIS,,current,50.9321,524293,629
2024-11-30,PKBK,,current,22.3331,361236,629
2024-11-30,PKOH,,current,30.9865,735835,629
2024-11-30,PLBC,,current,47.8342,464638,629
2024-11-30,PLTK,,current,7.5173,3674182,629
2024-11-30,PMTS,,current,33.01,652690,629
2024-11-30,PNNT,,current,5.0027,2020967,629
2024-11-30,PPIH,,current,15.34,480474,629
2024-11-30,PROF,,current,8.12,286161,629
2024-11-30,PRQR,,current,3.84,978797,629
2024-11-30,PRTH,,current,9.3,454204,629
2024-11-30,PSBD,,current,12.7267,293883,220
2024-11-30,PSFE,,current,19.88,4009186,629
2024-11-30,PYXS,,current,2.01,1646297,629
2024-11-30,QNTM,,current,4.67,260759,629
2024-11-30,QTRX,,current,12.33,4473325,629
2024-11-30,QUAD,,current,6.6063,948018,629
2024-11-30,QUIK,,current,7.63,935115,629
2024-11-30,RBB,,current,22.5562,816880,629
2024-11-30,RCEL,,current,12.82,904784,629
2024-11-30,RCKY,,current,20.7807,828502,629
2024-11-30,RCMT,,current,22.88,667765,629
2024-11-30,RDCM,,current,11.95,362965,629
2024-11-30,RDNW,,current,6.83,373310,629
2024-11-30,RELL,,current,13.5828,650689,629
2024-11-30,RGP,,current,7.5645,2507036,629
2024-11-30,RGR,,current,37.0666,4927474,629
2024-11-30,RICK,,current,51.6294,3185655,629
2024-11-30,RLGT,,current,7.48,714626,629
2024-11-30,RM,,current,28.7112,508505,629
2024-11-30,RMNI,,current,2.16,351261,629
2024-11-30,RMR,,current,18.4032,1241451,629
2024-11-30,RNAC,,current,18.83,1512571,629
2024-11-30,RNGR,,current,16.0079,647462,629
2024-11-30,RPAY,,current,8.08,4403608,629
2024-11-30,RPC,,current,13.7184,3986806,629
2024-11-30,RRGB,,current,5.39,1719766,629
2024-11-30,RVPH,1742927,roster,24.8,332589,629
2024-11-30,RWAY,,current,7.8715,1867633,629
2024-11-30,SAMG,,current,16.655,282808,629
2024-11-30,SAR,,current,19.3946,1032413,629
2024-11-30,SBC,,current,7.23,304183,549
2024-11-30,SBDS,1870600,roster,49.6,281250,629
2024-11-30,SBSI,,current,32.3308,2910469,629
2024-11-30,SCLX,,current,14.0349,1329172,629
2024-11-30,SCM,,current,11.0879,1416971,629
2024-11-30,SD,,current,10.8649,3303084,629
2024-11-30,SDHC,,current,33.7,1923095,224
2024-11-30,SEAT,,current,71.6,3988459,629
2024-11-30,SENS,,current,6.22,1309539,629
2024-11-30,SGC,,current,15.5366,662286,629
2024-11-30,SGHT,,current,3.99,881352,629
2024-11-30,SHBI,,current,15.6453,1036528,629
2024-11-30,SHIP,,current,7.2414,2299372,629
2024-11-30,SIGA,,current,5.8315,2865899,629
2024-11-30,SISI,1300734,roster,123.5,254486,629
2024-11-30,SKIL,,current,15.31,633255,629
2024-11-30,SKYH,,current,11.28,728473,629
2024-11-30,SLRC,,current,14.0156,1931332,629
2024-11-30,SMC,,current,37.79,2169359,629
2024-11-30,SMHI,,current,6.87,1494383,629
2024-11-30,SMID,,current,49.1,728471,629
2024-11-30,SMP,,current,30.9308,4112331,629
2024-11-30,SMTI,,current,36.34,740896,629
2024-11-30,SMX,,current,21508.3242,395266,629
2024-11-30,SONDQ,1819395,roster,3.73,283777,629
2024-11-30,SPOK,,current,13.9119,1314302,629
2024-11-30,SRBK,,current,11.0518,307330,302
2024-11-30,SRG,,current,4.56,855547,629
2024-11-30,SRI,,current,6.86,1962863,629
2024-11-30,SSTI,,current,12.98,558390,629
2024-11-30,STEM,,current,7.84,2333885,629
2024-11-30,SUNE,,current,642.0,1061854,629
2024-11-30,SWIM,,current,6.63,3122339,629
2024-11-30,TARA,,current,3.01,311842,629
2024-11-30,TASK,,current,9.5542,1388252,629
2024-11-30,TAYD,,current,48.08,881260,629
2024-11-30,TBCH,,current,17.31,2179182,629
2024-11-30,TBI,,current,7.52,1357530,629
2024-11-30,TCBX,,current,35.5,1596957,629
2024-11-30,TCPC,,current,6.9293,3059279,629
2024-11-30,TCX,,current,17.69,551212,629
2024-11-30,TG,,current,7.17,644955,629
2024-11-30,TIPT,,current,22.0368,1209550,629
2024-11-30,TITN,,current,15.45,2479930,629
2024-11-30,TKNO,,current,7.47,1193837,629
2024-11-30,TLS,,current,3.4,1312898,629
2024-11-30,TMCI,,current,8.52,2652789,629
2024-11-30,TNON,,current,80.15,1238982,629
2024-11-30,TONX,,current,9.42,970708,629
2024-11-30,TOP,,current,8.35,270573,629
2024-11-30,TPVG,,current,6.305,1536832,629
2024-11-30,TRAK,,current,22.7445,887524,629
2024-11-30,TRC,,current,16.12,1226436,629
2024-11-30,TRDA,,current,19.89,1894686,629
2024-11-30,TSQ,,current,8.293,303494,629
2024-11-30,TTGT,,current,32.11,3604420,629
2024-11-30,TUSK,,current,3.48,336475,629
2024-11-30,TWI,,current,7.32,3835240,629
2024-11-30,TZOO,,current,19.96,1986715,629
2024-11-30,UFI,,current,5.56,300984,629
2024-11-30,UIS,,current,7.98,3197308,629
2024-11-30,ULH,,current,50.093,1622268,629
2024-11-30,UNTY,,current,44.3164,857820,629
2024-11-30,UP,,current,50.0,1779895,629
2024-11-30,USAU,,current,7.7,567171,629
2024-11-30,USGO,,current,12.12,397718,407
2024-11-30,USNA,,current,38.53,3109252,629
2024-11-30,UTMD,,current,62.9733,1250741,629
2024-11-30,VBNK,,current,17.8455,356650,629
2024-11-30,VEL,,current,20.46,606041,629
2024-11-30,VERU,,current,7.1,474398,629
2024-11-30,VFS,,current,4.15,2740212,629
2024-11-30,VINP,,current,9.2193,543219,629
2024-11-30,VLGEA,,current,30.9017,668115,629
2024-11-30,VMAR,,current,88000.0,457600,629
2024-11-30,VMD,,current,8.67,1127496,629
2024-11-30,VNDA,,current,5.15,2334866,629
2024-11-30,VOXR,,current,2.5821,492530,629
2024-11-30,VRA,,current,5.85,1328780,629
2024-11-30,VTEX,,current,6.22,2575426,629
2024-11-30,VUZI,,current,2.31,870612,629
2024-11-30,VYGR,,current,6.86,3142603,629
2024-11-30,WEST,,current,8.03,2493983,629
2024-11-30,WEYS,,current,31.7978,291070,629
2024-11-30,WHF,,current,8.0868,624479,629
2024-11-30,WKHS,,current,162.0,1310242,629
2024-11-30,WSBF,,current,14.0484,400924,629
2024-11-30,WTBA,,current,22.0687,452127,629
2024-11-30,XFOR,,current,11.79,594739,629
2024-11-30,XPER,,current,9.47,3338672,553
2024-11-30,XPOF,,current,15.24,4204848,629
2024-11-30,YORW,,current,34.1261,1219803,629
2024-11-30,ZCAR,1854275,roster,103.8,369049,629
2024-11-30,ZIP,,current,8.86,3907343,629
2024-11-30,ZNTL,,current,3.61,4051702,629
2024-11-30,ZUMZ,,current,22.07,4772083,629
2024-11-30,ZURA,,current,3.05,1114159,428
2024-12-31,ACB,,current,4.2,3277813,649
2024-12-31,ACCO,,current,4.5461,2671657,649
2024-12-31,ACEL,,current,10.57,1909517,649
2024-12-31,ACET,,current,14.416,502215,649
2024-12-31,ACIC,,current,12.0274,2067802,649
2024-12-31,ACIU,,current,2.67,262776,649
2024-12-31,ACNB,,current,36.7898,567891,649
2024-12-31,ACNT,,current,11.25,325688,649
2024-12-31,ACRV,,current,5.41,382003,533
2024-12-31,ACTG,,current,4.33,1134177,649
2024-12-31,ACU,,current,35.7536,373467,649
2024-12-31,ADV,,current,72.75,1175899,649
2024-12-31,AEHL,,current,883.2,263232,649
2024-12-31,AEYE,,current,15.62,4100893,649
2024-12-31,AFCG,,current,7.1465,1177026,649
2024-12-31,AFYA,,current,14.9177,1803436,649
2024-12-31,AIOS,,current,143.0,991134,649
2024-12-31,AIRG,,current,7.27,287585,649
2024-12-31,AIRS,,current,5.5,1165620,649
2024-12-31,AISP,,current,6.89,3519827,649
2024-12-31,ALCO,,current,25.2632,785380,649
2024-12-31,ALLT,,current,6.21,1161684,649
2024-12-31,ALTG,,current,6.4027,1588402,649
2024-12-31,ALTI,,current,4.43,473083,649
2024-12-31,ALVO,,current,13.02,1050718,638
2024-12-31,AMBP,1845097,roster,2.5756,4013612,649
2024-12-31,AMIX,,current,83.58,513871,233
2024-12-31,AMPY,,current,5.91,1585061,649
2024-12-31,AMWL,,current,7.47,456628,649
2024-12-31,ANGI,,current,16.1,1487255,649
2024-12-31,ANIK,,current,16.25,1461302,649
2024-12-31,ANY,,current,9.4,875342,649
2024-12-31,AOUT,,current,14.91,423939,649
2024-12-31,AROW,,current,26.7386,919977,649
2024-12-31,ARQ,,current,7.23,1179650,649
2024-12-31,ARTNA,,current,29.5617,857309,649
2024-12-31,ASIX,,current,26.4261,3119883,649
2024-12-31,ASLE,,current,6.15,2452361,649
2024-12-31,ASTL,,current,9.5168,4154293,649
2024-12-31,ASUR,,current,9.41,822243,649
2024-12-31,ATLO,,current,15.3752,262022,649
2024-12-31,ATLX,,current,6.49,758509,649
2024-12-31,ATNI,,current,15.0855,1379262,649
2024-12-31,ATOM,,current,12.91,2415924,649
2024-12-31,ATRA,,current,13.28,971811,649
2024-12-31,ATS,,current,30.25,3800494,649
2024-12-31,AUDC,,current,8.6575,564569,649
2024-12-31,AURA,,current,8.13,1408112,649
2024-12-31,AVD,,current,4.57,1472116,649
2024-12-31,AVIR,,current,3.33,617850,649
2024-12-31,AVNW,,current,17.49,3180903,649
2024-12-31,AZ,,current,6.49,669287,649
2024-12-31,BARK,,current,37.2,1304845,649
2024-12-31,BATRA,,current,40.3,1551772,649
2024-12-31,BBCP,,current,5.8386,352046,649
2024-12-31,BCAL,,current,16.3949,872107,649
2024-12-31,BCBP,,current,10.6646,364960,649
2024-12-31,BCIC,,current,12.645,623389,649
2024-12-31,BCML,,current,25.3698,543134,649
2024-12-31,BCSF,,current,14.2808,2206107,649
2024-12-31,BCTX,,current,5.7,736855,649
2024-12-31,BDSX,,current,29.2,347646,649
2024-12-31,BDTX,,current,2.15,1341549,649
2024-12-31,BGDE,,current,17.6,766370,649
2024-12-31,BHB,,current,28.2768,996193,649
2024-12-31,BIRD,,current,6.2701,377291,649
2024-12-31,BIVI,,current,20.9,4363019,649
2024-12-31,BKTI,,current,34.91,966157,649
2024-12-31,BMRC,,current,21.8614,1190399,649
2024-12-31,BNED,,current,9.8178,3613801,649
2024-12-31,BNT,,current,37.9325,476051,649
2024-12-31,BNTC,,current,12.51,470626,649
2024-12-31,BOC,,current,14.26,1444123,649
2024-12-31,BOOM,,current,7.1,1828975,649
2024-12-31,BPRN,,current,32.1212,265046,649
2024-12-31,BRBS,,current,2.5852,673236,649
2024-12-31,BRCC,,current,31.0,2052480,649
2024-12-31,BSRR,,current,27.3914,993675,649
2024-12-31,BSVN,,current,45.2506,895501,649
2024-12-31,BURU,1814215,roster,158.9215,1772434,481
2024-12-31,BVFL,,current,17.31,535868,649
2024-12-31,BWB,,current,13.4,691778,649
2024-12-31,BWEN,,current,2.01,266815,649
2024-12-31,BWFG,,current,30.2858,399932,649
2024-12-31,BWMN,,current,25.16,1858944,649
2024-12-31,BWMX,,current,8.8694,256833,649
2024-12-31,CAC,,current,39.9863,2162148,649
2024-12-31,CASS,,current,38.7012,1490207,649
2024-12-31,CBAN,,current,15.5399,507563,649
2024-12-31,CBNK,,current,27.6757,1137677,649
2024-12-31,CCAP,,current,15.9034,1509767,649
2024-12-31,CCBG,,current,35.3484,857353,649
2024-12-31,CD,,current,7.13,342048,649
2024-12-31,CDZI,,current,5.05,928028,649
2024-12-31,CENT,,current,38.76,3688362,649
2024-12-31,CERO,1870404,roster,130.0,1242870,649
2024-12-31,CETX,1435064,roster,469.5,1445192,649
2024-12-31,CFBK,,current,24.6858,337090,649
2024-12-31,CFFI,,current,68.6203,502778,649
2024-12-31,CGNT,,current,8.6,1676903,649
2024-12-31,CHMG,,current,47.2256,519329,649
2024-12-31,CIA,,current,4.0,443457,649
2024-12-31,CING,,current,4.98,373540,649
2024-12-31,CINT,,current,6.04,356143,649
2024-12-31,CION,,current,8.7586,1829425,649
2024-12-31,CIVB,,current,19.9862,979733,649
2024-12-31,CLAR,,current,4.2365,842815,649
2024-12-31,CLDI,1855485,roster,234.24,1734062,649
2024-12-31,CLMB,,current,31.4517,3645485,649
2024-12-31,CLNN,,current,5.0,336967,649
2024-12-31,CMCL,,current,9.041,905512,649
2024-12-31,CMT,,current,16.41,532382,649
2024-12-31,CNVS,,current,3.81,734966,649
2024-12-31,CODA,,current,7.875,272061,649
2024-12-31,COFS,,current,33.6467,911114,649
2024-12-31,COOK,,current,117.0,438840,649
2024-12-31,COYA,,current,5.81,424942,503
2024-12-31,CPS,,current,13.69,1767534,649
2024-12-31,CRCT,,current,4.7588,1376858,649
2024-12-31,CRMT,,current,51.15,3843651,649
2024-12-31,CRNT,,current,4.64,3016792,649
2024-12-31,CRVO,,current,2.39,1006722,649
2024-12-31,CSV,,current,38.9294,2529348,649
2024-12-31,CTEV,,current,15.46,481154,649
2024-12-31,CTKB,,current,6.55,3313474,649
2024-12-31,CTOS,1709682,roster,4.81,2484331,649
2024-12-31,CUE,,current,30.6,562972,649
2024-12-31,CURV,,current,5.19,1842697,649
2024-12-31,CVEO,,current,22.3138,1149600,649
2024-12-31,CVGI,,current,2.38,702553,649
2024-12-31,CVRX,,current,12.77,2600839,649
2024-12-31,CWCO,,current,25.0474,1870573,649
2024-12-31,CXAI,,current,99.5,824953,649
2024-12-31,CXDO,,current,5.24,732720,649
2024-12-31,CZFS,,current,61.1477,1232406,649
2024-12-31,CZNC,,current,16.762,397306,649
2024-12-31,CZWI,,current,15.7651,258934,649
2024-12-31,DBGI,,current,44.8,1083608,649
2024-12-31,DCBO,,current,45.03,2411354,649
2024-12-31,DERM,,current,3.97,438769,649
2024-12-31,DGICA,,current,14.2905,1194883,649
2024-12-31,DIBS,,current,3.64,354593,649
2024-12-31,DMAC,,current,5.34,277352,649
2024-12-31,DMRC,,current,38.3,3435978,649
2024-12-31,DOMO,,current,7.22,2200379,649
2024-12-31,DPRO,,current,4.45,271770,649
2024-12-31,DSGR,,current,34.27,1544172,649
2024-12-31,DSP,,current,19.01,2888847,649
2024-12-31,DTCX,,current,3.02,390487,649
2024-12-31,DTIL,,current,4.26,549096,649
2024-12-31,EAF,,current,17.3,3183843,649
2024-12-31,EBF,,current,19.4571,2540855,649
2024-12-31,EBMT,,current,14.188,282565,649
2024-12-31,ECOR,,current,16.98,1282078,649
2024-12-31,EGAN,,current,5.87,266086,649
2024-12-31,ELAB,,current,14029.4736,2192842,278
2024-12-31,ELDN,,current,4.14,1370738,649
2024-12-31,ELMD,,current,30.16,1809503,649
2024-12-31,EML,,current,25.4582,417987,649
2024-12-31,ENTA,,current,5.85,1826184,649
2024-12-31,EPM,,current,4.3828,854633,649
2024-12-31,ESCA,,current,13.2367,338049,649
2024-12-31,ESEA,,current,25.6672,1476396,649
2024-12-31,ESOA,,current,12.4143,2774553,649
2024-12-31,ESP,,current,28.6997,574330,649
2024-12-31,EVCM,,current,11.02,989651,649
2024-12-31,EVEX,,current,5.56,1038152,649
2024-12-31,EVTL,1867102,roster,12.52,383584,649
2024-12-31,EXFY,,current,3.48,1209468,649
2024-12-31,FBIO,,current,2.18,960904,649
2024-12-31,FBIZ,,current,44.3418,976476,649
2024-12-31,FC,,current,37.31,1788075,649
2024-12-31,FCBC,,current,36.6853,1270728,649
2024-12-31,FCCO,,current,22.9883,372666,649
2024-12-31,FDBC,,current,45.1947,326480,649
2024-12-31,FENC,,current,6.16,466132,649
2024-12-31,FF,,current,4.9006,1441956,649
2024-12-31,FGNX,,current,97.8,586700,649
2024-12-31,FHTX,,current,4.61,948610,649
2024-12-31,FIRY,,current,4.96,464538,649
2024-12-31,FLGT,,current,18.42,4354827,649
2024-12-31,FLL,,current,4.03,520032,649
2024-12-31,FLWS,,current,8.16,2405056,649
2024-12-31,FLXS,,current,53.0519,1283503,649
2024-12-31,FMAO,,current,27.0564,571355,649
2024-12-31,FNLC,,current,24.529,323611,649
2024-12-31,FOA,,current,28.8,1706864,649
2024-12-31,FOR,,current,25.6,3631653,649
2024-12-31,FORR,,current,15.79,1028803,649
2024-12-31,FOXO,1812360,roster,17915.9902,598612,574
2024-12-31,FPH,,current,3.63,780858,649
2024-12-31,FRBA,,current,13.6126,450315,649
2024-12-31,FRPH,,current,30.26,589896,649
2024-12-31,FRST,,current,10.9916,654475,649
2024-12-31,FSBW,,current,38.9625,540054,649
2024-12-31,FSTR,,current,26.97,858114,649
2024-12-31,FTCI,,current,5.53,655125,649
2024-12-31,FUNC,,current,32.1701,603440,649
2024-12-31,FXNC,,current,22.2675,288192,649
2024-12-31,GAIN,,current,11.432,1453764,649
2024-12-31,GASS,,current,5.6,824909,649
2024-12-31,GCBC,,current,26.9555,410745,649
2024-12-31,GDOT,,current,10.44,4434020,649
2024-12-31,GENC,,current,17.22,441856,649
2024-12-31,GEOS,,current,10.13,407631,649
2024-12-31,GFR,,current,6.99,751863,649
2024-12-31,GIC,,current,23.1822,2079061,649
2024-12-31,GLAD,,current,24.4754,2461631,649
2024-12-31,GLAS,,current,5.61,724313,649
2024-12-31,GLRE,,current,13.83,1006357,649
2024-12-31,GLSI,,current,10.91,328160,649
2024-12-31,GMM,,current,195.5,391501,309
2024-12-31,GNE,,current,14.9706,859553,649
2024-12-31,GNLX,,current,2.4,289905,485
2024-12-31,GPRK,,current,8.685,2620538,649
2024-12-31,GRNT,,current,5.3453,2138433,649
2024-12-31,GSIT,,current,3.11,424494,649
2024-12-31,GTE,,current,6.8,2005521,649
2024-12-31,GTN,,current,2.6713,4315887,649
2024-12-31,GWH,1819438,roster,6.14,527678,649
2024-12-31,GWRS,,current,10.8323,268339,649
2024-12-31,GYRE,,current,12.66,900952,649
2024-12-31,HAO,,current,340.48,696831,234
2024-12-31,HBB,,current,15.8766,991863,649
2024-12-31,HBT,,current,20.5987,538612,649
2024-12-31,HCKT,,current,29.4453,2411169,649
2024-12-31,HDSN,,current,5.46,3114078,649
2024-12-31,HGTY,,current,9.57,697082,649
2024-12-31,HIPO,,current,26.48,4082796,649
2024-12-31,HITI,,current,3.06,1821118,649
2024-12-31,HLLY,,current,3.01,892596,649
2024-12-31,HOFT,,current,12.5649,342859,649
2024-12-31,HPK,,current,14.531,3451595,649
2024-12-31,HRZN,,current,6.5283,2739003,649
2024-12-31,HSHP,,current,4.3411,595872,440
2024-12-31,HURA,,current,4.25,584947,649
2024-12-31,HURC,,current,19.17,302411,649
2024-12-31,HVT,,current,19.8965,3561872,649
2024-12-31,HY,,current,47.3085,3738569,649
2024-12-31,HYPD,,current,9.04,750695,649
2024-12-31,IBEX,,current,21.45,1910590,649
2024-12-31,ICCM,,current,33.0,364103,649
2024-12-31,IFRX,,current,2.64,334781,649
2024-12-31,IGIC,,current,20.775,2172396,649
2024-12-31,IKT,,current,3.24,562662,649
2024-12-31,IMMR,,current,8.1235,4519921,649
2024-12-31,IMPP,,current,3.07,627344,649
2024-12-31,IMRX,,current,2.25,772641,649
2024-12-31,IMTX,,current,6.9,4086212,649
2024-12-31,IMUX,,current,10.3,831692,649
2024-12-31,IMXI,,current,20.59,3457294,649
2024-12-31,INBK,,current,35.5058,1049865,649
2024-12-31,INDO,,current,2.76,2110805,649
2024-12-31,INFU,,current,8.0,442266,649
2024-12-31,INGN,,current,9.11,1523240,649
2024-12-31,INMB,,current,4.65,967786,649
2024-12-31,INSE,,current,8.85,767553,649
2024-12-31,INSG,,current,10.38,2485223,649
2024-12-31,INTT,,current,8.5,348825,649
2024-12-31,ISTR,,current,21.4556,553956,649
2024-12-31,IVPR,1939365,roster,4.865,346584,336
2024-12-31,JAKK,,current,25.0026,1765844,649
2024-12-31,JILL,,current,25.784,2748846,649
2024-12-31,JMSB,,current,19.9146,309157,649
2024-12-31,JOUT,,current,31.0025,991983,649
2024-12-31,JRVR,,current,4.715,1585564,649
2024-12-31,JYNT,,current,9.95,423096,649
2024-12-31,KE,,current,18.58,1964467,649
2024-12-31,KELYA,,current,13.0348,4958076,649
2024-12-31,KIDS,,current,22.57,4675762,649
2024-12-31,KINS,,current,15.3207,3135238,649
2024-12-31,KNOP,,current,5.2518,415270,649
2024-12-31,KRNY,,current,6.3088,2125236,649
2024-12-31,KRO,,current,9.131,1570079,649
2024-12-31,KRRO,,current,38.11,4956740,649
2024-12-31,LAKE,,current,25.3277,782717,649
2024-12-31,LAW,,current,4.98,558555,649
2024-12-31,LCUT,,current,5.2254,281152,649
2024-12-31,LE,,current,13.17,1897845,649
2024-12-31,LEE,,current,14.36,371420,649
2024-12-31,LEGH,,current,24.43,1333371,649
2024-12-31,LENZ,,current,30.07,4097031,649
2024-12-31,LFCR,,current,7.42,1085094,649
2024-12-31,LFMD,,current,5.12,2715914,649
2024-12-31,LFVN,,current,17.0025,1098158,649
2024-12-31,LGMK,1566826,roster,1230.0,929559,649
2024-12-31,LILA,,current,4.2527,2482232,649
2024-12-31,LMNR,,current,23.5856,938744,649
2024-12-31,LNSR,,current,8.66,296181,649
2024-12-31,LNZA,,current,160.0,634852,649
2024-12-31,LOCO,,current,11.55,2198124,649
2024-12-31,LODE,,current,8.8,1085720,649
2024-12-31,LUNG,,current,6.71,1364016,649
2024-12-31,LWAY,,current,23.3,2037045,649
2024-12-31,LXEO,,current,6.54,1758681,290
2024-12-31,LXFR,,current,12.3718,1419230,649
2024-12-31,LYEL,,current,12.42,980531,649
2024-12-31,LZM,,current,6.99,528978,649
2024-12-31,MASS,,current,2.13,509023,649
2024-12-31,MATV,,current,10.0013,4320468,649
2024-12-31,MBI,,current,6.23,1620030,649
2024-12-31,MCBS,,current,30.4068,997839,649
2024-12-31,MCFT,,current,18.96,1906961,649
2024-12-31,MCRB,,current,16.62,1614896,649
2024-12-31,MDRX,1124804,roster,9.4,1471346,649
2024-12-31,MDWD,,current,17.91,751319,649
2024-12-31,MED,,current,17.79,3434187,649
2024-12-31,MFIN,,current,8.5491,407203,649
2024-12-31,MG,,current,8.99,1237561,649
2024-12-31,MGNX,,current,3.23,1748073,649
2024-12-31,MLP,,current,21.08,285710,649
2024-12-31,MLR,,current,63.3568,4866137,649
2024-12-31,MMI,,current,37.0782,2620024,649
2024-12-31,MPAA,,current,7.85,382034,649
2024-12-31,MRBK,,current,12.6395,293339,649
2024-12-31,MSPR,1802450,roster,14.42,399704,649
2024-12-31,MTA,,current,2.54,1114428,649
2024-12-31,MTRX,,current,12.03,1308478,649
2024-12-31,MTW,,current,8.77,2364933,649
2024-12-31,MVBF,,current,19.4848,520138,649
2024-12-31,MX,,current,4.01,822820,649
2024-12-31,MYFW,,current,19.11,386682,649
2024-12-31,NAGE,,current,5.45,3799007,649
2024-12-31,NATH,,current,74.9078,776037,649
2024-12-31,NATR,,current,14.78,498550,649
2024-12-31,NC,,current,28.0116,312063,649
2024-12-31,NCDL,,current,13.6642,2748403,235
2024-12-31,NCMI,,current,6.1903,3142498,649
2024-12-31,NECB,,current,22.8746,1599869,649
2024-12-31,NEGG,,current,8.4,314359,649
2024-12-31,NEOV,,current,5.19,896079,649
2024-12-31,NEWT,,current,11.5436,1588128,649
2024-12-31,NEXN,,current,10.07,904179,649
2024-12-31,NGS,,current,26.8289,1136921,649
2024-12-31,NGVC,,current,38.5222,3073767,649
2024-12-31,NKSH,,current,26.6456,281106,649
2024-12-31,NKTX,,current,2.32,3195778,649
2024-12-31,NMFC,,current,9.273,4067666,649
2024-12-31,NMHI,1947861,roster,2.15,438243,649
2024-12-31,NNBR,,current,3.45,345023,649
2024-12-31,NOA,,current,20.828,917389,649
2024-12-31,NODK,,current,15.67,286800,649
2024-12-31,NOTE,1823466,roster,13.8,603327,649
2024-12-31,NPCE,,current,10.87,498955,649
2024-12-31,NRC,,current,16.5567,1443437,649
2024-12-31,NRDY,,current,24.75,1955814,649
2024-12-31,NRIM,,current,18.8107,1745611,649
2024-12-31,NSLR,,current,5.7258,862143,649
2024-12-31,NUS,,current,6.3191,4576257,649
2024-12-31,NVCT,,current,5.14,686371,649
2024-12-31,NXDR,,current,2.39,3801814,649
2024-12-31,OABI,,current,3.56,1535819,649
2024-12-31,OBIO,,current,4.25,264370,649
2024-12-31,OBT,,current,26.5094,856341,649
2024-12-31,OCS,,current,16.97,666917,649
2024-12-31,OFIX,,current,17.5,3881368,649
2024-12-31,OFLX,,current,39.6422,680574,649
2024-12-31,OKUR,,current,8.27,1091489,649
2024-12-31,OM,,current,17.55,423319,649
2024-12-31,ONEW,,current,17.56,1826545,649
2024-12-31,ONIT,,current,30.44,1002818,649
2024-12-31,OPBK,,current,14.639,391506,649
2024-12-31,OPFI,,current,7.3284,2639877,649
2024-12-31,OPRT,,current,3.98,476020,649
2024-12-31,OPRX,,current,5.28,1179355,649
2024-12-31,ORN,,current,7.51,2528550,649
2024-12-31,ORRF,,current,34.5261,3156276,649
2024-12-31,OSUR,,current,3.58,2683487,649
2024-12-31,OZ,,current,76.0,292767,649
2024-12-31,PACK,,current,6.9,1526113,649
2024-12-31,PAMT,,current,16.61,305054,649
2024-12-31,PANL,,current,4.9335,966532,649
2024-12-31,PAYS,,current,3.07,532209,649
2024-12-31,PBYI,,current,3.13,1080636,649
2024-12-31,PCB,,current,18.9064,421022,649
2024-12-31,PCYO,,current,12.84,448133,649
2024-12-31,PDEX,,current,45.91,890780,649
2024-12-31,PDLB,,current,12.81,425429,649
2024-12-31,PEPG,,current,3.83,395407,649
2024-12-31,PERI,,current,8.48,2288023,649
2024-12-31,PEW,,current,11.65,630047,244
2024-12-31,PFIS,,current,47.3699,1042477,649
2024-12-31,PKBK,,current,19.5615,384612,649
2024-12-31,PKOH,,current,25.2265,766063,649
2024-12-31,PLBC,,current,45.0272,469933,649
2024-12-31,PLTK,,current,6.3949,3974768,649
2024-12-31,PMTS,,current,31.17,787201,649
2024-12-31,PNNT,,current,5.2403,2260724,649
2024-12-31,PPIH,,current,15.22,695188,649
2024-12-31,PROF,,current,7.05,309810,649
2024-12-31,PRQR,,current,2.65,1557922,649
2024-12-31,PRTH,,current,11.49,1529200,649
2024-12-31,QNCX,,current,370.0,357816,649
2024-12-31,QNTM,,current,4.04,371928,649
2024-12-31,QTRX,,current,10.9,4190639,649
2024-12-31,QUAD,,current,6.2586,1786213,649
2024-12-31,QUIK,,current,11.71,1062648,649
2024-12-31,RAIL,,current,9.25,3870564,649
2024-12-31,RBB,,current,19.6256,701343,649
2024-12-31,RBOT,1812173,roster,12.99,297671,649
2024-12-31,RCEL,,current,13.21,1076922,649
2024-12-31,RCKY,,current,21.5528,828798,649
2024-12-31,RCMT,,current,22.54,883207,649
2024-12-31,RDCM,,current,11.88,492945,649
2024-12-31,RDNW,,current,5.63,569599,649
2024-12-31,RELL,,current,13.5056,716931,649
2024-12-31,RGP,,current,7.5376,2164290,649
2024-12-31,RICK,,current,56.7938,3341498,649
2024-12-31,RLGT,,current,6.69,643264,649
2024-12-31,RM,,current,31.5042,620406,649
2024-12-31,RMNI,,current,2.65,450725,649
2024-12-31,RMR,,current,17.1183,1425742,649
2024-12-31,RNAC,,current,18.76,1725592,649
2024-12-31,RNGR,,current,14.7855,1970736,649
2024-12-31,RPAY,,current,7.59,4301712,649
2024-12-31,RRGB,,current,5.44,1531522,649
2024-12-31,RSVR,,current,9.04,253109,649
2024-12-31,RVPH,1742927,roster,36.2,594322,649
2024-12-31,RWAY,,current,8.2571,2153141,649
2024-12-31,SAMG,,current,16.9237,285277,649
2024-12-31,SAR,,current,18.8217,1109395,649
2024-12-31,SBC,,current,5.65,268655,569
2024-12-31,SBDS,1870600,roster,46.0,288423,649
2024-12-31,SBFG,,current,19.5943,264142,649
2024-12-31,SBSI,,current,29.1548,3020100,649
2024-12-31,SCLX,,current,9.175,1224899,649
2024-12-31,SCM,,current,11.0638,1448926,649
2024-12-31,SD,,current,10.763,3159844,649
2024-12-31,SDHC,,current,25.99,1721790,244
2024-12-31,SEAT,,current,90.8,4322317,649
2024-12-31,SENS,,current,11.0,1721866,649
2024-12-31,SES,1819142,roster,2.42,1060517,649
2024-12-31,SGC,,current,14.7841,630560,649
2024-12-31,SGHT,,current,3.53,832443,649
2024-12-31,SHBI,,current,15.0556,1209740,649
2024-12-31,SHIP,,current,6.2512,2173528,649
2024-12-31,SIGA,,current,4.7421,2457978,649
2024-12-31,SISI,1300734,roster,178.0,268438,649
2024-12-31,SKIL,,current,22.31,456909,649
2024-12-31,SKYH,,current,11.96,839702,649
2024-12-31,SLRC,,current,13.9469,1931332,649
2024-12-31,SMC,,current,36.81,2271369,649
2024-12-31,SMHI,,current,6.35,1376476,649
2024-12-31,SMID,,current,43.86,938447,649
2024-12-31,SMP,,current,29.0023,3623286,649
2024-12-31,SMTI,,current,33.19,905236,649
2024-12-31,SMX,,current,83192.5781,552216,649
2024-12-31,SOAR,1853070,roster,5.6838,346397,649
2024-12-31,SPOK,,current,13.5643,1275737,649
2024-12-31,SRG,,current,4.08,918129,649
2024-12-31,SRI,,current,6.29,2020517,649
2024-12-31,SSTI,,current,12.85,629154,649
2024-12-31,STEM,,current,14.96,2409941,649
2024-12-31,STI,,current,40.5,533756,649
2024-12-31,SUNE,,current,518.0,456035,649
2024-12-31,SWIM,,current,6.81,3639549,649
2024-12-31,TARA,,current,5.28,571434,649
2024-12-31,TASK,,current,10.9489,1573968,649
2024-12-31,TAYD,,current,42.29,831507,649
2024-12-31,TBCH,,current,17.09,2446993,649
2024-12-31,TBI,,current,8.0,1333144,649
2024-12-31,TCBX,,current,34.38,2436424,649
2024-12-31,TCPC,,current,6.6506,3220365,649
2024-12-31,TCX,,current,16.57,544802,649
2024-12-31,TG,,current,7.56,841567,649
2024-12-31,TIPT,,current,20.4952,1335139,649
2024-12-31,TITN,,current,13.82,2469935,649
2024-12-31,TKNO,,current,8.85,1606453,649
2024-12-31,TLS,,current,3.43,1181194,649
2024-12-31,TMCI,,current,6.88,2316767,649
2024-12-31,TNON,,current,66.85,580489,649
2024-12-31,TONX,,current,6.79,829396,649
2024-12-31,TPVG,,current,5.6436,1575752,649
2024-12-31,TRAK,,current,21.7943,1002760,649
2024-12-31,TRC,,current,15.82,1347246,649
2024-12-31,TRDA,,current,17.37,1894423,649
2024-12-31,TSBK,,current,28.7641,277822,649
2024-12-31,TSQ,,current,7.5786,360565,649
2024-12-31,TUSK,,current,2.78,320868,649
2024-12-31,TWI,,current,6.69,4267505,649
2024-12-31,TWIN,,current,11.43,256488,649
2024-12-31,TZOO,,current,19.85,2154839,649
2024-12-31,UFI,,current,5.72,300299,649
2024-12-31,UIS,,current,6.46,3914823,649
2024-12-31,ULH,,current,44.2799,1884027,649
2024-12-31,UNTY,,current,42.7664,1224928,649
2024-12-31,UP,,current,33.4,1934447,649
2024-12-31,USAU,,current,6.33,730991,649
2024-12-31,USCB,,current,17.1394,422077,649
2024-12-31,USGO,,current,8.68,427670,427
2024-12-31,USNA,,current,35.29,3197549,649
2024-12-31,UTMD,,current,59.0614,1150445,649
2024-12-31,VBNK,,current,13.3519,501778,649
2024-12-31,VEL,,current,19.97,609384,649
2024-12-31,VERU,,current,6.4,606966,649
2024-12-31,VFS,,current,4.09,3067095,649
2024-12-31,VINP,,current,8.9684,593870,649
2024-12-31,VLGEA,,current,30.138,700112,649
2024-12-31,VLN,1863006,roster,2.79,558333,649
2024-12-31,VMAR,,current,62000.0,520440,649
2024-12-31,VMD,,current,8.0,1111489,649
2024-12-31,VNDA,,current,4.78,2457835,649
2024-12-31,VOXR,,current,2.2606,419143,649
2024-12-31,VRA,,current,3.91,1177580,649
2024-12-31,VTEX,,current,5.78,3084879,649
2024-12-31,VUZI,,current,4.32,1847200,649
2024-12-31,VYGR,,current,5.59,3221519,649
2024-12-31,WEST,,current,6.25,2322867,649
2024-12-31,WEYS,,current,32.902,358517,649
2024-12-31,WHF,,current,7.5426,696785,649
2024-12-31,WKHS,,current,111.75,1459954,649
2024-12-31,WLDS,,current,66.24,285290,578
2024-12-31,WNEB,,current,8.8209,261611,649
2024-12-31,WSBF,,current,12.3633,460487,649
2024-12-31,WTBA,,current,20.0532,483800,649
2024-12-31,WYY,,current,5.27,346464,649
2024-12-31,XFOR,,current,24.24,914628,649
2024-12-31,XPER,,current,10.07,3754594,573
2024-12-31,XPOF,,current,13.09,4526406,649
2024-12-31,YORW,,current,31.5457,1375883,649
2024-12-31,ZCAR,1854275,roster,42.4,739238,649
2024-12-31,ZIP,,current,7.14,3662066,649
2024-12-31,ZNTL,,current,2.92,3839615,649
2024-12-31,ZUMZ,,current,18.73,4509834,649
2024-12-31,ZURA,,current,2.55,1306858,448
2025-01-31,ACB,,current,3.82,2984598,669
2025-01-31,ACCO,,current,4.6155,2799418,669
2025-01-31,ACEL,,current,11.26,2441104,669
2025-01-31,ACET,,current,14.24,519624,669
2025-01-31,ACIC,,current,11.7483,1829434,669
2025-01-31,ACIU,,current,2.7,294616,669
2025-01-31,ACNB,,current,38.5282,762817,669
2025-01-31,ACNT,,current,11.14,327702,669
2025-01-31,ACRV,,current,5.79,286327,553
2025-01-31,ACTG,,current,4.38,792271,669
2025-01-31,ACU,,current,35.6749,288833,669
2025-01-31,ADV,,current,68.0,1178370,669
2025-01-31,AEHL,,current,460.8,326207,669
2025-01-31,AEYE,,current,19.29,4167313,669
2025-01-31,AFCG,,current,7.0858,1151027,669
2025-01-31,AFYA,,current,15.9198,1543173,669
2025-01-31,AIOS,,current,128.6,572060,669
2025-01-31,AIRG,,current,7.0,261310,669
2025-01-31,AIRS,,current,4.85,1333450,669
2025-01-31,ALCO,,current,31.0535,922998,669
2025-01-31,ALLT,,current,8.37,3446277,669
2025-01-31,ALTG,,current,7.2865,1412339,669
2025-01-31,ALTI,,current,3.92,410579,669
2025-01-31,ALVO,,current,12.41,1234183,658
2025-01-31,AMBP,1845097,roster,2.4451,3391446,669
2025-01-31,AMIX,,current,64.05,540536,253
2025-01-31,AMPY,,current,5.41,1627683,669
2025-01-31,AMWL,,current,11.63,471667,669
2025-01-31,ANGI,,current,18.4,1834582,669
2025-01-31,ANIK,,current,17.28,1429267,669
2025-01-31,ANY,,current,8.75,892219,669
2025-01-31,AOUT,,current,17.17,775183,669
2025-01-31,AROW,,current,25.3432,1064663,669
2025-01-31,ARQ,,current,6.29,1479346,669
2025-01-31,ARTNA,,current,28.8131,1072496,669
2025-01-31,ASIX,,current,29.4368,3296650,669
2025-01-31,ASLE,,current,6.8,1759287,669
2025-01-31,ASTL,,current,8.5129,3841277,669
2025-01-31,ASUR,,current,11.89,1062176,669
2025-01-31,ATLO,,current,17.1719,346278,669
2025-01-31,ATLX,,current,6.3,635150,669
2025-01-31,ATNI,,current,14.4015,1343643,669
2025-01-31,ATOM,,current,8.37,4757858,669
2025-01-31,ATRA,,current,8.49,1421711,669
2025-01-31,ATS,,current,27.26,3596994,669
2025-01-31,AUDC,,current,9.3743,678849,669
2025-01-31,AURA,,current,7.93,1257974,669
2025-01-31,AVD,,current,6.09,1648484,669
2025-01-31,AVIR,,current,2.99,1066264,669
2025-01-31,AVNW,,current,18.69,2980387,669
2025-01-31,AZ,,current,7.4,613293,669
2025-01-31,BARK,,current,38.2,1696644,669
2025-01-31,BATRA,,current,42.93,1645757,669
2025-01-31,BBCP,,current,8.23,530652,669
2025-01-31,BCAL,,current,16.0406,894460,669
2025-01-31,BCBP,,current,9.6967,435617,669
2025-01-31,BCIC,,current,13.3208,622127,669
2025-01-31,BCML,,current,27.0991,611365,669
2025-01-31,BCSF,,current,14.9127,2552801,669
2025-01-31,BCTX,,current,55.7,507457,669
2025-01-31,BDSX,,current,20.8,478941,669
2025-01-31,BDTX,,current,2.52,1232256,669
2025-01-31,BGDE,,current,15.0,633542,669
2025-01-31,BHATF,1759136,roster,200.0,443328,669
2025-01-31,BHB,,current,30.0424,1181434,669
2025-01-31,BIRD,,current,5.6842,338849,669
2025-01-31,BIVI,,current,16.7,3116277,669
2025-01-31,BKTI,,current,33.49,961285,669
2025-01-31,BMRC,,current,23.4749,1095063,669
2025-01-31,BNT,,current,40.9353,554893,669
2025-01-31,BNTC,,current,10.91,470347,669
2025-01-31,BOC,,current,14.73,1712085,669
2025-01-31,BOOM,,current,8.46,1612376,669
2025-01-31,BPRN,,current,29.7359,277780,669
2025-01-31,BRBS,,current,2.7311,552957,669
2025-01-31,BRCC,,current,27.6,2169185,669
2025-01-31,BSRR,,current,28.7061,1138302,669
2025-01-31,BSVN,,current,41.9937,952995,669
2025-01-31,BURU,1814215,roster,61.6564,1058137,501
2025-01-31,BVFL,,current,15.3,541140,669
2025-01-31,BWB,,current,14.22,781432,669
2025-01-31,BWFG,,current,30.6342,473816,669
2025-01-31,BWMN,,current,25.9,1569409,669
2025-01-31,CAC,,current,42.9256,2633665,669
2025-01-31,CASS,,current,39.9585,1623953,669
2025-01-31,CBAN,,current,16.1512,632607,669
2025-01-31,CBNK,,current,30.3565,1217532,669
2025-01-31,CCAP,,current,16.1264,1509767,669
2025-01-31,CCBG,,current,36.196,936737,669
2025-01-31,CCLD,,current,3.72,383337,669
2025-01-31,CD,,current,7.04,620528,669
2025-01-31,CDZI,,current,4.69,2000129,669
2025-01-31,CENT,,current,36.82,3625101,669
2025-01-31,CERO,1870404,roster,39.8,1584534,669
2025-01-31,CETX,1435064,roster,396.0,757495,669
2025-01-31,CFBK,,current,24.4509,495319,669
2025-01-31,CFFI,,current,73.1193,705379,669
2025-01-31,CGEN,,current,2.35,730743,669
2025-01-31,CGNT,,current,9.35,1942377,669
2025-01-31,CHMG,,current,49.5484,504230,669
2025-01-31,CIA,,current,5.0,364969,669
2025-01-31,CING,,current,4.55,443267,669
2025-01-31,CINT,,current,6.9,387771,669
2025-01-31,CION,,current,8.9922,2021109,669
2025-01-31,CIVB,,current,20.2801,979733,669
2025-01-31,CLAR,,current,4.7388,817764,669
2025-01-31,CLDI,1855485,roster,120.192,1794552,669
2025-01-31,CLMB,,current,32.1698,3849846,669
2025-01-31,CLNN,,current,4.75,330853,669
2025-01-31,CMCL,,current,9.2832,654439,669
2025-01-31,CMT,,current,14.86,629912,669
2025-01-31,CNVS,,current,3.66,522518,669
2025-01-31,COFS,,current,31.9752,813604,669
2025-01-31,COOK,,current,126.0,429373,669
2025-01-31,COYA,,current,5.86,350791,523
2025-01-31,CPS,,current,15.78,2256111,669
2025-01-31,CRBP,,current,9.9,3723908,669
2025-01-31,CRCT,,current,4.6293,1361318,669
2025-01-31,CRMT,,current,50.11,4066934,669
2025-01-31,CRVO,,current,2.25,761907,669
2025-01-31,CSV,,current,40.7949,2913806,669
2025-01-31,CTEV,,current,19.44,898189,669
2025-01-31,CTKB,,current,5.66,3962807,669
2025-01-31,CTNM,,current,10.22,886410,206
2025-01-31,CTOS,1709682,roster,5.29,2978782,669
2025-01-31,CUE,,current,40.8,461269,669
2025-01-31,CURV,,current,6.71,1800908,669
2025-01-31,CVEO,,current,23.3344,1249078,669
2025-01-31,CVGI,,current,2.18,763741,669
2025-01-31,CVRX,,current,16.81,3166360,669
2025-01-31,CWCO,,current,25.6122,1918751,669
2025-01-31,CXAI,,current,76.5,1371827,669
2025-01-31,CXDO,,current,5.76,751118,669
2025-01-31,CZFS,,current,59.6812,1225129,669
2025-01-31,CZNC,,current,19.4935,524999,669
2025-01-31,CZWI,,current,15.2069,335475,669
2025-01-31,DBGI,,current,61.2,341591,669
2025-01-31,DCBO,,current,42.84,2695950,669
2025-01-31,DERM,,current,3.98,328837,669
2025-01-31,DGICA,,current,13.5746,1371121,669
2025-01-31,DIBS,,current,3.65,336445,669
2025-01-31,DMAC,,current,5.85,410593,669
2025-01-31,DMRC,,current,37.71,4852275,669
2025-01-31,DOMO,,current,8.26,2127594,669
2025-01-31,DPRO,,current,3.35,908328,669
2025-01-31,DSGR,,current,32.98,1467303,669
2025-01-31,DSP,,current,22.02,4058460,669
2025-01-31,DTCX,,current,3.7,412279,669
2025-01-31,DTIL,,current,5.21,687861,669
2025-01-31,EAF,,current,14.5,2937683,669
2025-01-31,EBF,,current,19.1578,2197127,669
2025-01-31,EBMT,,current,14.4534,273907,669
2025-01-31,ECOR,,current,15.71,1495433,669
2025-01-31,EGAN,,current,6.22,406069,669
2025-01-31,ELAB,,current,10021.0527,1754185,298
2025-01-31,ELDN,,current,4.78,1559228,669
2025-01-31,ELMD,,current,35.14,2638024,669
2025-01-31,EML,,current,26.8012,317196,669
2025-01-31,ENTA,,current,5.14,2463982,669
2025-01-31,EPM,,current,4.6482,849153,669
2025-01-31,ESCA,,current,14.5301,343064,669
2025-01-31,ESEA,,current,23.5997,1353385,669
2025-01-31,ESOA,,current,11.6869,3230067,669
2025-01-31,ESP,,current,26.8402,484164,669
2025-01-31,EVCM,,current,10.09,1057387,669
2025-01-31,EVEX,,current,5.29,1268266,669
2025-01-31,EVI,,current,17.6483,268096,669
2025-01-31,EVTL,1867102,roster,4.95,1648627,669
2025-01-31,EXFY,,current,3.65,1360406,669
2025-01-31,FBIZ,,current,47.6086,1155824,669
2025-01-31,FC,,current,37.15,2816767,669
2025-01-31,FCBC,,current,37.9974,1270728,669
2025-01-31,FCCO,,current,24.8039,466336,669
2025-01-31,FDBC,,current,41.8177,307059,669
2025-01-31,FENC,,current,6.55,475929,669
2025-01-31,FF,,current,5.1037,1138156,669
2025-01-31,FGNX,,current,109.75,960671,669
2025-01-31,FHTX,,current,4.34,804976,669
2025-01-31,FIRY,,current,6.59,609965,669
2025-01-31,FLD,1889123,roster,11.15,324675,669
2025-01-31,FLGT,,current,17.0,4695944,669
2025-01-31,FLL,,current,5.33,824880,669
2025-01-31,FLWS,,current,8.09,3058445,669
2025-01-31,FLXS,,current,50.083,1322386,669
2025-01-31,FMAO,,current,26.1172,588005,669
2025-01-31,FNLC,,current,23.8718,438674,669
2025-01-31,FOA,,current,25.38,3852490,669
2025-01-31,FOR,,current,24.68,4086364,669
2025-01-31,FORR,,current,15.38,846415,669
2025-01-31,FOXO,1812360,roster,15641.418,1059497,594
2025-01-31,FPH,,current,6.42,780858,669
2025-01-31,FRBA,,current,14.8721,561549,669
2025-01-31,FRPH,,current,30.81,745391,669
2025-01-31,FRST,,current,10.5481,670828,669
2025-01-31,FSBW,,current,38.4891,587785,669
2025-01-31,FSTR,,current,27.89,917908,669
2025-01-31,FTCI,,current,3.92,523400,669
2025-01-31,FUNC,,current,31.0135,703016,669
2025-01-31,FXNC,,current,24.0451,347212,669
2025-01-31,GAIN,,current,11.6049,1352341,669
2025-01-31,GASS,,current,5.66,862898,669
2025-01-31,GCBC,,current,25.885,612926,669
2025-01-31,GDOT,,current,9.08,4782841,669
2025-01-31,GENC,,current,15.93,425136,669
2025-01-31,GEOS,,current,9.33,438068,669
2025-01-31,GFR,,current,6.52,524350,669
2025-01-31,GIC,,current,23.8577,2171727,669
2025-01-31,GLAD,,current,25.8004,2848581,669
2025-01-31,GLAS,,current,6.08,648099,669
2025-01-31,GLRE,,current,13.7,1110019,669
2025-01-31,GLSI,,current,13.19,388019,669
2025-01-31,GMM,,current,188.0,422306,329
2025-01-31,GNE,,current,13.8502,910578,669
2025-01-31,GNLX,,current,3.93,255807,505
2025-01-31,GRNT,,current,5.4664,2585380,669
2025-01-31,GSIT,,current,2.92,424494,669
2025-01-31,GTE,,current,5.73,2239542,669
2025-01-31,GTN,,current,3.3278,4607942,669
2025-01-31,GWH,1819438,roster,5.5,469190,669
2025-01-31,GWRS,,current,11.1493,311147,669
2025-01-31,GYRE,,current,11.5,1132166,669
2025-01-31,HAO,,current,6400.0,653456,254
2025-01-31,HBB,,current,17.12,754900,669
2025-01-31,HBT,,current,23.4577,627906,669
2025-01-31,HCKT,,current,29.6947,2389835,669
2025-01-31,HDSN,,current,5.75,2947503,669
2025-01-31,HGTY,,current,9.74,697082,669
2025-01-31,HIPO,,current,27.68,4452110,669
2025-01-31,HITI,,current,2.72,2048360,669
2025-01-31,HLLY,,current,3.13,896463,669
2025-01-31,HNVR,,current,26.0093,339046,669
2025-01-31,HOFT,,current,12.0075,443700,669
2025-01-31,HPK,,current,13.7259,3398379,669
2025-01-31,HRZN,,current,6.9414,2690106,669
2025-01-31,HSHP,,current,4.2514,594845,460
2025-01-31,HURA,,current,4.92,619885,669
2025-01-31,HURC,,current,21.15,295640,669
2025-01-31,HVT,,current,21.3268,2712974,669
2025-01-31,HY,,current,50.645,3717669,669
2025-01-31,HYPD,,current,2.8,1222967,669
2025-01-31,IBEX,,current,22.09,2274080,669
2025-01-31,ICCM,,current,37.5,384976,669
2025-01-31,IFRX,,current,2.37,529355,669
2025-01-31,IGIC,,current,22.3235,2052869,669
2025-01-31,IHRT,,current,2.37,1807981,669
2025-01-31,III,,current,2.8743,289820,669
2025-01-31,IMPP,,current,2.88,693932,669
2025-01-31,IMTX,,current,5.4,4887825,669
2025-01-31,IMUX,,current,10.2,840395,669
2025-01-31,IMXI,,current,19.15,3165380,669
2025-01-31,INBK,,current,32.364,1047949,669
2025-01-31,INDO,,current,2.73,1420733,669
2025-01-31,INFU,,current,8.15,569013,669
2025-01-31,INGN,,current,11.95,1773600,669
2025-01-31,INMB,,current,9.22,1193816,669
2025-01-31,INSE,,current,10.02,854388,669
2025-01-31,INSG,,current,12.13,1601851,669
2025-01-31,INTT,,current,8.92,357253,669
2025-01-31,ISTR,,current,18.5932,550541,669
2025-01-31,IVPR,1939365,roster,2.69,308495,356
2025-01-31,JAKK,,current,27.8205,2106212,669
2025-01-31,JILL,,current,27.0994,2443637,669
2025-01-31,JMSB,,current,19.0792,313744,669
2025-01-31,JOUT,,current,31.2273,1228275,669
2025-01-31,JRVR,,current,4.7545,1425973,669
2025-01-31,JYNT,,current,11.34,415221,669
2025-01-31,KE,,current,18.11,2086922,669
2025-01-31,KINS,,current,16.3342,4484491,669
2025-01-31,KNOP,,current,5.4609,419013,669
2025-01-31,KRMD,,current,4.26,277112,669
2025-01-31,KRNY,,current,6.1829,2073191,669
2025-01-31,KRO,,current,9.2066,1652269,669
2025-01-31,KRRO,,current,34.18,4142902,669
2025-01-31,LAKE,,current,24.0763,1087415,669
2025-01-31,LAW,,current,5.15,613409,669
2025-01-31,LCNB,,current,13.7356,271905,669
2025-01-31,LE,,current,12.92,1618719,669
2025-01-31,LEE,,current,13.02,336085,669
2025-01-31,LEGH,,current,25.66,1530981,669
2025-01-31,LENZ,,current,25.48,4276204,669
2025-01-31,LFCR,,current,6.1,1437227,669
2025-01-31,LFMD,,current,5.74,2987970,669
2025-01-31,LFVN,,current,21.5173,1491048,669
2025-01-31,LGMK,1566826,roster,885.0,476850,669
2025-01-31,LILA,,current,4.3342,2364721,669
2025-01-31,LMNR,,current,22.6249,1176107,669
2025-01-31,LNSR,,current,10.83,376628,669
2025-01-31,LNZA,,current,95.6,813429,669
2025-01-31,LOCO,,current,11.92,1977644,669
2025-01-31,LODE,,current,3.6,1615269,669
2025-01-31,LUNG,,current,5.69,1205557,669
2025-01-31,LWAY,,current,23.56,1825439,669
2025-01-31,LXEO,,current,5.25,1434050,310
2025-01-31,LXFR,,current,13.6065,1451233,669
2025-01-31,LYEL,,current,11.66,829023,669
2025-01-31,LZM,,current,5.99,500771,669
2025-01-31,MASS,,current,2.57,727897,669
2025-01-31,MATV,,current,8.7477,4402417,669
2025-01-31,MBI,,current,6.16,2128530,669
2025-01-31,MCBS,,current,29.5096,1096185,669
2025-01-31,MCFT,,current,18.66,1486221,669
2025-01-31,MCRB,,current,17.12,1432658,669
2025-01-31,MDRX,1124804,roster,8.0,1836280,669
2025-01-31,MDWD,,current,19.88,995256,669
2025-01-31,MED,,current,15.77,3759345,669
2025-01-31,METCB,,current,8.2554,276284,407
2025-01-31,MFIN,,current,8.6405,398424,669
2025-01-31,MG,,current,10.06,1167701,669
2025-01-31,MGNX,,current,3.01,1767210,669
2025-01-31,MIND,,current,9.29,1379729,669
2025-01-31,MLP,,current,21.15,332284,669
2025-01-31,MMI,,current,37.2538,2693598,669
2025-01-31,MOB,,current,2.89,1223169,610
2025-01-31,MPAA,,current,6.85,389265,669
2025-01-31,MRBK,,current,15.7143,392783,669
2025-01-31,MSPR,1802450,roster,13.09,348375,669
2025-01-31,MTA,,current,2.93,921959,669
2025-01-31,MTRX,,current,14.03,1583088,669
2025-01-31,MTW,,current,10.06,2466664,669
2025-01-31,MVBF,,current,18.8852,574297,669
2025-01-31,MX,,current,4.01,780725,669
2025-01-31,MYFW,,current,21.07,403543,669
2025-01-31,MYSE,,current,3.19,752741,669
2025-01-31,NAGE,,current,5.88,3799007,669
2025-01-31,NATH,,current,77.0931,725348,669
2025-01-31,NATR,,current,14.72,493120,669
2025-01-31,NC,,current,30.7264,298087,669
2025-01-31,NCDL,,current,14.3449,3583800,255
2025-01-31,NCMI,,current,6.4199,3164586,669
2025-01-31,NECB,,current,23.5152,1585465,669
2025-01-31,NEGG,,current,8.8,372590,669
2025-01-31,NEOV,,current,3.48,1224580,669
2025-01-31,NEWT,,current,12.0968,1542150,669
2025-01-31,NEXN,,current,9.79,1390489,669
2025-01-31,NGS,,current,26.3674,1718096,669
2025-01-31,NGVC,,current,42.783,3873175,669
2025-01-31,NKSH,,current,27.7029,320409,669
2025-01-31,NKTX,,current,2.36,3226918,669
2025-01-31,NMFC,,current,9.4692,3939966,669
2025-01-31,NNBR,,current,3.16,468800,669
2025-01-31,NOA,,current,18.9433,1016915,669
2025-01-31,NOTE,1823466,roster,15.12,2107996,669
2025-01-31,NPCE,,current,14.19,799806,669
2025-01-31,NRC,,current,15.9005,1517652,669
2025-01-31,NRDY,,current,27.6,2474157,669
2025-01-31,NRIM,,current,19.9382,2442460,669
2025-01-31,NRXP,,current,2.99,466566,669
2025-01-31,NSLR,,current,5.1683,874744,669
2025-01-31,NUS,,current,6.5556,4403286,669
2025-01-31,NVCT,,current,6.74,547330,669
2025-01-31,NXDR,,current,2.65,3945166,669
2025-01-31,NXUR,1722969,roster,4.768,274933,430
2025-01-31,OABI,,current,3.21,1660890,669
2025-01-31,OBIO,,current,5.59,333853,669
2025-01-31,OBT,,current,25.0356,868097,669
2025-01-31,OCS,,current,22.35,696761,669
2025-01-31,OFIX,,current,18.65,4058029,669
2025-01-31,OFLX,,current,37.4654,676335,669
2025-01-31,OKUR,,current,5.83,941068,669
2025-01-31,OM,,current,12.18,659084,669
2025-01-31,ONEW,,current,17.46,2219784,669
2025-01-31,ONIT,,current,35.93,1182243,669
2025-01-31,OPBK,,current,13.0427,380054,669
2025-01-31,OPFI,,current,13.3869,4699732,669
2025-01-31,OPRT,,current,4.1,661106,669
2025-01-31,OPRX,,current,5.71,1237400,669
2025-01-31,OPTX,,current,2.25,353353,669
2025-01-31,ORMP,,current,2.0509,275449,669
2025-01-31,ORN,,current,8.08,2944883,669
2025-01-31,ORRF,,current,34.6302,3289788,669
2025-01-31,OSUR,,current,3.99,3134713,669
2025-01-31,OVLY,,current,24.8253,253250,669
2025-01-31,OZ,,current,62.5,364918,669
2025-01-31,PACK,,current,7.62,1621433,669
2025-01-31,PAMT,,current,16.1,306571,669
2025-01-31,PANL,,current,4.9893,1062421,669
2025-01-31,PAYS,,current,2.75,621915,669
2025-01-31,PBYI,,current,3.04,1340676,669
2025-01-31,PCB,,current,17.8477,416056,669
2025-01-31,PCYO,,current,11.79,507747,669
2025-01-31,PDEX,,current,42.95,1315383,669
2025-01-31,PDLB,,current,13.4,519987,669
2025-01-31,PERF,1899830,roster,2.27,263077,564
2025-01-31,PERI,,current,8.73,2504165,669
2025-01-31,PEW,,current,10.92,1893612,264
2025-01-31,PFIS,,current,47.416,1334839,669
2025-01-31,PKBK,,current,19.3204,477205,669
2025-01-31,PKOH,,current,24.4559,736698,669
2025-01-31,PLBC,,current,45.1131,463076,669
2025-01-31,PLCE,,current,9.85,3610697,669
2025-01-31,PLX,,current,2.38,785469,669
2025-01-31,PMTS,,current,30.2,999564,669
2025-01-31,PNNT,,current,5.3073,2395438,669
2025-01-31,PPIH,,current,15.25,706747,669
2025-01-31,PROF,,current,6.41,365812,669
2025-01-31,PRQR,,current,2.15,1242204,669
2025-01-31,PRTH,,current,9.6,3057865,669
2025-01-31,QNCX,,current,320.0,318349,669
2025-01-31,QUAD,,current,6.4233,1757412,669
2025-01-31,QUIK,,current,8.22,1395048,669
2025-01-31,RAIL,,current,12.11,2565008,669
2025-01-31,RBB,,current,18.321,757631,669
2025-01-31,RBOT,1812173,roster,13.5,535300,669
2025-01-31,RCEL,,current,9.47,1566066,669
2025-01-31,RCKY,,current,24.6001,945390,669
2025-01-31,RCMT,,current,20.07,980398,669
2025-01-31,RDCM,,current,12.85,687480,669
2025-01-31,RDNW,,current,4.47,564487,669
2025-01-31,RELL,,current,12.5602,733073,669
2025-01-31,RGP,,current,7.6451,2265728,669
2025-01-31,RICK,,current,55.2072,3633195,669
2025-01-31,RILY,,current,4.66,4103391,669
2025-01-31,RLGT,,current,7.14,669768,669
2025-01-31,RM,,current,34.3067,1079599,669
2025-01-31,RMNI,,current,2.92,618283,669
2025-01-31,RMR,,current,15.7756,1796892,669
2025-01-31,RNAC,,current,19.38,1751106,669
2025-01-31,RNGR,,current,16.6677,2375950,669
2025-01-31,RPAY,,current,7.6,4071981,669
2025-01-31,RRGB,,current,6.38,1280545,669
2025-01-31,RVPH,1742927,roster,36.8,3119628,669
2025-01-31,RWAY,,current,8.7108,2168005,669
2025-01-31,SAMG,,current,16.9971,321779,669
2025-01-31,SAR,,current,19.5711,1306278,669
2025-01-31,SBDS,1870600,roster,39.96,294458,669
2025-01-31,SBFG,,current,21.2041,299710,669
2025-01-31,SBSI,,current,28.9246,3356066,669
2025-01-31,SCLX,,current,9.589,734034,669
2025-01-31,SCM,,current,12.0973,1550415,669
2025-01-31,SD,,current,11.2539,3116249,669
2025-01-31,SDHC,,current,25.08,1968927,264
2025-01-31,SEAT,,current,84.8,4573043,669
2025-01-31,SENS,,current,21.8,3196912,669
2025-01-31,SGC,,current,14.3803,647315,669
2025-01-31,SGHT,,current,2.97,737207,669
2025-01-31,SHBI,,current,15.0176,1362813,669
2025-01-31,SHIP,,current,6.5302,1762789,669
2025-01-31,SIGA,,current,4.9343,2181617,669
2025-01-31,SISI,1300734,roster,73.0,255827,669
2025-01-31,SKIL,,current,29.84,755760,669
2025-01-31,SKYH,,current,11.15,928269,669
2025-01-31,SLRC,,current,14.4444,2159014,669
2025-01-31,SMC,,current,41.56,2429428,669
2025-01-31,SMHI,,current,7.06,1326094,669
2025-01-31,SMID,,current,40.58,1020629,669
2025-01-31,SMP,,current,29.388,3058319,669
2025-01-31,SMTI,,current,36.84,876848,669
2025-01-31,SMX,,current,15943.5527,1709708,669
2025-01-31,SND,,current,2.1926,256675,669
2025-01-31,SOAR,1853070,roster,4.4183,529596,669
2025-01-31,SPCB,,current,11.53,342135,669
2025-01-31,SPOK,,current,13.6576,1261240,669
2025-01-31,SPPL,,current,4.824,367181,347
2025-01-31,SRG,,current,3.78,837145,669
2025-01-31,SRI,,current,5.34,1851200,669
2025-01-31,SRZN,,current,12.07,283969,669
2025-01-31,SSTI,,current,13.56,685330,669
2025-01-31,STBXF,1914818,roster,66.01,362128,612
2025-01-31,STEM,,current,11.48,2872372,669
2025-01-31,STI,,current,20.5,670496,669
2025-01-31,STIM,,current,3.41,335132,669
2025-01-31,SWIM,,current,7.48,3667150,669
2025-01-31,TARA,,current,4.5,1430827,669
2025-01-31,TASK,,current,11.0271,2253927,669
2025-01-31,TAYD,,current,33.85,934585,669
2025-01-31,TBCH,,current,17.64,2719268,669
2025-01-31,TBI,,current,8.14,1286140,669
2025-01-31,TCBX,,current,36.15,2743395,669
2025-01-31,TCPC,,current,7.0991,3521025,669
2025-01-31,TCX,,current,15.97,544802,669
2025-01-31,TG,,current,7.93,841567,669
2025-01-31,TIPT,,current,19.7322,1542341,669
2025-01-31,TITN,,current,18.83,2632397,669
2025-01-31,TKNO,,current,9.5,1781211,669
2025-01-31,TLS,,current,3.24,1207268,669
2025-01-31,TLYS,,current,4.37,257990,669
2025-01-31,TMCI,,current,10.03,2956691,669
2025-01-31,TNON,,current,56.35,298784,669
2025-01-31,TONX,,current,6.26,362824,669
2025-01-31,TPVG,,current,6.2056,1731181,669
2025-01-31,TRAK,,current,21.3862,1102903,669
2025-01-31,TRC,,current,16.2,1322514,669
2025-01-31,TRDA,,current,13.37,1990482,669
2025-01-31,TSBK,,current,28.5558,312731,669
2025-01-31,TSQ,,current,7.5322,450027,669
2025-01-31,TZOO,,current,19.76,2217971,669
2025-01-31,UFI,,current,6.16,311315,669
2025-01-31,UIS,,current,6.76,3371972,669
2025-01-31,ULH,,current,43.9139,1909724,669
2025-01-31,UNTY,,current,47.1322,1383279,669
2025-01-31,UP,,current,32.4,2055462,669
2025-01-31,USAU,,current,7.5,881350,669
2025-01-31,USCB,,current,18.5884,529048,669
2025-01-31,USGO,,current,9.35,277291,447
2025-01-31,USNA,,current,34.86,3419653,669
2025-01-31,UTMD,,current,59.3718,1129860,669
2025-01-31,VBNK,,current,13.3786,783043,669
2025-01-31,VEL,,current,18.77,700993,669
2025-01-31,VERU,,current,5.8,827297,669
2025-01-31,VFS,,current,4.06,3121242,669
2025-01-31,VINP,,current,9.2193,632769,669
2025-01-31,VLGEA,,current,32.9933,730608,669
2025-01-31,VLN,1863006,roster,2.52,1330257,669
2025-01-31,VMAR,,current,48400.0,606000,669
2025-01-31,VMD,,current,8.31,1058025,669
2025-01-31,VNDA,,current,4.58,2630261,669
2025-01-31,VRA,,current,3.94,1022479,669
2025-01-31,VTEX,,current,6.77,3471929,669
2025-01-31,VYGR,,current,5.61,2345189,669
2025-01-31,WEST,,current,7.14,2083748,669
2025-01-31,WEYS,,current,32.5547,405350,669
2025-01-31,WHF,,current,8.3174,728138,669
2025-01-31,WHWK,,current,2.88,373854,669
2025-01-31,WKHS,,current,78.45,2433126,669
2025-01-31,WLDS,,current,32.184,301731,598
2025-01-31,WLGSF,1899658,roster,1775.0,306651,447
2025-01-31,WNEB,,current,9.0126,351638,669
2025-01-31,WNW,,current,340.0,607642,669
2025-01-31,WSBF,,current,12.9536,532665,669
2025-01-31,WTBA,,current,20.5247,497220,669
2025-01-31,WYY,,current,3.88,301935,669
2025-01-31,XFOR,,current,19.86,1109737,669
2025-01-31,XGN,,current,4.1,342432,669
2025-01-31,XPER,,current,9.13,3418222,593
2025-01-31,YORW,,current,29.6085,1701932,669
2025-01-31,ZCAR,1854275,roster,27.4,862767,669
2025-01-31,ZIP,,current,7.06,3148613,669
2025-01-31,ZUMZ,,current,16.3,4745973,669
2025-02-28,ACB,,current,5.14,3084880,688
2025-02-28,ACCO,,current,4.0256,2811728,688
2025-02-28,ACEL,,current,11.71,2950648,688
2025-02-28,ACET,,current,13.76,429961,688
2025-02-28,ACIC,,current,11.9364,1611807,688
2025-02-28,ACIU,,current,2.55,403605,688
2025-02-28,ACNB,,current,38.3309,866129,688
2025-02-28,ACNT,,current,11.19,267943,688
2025-02-28,ACTG,,current,4.16,630771,688
2025-02-28,ACU,,current,36.9169,255616,688
2025-02-28,ADV,,current,62.5,928710,688
2025-02-28,AEHL,,current,460.8,389971,688
2025-02-28,AEYE,,current,13.12,3286709,688
2025-02-28,AFCG,,current,7.2766,1098766,688
2025-02-28,AFYA,,current,16.0616,1544856,688
2025-02-28,AGPU,,current,20.85,276736,688
2025-02-28,AIOS,,current,150.0,445889,688
2025-02-28,AIRS,,current,4.47,1032569,688
2025-02-28,ALCO,,current,28.9515,1161838,688
2025-02-28,ALTG,,current,5.3635,1035474,688
2025-02-28,ALTI,,current,3.45,339849,688
2025-02-28,ALVO,,current,11.46,1425380,677
2025-02-28,AMBP,1845097,roster,2.7496,3025371,688
2025-02-28,AMIX,,current,59.64,283174,272
2025-02-28,AMPY,,current,4.86,1670495,688
2025-02-28,AMWL,,current,10.01,568743,688
2025-02-28,ANGI,,current,16.8,1797518,688
2025-02-28,ANIK,,current,17.67,1035876,688
2025-02-28,ANIX,,current,3.07,254928,688
2025-02-28,ANY,,current,6.12,461724,688
2025-02-28,AOUT,,current,16.03,1123097,688
2025-02-28,AROW,,current,25.3259,987356,688
2025-02-28,ARQ,,current,5.18,1224597,688
2025-02-28,ARTNA,,current,29.6599,1024816,688
2025-02-28,ASIX,,current,26.1147,3239186,688
2025-02-28,ASLE,,current,7.02,1511807,688
2025-02-28,ASNS,1141284,roster,10.3,290115,688
2025-02-28,ASTL,,current,6.9186,3864316,688
2025-02-28,ASUR,,current,10.57,927617,688
2025-02-28,ATLO,,current,17.5977,313616,688
2025-02-28,ATLX,,current,5.05,640948,688
2025-02-28,ATNI,,current,15.9821,1162929,688
2025-02-28,ATRA,,current,6.89,1231271,688
2025-02-28,ATS,,current,29.49,3149018,688
2025-02-28,AUDC,,current,10.1966,775745,688
2025-02-28,AURA,,current,7.37,1128590,688
2025-02-28,AVD,,current,5.2,1276157,688
2025-02-28,AVIR,,current,3.06,1128058,688
2025-02-28,AVNW,,current,20.85,3099695,688
2025-02-28,AZ,,current,7.38,589206,688
2025-02-28,BARK,,current,34.0,1774737,688
2025-02-28,BATRA,,current,43.23,1666268,688
2025-02-28,BBCP,,current,6.58,924364,688
2025-02-28,BCAL,,current,15.647,759789,688
2025-02-28,BCBP,,current,9.3851,435617,688
2025-02-28,BCIC,,current,13.4917,472701,688
2025-02-28,BCML,,current,25.8829,545555,688
2025-02-28,BCSF,,current,15.1589,2726270,688
2025-02-28,BCTX,,current,38.0,700860,688
2025-02-28,BDSX,,current,16.26,297553,688
2025-02-28,BGDE,,current,11.4,302715,688
2025-02-28,BHATF,1759136,roster,225.0,2745700,688
2025-02-28,BHB,,current,30.173,1223357,688
2025-02-28,BIRD,,current,5.588,318129,688
2025-02-28,BIVI,,current,13.2,1625606,688
2025-02-28,BKTI,,current,30.19,822727,688
2025-02-28,BMRC,,current,22.8747,1095063,688
2025-02-28,BNAI,,current,4.0,350023,688
2025-02-28,BNED,,current,9.6091,4353500,688
2025-02-28,BNT,,current,37.7407,483644,688
2025-02-28,BNTC,,current,11.41,409049,688
2025-02-28,BOC,,current,14.14,1455482,688
2025-02-28,BOOM,,current,8.49,1450240,688
2025-02-28,BRBS,,current,2.9175,519446,688
2025-02-28,BRCC,,current,24.2,1849526,688
2025-02-28,BRNX,,current,1533.0,313335,688
2025-02-28,BSRR,,current,29.1465,1164007,688
2025-02-28,BSVN,,current,39.1221,759390,688
2025-02-28,BURU,1814215,roster,59.88,1196933,520
2025-02-28,BVFL,,current,15.62,456908,688
2025-02-28,BWB,,current,14.27,743062,688
2025-02-28,BWFG,,current,30.2062,362310,688
2025-02-28,BWMN,,current,20.025,1385688,688
2025-02-28,BZAI,1871638,roster,3.56,1263134,688
2025-02-28,CAC,,current,41.1508,2750487,688
2025-02-28,CASS,,current,41.5683,1679218,688
2025-02-28,CATX,,current,2.61,3630618,688
2025-02-28,CBAN,,current,16.1859,713576,688
2025-02-28,CBNK,,current,29.8741,1297070,688
2025-02-28,CCAP,,current,14.896,1519234,688
2025-02-28,CCBG,,current,34.915,865639,688
2025-02-28,CCLD,,current,3.24,418864,688
2025-02-28,CD,,current,5.55,666676,688
2025-02-28,CDZI,,current,4.12,2068988,688
2025-02-28,CENT,,current,34.38,3604198,688
2025-02-28,CERO,1870404,roster,32.2,1274387,688
2025-02-28,CETX,1435064,roster,273.0,379754,688
2025-02-28,CFBK,,current,23.4701,321720,688
2025-02-28,CFFI,,current,75.9937,733188,688
2025-02-28,CGNT,,current,8.87,2256239,688
2025-02-28,CHMG,,current,49.5676,511501,688
2025-02-28,CIA,,current,4.81,448963,688
2025-02-28,CING,,current,4.22,371524,688
2025-02-28,CINT,,current,7.05,461997,688
2025-02-28,CION,,current,9.5372,2037661,688
2025-02-28,CIVB,,current,19.6817,857284,688
2025-02-28,CLAR,,current,4.3028,577837,688
2025-02-28,CLDI,1855485,roster,159.936,1405090,688
2025-02-28,CLEUF,1775085,roster,4.576,1956544,688
2025-02-28,CLMB,,current,30.259,3189727,688
2025-02-28,CLNN,,current,4.42,262581,688
2025-02-28,CMCL,,current,9.7678,476364,688
2025-02-28,CMT,,current,13.69,564859,688
2025-02-28,CNVS,,current,3.65,482767,688
2025-02-28,COFS,,current,29.9071,795327,688
2025-02-28,COOK,,current,113.0,353843,688
2025-02-28,COYA,,current,6.73,359720,542
2025-02-28,CPIX,,current,3.854,309419,688
2025-02-28,CPS,,current,14.92,2321219,688
2025-02-28,CRBP,,current,7.33,2769171,688
2025-02-28,CRCT,,current,4.6293,1248996,688
2025-02-28,CRMT,,current,41.73,3718875,688
2025-02-28,CRON,,current,2.0,2619909,688
2025-02-28,CRVO,,current,2.18,372139,688
2025-02-28,CSV,,current,39.0667,3364348,688
2025-02-28,CTEV,,current,23.15,2457911,688
2025-02-28,CTKB,,current,4.81,3631339,688
2025-02-28,CTNM,,current,7.14,707997,225
2025-02-28,CTOS,1709682,roster,4.34,2820042,688
2025-02-28,CUE,,current,37.2,278192,688
2025-02-28,CURI,,current,2.2132,316329,688
2025-02-28,CURV,,current,5.89,1908427,688
2025-02-28,CVEO,,current,22.0,1215444,688
2025-02-28,CVGI,,current,2.04,754753,688
2025-02-28,CVRX,,current,12.97,2545474,688
2025-02-28,CWCO,,current,26.6156,1945312,688
2025-02-28,CXAI,,current,56.5,1119354,688
2025-02-28,CXDO,,current,6.24,717258,688
2025-02-28,CZFS,,current,57.2338,684114,688
2025-02-28,CZNC,,current,19.1346,560571,688
2025-02-28,CZWI,,current,14.9388,327143,688
2025-02-28,DCBO,,current,37.33,2436310,688
2025-02-28,DERM,,current,5.58,263462,688
2025-02-28,DGICA,,current,16.3028,1233964,688
2025-02-28,DHX,,current,2.27,328364,688
2025-02-28,DIBS,,current,3.76,305202,688
2025-02-28,DMAC,,current,6.38,442057,688
2025-02-28,DOMO,,current,7.72,2184803,688
2025-02-28,DPRO,,current,2.48,847244,688
2025-02-28,DSGR,,current,29.31,1321219,688
2025-02-28,DSP,,current,20.73,4734344,688
2025-02-28,DTCX,,current,3.05,362653,688
2025-02-28,DTIL,,current,5.49,599066,688
2025-02-28,EAF,,current,11.8,2412106,688
2025-02-28,EBF,,current,19.5371,2170937,688
2025-02-28,EBMT,,current,17.0496,274464,688
2025-02-28,ECOR,,current,15.52,1528462,688
2025-02-28,EGAN,,current,4.83,452347,688
2025-02-28,ELAB,,current,7014.7368,884711,317
2025-02-28,ELDN,,current,4.08,1287151,688
2025-02-28,ELMD,,current,26.83,2767192,688
2025-02-28,EML,,current,26.992,253414,688
2025-02-28,ENTA,,current,7.88,3128161,688
2025-02-28,EPM,,current,4.2459,807551,688
2025-02-28,ESCA,,current,13.9267,260731,688
2025-02-28,ESEA,,current,25.2462,1033840,688
2025-02-28,ESOA,,current,9.6916,3315334,688
2025-02-28,ESP,,current,25.6068,326805,688
2025-02-28,EVCM,,current,9.81,985941,688
2025-02-28,EVEX,,current,4.02,1225266,688
2025-02-28,EVI,,current,16.6381,266779,688
2025-02-28,EVTL,1867102,roster,4.14,1979990,688
2025-02-28,EXFY,,current,3.22,1230550,688
2025-02-28,EXOD,,current,42.2,1106833,688
2025-02-28,FBIZ,,current,50.6014,1203343,688
2025-02-28,FC,,current,31.75,3235588,688
2025-02-28,FCBC,,current,36.9683,1364514,688
2025-02-28,FCCO,,current,23.8205,757560,688
2025-02-28,FENC,,current,6.87,380949,688
2025-02-28,FF,,current,4.1623,1000869,688
2025-02-28,FGNX,,current,102.45,630681,688
2025-02-28,FHTX,,current,4.63,779706,688
2025-02-28,FINW,,current,19.61,324942,688
2025-02-28,FIRY,,current,5.76,549588,688
2025-02-28,FLD,1889123,roster,5.36,348061,688
2025-02-28,FLGT,,current,15.69,4278718,688
2025-02-28,FLL,,current,4.73,752774,688
2025-02-28,FLWS,,current,6.92,3924220,688
2025-02-28,FLXS,,current,44.2327,1217264,688
2025-02-28,FMAO,,current,24.2483,472759,688
2025-02-28,FNLC,,current,23.8072,502098,688
2025-02-28,FOA,,current,23.03,3567310,688
2025-02-28,FOR,,current,22.38,4155067,688
2025-02-28,FORR,,current,11.44,792038,688
2025-02-28,FOXO,1812360,roster,10029.6113,645835,613
2025-02-28,FPH,,current,5.6,1022520,688
2025-02-28,FRAF,,current,36.0951,298026,688
2025-02-28,FRBA,,current,14.6277,586062,688
2025-02-28,FRPH,,current,31.38,751326,688
2025-02-28,FRST,,current,9.9758,632789,688
2025-02-28,FSBW,,current,36.9971,516257,688
2025-02-28,FSTR,,current,26.59,888426,688
2025-02-28,FTCI,,current,3.1,427801,688
2025-02-28,FUNC,,current,34.1225,829896,688
2025-02-28,FXNC,,current,23.4621,397802,688
2025-02-28,GAIN,,current,11.8902,1316830,688
2025-02-28,GASS,,current,5.72,684413,688
2025-02-28,GCBC,,current,25.9039,553508,688
2025-02-28,GDOT,,current,8.17,4272778,688
2025-02-28,GDRX,,current,4.98,4718343,688
2025-02-28,GENC,,current,12.18,359391,688
2025-02-28,GEOS,,current,8.0,448594,688
2025-02-28,GFR,,current,6.07,451347,688
2025-02-28,GIC,,current,21.8406,2350498,688
2025-02-28,GLAD,,current,24.6791,2765260,688
2025-02-28,GLAS,,current,5.83,571713,688
2025-02-28,GLRE,,current,13.59,982393,688
2025-02-28,GLSI,,current,11.54,347387,688
2025-02-28,GMM,,current,182.5,314298,348
2025-02-28,GNE,,current,13.9139,829892,688
2025-02-28,GNLX,,current,4.31,493277,524
2025-02-28,GRNT,,current,5.1463,1914318,688
2025-02-28,GSIT,,current,2.8,613416,688
2025-02-28,GTE,,current,4.66,2120584,688
2025-02-28,GTN,,current,3.4987,4034461,688
2025-02-28,GWH,1819438,roster,3.64,380400,688
2025-02-28,GWRS,,current,10.7553,315917,688
2025-02-28,GYRE,,current,11.29,981596,688
2025-02-28,HAO,,current,4889.6001,403392,273
2025-02-28,HBB,,current,19.2528,618846,688
2025-02-28,HBT,,current,23.5405,661546,688
2025-02-28,HCKT,,current,29.0521,2411169,688
2025-02-28,HDSN,,current,5.77,2166135,688
2025-02-28,HGTY,,current,10.08,482099,688
2025-02-28,HIPO,,current,27.99,3919608,688
2025-02-28,HITI,,current,2.48,1775251,688
2025-02-28,HLLY,,current,2.94,793416,688
2025-02-28,HNVR,,current,23.2945,302633,688
2025-02-28,HOFT,,current,11.8796,606435,688
2025-02-28,HPK,,current,12.6557,3249435,688
2025-02-28,HRZN,,current,7.2452,2347565,688
2025-02-28,HSHP,,current,4.7672,687119,479
2025-02-28,HURA,,current,2.52,839792,688
2025-02-28,HURC,,current,18.06,325081,688
2025-02-28,HVT,,current,20.5845,2193634,688
2025-02-28,HWBK,,current,30.5116,259171,688
2025-02-28,HY,,current,50.2711,3268972,688
2025-02-28,IBEX,,current,25.22,2652899,688
2025-02-28,ICCM,,current,42.3,355557,688
2025-02-28,IGIC,,current,22.3454,1726687,688
2025-02-28,IHRT,,current,2.09,1439630,688
2025-02-28,III,,current,2.8649,261978,688
2025-02-28,IKT,,current,2.34,496764,688
2025-02-28,IMMR,,current,7.6302,4239741,688
2025-02-28,IMPP,,current,2.51,696740,688
2025-02-28,IMTX,,current,4.38,4776800,688
2025-02-28,IMUX,,current,11.2,836955,688
2025-02-28,IMXI,,current,15.93,3044688,688
2025-02-28,INBK,,current,28.9562,938416,688
2025-02-28,INDO,,current,2.7,995764,688
2025-02-28,INFU,,current,7.79,569013,688
2025-02-28,INGN,,current,7.95,2074580,688
2025-02-28,INMB,,current,7.85,2154743,688
2025-02-28,INSE,,current,10.77,1007764,688
2025-02-28,INSG,,current,10.65,1465698,688
2025-02-28,INTT,,current,8.25,268214,688
2025-02-28,ISTR,,current,18.0003,546708,688
2025-02-28,JAKK,,current,24.3303,2274296,688
2025-02-28,JILL,,current,22.6698,2201882,688
2025-02-28,JMSB,,current,17.7289,261590,688
2025-02-28,JOUT,,current,25.86,1331199,688
2025-02-28,JRVR,,current,4.8138,995454,688
2025-02-28,JYNT,,current,11.39,361027,688
2025-02-28,KE,,current,18.0,2193791,688
2025-02-28,KGEI,,current,7.48,560693,688
2025-02-28,KINS,,current,15.2518,4686355,688
2025-02-28,KMDA,,current,6.3877,299095,688
2025-02-28,KNOP,,current,5.2854,407342,688
2025-02-28,KRMD,,current,3.43,514476,688
2025-02-28,KRNY,,current,6.2105,1856067,688
2025-02-28,KRO,,current,8.2613,1453032,688
2025-02-28,KRRO,,current,24.73,2681531,688
2025-02-28,LAKE,,current,23.3599,1475404,688
2025-02-28,LAW,,current,4.92,591106,688
2025-02-28,LCNB,,current,13.5627,253510,688
2025-02-28,LE,,current,11.61,1363569,688
2025-02-28,LEE,,current,9.15,269155,688
2025-02-28,LEGH,,current,24.4,1726237,688
2025-02-28,LENZ,,current,21.29,3354964,688
2025-02-28,LFCR,,current,5.77,1107321,688
2025-02-28,LFMD,,current,5.02,3953823,688
2025-02-28,LFVN,,current,15.9266,2940479,688
2025-02-28,LGMK,1566826,roster,155.25,338212,688
2025-02-28,LILA,,current,4.5584,2496893,688
2025-02-28,LMNR,,current,21.5858,1049114,688
2025-02-28,LNSR,,current,10.87,483721,688
2025-02-28,LNZA,,current,75.0,1265493,688
2025-02-28,LOCO,,current,10.99,2143654,688
2025-02-28,LODE,,current,2.4,1815246,688
2025-02-28,LTRN,,current,3.99,261562,688
2025-02-28,LUNG,,current,8.62,1389186,688
2025-02-28,LWAY,,current,21.03,1097931,688
2025-02-28,LXEO,,current,2.99,1270202,329
2025-02-28,LXFR,,current,11.166,1529954,688
2025-02-28,LYEL,,current,14.26,587854,688
2025-02-28,LYTHF,1816319,roster,442.5,342830,678
2025-02-28,LZM,,current,5.34,447536,688
2025-02-28,MASS,,current,2.07,615473,688
2025-02-28,MATV,,current,6.2865,3987996,688
2025-02-28,MBI,,current,7.02,2032130,688
2025-02-28,MCBS,,current,28.4177,1013246,688
2025-02-28,MCFT,,current,17.68,1220056,688
2025-02-28,MCRB,,current,14.5,923688,688
2025-02-28,MDRX,1124804,roster,5.0,1166948,688
2025-02-28,MDWD,,current,16.23,1102413,688
2025-02-28,MDXG,,current,8.14,4725519,688
2025-02-28,MED,,current,13.98,3805009,688
2025-02-28,METCB,,current,8.2738,276284,426
2025-02-28,MFIN,,current,7.461,339652,688
2025-02-28,MG,,current,9.7,945434,688
2025-02-28,MGNX,,current,2.4,1698769,688
2025-02-28,MIND,,current,8.34,2758875,688
2025-02-28,MLP,,current,19.84,301676,688
2025-02-28,MLR,,current,56.503,4732769,688
2025-02-28,MMI,,current,38.0149,2862140,688
2025-02-28,MOB,,current,2.17,1294903,629
2025-02-28,MPAA,,current,10.82,447022,688
2025-02-28,MRBK,,current,14.6311,572230,688
2025-02-28,MTA,,current,2.78,848201,688
2025-02-28,MTRX,,current,12.67,1984420,688
2025-02-28,MTW,,current,10.44,2547860,688
2025-02-28,MVBF,,current,17.6953,544323,688
2025-02-28,MX,,current,4.63,759292,688
2025-02-28,MYFW,,current,19.48,354822,688
2025-02-28,MYSE,,current,2.35,1079303,688
2025-02-28,NAGE,,current,5.44,2241227,688
2025-02-28,NATH,,current,96.636,791705,688
2025-02-28,NATR,,current,14.2,389050,688
2025-02-28,NC,,current,30.429,268368,688
2025-02-28,NCDL,,current,14.553,3856038,274
2025-02-28,NCMI,,current,6.3051,3148249,688
2025-02-28,NECB,,current,21.8154,1315563,688
2025-02-28,NEGG,,current,8.0,348576,688
2025-02-28,NEOV,,current,2.99,980375,688
2025-02-28,NEWT,,current,11.8066,1583106,688
2025-02-28,NEXN,,current,8.3,1457162,688
2025-02-28,NGS,,current,24.6685,1665011,688
2025-02-28,NGVC,,current,43.1615,4751113,688
2025-02-28,NKSH,,current,25.7831,291719,688
2025-02-28,NMFC,,current,9.4038,3320591,688
2025-02-28,NNBR,,current,3.0,549326,688
2025-02-28,NOA,,current,17.2141,955588,688
2025-02-28,NOTE,1823466,roster,14.52,3481849,688
2025-02-28,NPCE,,current,12.56,1206312,688
2025-02-28,NRC,,current,13.7893,1270571,688
2025-02-28,NRDY,,current,23.85,2198086,688
2025-02-28,NRIM,,current,19.3313,2905133,688
2025-02-28,NRXP,,current,2.29,1075957,688
2025-02-28,NSLR,,current,6.1982,987511,688
2025-02-28,NUS,,current,7.5898,4077649,688
2025-02-28,NVCT,,current,6.71,535279,688
2025-02-28,NXDR,,current,2.49,3712625,688
2025-02-28,NXUR,1722969,roster,5.45,811321,449
2025-02-28,OABI,,current,3.5,1526066,688
2025-02-28,OBIO,,current,4.55,280489,688
2025-02-28,OBT,,current,24.4383,537016,688
2025-02-28,OCS,,current,19.68,988160,688
2025-02-28,OFIX,,current,17.21,2984601,688
2025-02-28,OFLX,,current,33.5716,645881,688
2025-02-28,OKUR,,current,4.89,618660,688
2025-02-28,OM,,current,10.905,681182,688
2025-02-28,ONEW,,current,16.49,2239602,688
2025-02-28,ONIT,,current,31.85,1400563,688
2025-02-28,OPBK,,current,12.676,345890,688
2025-02-28,OPRT,,current,7.02,846267,688
2025-02-28,OPRX,,current,5.14,838543,688
2025-02-28,ORN,,current,6.82,2347353,688
2025-02-28,ORRF,,current,31.5997,3367892,688
2025-02-28,OSUR,,current,3.13,3063342,688
2025-02-28,OVLY,,current,25.9674,269544,688
2025-02-28,OZ,,current,61.0,393547,688
2025-02-28,PACK,,current,6.84,1765847,688
2025-02-28,PAL,,current,9.96,1622208,201
2025-02-28,PAMT,,current,12.7,263304,688
2025-02-28,PANL,,current,4.8218,966447,688
2025-02-28,PAYS,,current,2.62,639364,688
2025-02-28,PBYI,,current,2.99,1144451,688
2025-02-28,PCB,,current,18.3845,410849,688
2025-02-28,PCYO,,current,11.38,459441,688
2025-02-28,PDEX,,current,33.73,935546,688
2025-02-28,PDLB,,current,12.97,553706,688
2025-02-28,PEPG,,current,2.43,487858,688
2025-02-28,PERI,,current,8.49,2674630,688
2025-02-28,PEW,,current,10.66,1893612,283
2025-02-28,PFIS,,current,44.9059,1149138,688
2025-02-28,PKBK,,current,18.8527,378125,688
2025-02-28,PKOH,,current,23.0275,595793,688
2025-02-28,PLBC,,current,42.8938,404501,688
2025-02-28,PLCE,,current,8.58,3333106,688
2025-02-28,PLX,,current,2.33,1113833,688
2025-02-28,PMTS,,current,32.75,917477,688
2025-02-28,PNNT,,current,5.4355,2242567,688
2025-02-28,PPIH,,current,13.33,431689,688
2025-02-28,PROF,,current,7.15,445089,688
2025-02-28,PRQR,,current,2.34,765580,688
2025-02-28,PRTH,,current,10.3,4378052,688
2025-02-28,QNTM,,current,4.94,343373,688
2025-02-28,QUAD,,current,5.4808,1661308,688
2025-02-28,QUIK,,current,6.09,1613240,688
2025-02-28,RAIL,,current,7.78,1981163,688
2025-02-28,RBB,,current,16.6815,667780,688
2025-02-28,RBOT,1812173,roster,11.8,578394,688
2025-02-28,RCEL,,current,8.9,1496829,688
2025-02-28,RCKY,,current,19.2867,825722,688
2025-02-28,RCMT,,current,18.75,870832,688
2025-02-28,RDCM,,current,11.98,801531,688
2025-02-28,RDNW,,current,4.01,397548,688
2025-02-28,RELL,,current,12.5696,686459,688
2025-02-28,RGP,,current,6.6389,2028477,688
2025-02-28,RGR,,current,38.5263,4783710,688
2025-02-28,RICK,,current,48.6142,3411518,688
2025-02-28,RILY,,current,6.13,3277920,688
2025-02-28,RLGT,,current,6.78,703116,688
2025-02-28,RM,,current,31.0175,1299508,688
2025-02-28,RMNI,,current,3.05,657551,688
2025-02-28,RMR,,current,15.487,2087746,688
2025-02-28,RNAC,,current,18.01,1515360,688
2025-02-28,RNGR,,current,15.9885,1859159,688
2025-02-28,RPAY,,current,7.21,3289371,688
2025-02-28,RRGB,,current,6.08,1281594,688
2025-02-28,RVPH,1742927,roster,28.6,3237168,688
2025-02-28,RWAY,,current,8.5747,2035048,688
2025-02-28,SAMG,,current,16.5474,314658,688
2025-02-28,SAR,,current,20.3126,1408599,688
2025-02-28,SBFG,,current,20.1171,309060,688
2025-02-28,SBSI,,current,28.2923,2803621,688
2025-02-28,SCLX,,current,4.9689,475906,688
2025-02-28,SCM,,current,12.5913,1534371,688
2025-02-28,SD,,current,10.8463,2718761,688
2025-02-28,SDHC,,current,21.35,1892606,283
2025-02-28,SEAT,,current,80.6,4085610,688
2025-02-28,SGC,,current,13.1923,591120,688
2025-02-28,SGHT,,current,2.64,642757,688
2025-02-28,SHBI,,current,14.4377,1613030,688
2025-02-28,SHIP,,current,6.3907,1380389,688
2025-02-28,SIGA,,current,4.3416,1863428,688
2025-02-28,SKIL,,current,25.39,1173918,688
2025-02-28,SKYH,,current,10.72,820285,688
2025-02-28,SLRC,,current,14.8133,2162357,688
2025-02-28,SMC,,current,42.18,2893693,688
2025-02-28,SMHI,,current,5.96,969207,688
2025-02-28,SMID,,current,34.01,734222,688
2025-02-28,SMP,,current,27.2141,2875885,688
2025-02-28,SMTI,,current,34.35,774021,688
2025-02-28,SMX,,current,8522.166,1737877,688
2025-02-28,SNBRQ,827187,roster,14.52,4518893,688
2025-02-28,SPCB,,current,8.67,2954478,688
2025-02-28,SPOK,,current,14.3612,1190280,688
2025-02-28,SRG,,current,3.61,731132,688
2025-02-28,SRI,,current,5.07,1457379,688
2025-02-28,SRZN,,current,11.84,267087,688
2025-02-28,SSTI,,current,16.26,557114,688
2025-02-28,STBXF,1914818,roster,24.654,356383,631
2025-02-28,STEM,,current,8.84,3790638,688
2025-02-28,STI,,current,15.5,439418,688
2025-02-28,STIM,,current,4.28,1059252,688
2025-02-28,SVCO,,current,6.09,1106167,201
2025-02-28,SWIM,,current,5.88,3225720,688
2025-02-28,TARA,,current,3.39,1594610,688
2025-02-28,TASK,,current,9.4173,2573239,688
2025-02-28,TAYD,,current,32.06,794457,688
2025-02-28,TBCH,,current,16.8,2361783,688
2025-02-28,TBI,,current,6.19,1055029,688
2025-02-28,TCBX,,current,35.47,2553916,688
2025-02-28,TCPC,,current,6.5268,3541133,688
2025-02-28,TCX,,current,19.51,440479,688
2025-02-28,TG,,current,7.78,727421,688
2025-02-28,TIPT,,current,22.4909,1329765,688
2025-02-28,TITN,,current,17.05,3276839,688
2025-02-28,TKNO,,current,6.585,1799966,688
2025-02-28,TLS,,current,2.94,946570,688
2025-02-28,TLYS,,current,3.63,300432,688
2025-02-28,TMCI,,current,9.13,2466068,688
2025-02-28,TPVG,,current,6.2212,1570389,688
2025-02-28,TRAK,,current,18.8008,935803,688
2025-02-28,TRC,,current,15.4,1178237,688
2025-02-28,TRDA,,current,11.98,1596456,688
2025-02-28,TSBK,,current,30.2226,280333,688
2025-02-28,TSQ,,current,7.0709,435005,688
2025-02-28,TTGT,,current,14.82,3944957,688
2025-02-28,TWIN,,current,8.3674,265626,688
2025-02-28,TZOO,,current,15.74,2413254,688
2025-02-28,UFI,,current,5.69,337100,688
2025-02-28,UIS,,current,4.23,2798604,688
2025-02-28,ULH,,current,25.728,1655283,688
2025-02-28,UNTY,,current,45.1842,1535219,688
2025-02-28,UP,,current,22.8,1365903,688
2025-02-28,USAU,,current,8.31,1090587,688
2025-02-28,USCB,,current,18.4347,398891,688
2025-02-28,USGO,,current,10.73,304129,466
2025-02-28,USNA,,current,28.64,4136010,688
2025-02-28,UTMD,,current,57.9461,1119804,688
2025-02-28,VATE,,current,8.92,397109,688
2025-02-28,VBNK,,current,12.5741,1010445,688
2025-02-28,VEL,,current,18.73,760959,688
2025-02-28,VERU,,current,5.2,1242856,688
2025-02-28,VFS,,current,3.54,2793601,688
2025-02-28,VINP,,current,8.7623,630693,688
2025-02-28,VLGEA,,current,30.3665,677805,688
2025-02-28,VLN,1863006,roster,2.12,1293894,688
2025-02-28,VMAR,,current,37960.0,784400,688
2025-02-28,VMD,,current,7.87,802795,688
2025-02-28,VNCE,,current,2.78,726657,688
2025-02-28,VNDA,,current,4.7,2491990,688
2025-02-28,VRA,,current,3.14,839087,688
2025-02-28,VTEX,,current,4.74,3869451,688
2025-02-28,VYGR,,current,4.01,1919053,688
2025-02-28,WATT,,current,11.07,371865,688
2025-02-28,WEST,,current,6.13,1638747,688
2025-02-28,WEYS,,current,30.7738,359738,688
2025-02-28,WHF,,current,8.7206,579295,688
2025-02-28,WHWK,,current,2.57,315454,688
2025-02-28,WKHS,,current,67.05,1755935,688
2025-02-28,WLDS,,current,29.16,253931,617
2025-02-28,WLGSF,1899658,roster,1425.0,619562,466
2025-02-28,WNEB,,current,9.3383,402758,688
2025-02-28,WNW,,current,352.0,761550,688
2025-02-28,WSBF,,current,13.3964,590016,688
2025-02-28,WTBA,,current,20.7675,513418,688
2025-02-28,XFOR,,current,11.1,1092608,688
2025-02-28,XGN,,current,3.55,399128,688
2025-02-28,XPER,,current,8.29,3198944,612
2025-02-28,YORW,,current,30.9792,1724866,688
2025-02-28,ZCAR,1854275,roster,9.8,709230,688
2025-02-28,ZIP,,current,5.76,3104042,688
2025-02-28,ZNTL,,current,2.02,3844369,688
2025-02-28,ZSQR,,current,10.46,628318,688
2025-02-28,ZUMZ,,current,14.07,4484874,688
2025-03-31,ACB,,current,4.43,4442306,709
2025-03-31,ACCO,,current,3.8527,3117848,709
2025-03-31,ACEL,,current,9.97,3032519,709
2025-03-31,ACET,,current,13.28,286557,709
2025-03-31,ACIC,,current,10.8453,1655517,709
2025-03-31,ACNB,,current,38.8897,1211488,709
2025-03-31,ACNT,,current,12.73,284709,709
2025-03-31,ACTG,,current,3.31,630771,709
2025-03-31,ADV,,current,37.25,967162,709
2025-03-31,AEHL,,current,384.0,272447,709
2025-03-31,AEYE,,current,11.26,2496568,709
2025-03-31,AFCG,,current,5.2819,1098766,709
2025-03-31,AFYA,,current,17.1132,1565471,709
2025-03-31,AGPU,,current,21.75,293648,709
2025-03-31,AIOS,,current,152.0,288670,709
2025-03-31,AIRS,,current,2.29,853274,709
2025-03-31,ALCO,,current,29.2284,1168977,709
2025-03-31,ALGS,,current,9.12,4776252,709
2025-03-31,ALTG,,current,4.5422,992784,709
2025-03-31,ALTI,,current,3.04,314222,709
2025-03-31,ALVO,,current,9.55,1413937,698
2025-03-31,AMBP,1845097,roster,2.7082,3259673,709
2025-03-31,AMPY,,current,3.89,1818713,709
2025-03-31,AMWL,,current,7.82,491159,709
2025-03-31,ANGI,,current,15.92,2010681,709
2025-03-31,ANIK,,current,15.11,1049080,709
2025-03-31,AOUT,,current,11.97,940224,709
2025-03-31,AROW,,current,25.2218,922969,709
2025-03-31,ARQ,,current,4.18,1253938,709
2025-03-31,ARTNA,,current,30.8694,1090574,709
2025-03-31,ASIX,,current,21.4318,3487507,709
2025-03-31,ASLE,,current,7.81,1796730,709
2025-03-31,ASNS,1141284,roster,7.1,304302,709
2025-03-31,ASTL,,current,5.6644,4448015,709
2025-03-31,ASUR,,current,9.61,903264,709
2025-03-31,ATLX,,current,5.3,677340,709
2025-03-31,ATNI,,current,19.6333,1136790,709
2025-03-31,ATOM,,current,4.14,4763399,709
2025-03-31,ATRA,,current,6.53,861377,709
2025-03-31,ATS,,current,25.92,3094207,709
2025-03-31,AUDC,,current,8.9174,783829,709
2025-03-31,AURA,,current,6.34,1055983,709
2025-03-31,AVD,,current,4.43,1147985,709
2025-03-31,AVIR,,current,2.93,1005104,709
2025-03-31,AVNW,,current,18.88,2515896,709
2025-03-31,AZ,,current,7.31,624508,709
2025-03-31,BARK,,current,28.0,1533709,709
2025-03-31,BATRA,,current,44.06,1764070,709
2025-03-31,BBCP,,current,5.36,1039916,709
2025-03-31,BCAL,,current,14.1512,967019,709
2025-03-31,BCBP,,current,9.2184,435617,709
2025-03-31,BCIC,,current,11.5696,424648,709
2025-03-31,BCML,,current,24.3753,476238,709
2025-03-31,BCSF,,current,14.0949,3585791,709
2025-03-31,BCTX,,current,39.7,309687,709
2025-03-31,BDSX,,current,13.4,251434,709
2025-03-31,BHATF,1759136,roster,96.0,3384552,709
2025-03-31,BHB,,current,28.0427,1198944,709
2025-03-31,BIRD,,current,5.3344,250998,709
2025-03-31,BIVI,,current,10.1,638623,709
2025-03-31,BKTI,,current,36.0,664686,709
2025-03-31,BMRC,,current,20.6899,1234994,709
2025-03-31,BNAI,,current,3.7,265050,709
2025-03-31,BNED,,current,10.0364,3661380,709
2025-03-31,BNT,,current,34.2985,635665,709
2025-03-31,BNTC,,current,13.43,390765,709
2025-03-31,BOC,,current,14.26,1526649,709
2025-03-31,BOOM,,current,8.39,1346295,709
2025-03-31,BRBS,,current,2.6582,565092,709
2025-03-31,BRCC,,current,21.2,1386890,709
2025-03-31,BRNX,,current,1386.0,254142,709
2025-03-31,BSRR,,current,26.9243,1140142,709
2025-03-31,BSVN,,current,38.0728,828158,709
2025-03-31,BURU,1814215,roster,37.445,1398308,541
2025-03-31,BVFL,,current,15.26,326262,709
2025-03-31,BWB,,current,13.92,619539,709
2025-03-31,BWFG,,current,29.349,338802,709
2025-03-31,BWMN,,current,22.68,1466431,709
2025-03-31,BZAI,1871638,roster,2.305,2223139,709
2025-03-31,CAC,,current,38.3376,2909559,709
2025-03-31,CASS,,current,40.7479,1666256,709
2025-03-31,CATX,,current,2.2,1722920,709
2025-03-31,CBAN,,current,15.4646,1099396,709
2025-03-31,CBNK,,current,27.4685,1229179,709
2025-03-31,CCAP,,current,14.5069,1642920,709
2025-03-31,CCBG,,current,34.7596,790333,709
2025-03-31,CD,,current,5.67,554995,709
2025-03-31,CDZI,,current,3.09,2174429,709
2025-03-31,CENT,,current,35.94,4158064,709
2025-03-31,CERO,1870404,roster,15.02,328754,709
2025-03-31,CFBK,,current,21.8617,276722,709
2025-03-31,CFFI,,current,67.4297,762562,709
2025-03-31,CGNT,,current,7.95,2176513,709
2025-03-31,CHMG,,current,45.3933,551801,709
2025-03-31,CIA,,current,4.66,507983,709
2025-03-31,CING,,current,4.35,432136,709
2025-03-31,CINT,,current,6.09,595741,709
2025-03-31,CION,,current,8.4153,2388987,709
2025-03-31,CIVB,,current,18.6111,701375,709
2025-03-31,CLAR,,current,3.6525,545858,709
2025-03-31,CLDI,1855485,roster,124.8,624564,709
2025-03-31,CLMB,,current,27.1298,3292219,709
2025-03-31,CMCL,,current,11.2504,458555,709
2025-03-31,CMRC,,current,5.87,4902780,709
2025-03-31,CMT,,current,15.22,541771,709
2025-03-31,CNVS,,current,3.25,348661,709
2025-03-31,COFS,,current,27.4284,968781,709
2025-03-31,COOK,,current,84.5,287657,709
2025-03-31,COYA,,current,6.56,378046,563
2025-03-31,CPIX,,current,3.4197,273367,709
2025-03-31,CPS,,current,15.57,2876232,709
2025-03-31,CRBP,,current,5.52,1964134,709
2025-03-31,CRCT,,current,4.359,1269786,709
2025-03-31,CRMT,,current,45.6,3483208,709
2025-03-31,CRVO,,current,9.48,305043,709
2025-03-31,CSV,,current,38.2101,3789689,709
2025-03-31,CTEV,,current,20.77,2457911,709
2025-03-31,CTKB,,current,4.0,3784318,709
2025-03-31,CTNM,,current,7.07,428502,246
2025-03-31,CTOS,1709682,roster,4.45,2637996,709
2025-03-31,CURI,,current,2.3868,489976,709
2025-03-31,CURV,,current,5.32,1704226,709
2025-03-31,CVEO,,current,22.85,1439123,709
2025-03-31,CVRX,,current,12.49,2818998,709
2025-03-31,CWCO,,current,23.8196,2210861,709
2025-03-31,CXAI,,current,41.05,726578,709
2025-03-31,CXDO,,current,5.12,764561,709
2025-03-31,CZFS,,current,55.177,618100,709
2025-03-31,CZNC,,current,18.6088,535389,709
2025-03-31,CZWI,,current,14.151,308261,709
2025-03-31,DCBO,,current,29.29,2428711,709
2025-03-31,DERM,,current,6.11,263462,709
2025-03-31,DGICA,,current,18.2595,1393315,709
2025-03-31,DIBS,,current,3.11,257647,709
2025-03-31,DMAC,,current,3.82,416967,709
2025-03-31,DMRC,,current,13.26,4867156,709
2025-03-31,DOMO,,current,7.96,2199360,709
2025-03-31,DPRO,,current,2.575,318503,709
2025-03-31,DSGR,,current,27.91,1248002,709
2025-03-31,DTCX,,current,4.24,294570,709
2025-03-31,DTIL,,current,4.7,556552,709
2025-03-31,EAF,,current,9.5,2031460,709
2025-03-31,EBF,,current,18.6583,2656643,709
2025-03-31,EBMT,,current,15.969,418364,709
2025-03-31,ECOR,,current,6.45,1658188,709
2025-03-31,EGAN,,current,4.94,365940,709
2025-03-31,ELAB,,current,4084.2104,506829,338
2025-03-31,ELDN,,current,3.35,943749,709
2025-03-31,ELMD,,current,23.34,2549829,709
2025-03-31,ELTX,,current,7.79,273373,709
2025-03-31,ENTA,,current,5.71,2206155,709
2025-03-31,EPM,,current,4.4902,748386,709
2025-03-31,ESEA,,current,28.9601,974806,709
2025-03-31,ESOA,,current,9.3672,2509415,709
2025-03-31,ESP,,current,26.127,274478,709
2025-03-31,EVCM,,current,10.12,1113987,709
2025-03-31,EVEX,,current,3.49,951879,709
2025-03-31,EVI,,current,16.9649,260538,709
2025-03-31,EVTL,1867102,roster,3.41,1776464,709
2025-03-31,EXFY,,current,3.11,1215387,709
2025-03-31,EXOD,,current,47.84,2396890,709
2025-03-31,FBIZ,,current,46.0223,1391240,709
2025-03-31,FC,,current,28.03,3638735,709
2025-03-31,FCBC,,current,35.2021,1224673,709
2025-03-31,FCCO,,current,21.6076,1041599,709
2025-03-31,FENC,,current,6.5,372148,709
2025-03-31,FF,,current,3.8932,1007481,709
2025-03-31,FGNX,,current,92.125,317953,709
2025-03-31,FHTX,,current,3.52,485575,709
2025-03-31,FINW,,current,17.44,337281,709
2025-03-31,FIRY,,current,4.5,455606,709
2025-03-31,FLD,1889123,roster,6.33,507118,709
2025-03-31,FLGT,,current,17.05,4611399,709
2025-03-31,FLL,,current,4.15,728936,709
2025-03-31,FLWS,,current,5.85,4974869,709
2025-03-31,FLXS,,current,36.3326,1008653,709
2025-03-31,FMAO,,current,22.9107,387247,709
2025-03-31,FNLC,,current,22.9121,493460,709
2025-03-31,FOA,,current,21.4,2904637,709
2025-03-31,FOR,,current,21.07,4280596,709
2025-03-31,FORR,,current,9.75,816023,709
2025-03-31,FOXO,1812360,roster,7366.9883,319156,634
2025-03-31,FPH,,current,5.3,1278017,709
2025-03-31,FRAF,,current,33.929,462168,709
2025-03-31,FRBA,,current,14.2678,617401,709
2025-03-31,FRPH,,current,28.67,901885,709
2025-03-31,FRST,,current,9.319,632789,709
2025-03-31,FSBW,,current,36.225,452947,709
2025-03-31,FSTR,,current,20.08,895556,709
2025-03-31,FUNC,,current,28.4898,798789,709
2025-03-31,FXNC,,current,21.6877,425574,709
2025-03-31,GAIN,,current,11.9431,1304147,709
2025-03-31,GASS,,current,5.79,557654,709
2025-03-31,GCBC,,current,23.6973,615494,709
2025-03-31,GDOT,,current,8.36,4965382,709
2025-03-31,GENC,,current,12.56,375703,709
2025-03-31,GEOS,,current,7.24,463022,709
2025-03-31,GFR,,current,5.52,444182,709
2025-03-31,GIC,,current,21.368,2323122,709
2025-03-31,GLAD,,current,24.266,2498549,709
2025-03-31,GLAS,,current,4.81,646977,709
2025-03-31,GLRE,,current,13.57,1061732,709
2025-03-31,GLSI,,current,10.22,304172,709
2025-03-31,GNE,,current,14.6616,802656,709
2025-03-31,GNLX,,current,3.08,627908,545
2025-03-31,GRNT,,current,5.4636,1904437,709
2025-03-31,GSIT,,current,2.14,613416,709
2025-03-31,GTE,,current,5.0,1457395,709
2025-03-31,GTN,,current,3.9516,4953881,709
2025-03-31,GWH,1819438,roster,3.35,255505,709
2025-03-31,GWRS,,current,9.7975,294584,709
2025-03-31,GYRE,,current,9.11,893230,709
2025-03-31,HBB,,current,18.7225,614839,709
2025-03-31,HBT,,current,21.4272,665160,709
2025-03-31,HCKT,,current,28.0952,2906017,709
2025-03-31,HDSN,,current,6.18,2177554,709
2025-03-31,HGTY,,current,9.0,460708,709
2025-03-31,HIPO,,current,25.99,3816252,709
2025-03-31,HLLY,,current,2.63,860684,709
2025-03-31,HNVR,,current,22.0669,256380,709
2025-03-31,HOFT,,current,9.7333,586875,709
2025-03-31,HPK,,current,12.2715,3249659,709
2025-03-31,HRZN,,current,7.1655,2111199,709
2025-03-31,HSHP,,current,5.2476,780404,500
2025-03-31,HTCO,,current,27.25,261607,709
2025-03-31,HURA,,current,3.53,662680,709
2025-03-31,HURC,,current,15.62,293727,709
2025-03-31,HVT,,current,18.5752,2643219,709
2025-03-31,HWBK,,current,27.0413,294620,709
2025-03-31,HY,,current,39.3778,2945927,709
2025-03-31,IBEX,,current,24.42,3534522,709
2025-03-31,ICCM,,current,33.3,370912,709
2025-03-31,IGIC,,current,22.7051,1653072,709
2025-03-31,III,,current,3.7785,279084,709
2025-03-31,IKT,,current,2.29,346260,709
2025-03-31,IMMR,,current,7.2984,3436552,709
2025-03-31,IMPP,,current,2.48,575359,709
2025-03-31,IMTX,,current,4.63,3922277,709
2025-03-31,IMUX,,current,12.0,745819,709
2025-03-31,IMXI,,current,12.95,3843390,709
2025-03-31,INBK,,current,25.578,850306,709
2025-03-31,INDO,,current,2.79,565995,709
2025-03-31,INFU,,current,5.47,659752,709
2025-03-31,INGN,,current,6.8,2569559,709
2025-03-31,INMB,,current,7.52,2559814,709
2025-03-31,INSE,,current,8.67,1223082,709
2025-03-31,INSG,,current,8.69,1198052,709
2025-03-31,INTT,,current,7.06,262925,709
2025-03-31,ISTR,,current,17.3491,542205,709
2025-03-31,JAKK,,current,22.8282,3007100,709
2025-03-31,JILL,,current,18.0759,2035660,709
2025-03-31,JMSB,,current,16.6311,261590,709
2025-03-31,JOUT,,current,23.622,1199446,709
2025-03-31,JRVR,,current,4.2113,899314,709
2025-03-31,JYNT,,current,12.65,405525,709
2025-03-31,KBDC,,current,13.8911,1483142,213
2025-03-31,KE,,current,16.55,2052824,709
2025-03-31,KELYA,,current,12.7607,3900815,709
2025-03-31,KEN,,current,26.0991,262230,709
2025-03-31,KGEI,,current,8.33,849004,709
2025-03-31,KINS,,current,16.7179,4133086,709
2025-03-31,KMDA,,current,6.4186,796709,709
2025-03-31,KNOP,,current,6.4946,313020,709
2025-03-31,KRMD,,current,2.59,631108,709
2025-03-31,KRNY,,current,5.7181,1685002,709
2025-03-31,KRO,,current,7.2233,1301627,709
2025-03-31,KRRO,,current,17.44,2156506,709
2025-03-31,LAKE,,current,20.1478,1529347,709
2025-03-31,LAW,,current,4.14,491352,709
2025-03-31,LCNB,,current,13.8135,255874,709
2025-03-31,LE,,current,10.47,1253185,709
2025-03-31,LEGH,,current,25.13,1811964,709
2025-03-31,LENZ,,current,25.64,3425608,709
2025-03-31,LFCR,,current,6.85,876222,709
2025-03-31,LFMD,,current,5.45,4957031,709
2025-03-31,LFVN,,current,13.8841,3269941,709
2025-03-31,LGMK,1566826,roster,18.75,496872,709
2025-03-31,LILA,,current,4.358,2353785,709
2025-03-31,LMNR,,current,17.2138,1034447,709
2025-03-31,LNSR,,current,14.13,1094096,709
2025-03-31,LNZA,,current,21.4,1019216,709
2025-03-31,LOCO,,current,10.51,2324036,709
2025-03-31,LODE,,current,2.54,1473528,709
2025-03-31,LUCK,,current,9.5822,4161541,709
2025-03-31,LUNG,,current,6.82,1564680,709
2025-03-31,LWAY,,current,24.53,963095,709
2025-03-31,LXEO,,current,4.1,1322013,350
2025-03-31,LXFR,,current,10.8927,1552513,709
2025-03-31,LYEL,,current,10.82,502014,709
2025-03-31,LYTHF,1816319,roster,245.0,449477,699
2025-03-31,LZM,,current,4.46,444927,709
2025-03-31,MASS,,current,4.04,1090633,709
2025-03-31,MATV,,current,5.9959,4935946,709
2025-03-31,MBI,,current,5.01,1896432,709
2025-03-31,MCBS,,current,26.0155,922413,709
2025-03-31,MCFT,,current,17.24,1201379,709
2025-03-31,MCRB,,current,14.42,677428,709
2025-03-31,MDRX,1124804,roster,4.25,900285,709
2025-03-31,MDWD,,current,15.95,1218747,709
2025-03-31,MDXG,,current,7.54,4372384,709
2025-03-31,MED,,current,13.83,3125628,709
2025-03-31,METCB,,current,6.5545,290327,447
2025-03-31,MFIN,,current,8.3873,304147,709
2025-03-31,MG,,current,10.6,1115400,709
2025-03-31,MIND,,current,5.89,2062543,709
2025-03-31,MLP,,current,18.14,274425,709
2025-03-31,MMI,,current,33.9156,3505340,709
2025-03-31,MPAA,,current,9.35,936263,709
2025-03-31,MRBK,,current,13.6779,758526,709
2025-03-31,MTA,,current,2.95,848201,709
2025-03-31,MTRX,,current,12.53,2459500,709
2025-03-31,MTW,,current,8.89,2257489,709
2025-03-31,MVBF,,current,16.7347,536701,709
2025-03-31,MX,,current,3.62,746902,709
2025-03-31,MYFW,,current,19.04,320273,709
2025-03-31,MYSE,,current,3.45,1259491,709
2025-03-31,NAGE,,current,6.77,2381872,709
2025-03-31,NATH,,current,90.1416,848625,709
2025-03-31,NATR,,current,12.65,384812,709
2025-03-31,NC,,current,32.6453,282532,709
2025-03-31,NCDL,,current,14.4444,3645613,295
2025-03-31,NCMI,,current,5.3958,3151820,709
2025-03-31,NECB,,current,21.975,1175801,709
2025-03-31,NEOV,,current,2.33,898810,709
2025-03-31,NEWT,,current,10.7547,1687407,709
2025-03-31,NEXN,,current,7.62,1763818,709
2025-03-31,NGS,,current,21.3591,1642922,709
2025-03-31,NGVC,,current,37.0985,4765398,709
2025-03-31,NKTX,,current,2.0,1928195,709
2025-03-31,NMFC,,current,9.3194,3480217,709
2025-03-31,NNBR,,current,2.45,520452,709
2025-03-31,NOA,,current,15.614,1158494,709
2025-03-31,NOTE,1823466,roster,10.704,3097348,709
2025-03-31,NPCE,,current,11.85,2249936,709
2025-03-31,NRC,,current,12.383,1105911,709
2025-03-31,NRDY,,current,21.9,1877415,709
2025-03-31,NRIM,,current,17.7195,2787856,709
2025-03-31,NRXP,,current,2.03,810231,709
2025-03-31,NSLR,,current,4.7904,981264,709
2025-03-31,NUS,,current,6.8842,4140795,709
2025-03-31,NVCT,,current,10.46,686878,709
2025-03-31,NXUR,1722969,roster,3.04,852691,470
2025-03-31,OABI,,current,2.42,1524082,709
2025-03-31,OBIO,,current,4.4,264397,709
2025-03-31,OBT,,current,22.8325,405023,709
2025-03-31,OCS,,current,19.18,1057512,709
2025-03-31,OFIX,,current,16.06,2901098,709
2025-03-31,OFLX,,current,33.1775,649317,709
2025-03-31,OM,,current,12.58,659031,709
2025-03-31,ONEW,,current,16.58,2166298,709
2025-03-31,ONIT,,current,31.45,1330148,709
2025-03-31,OPBK,,current,11.3128,359804,709
2025-03-31,OPRT,,current,5.61,2084788,709
2025-03-31,OPRX,,current,8.64,744327,709
2025-03-31,ORN,,current,5.34,2357106,709
2025-03-31,ORRF,,current,28.597,3756206,709
2025-03-31,OSUR,,current,3.43,2718026,709
2025-03-31,OZ,,current,65.12,588675,709
2025-03-31,PACK,,current,5.39,2190229,709
2025-03-31,PAL,,current,8.73,2270745,222
2025-03-31,PANL,,current,4.6129,1029955,709
2025-03-31,PAYS,,current,2.13,599314,709
2025-03-31,PBYI,,current,3.14,1178253,709
2025-03-31,PCB,,current,17.779,386175,709
2025-03-31,PCYO,,current,10.73,382410,709
2025-03-31,PDEX,,current,48.23,995860,709
2025-03-31,PDLB,,current,12.71,520328,709
2025-03-31,PERI,,current,8.16,2844110,709
2025-03-31,PEVM,1879848,roster,19.0,402739,704
2025-03-31,PEW,,current,10.65,1486056,304
2025-03-31,PFIS,,current,41.8101,941424,709
2025-03-31,PKBK,,current,18.07,361036,709
2025-03-31,PKOH,,current,21.0916,502025,709
2025-03-31,PLBC,,current,41.1542,355258,709
2025-03-31,PLCE,,current,8.72,2450344,709
2025-03-31,PLX,,current,2.58,1323035,709
2025-03-31,PMTS,,current,28.8,868937,709
2025-03-31,PNNT,,current,5.4604,2227084,709
2025-03-31,PPIH,,current,13.47,275734,709
2025-03-31,PROF,,current,6.05,360268,709
2025-03-31,PRPH,868278,roster,4.4,350185,709
2025-03-31,PRTH,,current,6.75,4826062,709
2025-03-31,PSBD,,current,11.8336,289590,300
2025-03-31,PTPI,1815903,roster,2.15,416596,709
2025-03-31,QNTM,,current,8.56,624333,709
2025-03-31,QUAD,,current,5.0314,1223997,709
2025-03-31,QUIK,,current,5.35,1432256,709
2025-03-31,RAIL,,current,5.64,1902352,709
2025-03-31,RBB,,current,15.8617,586165,709
2025-03-31,RBOT,1812173,roster,6.17,390520,709
2025-03-31,RCEL,,current,8.73,1566332,709
2025-03-31,RCKY,,current,17.0831,800345,709
2025-03-31,RCMT,,current,15.86,803990,709
2025-03-31,RDCM,,current,11.8,758810,709
2025-03-31,RDNW,,current,2.81,343851,709
2025-03-31,RELL,,current,10.6313,684617,709
2025-03-31,RGP,,current,5.9823,1809598,709
2025-03-31,RGR,,current,38.611,4810955,709
2025-03-31,RICK,,current,43.9911,2914004,709
2025-03-31,RILY,,current,4.0,3666780,709
2025-03-31,RLGT,,current,6.16,925930,709
2025-03-31,RM,,current,28.7417,1329542,709
2025-03-31,RMNI,,current,3.47,830904,709
2025-03-31,RMR,,current,14.1717,2420749,709
2025-03-31,RNAC,,current,14.54,1249677,709
2025-03-31,RNGR,,current,13.8945,1682136,709
2025-03-31,RPAY,,current,5.48,3248201,709
2025-03-31,RRGB,,current,3.65,1273916,709
2025-03-31,RVPH,1742927,roster,20.2,2074543,709
2025-03-31,RWAY,,current,8.1285,2045707,709
2025-03-31,SAMG,,current,15.2974,332014,709
2025-03-31,SAR,,current,20.4844,1607544,709
2025-03-31,SBFG,,current,20.2704,276303,709
2025-03-31,SBSI,,current,26.914,2833790,709
2025-03-31,SCLX,,current,5.2958,378916,709
2025-03-31,SCM,,current,11.7757,1797827,709
2025-03-31,SD,,current,10.6768,2732205,709
2025-03-31,SDHC,,current,18.99,1794115,304
2025-03-31,SEAT,,current,58.6,4120469,709
2025-03-31,SEGG,,current,65.8,526917,448
2025-03-31,SGC,,current,10.2092,587255,709
2025-03-31,SGHT,,current,2.55,633343,709
2025-03-31,SHBI,,current,12.9719,2638888,709
2025-03-31,SHIP,,current,6.2672,1329753,709
2025-03-31,SIGA,,current,4.4457,1821936,709
2025-03-31,SKIL,,current,19.66,1208574,709
2025-03-31,SKYH,,current,13.7,786239,709
2025-03-31,SLRC,,current,15.0763,2263431,709
2025-03-31,SMC,,current,34.21,3311113,709
2025-03-31,SMHI,,current,5.17,758062,709
2025-03-31,SMID,,current,32.32,334511,709
2025-03-31,SMP,,current,23.6793,3461749,709
2025-03-31,SMTI,,current,30.19,642413,709
2025-03-31,SMX,,current,6143.0615,708866,709
2025-03-31,SNBRQ,827187,roster,6.44,4665162,709
2025-03-31,SPCB,,current,7.3,2855975,709
2025-03-31,SPOK,,current,14.1468,1250014,709
2025-03-31,SRG,,current,3.3,549298,709
2025-03-31,SRI,,current,4.63,1267890,709
2025-03-31,SSP,,current,2.3609,977389,709
2025-03-31,SSTI,,current,17.44,663850,709
2025-03-31,STBXF,1914818,roster,2.4696,432663,652
2025-03-31,STEM,,current,7.8,3513213,709
2025-03-31,STI,,current,6.05,439417,709
2025-03-31,STIM,,current,3.77,4380257,709
2025-03-31,SVCO,,current,4.66,978439,222
2025-03-31,SWIM,,current,6.43,3568275,709
2025-03-31,TARA,,current,4.58,1088867,709
2025-03-31,TASK,,current,8.9285,2573239,709
2025-03-31,TAYD,,current,33.24,743245,709
2025-03-31,TBCH,,current,14.12,2682754,709
2025-03-31,TBI,,current,5.59,1052748,709
2025-03-31,TCBX,,current,33.19,2295617,709
2025-03-31,TCPC,,current,6.4089,3694049,709
2025-03-31,TCX,,current,17.04,518458,709
2025-03-31,TG,,current,7.7,596920,709
2025-03-31,TGEN,,current,2.27,297250,709
2025-03-31,TIPT,,current,22.8241,1894310,709
2025-03-31,TITN,,current,17.27,3862863,709
2025-03-31,TKNO,,current,5.21,2178844,709
2025-03-31,TLS,,current,2.46,900686,709
2025-03-31,TLYS,,current,2.19,289047,709
2025-03-31,TMCI,,current,8.45,3142483,709
2025-03-31,TPVG,,current,5.7688,1464124,709
2025-03-31,TRAK,,current,20.3065,832431,709
2025-03-31,TRC,,current,16.08,1355041,709
2025-03-31,TRDA,,current,9.56,1332755,709
2025-03-31,TSBK,,current,29.3058,292686,709
2025-03-31,TSQ,,current,6.7857,378076,709
2025-03-31,TTGT,,current,14.3,2907166,709
2025-03-31,TWIN,,current,7.7984,265592,709
2025-03-31,TZOO,,current,13.62,2316919,709
2025-03-31,UFI,,current,4.69,314694,709
2025-03-31,UIS,,current,4.62,2320815,709
2025-03-31,ULH,,current,26.4562,1366126,709
2025-03-31,UNTY,,current,40.5519,1571278,709
2025-03-31,UP,,current,20.4,1009843,709
2025-03-31,USAU,,current,9.44,1683005,709
2025-03-31,USCB,,current,18.0006,388844,709
2025-03-31,USGO,,current,9.15,335698,487
2025-03-31,UTMD,,current,54.7567,1083943,709
2025-03-31,VATE,,current,8.16,789185,709
2025-03-31,VBNK,,current,9.8328,951524,709
2025-03-31,VEL,,current,18.55,894984,709
2025-03-31,VERU,,current,5.1,1242856,709
2025-03-31,VFS,,current,3.39,1943830,709
2025-03-31,VINP,,current,9.4204,654647,709
2025-03-31,VLGEA,,current,35.5719,808873,709
2025-03-31,VLN,1863006,roster,2.02,822955,709
2025-03-31,VMAR,,current,19200.0,518200,709
2025-03-31,VMD,,current,7.27,778049,709
2025-03-31,VNDA,,current,4.69,2491990,709
2025-03-31,VOXR,,current,2.8502,294641,709
2025-03-31,VRA,,current,2.31,636135,709
2025-03-31,VTEX,,current,5.1,3703760,709
2025-03-31,VYGR,,current,3.65,1480752,709
2025-03-31,WATT,,current,8.46,319640,709
2025-03-31,WEST,,current,7.08,1660159,709
2025-03-31,WEYS,,current,27.2115,331337,709
2025-03-31,WHF,,current,7.837,550774,709
2025-03-31,WKHS,,current,23.28,1228018,709
2025-03-31,WLGSF,1899658,roster,65.0,2710796,487
2025-03-31,WNEB,,current,8.9714,458570,709
2025-03-31,WNW,,current,204.0,443082,709
2025-03-31,WSBF,,current,12.6804,542129,709
2025-03-31,WTBA,,current,18.7572,487551,709
2025-03-31,XFOR,,current,7.5,670783,709
2025-03-31,XGN,,current,3.84,340705,709
2025-03-31,XPER,,current,7.84,2757195,633
2025-03-31,YORW,,current,33.4488,1825854,709
2025-03-31,ZCAR,1854275,roster,4.125,434020,709
2025-03-31,ZIP,,current,5.78,3898776,709
2025-03-31,ZSQR,,current,9.38,617034,709
2025-03-31,ZUMZ,,current,14.37,4177196,709
2025-04-30,ACB,,current,4.64,4866404,730
2025-04-30,ACCO,,current,3.456,3308053,730
2025-04-30,ACEL,,current,11.09,3992049,730
2025-04-30,ACIC,,current,10.9018,1659918,730
2025-04-30,ACNB,,current,40.1873,1293127,730
2025-04-30,ACNT,,current,13.07,399852,730
2025-04-30,ACTG,,current,3.13,771642,730
2025-04-30,ACU,,current,39.1583,354284,730
2025-04-30,ADV,,current,33.5,836496,730
2025-04-30,AEHL,,current,246.72,267648,730
2025-04-30,AEYE,,current,11.97,1889749,730
2025-04-30,AFCG,,current,4.7951,982359,730
2025-04-30,AFYA,,current,18.272,1589912,730
2025-04-30,AIRS,,current,2.24,576911,730
2025-04-30,AISP,,current,3.99,3154195,730
2025-04-30,ALCO,,current,28.5431,1080443,730
2025-04-30,ALGS,,current,5.25,1612072,730
2025-04-30,ALLT,,current,5.98,3399357,730
2025-04-30,ALTG,,current,4.2948,986320,730
2025-04-30,ALTI,,current,3.3,331962,730
2025-04-30,ALVO,,current,7.86,1184347,719
2025-04-30,AMBP,1845097,roster,3.4123,3485935,730
2025-04-30,AMPY,,current,2.83,1945179,730
2025-04-30,AMWL,,current,7.3,414593,730
2025-04-30,ANGI,,current,11.89,3932295,730
2025-04-30,ANIK,,current,14.69,1048284,730
2025-04-30,AOUT,,current,11.36,784826,730
2025-04-30,AREB,1648087,roster,129600.0,577500,730
2025-04-30,AROW,,current,23.7738,888107,730
2025-04-30,ARQ,,current,3.77,1106085,730
2025-04-30,ARTNA,,current,32.9859,1049330,730
2025-04-30,ASIX,,current,20.3683,3621369,730
2025-04-30,ASLE,,current,7.06,3130514,730
2025-04-30,ASTL,,current,5.0295,4866651,730
2025-04-30,ASUR,,current,10.06,673339,730
2025-04-30,ATLX,,current,4.3,689360,730
2025-04-30,ATNI,,current,17.1184,1015260,730
2025-04-30,ATOM,,current,4.19,2531945,730
2025-04-30,ATRA,,current,7.51,349932,730
2025-04-30,ATS,,current,25.2,2940481,730
2025-04-30,AUDC,,current,8.8334,829752,730
2025-04-30,AURA,,current,5.56,1109482,730
2025-04-30,AVD,,current,4.3,927342,730
2025-04-30,AVIR,,current,2.95,862955,730
2025-04-30,AVNW,,current,18.13,2342422,730
2025-04-30,AZ,,current,7.26,693052,730
2025-04-30,BARK,,current,23.4,1228888,730
2025-04-30,BATRA,,current,44.03,1877669,730
2025-04-30,BBCP,,current,6.14,953082,730
2025-04-30,BCAL,,current,13.8461,1324238,730
2025-04-30,BCBP,,current,7.7175,465820,730
2025-04-30,BCIC,,current,9.8225,525990,730
2025-04-30,BCML,,current,25.0062,485711,730
2025-04-30,BCSF,,current,13.0406,4050080,730
2025-04-30,BCTX,,current,45.9,335177,730
2025-04-30,BHATF,1759136,roster,103.0,1223908,730
2025-04-30,BHB,,current,27.8447,1230873,730
2025-04-30,BINI,1499961,roster,12250.0,4900000,730
2025-04-30,BIVI,,current,8.28,264864,730
2025-04-30,BKTI,,current,45.2,848377,730
2025-04-30,BMRC,,current,19.7764,1491547,730
2025-04-30,BNED,,current,10.5333,3061391,730
2025-04-30,BNT,,current,35.4184,679209,730
2025-04-30,BNTC,,current,13.68,498937,730
2025-04-30,BOC,,current,15.64,1667160,730
2025-04-30,BOOM,,current,6.8,1412282,730
2025-04-30,BRBS,,current,2.8689,502946,730
2025-04-30,BRCC,,current,23.0,1165532,730
2025-04-30,BSET,,current,16.2821,304550,730
2025-04-30,BSRR,,current,25.8561,1033924,730
2025-04-30,BSVN,,current,35.6102,826464,730
2025-04-30,BURU,1814215,roster,29.7404,1232285,562
2025-04-30,BVFL,,current,15.5,293792,730
2025-04-30,BWB,,current,15.25,687390,730
2025-04-30,BWFG,,current,32.7972,310769,730
2025-04-30,BWMN,,current,22.51,1712130,730
2025-04-30,BZAI,1871638,roster,2.38,1688821,730
2025-04-30,CAC,,current,37.4501,2841617,730
2025-04-30,CASS,,current,39.5105,1686360,730
2025-04-30,CATX,,current,2.41,1544553,730
2025-04-30,CBAN,,current,14.9934,1130028,730
2025-04-30,CBNK,,current,29.6003,1241363,730
2025-04-30,CCAP,,current,13.7349,1990749,730
2025-04-30,CCBG,,current,35.5935,739932,730
2025-04-30,CD,,current,7.01,416706,730
2025-04-30,CDZI,,current,2.84,1636965,730
2025-04-30,CERO,1870404,roster,18.96,263886,730
2025-04-30,CFFI,,current,65.1752,755639,730
2025-04-30,CGNT,,current,9.78,2583386,730
2025-04-30,CHMG,,current,43.6762,546962,730
2025-04-30,CIA,,current,4.29,536069,730
2025-04-30,CING,,current,4.18,345214,730
2025-04-30,CINT,,current,5.8,707908,730
2025-04-30,CION,,current,8.1334,2797262,730
2025-04-30,CIVB,,current,21.7114,695677,730
2025-04-30,CLAR,,current,3.1757,597599,730
2025-04-30,CLDI,1855485,roster,94.848,313478,730
2025-04-30,CLMB,,current,26.7267,3285308,730
2025-04-30,CMCL,,current,13.0656,626771,730
2025-04-30,CMRC,,current,5.29,4817865,730
2025-04-30,CMT,,current,14.91,491673,730
2025-04-30,CNL,,current,9.44,701262,730
2025-04-30,CNSY,,current,19.25,893392,730
2025-04-30,CNTM,1895249,roster,20.256,366688,709
2025-04-30,CNVS,,current,2.98,276810,730
2025-04-30,COFS,,current,26.8371,1219369,730
2025-04-30,COOK,,current,73.5,260544,730
2025-04-30,COYA,,current,6.1,448076,584
2025-04-30,CPS,,current,14.95,3685628,730
2025-04-30,CRBP,,current,7.2,1481869,730
2025-04-30,CRCT,,current,4.2069,1601662,730
2025-04-30,CRMT,,current,48.63,3365913,730
2025-04-30,CRNT,,current,2.19,3155473,730
2025-04-30,CRVO,,current,9.38,2566675,730
2025-04-30,CSV,,current,39.7559,4172391,730
2025-04-30,CTEV,,current,23.02,1547802,730
2025-04-30,CTKB,,current,3.75,3437364,730
2025-04-30,CTNM,,current,4.41,346419,267
2025-04-30,CTOS,1709682,roster,4.23,2772242,730
2025-04-30,CURI,,current,2.7831,592321,730
2025-04-30,CURV,,current,6.35,1502895,730
2025-04-30,CVEO,,current,20.09,1510203,730
2025-04-30,CVRX,,current,7.39,2318365,730
2025-04-30,CWCO,,current,23.2029,2631078,730
2025-04-30,CXAI,,current,57.5,520165,730
2025-04-30,CXDO,,current,5.03,690771,730
2025-04-30,CZFS,,current,52.8231,585269,730
2025-04-30,CZNC,,current,17.5662,524337,730
2025-04-30,CZWI,,current,14.8107,279748,730
2025-04-30,DCBO,,current,31.53,2185813,730
2025-04-30,DERM,,current,7.54,339924,730
2025-04-30,DGICA,,current,18.2689,1827091,730
2025-04-30,DIBS,,current,2.48,274770,730
2025-04-30,DMAC,,current,4.28,400002,730
2025-04-30,DMRC,,current,13.61,3553342,730
2025-04-30,DOMO,,current,7.57,2935908,730
2025-04-30,DSGR,,current,26.31,1434739,730
2025-04-30,DTCX,,current,5.12,304335,730
2025-04-30,DTIL,,current,5.23,483339,730
2025-04-30,EAF,,current,6.0,1952859,730
2025-04-30,EBF,,current,16.8974,3152884,730
2025-04-30,EBMT,,current,16.6384,511241,730
2025-04-30,ECOR,,current,7.12,1127734,730
2025-04-30,EFSI,,current,28.2838,595265,730
2025-04-30,EGAN,,current,5.24,299878,730
2025-04-30,ELAB,,current,1970.5264,383305,359
2025-04-30,ELDN,,current,3.27,716004,730
2025-04-30,ELMD,,current,22.55,1923608,730
2025-04-30,ELTX,,current,4.81,255426,730
2025-04-30,ENTA,,current,5.79,1713760,730
2025-04-30,EPM,,current,3.7886,706448,730
2025-04-30,EPSN,,current,6.8661,265798,730
2025-04-30,ESEA,,current,29.5163,820250,730
2025-04-30,ESOA,,current,8.6573,2073566,730
2025-04-30,ESP,,current,29.8335,308965,730
2025-04-30,EVCM,,current,9.97,1240034,730
2025-04-30,EVEX,,current,3.78,773463,730
2025-04-30,EVTL,1867102,roster,3.83,863904,730
2025-04-30,EXFY,,current,2.98,1172664,730
2025-04-30,EXOD,,current,40.97,2169624,730
2025-04-30,FBIZ,,current,46.8531,1249235,730
2025-04-30,FC,,current,20.78,3574318,730
2025-04-30,FCBC,,current,35.1836,1354873,730
2025-04-30,FCCO,,current,22.9991,985106,730
2025-04-30,FENC,,current,6.19,349212,730
2025-04-30,FF,,current,3.8464,1113939,730
2025-04-30,FHTX,,current,4.25,466515,730
2025-04-30,FINW,,current,15.53,383872,730
2025-04-30,FIRY,,current,5.06,355075,730
2025-04-30,FLD,1889123,roster,3.39,841267,730
2025-04-30,FLL,,current,3.28,520962,730
2025-04-30,FLWS,,current,5.49,4584509,730
2025-04-30,FLXS,,current,32.0599,807163,730
2025-04-30,FMAO,,current,23.9458,349331,730
2025-04-30,FNLC,,current,23.1745,428300,730
2025-04-30,FOA,,current,20.83,2155605,730
2025-04-30,FOR,,current,19.45,4216783,730
2025-04-30,FORR,,current,9.35,865571,730
2025-04-30,FPH,,current,5.32,1004107,730
2025-04-30,FRAF,,current,37.2931,524392,730
2025-04-30,FRBA,,current,14.0052,621958,730
2025-04-30,FRD,,current,16.984,253312,730
2025-04-30,FRPH,,current,26.88,1148026,730
2025-04-30,FRST,,current,7.9388,651323,730
2025-04-30,FSBW,,current,37.4166,493048,730
2025-04-30,FSTR,,current,20.25,923541,730
2025-04-30,FUNC,,current,29.2566,635777,730
2025-04-30,FXNC,,current,19.6391,510196,730
2025-04-30,GAIN,,current,12.2772,1403924,730
2025-04-30,GASS,,current,5.4,438479,730
2025-04-30,GBFH,,current,41.5,321231,203
2025-04-30,GCBC,,current,21.4808,607614,730
2025-04-30,GENC,,current,12.76,338374,730
2025-04-30,GEOS,,current,6.42,451800,730
2025-04-30,GFR,,current,4.72,416544,730
2025-04-30,GIC,,current,21.0455,2398643,730
2025-04-30,GLAD,,current,22.4806,2230433,730
2025-04-30,GLAS,,current,6.63,666327,730
2025-04-30,GLRE,,current,13.23,1097091,730
2025-04-30,GLSI,,current,10.36,344720,730
2025-04-30,GNE,,current,14.6421,771910,730
2025-04-30,GNLX,,current,2.97,618239,566
2025-04-30,GRNT,,current,4.3532,2005996,730
2025-04-30,GSIT,,current,3.06,447840,730
2025-04-30,GTE,,current,4.49,1149802,730
2025-04-30,GWRS,,current,10.0313,323631,730
2025-04-30,GYRE,,current,9.57,926283,730
2025-04-30,HBB,,current,19.0207,741547,730
2025-04-30,HBT,,current,22.3506,697073,730
2025-04-30,HCKT,,current,24.8205,3425703,730
2025-04-30,HDSN,,current,6.71,2405487,730
2025-04-30,HGTY,,current,8.79,597339,730
2025-04-30,HIPO,,current,24.07,4353552,730
2025-04-30,HITI,,current,2.42,1291410,730
2025-04-30,HLLY,,current,2.09,931543,730
2025-04-30,HNVR,,current,22.7879,275047,730
2025-04-30,HOFT,,current,8.8019,623139,730
2025-04-30,HPK,,current,8.4108,3241449,730
2025-04-30,HRZN,,current,6.891,1977300,730
2025-04-30,HSHP,,current,4.8036,846872,521
2025-04-30,HURA,,current,3.92,674212,730
2025-04-30,HURC,,current,15.81,308928,730
2025-04-30,HVT,,current,16.8848,2852887,730
2025-04-30,HWBK,,current,29.9974,336599,730
2025-04-30,HY,,current,36.8473,2730761,730
2025-04-30,IBEX,,current,24.49,3874122,730
2025-04-30,ICCM,,current,38.1,277288,730
2025-04-30,IGIC,,current,23.1333,1914218,730
2025-04-30,III,,current,3.6274,339621,730
2025-04-30,IKT,,current,2.25,307905,730
2025-04-30,IMMR,,current,6.9345,2665784,730
2025-04-30,IMPP,,current,2.57,400326,730
2025-04-30,IMTX,,current,4.87,2744008,730
2025-04-30,IMUX,,current,12.8,682470,730
2025-04-30,IMXI,,current,12.67,4212136,730
2025-04-30,INBK,,current,20.5828,817344,730
2025-04-30,INDO,,current,2.3,402665,730
2025-04-30,INFU,,current,4.92,665450,730
2025-04-30,INGN,,current,7.28,2467590,730
2025-04-30,INMB,,current,7.85,1977004,730
2025-04-30,INSE,,current,7.69,1250460,730
2025-04-30,INSG,,current,8.42,1059135,730
2025-04-30,INTT,,current,6.3,250651,730
2025-04-30,ISTR,,current,18.801,554654,730
2025-04-30,JAKK,,current,18.0878,3313837,730
2025-04-30,JILL,,current,14.7822,1876478,730
2025-04-30,JMSB,,current,16.2134,271213,730
2025-04-30,JOUT,,current,22.6684,1060611,730
2025-04-30,JRVR,,current,4.4888,868086,730
2025-04-30,JYNT,,current,9.88,573525,730
2025-04-30,KBDC,,current,13.986,2022696,234
2025-04-30,KE,,current,14.83,2098799,730
2025-04-30,KELYA,,current,11.0515,3499862,730
2025-04-30,KEN,,current,29.3403,308089,730
2025-04-30,KGEI,,current,7.0,830262,730
2025-04-30,KIDS,,current,21.55,4902483,730
2025-04-30,KINS,,current,19.7978,4141594,730
2025-04-30,KMDA,,current,6.2759,737357,730
2025-04-30,KNOP,,current,6.3151,311216,730
2025-04-30,KRMD,,current,2.62,481693,730
2025-04-30,KRNY,,current,5.7454,1777235,730
2025-04-30,KRO,,current,7.3755,1311273,730
2025-04-30,KRRO,,current,16.67,1561754,730
2025-04-30,LAKE,,current,16.6473,1456866,730
2025-04-30,LARK,,current,26.3997,437719,730
2025-04-30,LAW,,current,3.76,399489,730
2025-04-30,LCNB,,current,13.7304,276025,730
2025-04-30,LCUT,,current,3.2722,253744,730
2025-04-30,LE,,current,8.93,1165086,730
2025-04-30,LEGH,,current,24.58,1936595,730
2025-04-30,LENZ,,current,26.63,4472818,730
2025-04-30,LFCR,,current,6.36,959769,730
2025-04-30,LFVN,,current,11.891,2811860,730
2025-04-30,LGMK,1566826,roster,12.0,892845,730
2025-04-30,LILA,,current,3.7024,2196824,730
2025-04-30,LMNR,,current,15.0331,1015112,730
2025-04-30,LNSR,,current,14.05,1815473,730
2025-04-30,LNZA,,current,24.0,659601,730
2025-04-30,LOCO,,current,9.37,2460467,730
2025-04-30,LODE,,current,2.32,953240,730
2025-04-30,LUCK,,current,9.1374,3531336,730
2025-04-30,LUNG,,current,5.27,1844070,730
2025-04-30,LWAY,,current,23.75,842346,730
2025-04-30,LXEO,,current,3.57,1493149,371
2025-04-30,LXFR,,current,9.5831,1459177,730
2025-04-30,LYEL,,current,8.64,436232,730
2025-04-30,LYTHF,1816319,roster,55.0,251791,720
2025-04-30,LZM,,current,3.45,445189,730
2025-04-30,MASS,,current,5.47,1839053,730
2025-04-30,MATV,,current,5.0013,4969415,730
2025-04-30,MBI,,current,4.78,1670745,730
2025-04-30,MCBS,,current,26.6327,983596,730
2025-04-30,MCFT,,current,16.62,1351873,730
2025-04-30,MCRB,,current,9.4,622081,730
2025-04-30,MDRX,1124804,roster,4.22,612237,730
2025-04-30,MDWD,,current,18.16,1168174,730
2025-04-30,MDXG,,current,6.92,3791425,730
2025-04-30,MED,,current,12.5,2956876,730
2025-04-30,METCB,,current,8.6199,395502,468
2025-04-30,MFIN,,current,8.1929,282311,730
2025-04-30,MG,,current,9.33,1206244,730
2025-04-30,MIND,,current,6.39,1310439,730
2025-04-30,MLR,,current,40.3704,4808350,730
2025-04-30,MMI,,current,30.2793,3980811,730
2025-04-30,MPAA,,current,8.96,1027608,730
2025-04-30,MRBK,,current,12.8963,834730,730
2025-04-30,MRDN,,current,23.28,259783,730
2025-04-30,MTA,,current,3.0,940318,730
2025-04-30,MTRX,,current,11.75,2551438,730
2025-04-30,MTW,,current,8.04,2316702,730
2025-04-30,MVBF,,current,16.3792,438357,730
2025-04-30,MX,,current,3.15,933175,730
2025-04-30,MYFW,,current,20.43,359339,730
2025-04-30,MYSE,,current,2.27,584264,730
2025-04-30,NAGE,,current,7.78,3548707,730
2025-04-30,NATH,,current,93.2319,932481,730
2025-04-30,NATR,,current,11.97,502214,730
2025-04-30,NC,,current,35.1862,301190,730
2025-04-30,NCDL,,current,13.5272,3568311,316
2025-04-30,NCMI,,current,5.742,3800501,730
2025-04-30,NECB,,current,21.9954,918157,730
2025-04-30,NEOV,,current,3.12,515798,730
2025-04-30,NEWT,,current,9.8944,2170644,730
2025-04-30,NEXN,,current,9.87,2919057,730
2025-04-30,NGS,,current,18.3344,1433095,730
2025-04-30,NMFC,,current,8.5112,4074088,730
2025-04-30,NOA,,current,14.8914,1295440,730
2025-04-30,NOTE,1823466,roster,7.26,1860241,730
2025-04-30,NPCE,,current,11.98,2242184,730
2025-04-30,NRC,,current,11.3854,1105911,730
2025-04-30,NRDY,,current,24.45,1311615,730
2025-04-30,NRIM,,current,19.6934,2204866,730
2025-04-30,NRXP,,current,2.055,354006,730
2025-04-30,NSLR,,current,4.4125,864449,730
2025-04-30,NUS,,current,5.7782,4097890,730
2025-04-30,NVCT,,current,10.33,999336,730
2025-04-30,NWFL,,current,23.4783,337228,730
2025-04-30,OBT,,current,22.4258,357051,730
2025-04-30,OCS,,current,17.57,770532,730
2025-04-30,OFIX,,current,14.13,3354370,730
2025-04-30,OFLX,,current,28.9905,661593,730
2025-04-30,OM,,current,11.44,961781,730
2025-04-30,ONEW,,current,14.75,1861748,730
2025-04-30,ONIT,,current,35.53,1265115,730
2025-04-30,OPBK,,current,11.966,432591,730
2025-04-30,OPRT,,current,5.14,2545215,730
2025-04-30,OPRX,,current,9.18,1187326,730
2025-04-30,ORN,,current,6.33,2071256,730
2025-04-30,ORRF,,current,28.3777,4471900,730
2025-04-30,OSUR,,current,3.06,2121276,730
2025-04-30,OVBC,,current,36.8635,275869,730
2025-04-30,OZ,,current,62.5,572436,730
2025-04-30,PACK,,current,4.19,2245281,730
2025-04-30,PAL,,current,9.7,2549096,243
2025-04-30,PAMT,,current,13.92,253568,730
2025-04-30,PANL,,current,3.8726,1010346,730
2025-04-30,PAYS,,current,2.36,460790,730
2025-04-30,PBYI,,current,3.04,799073,730
2025-04-30,PCB,,current,18.7819,483956,730
2025-04-30,PCYO,,current,9.88,375267,730
2025-04-30,PDEX,,current,66.4,1526980,730
2025-04-30,PDLB,,current,12.9,530719,730
2025-04-30,PERI,,current,9.63,3709885,730
2025-04-30,PEVM,1879848,roster,5.45,391793,725
2025-04-30,PEW,,current,12.19,1354697,325
2025-04-30,PFIS,,current,40.8567,844627,730
2025-04-30,PKBK,,current,18.1839,395184,730
2025-04-30,PKOH,,current,19.1073,448049,730
2025-04-30,PLBC,,current,40.9428,346289,730
2025-04-30,PLCE,,current,5.18,2734764,730
2025-04-30,PLX,,current,2.96,1466932,730
2025-04-30,PMTS,,current,26.39,860473,730
2025-04-30,PNNT,,current,5.1159,2334368,730
2025-04-30,PPIH,,current,12.31,268618,730
2025-04-30,PROF,,current,4.89,321184,730
2025-04-30,PRPH,868278,roster,3.4,376340,730
2025-04-30,PRTH,,current,7.37,4299592,730
2025-04-30,PSBD,,current,10.7126,372684,321
2025-04-30,QNTM,,current,6.85,1294781,730
2025-04-30,QTRX,,current,6.05,4491865,730
2025-04-30,QUAD,,current,4.7998,1262775,730
2025-04-30,QUIK,,current,5.66,914058,730
2025-04-30,RAIL,,current,6.13,1578032,730
2025-04-30,RBB,,current,15.1944,423426,730
2025-04-30,RCEL,,current,10.0,1496483,730
2025-04-30,RCKY,,current,13.5557,821472,730
2025-04-30,RCMT,,current,17.45,670646,730
2025-04-30,RDCM,,current,11.43,528577,730
2025-04-30,RDNW,,current,2.62,356045,730
2025-04-30,RELL,,current,8.3054,665805,730
2025-04-30,RGP,,current,5.2983,1619548,730
2025-04-30,RGR,,current,39.8249,4927642,730
2025-04-30,RICK,,current,40.3984,2539821,730
2025-04-30,RILY,,current,2.9,2786484,730
2025-04-30,RLGT,,current,5.83,961684,730
2025-04-30,RM,,current,32.1554,1202288,730
2025-04-30,RMBI,,current,13.3621,277633,730
2025-04-30,RMNI,,current,3.47,791079,730
2025-04-30,RMR,,current,12.8964,2469545,730
2025-04-30,RNAC,,current,11.9,1137951,730
2025-04-30,RNGR,,current,12.2965,1379416,730
2025-04-30,RPAY,,current,4.1,4232132,730
2025-04-30,RRGB,,current,2.78,1185478,730
2025-04-30,RVPH,1742927,roster,17.54,807448,730
2025-04-30,RVSB,,current,5.801,291674,730
2025-04-30,RWAY,,current,7.2445,2393715,730
2025-04-30,SAMG,,current,14.0993,444947,730
2025-04-30,SAR,,current,20.1417,1780085,730
2025-04-30,SBFG,,current,18.967,294119,730
2025-04-30,SBSI,,current,26.7092,2887842,730
2025-04-30,SCLX,,current,2.8705,374267,730
2025-04-30,SCM,,current,11.1443,2149055,730
2025-04-30,SD,,current,8.6293,2681272,730
2025-04-30,SDHC,,current,19.75,1323646,325
2025-04-30,SEAT,,current,59.0,4055588,730
2025-04-30,SEGG,,current,59.85,630134,469
2025-04-30,SENS,,current,15.0,3624337,730
2025-04-30,SGC,,current,9.533,591120,730
2025-04-30,SGHT,,current,3.15,592942,730
2025-04-30,SHBI,,current,13.4893,2797726,730
2025-04-30,SHIP,,current,5.4932,1166520,730
2025-04-30,SIGA,,current,5.0954,2055247,730
2025-04-30,SKIL,,current,19.28,725868,730
2025-04-30,SKYH,,current,10.78,980968,730
2025-04-30,SLRC,,current,13.7841,2566034,730
2025-04-30,SMC,,current,29.15,3298210,730
2025-04-30,SMHI,,current,5.08,649142,730
2025-04-30,SMID,,current,29.55,259302,730
2025-04-30,SMP,,current,23.1472,4784078,730
2025-04-30,SMTI,,current,32.14,551637,730
2025-04-30,SNBRQ,827187,roster,7.59,4771543,730
2025-04-30,SPCB,,current,6.02,890332,730
2025-04-30,SPOK,,current,12.4692,1541766,730
2025-04-30,SRG,,current,2.93,572115,730
2025-04-30,SRI,,current,3.94,1280459,730
2025-04-30,SSTI,,current,15.95,791277,730
2025-04-30,STEM,,current,8.3,1519399,730
2025-04-30,STI,,current,5.1,315614,730
2025-04-30,STIM,,current,4.43,4769969,730
2025-04-30,SUNE,,current,2.45,1738715,730
2025-04-30,SVCO,,current,5.32,743749,243
2025-04-30,SWIM,,current,5.57,3586099,730
2025-04-30,TARA,,current,3.4,1064107,730
2025-04-30,TASK,,current,9.3196,2454438,730
2025-04-30,TAYD,,current,31.6,609764,730
2025-04-30,TBCH,,current,11.3,2977427,730
2025-04-30,TBI,,current,4.31,1152548,730
2025-04-30,TBN,,current,20.81,357754,210
2025-04-30,TCBX,,current,29.73,2321932,730
2025-04-30,TCPC,,current,5.5987,3733719,730
2025-04-30,TCX,,current,16.49,552403,730
2025-04-30,TG,,current,7.98,561258,730
2025-04-30,TIPT,,current,21.9708,3219829,730
2025-04-30,TITN,,current,16.86,4331262,730
2025-04-30,TKNO,,current,6.67,2328283,730
2025-04-30,TLS,,current,2.79,918858,730
2025-04-30,TMCI,,current,7.05,2711029,730
2025-04-30,TNON,,current,40.25,334387,730
2025-04-30,TPVG,,current,5.0528,1479761,730
2025-04-30,TRAK,,current,22.2378,804837,730
2025-04-30,TRC,,current,17.22,1891915,730
2025-04-30,TRDA,,current,8.94,1287076,730
2025-04-30,TSBK,,current,29.5064,326963,730
2025-04-30,TSQ,,current,5.6319,360782,730
2025-04-30,TTGT,,current,7.77,2917450,730
2025-04-30,TWIN,,current,7.0627,336664,730
2025-04-30,TZOO,,current,16.12,2221466,730
2025-04-30,UFI,,current,5.18,314694,730
2025-04-30,UIS,,current,3.96,2149519,730
2025-04-30,ULH,,current,21.2829,1498022,730
2025-04-30,UNTY,,current,41.3475,1393654,730
2025-04-30,UP,,current,19.7,790239,730
2025-04-30,USAU,,current,10.41,2569690,730
2025-04-30,USCB,,current,16.7948,348562,730
2025-04-30,USGO,,current,9.97,411086,508
2025-04-30,UTMD,,current,51.1882,990523,730
2025-04-30,VATE,,current,6.66,520927,730
2025-04-30,VBNK,,current,11.2941,985186,730
2025-04-30,VEL,,current,17.87,1248930,730
2025-04-30,VERU,,current,5.5,707392,730
2025-04-30,VFS,,current,3.38,1528275,730
2025-04-30,VINP,,current,8.8106,750316,730
2025-04-30,VIVO,,current,3.38,414886,730
2025-04-30,VLGEA,,current,35.016,1173340,730
2025-04-30,VLN,1863006,roster,2.65,627676,730
2025-04-30,VMAR,,current,24600.0,362400,730
2025-04-30,VMD,,current,6.95,789358,730
2025-04-30,VNDA,,current,4.43,2831229,730
2025-04-30,VOXR,,current,3.1975,515078,730
2025-04-30,VTEX,,current,5.38,3949134,730
2025-04-30,VYGR,,current,3.59,1209625,730
2025-04-30,WBTN,,current,9.17,2538857,210
2025-04-30,WEST,,current,5.72,1479720,730
2025-04-30,WEYS,,current,25.9987,350477,730
2025-04-30,WHF,,current,8.0423,613715,730
2025-04-30,WKHS,,current,13.8,952112,730
2025-04-30,WLGSF,1899658,roster,45.125,2487030,508
2025-04-30,WNEB,,current,8.9231,509048,730
2025-04-30,WSBF,,current,11.634,547908,730
2025-04-30,WTBA,,current,18.4392,489400,730
2025-04-30,XFOR,,current,4.35,494897,730
2025-04-30,XGN,,current,6.88,340705,730
2025-04-30,XPER,,current,7.45,2605213,654
2025-04-30,YORW,,current,34.1629,2124166,730
2025-04-30,ZCAR,1854275,roster,3.9,395070,730
2025-04-30,ZSQR,,current,9.92,415949,730
2025-04-30,ZUMZ,,current,11.95,4317694,730
2025-05-31,ACB,,current,5.3,3931846,752
2025-05-31,ACCO,,current,3.2314,2678824,752
2025-05-31,ACEL,,current,11.22,3803214,752
2025-05-31,ACIC,,current,10.1587,1777237,752
2025-05-31,ACNB,,current,39.6907,1104379,752
2025-05-31,ACNT,,current,12.92,731710,752
2025-05-31,ACTG,,current,3.73,827513,752
2025-05-31,ACU,,current,39.07,443047,752
2025-05-31,ADV,,current,29.75,751206,752
2025-05-31,AEHL,,current,203.52,305657,752
2025-05-31,AEYE,,current,12.22,1389957,752
2025-05-31,AFCG,,current,4.4706,912785,752
2025-05-31,AFYA,,current,17.458,1768426,752
2025-05-31,AIRS,,current,4.41,976918,752
2025-05-31,AISP,,current,5.15,2279381,752
2025-05-31,ALCO,,current,32.0291,980095,752
2025-05-31,ALGS,,current,5.29,868910,752
2025-05-31,ALLT,,current,8.62,2416010,752
2025-05-31,ALTG,,current,4.75,849756,752
2025-05-31,ALTI,,current,3.32,290734,752
2025-05-31,ALVO,,current,11.44,1188545,741
2025-05-31,AMPY,,current,2.87,2047157,752
2025-05-31,AMWL,,current,6.74,330610,752
2025-05-31,ANIK,,current,11.15,967234,752
2025-05-31,AOUT,,current,11.58,569275,752
2025-05-31,ARCT,,current,12.53,4564044,752
2025-05-31,ARDT,,current,14.48,4470675,218
2025-05-31,AREB,1648087,roster,56000.0,3029400,752
2025-05-31,AROW,,current,24.6281,912202,752
2025-05-31,ARQ,,current,4.94,1065214,752
2025-05-31,ARTNA,,current,32.8906,1084308,752
2025-05-31,ASIX,,current,22.4729,3644335,752
2025-05-31,ASLE,,current,5.89,3270354,752
2025-05-31,ASTL,,current,5.27,4566933,752
2025-05-31,ASUR,,current,9.7,623879,752
2025-05-31,ATLX,,current,3.95,593519,752
2025-05-31,ATNI,,current,13.2852,977982,752
2025-05-31,ATOM,,current,6.15,2250292,752
2025-05-31,ATRA,,current,7.8,335623,752
2025-05-31,ATS,,current,28.97,3028969,752
2025-05-31,AUDC,,current,8.8053,729148,752
2025-05-31,AURA,,current,5.86,1127219,752
2025-05-31,AVD,,current,4.92,689617,752
2025-05-31,AVIR,,current,2.97,1011608,752
2025-05-31,AVNW,,current,21.45,1558373,752
2025-05-31,AZ,,current,9.43,821934,752
2025-05-31,BARK,,current,25.8,767958,752
2025-05-31,BATRA,,current,43.45,1984097,752
2025-05-31,BBCP,,current,7.03,806596,752
2025-05-31,BCAL,,current,14.7022,1351384,752
2025-05-31,BCBP,,current,7.6492,484013,752
2025-05-31,BCIC,,current,10.117,517540,752
2025-05-31,BCML,,current,25.2261,557910,752
2025-05-31,BCSF,,current,13.2599,4182368,752
2025-05-31,BCTX,,current,34.4,458281,752
2025-05-31,BDTX,,current,2.2,1625101,752
2025-05-31,BHATF,1759136,roster,85.5,351608,752
2025-05-31,BHB,,current,27.6946,1034104,752
2025-05-31,BINI,1499961,roster,2000.0,4798500,752
2025-05-31,BKTI,,current,42.87,1245317,752
2025-05-31,BMRC,,current,20.3094,1510102,752
2025-05-31,BNED,,current,11.9543,2990518,752
2025-05-31,BNT,,current,38.3672,704665,752
2025-05-31,BNTC,,current,15.36,590948,752
2025-05-31,BOC,,current,14.7,1788233,752
2025-05-31,BOOM,,current,6.46,1280541,752
2025-05-31,BRBS,,current,2.8121,421635,752
2025-05-31,BRCC,,current,17.9,1160185,752
2025-05-31,BSET,,current,15.6618,334154,752
2025-05-31,BSRR,,current,26.3448,853481,752
2025-05-31,BSVN,,current,37.4426,862866,752
2025-05-31,BURU,1814215,roster,73.4528,724387,584
2025-05-31,BVFL,,current,15.6,300693,752
2025-05-31,BWB,,current,14.64,786866,752
2025-05-31,BWFG,,current,34.0068,345929,752
2025-05-31,BWMN,,current,25.07,2177601,752
2025-05-31,BZAI,1871638,roster,2.01,956815,752
2025-05-31,CAC,,current,37.5647,2645234,752
2025-05-31,CASS,,current,40.5753,1681519,752
2025-05-31,CATX,,current,2.57,1466413,752
2025-05-31,CBAN,,current,14.814,937108,752
2025-05-31,CBNK,,current,31.6826,1447916,752
2025-05-31,CCAP,,current,13.2095,1764608,752
2025-05-31,CCBG,,current,36.5921,739932,752
2025-05-31,CCLD,,current,2.02,779155,752
2025-05-31,CD,,current,3.07,385355,752
2025-05-31,CDZI,,current,2.95,1219971,752
2025-05-31,CERO,1870404,roster,8.9,314494,752
2025-05-31,CFBK,,current,23.5624,261807,752
2025-05-31,CFFI,,current,64.3818,545100,752
2025-05-31,CGNT,,current,10.905,2320839,752
2025-05-31,CHMG,,current,45.4709,445528,752
2025-05-31,CIA,,current,3.68,434981,752
2025-05-31,CING,,current,3.92,382938,752
2025-05-31,CINT,,current,6.0,650731,752
2025-05-31,CION,,current,7.7872,2734231,752
2025-05-31,CIVB,,current,21.721,751705,752
2025-05-31,CLAR,,current,3.056,560768,752
2025-05-31,CLMB,,current,27.462,3722043,752
2025-05-31,CMCL,,current,16.9027,1452120,752
2025-05-31,CMRC,,current,5.04,3818519,752
2025-05-31,CMT,,current,16.67,468000,752
2025-05-31,CNL,,current,11.06,769294,752
2025-05-31,CNSY,,current,7.25,1319518,752
2025-05-31,CNTM,1895249,roster,6.72,454353,731
2025-05-31,COFS,,current,28.2104,1501550,752
2025-05-31,COOK,,current,69.0,324009,752
2025-05-31,COYA,,current,5.33,304056,606
2025-05-31,CPS,,current,23.04,4740798,752
2025-05-31,CRBP,,current,7.42,977675,752
2025-05-31,CRCT,,current,5.1193,1804959,752
2025-05-31,CRMT,,current,49.76,2896588,752
2025-05-31,CRNT,,current,2.27,1946366,752
2025-05-31,CRVO,,current,7.22,3428914,752
2025-05-31,CSV,,current,42.9479,4177101,752
2025-05-31,CTEV,,current,38.45,1374139,752
2025-05-31,CTKB,,current,2.77,2884238,752
2025-05-31,CTNM,,current,3.66,333229,289
2025-05-31,CTOS,1709682,roster,4.3,2941857,752
2025-05-31,CURI,,current,5.8764,837730,752
2025-05-31,CURV,,current,5.16,1193910,752
2025-05-31,CVEO,,current,21.81,1667350,752
2025-05-31,CVRX,,current,6.635,1968640,752
2025-05-31,CWCO,,current,26.4519,2973263,752
2025-05-31,CXAI,,current,49.7,388156,752
2025-05-31,CXDO,,current,5.38,721495,752
2025-05-31,CZFS,,current,58.7511,552413,752
2025-05-31,CZNC,,current,17.367,466947,752
2025-05-31,DBI,,current,3.357,4669018,752
2025-05-31,DCBO,,current,27.32,2170286,752
2025-05-31,DERM,,current,8.06,465563,752
2025-05-31,DGICA,,current,19.1841,2037919,752
2025-05-31,DIBS,,current,2.51,300073,752
2025-05-31,DMAC,,current,4.11,370747,752
2025-05-31,DMRC,,current,13.08,2809394,752
2025-05-31,DOMO,,current,12.7,3022190,752
2025-05-31,DSGR,,current,27.25,1729724,752
2025-05-31,DSP,,current,13.79,4150192,752
2025-05-31,DTCX,,current,8.22,457150,752
2025-05-31,DTIL,,current,4.83,410770,752
2025-05-31,EAF,,current,9.96,1866351,752
2025-05-31,EBF,,current,17.4972,3079847,752
2025-05-31,EBMT,,current,16.3591,632244,752
2025-05-31,ECOR,,current,5.0,843804,752
2025-05-31,EFSI,,current,30.1939,677267,752
2025-05-31,ELAB,,current,1760.0,281010,381
2025-05-31,ELDN,,current,3.0,612550,752
2025-05-31,ELMD,,current,20.2,1354767,752
2025-05-31,ELPW,,current,63360.0,298771,523
2025-05-31,ENTA,,current,5.93,958611,752
2025-05-31,EPM,,current,3.9377,625451,752
2025-05-31,EPSN,,current,6.7241,342066,752
2025-05-31,ESEA,,current,36.1342,701362,752
2025-05-31,ESOA,,current,9.8898,1583552,752
2025-05-31,ESP,,current,35.0531,418868,752
2025-05-31,EVCM,,current,10.01,1544359,752
2025-05-31,EVEX,,current,5.4,699536,752
2025-05-31,EVTL,1867102,roster,5.32,763268,752
2025-05-31,EXFY,,current,2.21,984518,752
2025-05-31,EXOD,,current,28.5,2630534,752
2025-05-31,FBIZ,,current,47.3967,1098002,752
2025-05-31,FC,,current,23.38,2522686,752
2025-05-31,FCAP,,current,47.6861,327560,752
2025-05-31,FCBC,,current,35.0438,1120039,752
2025-05-31,FCCO,,current,23.045,657480,752
2025-05-31,FENC,,current,8.12,488713,752
2025-05-31,FF,,current,3.6967,1092114,752
2025-05-31,FHTX,,current,4.08,436649,752
2025-05-31,FINW,,current,14.34,272770,752
2025-05-31,FIRY,,current,6.29,318781,752
2025-05-31,FLD,1889123,roster,4.2,976118,752
2025-05-31,FLL,,current,3.18,526034,752
2025-05-31,FLWS,,current,4.92,3283789,752
2025-05-31,FLXS,,current,29.6938,534093,752
2025-05-31,FMAO,,current,22.8151,330296,752
2025-05-31,FNLC,,current,22.6593,379805,752
2025-05-31,FOA,,current,21.96,1796650,752
2025-05-31,FOR,,current,19.15,3658297,752
2025-05-31,FORR,,current,10.63,760407,752
2025-05-31,FPH,,current,5.45,790818,752
2025-05-31,FRAF,,current,37.1214,524345,752
2025-05-31,FRBA,,current,14.1889,581587,752
2025-05-31,FRD,,current,16.0432,254944,752
2025-05-31,FRPH,,current,27.12,1354483,752
2025-05-31,FRST,,current,9.111,703433,752
2025-05-31,FSBW,,current,36.8763,557450,752
2025-05-31,FSTR,,current,18.89,796206,752
2025-05-31,FUNC,,current,29.0632,463048,752
2025-05-31,FVCB,,current,11.4107,276530,752
2025-05-31,FXNC,,current,19.5748,378275,752
2025-05-31,GAIN,,current,13.3646,1575346,752
2025-05-31,GASS,,current,5.96,383331,752
2025-05-31,GBFH,,current,38.81,699985,225
2025-05-31,GCBC,,current,21.2596,651326,752
2025-05-31,GDRX,,current,3.92,4984881,752
2025-05-31,GENC,,current,13.79,331305,752
2025-05-31,GEOS,,current,5.82,324841,752
2025-05-31,GFR,,current,4.19,348299,752
2025-05-31,GIC,,current,24.9579,1902323,752
2025-05-31,GLAD,,current,23.767,2171492,752
2025-05-31,GLAS,,current,5.84,543007,752
2025-05-31,GLRE,,current,14.44,1176172,752
2025-05-31,GLSI,,current,9.85,434900,752
2025-05-31,GNE,,current,20.6105,1000407,752
2025-05-31,GNLX,,current,2.42,353132,588
2025-05-31,GRNT,,current,5.0477,1888499,752
2025-05-31,GSIT,,current,3.13,516585,752
2025-05-31,GTE,,current,4.77,828408,752
2025-05-31,GWRS,,current,9.7208,395085,752
2025-05-31,GYRE,,current,9.07,1306885,752
2025-05-31,HBB,,current,17.6908,858937,752
2025-05-31,HBT,,current,22.4747,626441,752
2025-05-31,HCKT,,current,23.6166,3630475,752
2025-05-31,HDSN,,current,7.15,2906210,752
2025-05-31,HGTY,,current,9.72,700390,752
2025-05-31,HIPO,,current,23.56,4446526,752
2025-05-31,HITI,,current,2.25,894646,752
2025-05-31,HNVR,,current,22.1353,319476,752
2025-05-31,HOFT,,current,9.1465,534088,752
2025-05-31,HPK,,current,9.7404,3146626,752
2025-05-31,HRZN,,current,5.9211,2492059,752
2025-05-31,HSHP,,current,5.4435,512720,543
2025-05-31,HURA,,current,3.06,484163,752
2025-05-31,HVT,,current,19.255,2499740,752
2025-05-31,HWBK,,current,27.933,336599,752
2025-05-31,HY,,current,38.1144,2658646,752
2025-05-31,IBEX,,current,28.79,3718350,752
2025-05-31,IGIC,,current,21.9306,2427147,752
2025-05-31,III,,current,4.4586,458415,752
2025-05-31,IKT,,current,2.01,255838,752
2025-05-31,IMMR,,current,7.173,2296007,752
2025-05-31,IMPP,,current,2.86,275428,752
2025-05-31,IMTX,,current,5.39,2410936,752
2025-05-31,IMUX,,current,6.6,696540,752
2025-05-31,IMXI,,current,11.03,3724124,752
2025-05-31,INBK,,current,23.9392,982685,752
2025-05-31,INDO,,current,2.51,359289,752
2025-05-31,INFU,,current,5.78,796914,752
2025-05-31,INGN,,current,6.425,1740617,752
2025-05-31,INMB,,current,7.38,1801642,752
2025-05-31,INSE,,current,7.82,1039430,752
2025-05-31,INSG,,current,7.48,824353,752
2025-05-31,ISTR,,current,18.5859,490485,752
2025-05-31,JAKK,,current,18.9393,2783072,752
2025-05-31,JILL,,current,15.5397,1546025,752
2025-05-31,JMSB,,current,16.942,298732,752
2025-05-31,JOUT,,current,26.1499,937117,752
2025-05-31,JRVR,,current,5.767,1127071,752
2025-05-31,JYNT,,current,10.7,678419,752
2025-05-31,KBDC,,current,13.7273,1901556,256
2025-05-31,KE,,current,18.1,2153696,752
2025-05-31,KELYA,,current,11.3209,2993308,752
2025-05-31,KEN,,current,33.6152,504875,752
2025-05-31,KGEI,,current,7.28,616742,752
2025-05-31,KIDS,,current,19.96,2849400,752
2025-05-31,KINS,,current,16.039,4266071,752
2025-05-31,KMDA,,current,6.5137,485450,752
2025-05-31,KNOP,,current,6.2466,325227,752
2025-05-31,KRMD,,current,2.7,332251,752
2025-05-31,KRNY,,current,5.5954,1719522,752
2025-05-31,KRO,,current,6.0241,1464726,752
2025-05-31,KRRO,,current,11.42,1402645,752
2025-05-31,KWY,,current,12.86,285344,752
2025-05-31,LAKE,,current,18.9856,1327649,752
2025-05-31,LARK,,current,26.6876,445575,752
2025-05-31,LAW,,current,3.94,353214,752
2025-05-31,LCNB,,current,13.389,256067,752
2025-05-31,LCUT,,current,3.1777,257971,752
2025-05-31,LE,,current,8.42,1218833,752
2025-05-31,LEGH,,current,22.29,1645216,752
2025-05-31,LFCR,,current,6.77,1282273,752
2025-05-31,LFVN,,current,12.6097,2424308,752
2025-05-31,LGMK,1566826,roster,9.0,1389307,752
2025-05-31,LILA,,current,3.3356,2017434,752
2025-05-31,LMNR,,current,15.5451,1134131,752
2025-05-31,LNSR,,current,13.53,1875464,752
2025-05-31,LNZA,,current,28.2,377450,752
2025-05-31,LOCO,,current,10.5,2460467,752
2025-05-31,LODE,,current,2.91,844657,752
2025-05-31,LUCK,,current,8.3965,2608520,752
2025-05-31,LUNG,,current,3.4,1580282,752
2025-05-31,LWAY,,current,22.6,868631,752
2025-05-31,LXEO,,current,2.72,1819190,393
2025-05-31,LXFR,,current,10.9098,1236766,752
2025-05-31,LYEL,,current,8.74,310079,752
2025-05-31,LZM,,current,3.99,378742,752
2025-05-31,MASS,,current,5.68,2512223,752
2025-05-31,MATV,,current,5.4614,3611652,752
2025-05-31,MBI,,current,4.41,1264808,752
2025-05-31,MCBS,,current,26.7475,930090,752
2025-05-31,MCFT,,current,17.01,1355578,752
2025-05-31,MCRB,,current,7.05,615129,752
2025-05-31,MDRX,1124804,roster,4.3,494180,752
2025-05-31,MDWD,,current,21.96,1270760,752
2025-05-31,MDXG,,current,6.43,3947288,752
2025-05-31,MED,,current,14.07,2748326,752
2025-05-31,METCB,,current,7.1952,406484,490
2025-05-31,MFIN,,current,8.6001,298661,752
2025-05-31,MG,,current,7.55,1318211,752
2025-05-31,MIND,,current,6.07,832614,752
2025-05-31,MLP,,current,15.88,308436,752
2025-05-31,MLR,,current,44.2669,3302419,752
2025-05-31,MMI,,current,28.3138,3611317,752
2025-05-31,MNSB,,current,18.4712,286523,752
2025-05-31,MPAA,,current,11.14,1043691,752
2025-05-31,MRBK,,current,12.9882,616809,752
2025-05-31,MTA,,current,3.22,846958,752
2025-05-31,MTRX,,current,12.22,2190394,752
2025-05-31,MTW,,current,10.51,2163050,752
2025-05-31,MVBF,,current,18.9528,384656,752
2025-05-31,MX,,current,3.61,756530,752
2025-05-31,MYFW,,current,20.84,520539,752
2025-05-31,MYSE,,current,2.49,319008,752
2025-05-31,NATH,,current,101.7231,927693,752
2025-05-31,NATR,,current,15.46,676021,752
2025-05-31,NC,,current,34.8872,301190,752
2025-05-31,NCDL,,current,13.9301,3077872,338
2025-05-31,NCMI,,current,5.2729,4273019,752
2025-05-31,NCSM,,current,29.26,270438,752
2025-05-31,NECB,,current,21.4455,800605,752
2025-05-31,NEOV,,current,3.35,428457,752
2025-05-31,NEWT,,current,10.0237,2150485,752
2025-05-31,NEXN,,current,11.62,3638034,752
2025-05-31,NGS,,current,23.5392,1414323,752
2025-05-31,NMFC,,current,9.0669,3762306,752
2025-05-31,NNBR,,current,2.05,366171,752
2025-05-31,NOA,,current,16.737,1327483,752
2025-05-31,NOTE,1823466,roster,7.188,1016161,752
2025-05-31,NPCE,,current,13.22,2401580,752
2025-05-31,NRC,,current,12.9585,1075192,752
2025-05-31,NRDY,,current,25.65,904740,752
2025-05-31,NRIM,,current,22.1584,2226186,752
2025-05-31,NRXP,,current,2.64,315365,752
2025-05-31,NSLR,,current,5.9526,789434,752
2025-05-31,NUS,,current,8.2879,3920846,752
2025-05-31,NVCT,,current,9.41,1113057,752
2025-05-31,NWFL,,current,24.5747,398227,752
2025-05-31,OBIO,,current,2.85,301226,752
2025-05-31,OBT,,current,24.7594,390355,752
2025-05-31,OCS,,current,19.45,619740,752
2025-05-31,OFIX,,current,11.25,4216082,752
2025-05-31,OFLX,,current,31.0294,581927,752
2025-05-31,OM,,current,17.57,1451653,752
2025-05-31,ONEW,,current,14.77,1760172,752
2025-05-31,ONIT,,current,37.06,1239317,752
2025-05-31,OPBK,,current,11.7752,509965,752
2025-05-31,OPRT,,current,6.65,1983108,752
2025-05-31,OPRX,,current,12.14,2327374,752
2025-05-31,ORN,,current,8.24,2329922,752
2025-05-31,ORRF,,current,28.9033,3883648,752
2025-05-31,OSUR,,current,2.88,1774342,752
2025-05-31,OVBC,,current,32.2058,269204,752
2025-05-31,OZ,,current,65.072,318524,752
2025-05-31,PACK,,current,3.33,1818541,752
2025-05-31,PAL,,current,8.06,2249748,265
2025-05-31,PAMT,,current,12.56,345200,752
2025-05-31,PANL,,current,4.2712,1062670,752
2025-05-31,PAYS,,current,4.45,486146,752
2025-05-31,PBYI,,current,3.28,988077,752
2025-05-31,PCB,,current,18.4826,581291,752
2025-05-31,PCYO,,current,10.62,417482,752
2025-05-31,PDEX,,current,40.05,2091713,752
2025-05-31,PDLB,,current,13.39,538211,752
2025-05-31,PERI,,current,10.61,3853356,752
2025-05-31,PEW,,current,15.39,4802514,347
2025-05-31,PFIS,,current,45.4943,790654,752
2025-05-31,PKBK,,current,18.6949,370959,752
2025-05-31,PKOH,,current,17.8237,471784,752
2025-05-31,PLBC,,current,42.1232,352798,752
2025-05-31,PLCE,,current,6.08,2317263,752
2025-05-31,PMTS,,current,22.26,1139619,752
2025-05-31,PNNT,,current,5.2785,2256700,752
2025-05-31,PPIH,,current,13.29,291489,752
2025-05-31,PROF,,current,5.27,352812,752
2025-05-31,PRPH,868278,roster,3.7,323247,752
2025-05-31,PRTH,,current,8.53,3496566,752
2025-05-31,PSBD,,current,11.783,448820,343
2025-05-31,QNTM,,current,13.46,1294781,752
2025-05-31,QTRX,,current,5.2,3612255,752
2025-05-31,QUAD,,current,5.4754,1293218,752
2025-05-31,QUIK,,current,5.18,727816,752
2025-05-31,RAIL,,current,7.91,1337922,752
2025-05-31,RBB,,current,16.3499,434918,752
2025-05-31,RCEL,,current,5.62,1555928,752
2025-05-31,RCKY,,current,22.107,941971,752
2025-05-31,RCMT,,current,22.89,625671,752
2025-05-31,RDCM,,current,13.41,405326,752
2025-05-31,RELL,,current,8.7327,562609,752
2025-05-31,RGP,,current,4.7603,1264748,752
2025-05-31,RICK,,current,39.7075,1985608,752
2025-05-31,RILY,,current,3.05,1966650,752
2025-05-31,RLGT,,current,5.94,822680,752
2025-05-31,RM,,current,25.3517,1232499,752
2025-05-31,RMBI,,current,12.4325,342389,752
2025-05-31,RMNI,,current,3.05,881666,752
2025-05-31,RMR,,current,13.2113,2120568,752
2025-05-31,RNAC,,current,9.56,938471,752
2025-05-31,RNGR,,current,10.4331,1394611,752
2025-05-31,RRGB,,current,5.1,775679,752
2025-05-31,RSVR,,current,7.8,265236,752
2025-05-31,RVPH,1742927,roster,19.404,451335,752
2025-05-31,RVSB,,current,5.4574,499376,752
2025-05-31,RWAY,,current,8.047,2616382,752
2025-05-31,SAMG,,current,13.4863,684461,752
2025-05-31,SAR,,current,20.5775,1700372,752
2025-05-31,SBFG,,current,18.7341,337962,752
2025-05-31,SBSI,,current,26.5865,2948864,752
2025-05-31,SCLX,,current,3.188,526706,752
2025-05-31,SCM,,current,11.2926,1703926,752
2025-05-31,SD,,current,9.271,2741425,752
2025-05-31,SDHC,,current,18.78,1093123,347
2025-05-31,SEAT,,current,31.2,4376932,752
2025-05-31,SEG,,current,19.54,1711932,210
2025-05-31,SEGG,,current,104.3,337977,491
2025-05-31,SENS,,current,10.48,2643788,752
2025-05-31,SGC,,current,9.2611,548254,752
2025-05-31,SGHT,,current,3.69,522104,752
2025-05-31,SHBI,,current,13.9975,2102698,752
2025-05-31,SHIP,,current,5.8802,632857,752
2025-05-31,SIGA,,current,5.29,2234040,752
2025-05-31,SKIL,,current,20.0,536673,752
2025-05-31,SKYH,,current,10.3,1421353,752
2025-05-31,SLRC,,current,14.7335,2128634,752
2025-05-31,SMC,,current,25.14,2382513,752
2025-05-31,SMHI,,current,5.34,514434,752
2025-05-31,SMID,,current,30.14,256969,752
2025-05-31,SMP,,current,29.0942,4943598,752
2025-05-31,SMTI,,current,29.0,656617,752
2025-05-31,SPCB,,current,9.26,821446,752
2025-05-31,SPOK,,current,14.2846,1736676,752
2025-05-31,SRBK,,current,12.6027,440078,425
2025-05-31,SRG,,current,2.82,519341,752
2025-05-31,SRI,,current,5.02,1176636,752
2025-05-31,SSTI,,current,15.51,736102,752
2025-05-31,STEM,,current,9.78,1178395,752
2025-05-31,STI,,current,3.29,288932,752
2025-05-31,STIM,,current,3.91,3639119,752
2025-05-31,SUPX,,current,11.5,499381,281
2025-05-31,SVCO,,current,4.63,474055,265
2025-05-31,SWIM,,current,5.65,3687067,752
2025-05-31,SXTC,,current,16680.0,345900,752
2025-05-31,TARA,,current,3.04,998327,752
2025-05-31,TASK,,current,10.8185,2405612,752
2025-05-31,TAYD,,current,36.93,535656,752
2025-05-31,TBCH,,current,11.48,4032149,752
2025-05-31,TBI,,current,6.0,1277602,752
2025-05-31,TCBX,,current,30.66,1869954,752
2025-05-31,TCPC,,current,6.2885,3454028,752
2025-05-31,TCX,,current,19.4,471593,752
2025-05-31,TG,,current,8.38,550243,752
2025-05-31,TGEN,,current,4.74,329366,752
2025-05-31,TIPT,,current,21.8163,3200396,752
2025-05-31,TITN,,current,18.68,4306807,752
2025-05-31,TKNO,,current,5.77,2330295,752
2025-05-31,TLS,,current,2.52,991161,752
2025-05-31,TMCI,,current,5.74,2656338,752
2025-05-31,TNON,,current,37.8,414335,752
2025-05-31,TPVG,,current,5.6631,1547650,752
2025-05-31,TRAK,,current,21.633,793046,752
2025-05-31,TRC,,current,16.69,2089824,752
2025-05-31,TRDA,,current,7.6,1117083,752
2025-05-31,TSBK,,current,29.2999,282811,752
2025-05-31,TSQ,,current,5.951,430242,752
2025-05-31,TTGT,,current,8.09,2541894,752
2025-05-31,TUSK,,current,2.64,317000,752
2025-05-31,TWFG,,current,35.01,2612778,218
2025-05-31,TWI,,current,7.24,4279837,752
2025-05-31,TWIN,,current,7.1502,341408,752
2025-05-31,TZOO,,current,13.84,1288582,752
2025-05-31,UFI,,current,5.02,264538,752
2025-05-31,UIS,,current,4.77,2284207,752
2025-05-31,ULH,,current,23.2652,1314965,752
2025-05-31,UNTY,,current,43.4197,1381377,752
2025-05-31,UP,,current,26.2,856441,752
2025-05-31,USAU,,current,11.57,2828463,752
2025-05-31,USCB,,current,16.0393,410662,752
2025-05-31,USGO,,current,9.06,253249,530
2025-05-31,UTMD,,current,53.7037,770581,752
2025-05-31,VBNK,,current,11.5727,466067,752
2025-05-31,VEL,,current,16.75,1949548,752
2025-05-31,VERU,,current,5.1,505834,752
2025-05-31,VFS,,current,3.25,1457872,752
2025-05-31,VINP,,current,8.9755,704465,752
2025-05-31,VIVO,,current,4.64,1415495,752
2025-05-31,VLGEA,,current,37.3698,1429841,752
2025-05-31,VLN,1863006,roster,2.24,578964,752
2025-05-31,VMD,,current,6.65,933657,752
2025-05-31,VNDA,,current,4.34,2316415,752
2025-05-31,VOXR,,current,3.4828,716502,752
2025-05-31,VRA,,current,2.02,420653,752
2025-05-31,VREX,,current,7.67,3802701,752
2025-05-31,VTEX,,current,6.41,3949134,752
2025-05-31,VUZI,,current,2.92,2691175,752
2025-05-31,VYGR,,current,2.74,1083424,752
2025-05-31,WBTN,,current,8.79,2395379,232
2025-05-31,WEST,,current,6.88,1691238,752
2025-05-31,WEYS,,current,28.4009,400602,752
2025-05-31,WHF,,current,7.3852,604535,752
2025-05-31,WKHS,,current,10.74,801827,752
2025-05-31,WLGSF,1899658,roster,52.825,574382,530
2025-05-31,WNEB,,current,9.1841,491070,752
2025-05-31,WSBF,,current,12.3206,560882,752
2025-05-31,WTBA,,current,18.3527,497631,752
2025-05-31,XFOR,,current,3.4,453744,752
2025-05-31,XGN,,current,6.95,687389,752
2025-05-31,XPER,,current,7.79,2299061,676
2025-05-31,YORW,,current,31.5187,2116568,752
2025-05-31,ZUMZ,,current,12.49,3938416,752
2025-06-30,ACB,,current,4.15,4510435,771
2025-06-30,ACCO,,current,3.2224,2326082,771
2025-06-30,ACEL,,current,11.9,3576749,771
2025-06-30,ACET,,current,10.016,253525,771
2025-06-30,ACIC,,current,10.0552,2135322,771
2025-06-30,ACNB,,current,41.056,952292,771
2025-06-30,ACNT,,current,12.6,848217,771
2025-06-30,ACTG,,current,3.69,660523,771
2025-06-30,ACU,,current,39.3449,465501,771
2025-06-30,ADV,,current,32.75,631641,771
2025-06-30,AEHL,,current,259.2,392621,771
2025-06-30,AEYE,,current,11.5,1015529,771
2025-06-30,AFCG,,current,4.2904,715983,771
2025-06-30,AFYA,,current,16.8259,1809837,771
2025-06-30,AIFU,,current,116.8,324490,771
2025-06-30,AIIO,,current,30.2,291704,771
2025-06-30,AIRS,,current,4.9,1414153,771
2025-06-30,AISP,,current,5.53,3205263,771
2025-06-30,ALCO,,current,31.6223,1022660,771
2025-06-30,ALGS,,current,7.21,787210,771
2025-06-30,ALLT,,current,7.99,2441053,771
2025-06-30,ALTG,,current,6.24,849756,771
2025-06-30,ALTI,,current,4.16,337300,771
2025-06-30,ALVO,,current,9.14,1502364,760
2025-06-30,AMPY,,current,3.33,2583925,771
2025-06-30,AMWL,,current,7.94,304104,771
2025-06-30,ANIK,,current,10.74,771299,771
2025-06-30,AOUT,,current,10.39,552516,771
2025-06-30,ARCT,,current,13.33,4698704,771
2025-06-30,ARDT,,current,13.68,3765383,237
2025-06-30,AREB,1648087,roster,53600.0,2972000,771
2025-06-30,AROW,,current,25.575,973040,771
2025-06-30,ARQ,,current,5.28,948948,771
2025-06-30,ARTNA,,current,32.1468,882694,771
2025-06-30,ASIX,,current,23.0847,3596859,771
2025-06-30,ASLE,,current,6.08,2483359,771
2025-06-30,ASUR,,current,9.87,555161,771
2025-06-30,ATLX,,current,4.0,645338,771
2025-06-30,ATNI,,current,15.4355,763127,771
2025-06-30,ATOM,,current,5.02,2060842,771
2025-06-30,ATRA,,current,7.96,358683,771
2025-06-30,ATS,,current,31.7,2942642,771
2025-06-30,AUDC,,current,9.1041,512550,771
2025-06-30,AURA,,current,6.28,1098227,771
2025-06-30,AVD,,current,3.93,623893,771
2025-06-30,AVIR,,current,3.45,1169797,771
2025-06-30,AVNW,,current,23.94,1824172,771
2025-06-30,AZ,,current,10.57,1126500,771
2025-06-30,BARK,,current,17.08,799162,771
2025-06-30,BATRA,,current,49.81,2144101,771
2025-06-30,BBCP,,current,6.23,691405,771
2025-06-30,BCAL,,current,15.3714,1160390,771
2025-06-30,BCBP,,current,7.9609,576460,771
2025-06-30,BCIC,,current,10.4263,473178,771
2025-06-30,BCML,,current,26.7685,639747,771
2025-06-30,BCSF,,current,12.9802,3241810,771
2025-06-30,BCTX,,current,29.6,592361,771
2025-06-30,BDSX,,current,5.0,361551,771
2025-06-30,BDTX,,current,2.35,1922186,771
2025-06-30,BHATF,1759136,roster,90.0,250243,771
2025-06-30,BHB,,current,28.2851,1042835,771
2025-06-30,BIRD,,current,9.086,260083,771
2025-06-30,BKTI,,current,53.54,1421877,771
2025-06-30,BMRC,,current,21.6342,1850936,771
2025-06-30,BNED,,current,11.6959,2788148,771
2025-06-30,BNT,,current,40.9275,607813,771
2025-06-30,BNTC,,current,11.35,649561,771
2025-06-30,BOC,,current,14.08,1807816,771
2025-06-30,BOOM,,current,8.16,1157952,771
2025-06-30,BRBS,,current,2.9499,469525,771
2025-06-30,BRCC,,current,13.2,1042279,771
2025-06-30,BSET,,current,13.3975,403992,771
2025-06-30,BSRR,,current,28.6645,817896,771
2025-06-30,BSVN,,current,40.9774,837887,771
2025-06-30,BURU,1814215,roster,66.4069,928518,603
2025-06-30,BVFL,,current,15.23,367921,771
2025-06-30,BWB,,current,16.1,923665,771
2025-06-30,BWFG,,current,35.4764,403500,771
2025-06-30,BWMN,,current,29.11,2086492,771
2025-06-30,BWMX,,current,8.0849,283025,771
2025-06-30,BZAI,1871638,roster,2.35,655386,771
2025-06-30,CAC,,current,38.8824,2200025,771
2025-06-30,CASS,,current,42.7122,1801304,771
2025-06-30,CATX,,current,3.76,2113739,771
2025-06-30,CBAN,,current,16.0154,730069,771
2025-06-30,CBNK,,current,32.9087,1768093,771
2025-06-30,CCAP,,current,12.3243,2219364,771
2025-06-30,CCBG,,current,38.1639,846463,771
2025-06-30,CCLD,,current,2.41,741170,771
2025-06-30,CD,,current,3.91,469027,771
2025-06-30,CDZI,,current,3.12,1251328,771
2025-06-30,CENT,,current,35.36,3870599,771
2025-06-30,CERO,1870404,roster,9.55,423222,771
2025-06-30,CFBK,,current,23.2376,254590,771
2025-06-30,CFFI,,current,60.4851,476524,771
2025-06-30,CGNT,,current,9.11,2885364,771
2025-06-30,CHMG,,current,47.4903,397874,771
2025-06-30,CIA,,current,3.7,446530,771
2025-06-30,CING,,current,4.05,428322,771
2025-06-30,CINT,,current,5.77,686675,771
2025-06-30,CION,,current,7.9544,2547928,771
2025-06-30,CIVB,,current,22.848,806220,771
2025-06-30,CLAR,,current,3.4404,521369,771
2025-06-30,CLMB,,current,25.7546,4552724,771
2025-06-30,CMCL,,current,19.0675,2163612,771
2025-06-30,CMRC,,current,4.98,3822823,771
2025-06-30,CMT,,current,16.86,482909,771
2025-06-30,CNL,,current,10.5,684650,771
2025-06-30,CNSY,,current,8.0,1048309,771
2025-06-30,CNTM,1895249,roster,7.264,264420,750
2025-06-30,COFS,,current,27.9896,1807084,771
2025-06-30,COOK,,current,84.5,384508,771
2025-06-30,CPS,,current,21.78,4863652,771
2025-06-30,CRBP,,current,7.4,967824,771
2025-06-30,CRCT,,current,5.4826,2111086,771
2025-06-30,CRMT,,current,55.69,3387133,771
2025-06-30,CRNT,,current,2.45,1515395,771
2025-06-30,CRVO,,current,6.05,2046253,771
2025-06-30,CSV,,current,45.4754,4278740,771
2025-06-30,CTEV,,current,43.58,1834607,771
2025-06-30,CTKB,,current,3.55,3346015,771
2025-06-30,CTNM,,current,4.11,386987,308
2025-06-30,CTOS,1709682,roster,5.04,2559334,771
2025-06-30,CURI,,current,4.7238,2243556,771
2025-06-30,CURV,,current,3.1,1062180,771
2025-06-30,CVEO,,current,22.75,1795102,771
2025-06-30,CVRX,,current,5.82,1803965,771
2025-06-30,CWCO,,current,29.192,2739823,771
2025-06-30,CXAI,,current,51.0,396582,771
2025-06-30,CXDO,,current,6.02,721269,771
2025-06-30,CZFS,,current,56.9283,399605,771
2025-06-30,CZNC,,current,17.9475,513320,771
2025-06-30,CZWI,,current,13.3927,258876,771
2025-06-30,DBI,,current,2.3587,4387460,771
2025-06-30,DCBO,,current,28.065,2133257,771
2025-06-30,DERM,,current,7.14,604834,771
2025-06-30,DGICA,,current,18.9372,2086494,771
2025-06-30,DIBS,,current,2.81,290908,771
2025-06-30,DMAC,,current,3.84,407467,771
2025-06-30,DMRC,,current,13.19,2104389,771
2025-06-30,DOMO,,current,13.91,3658087,771
2025-06-30,DPRO,,current,2.98,284456,771
2025-06-30,DSGR,,current,27.66,1688500,771
2025-06-30,DSP,,current,13.29,3200222,771
2025-06-30,DTCX,,current,6.97,609942,771
2025-06-30,DTIL,,current,4.3,433107,771
2025-06-30,EAF,,current,10.6,2082886,771
2025-06-30,EBF,,current,17.1692,2611364,771
2025-06-30,EBMT,,current,16.0988,671755,771
2025-06-30,ECOR,,current,5.45,542430,771
2025-06-30,EFSI,,current,29.1775,621093,771
2025-06-30,EGAN,,current,6.21,263608,771
2025-06-30,ELDN,,current,2.69,565762,771
2025-06-30,ELMD,,current,21.99,1133111,771
2025-06-30,ELPW,,current,54777.6016,461088,542
2025-06-30,ENTA,,current,7.5,909589,771
2025-06-30,EPM,,current,4.4259,656638,771
2025-06-30,EPSN,,current,7.14,423711,771
2025-06-30,ESEA,,current,42.9217,741772,771
2025-06-30,ESOA,,current,9.3573,1648756,771
2025-06-30,ESP,,current,44.5389,645116,771
2025-06-30,EVCM,,current,10.3,1883262,771
2025-06-30,EVEX,,current,6.69,791670,771
2025-06-30,EVTL,1867102,roster,6.73,1725697,771
2025-06-30,EXFY,,current,2.55,978464,771
2025-06-30,EXOD,,current,29.85,2837169,771
2025-06-30,FBIZ,,current,49.4764,1504676,771
2025-06-30,FC,,current,23.38,1894132,771
2025-06-30,FCAP,,current,40.4179,384199,771
2025-06-30,FCBC,,current,36.9357,1382309,771
2025-06-30,FCCO,,current,23.0256,558523,771
2025-06-30,FENC,,current,8.25,488790,771
2025-06-30,FF,,current,3.7536,1036284,771
2025-06-30,FHTX,,current,4.84,404928,771
2025-06-30,FINW,,current,14.26,270133,771
2025-06-30,FIRY,,current,6.68,273815,771
2025-06-30,FLD,1889123,roster,4.57,1092663,771
2025-06-30,FLL,,current,3.75,549106,771
2025-06-30,FLWS,,current,5.13,2973671,771
2025-06-30,FLXS,,current,35.9568,528469,771
2025-06-30,FMAO,,current,24.262,349839,771
2025-06-30,FNKO,,current,4.79,4896093,771
2025-06-30,FNLC,,current,23.7459,343449,771
2025-06-30,FOA,,current,23.09,1542577,771
2025-06-30,FOR,,current,20.15,3429577,771
2025-06-30,FORR,,current,9.83,668724,771
2025-06-30,FOXO,1812360,roster,1116.3899,492240,696
2025-06-30,FPH,,current,5.56,733413,771
2025-06-30,FRAF,,current,33.3319,578640,771
2025-06-30,FRBA,,current,15.0483,554646,771
2025-06-30,FRD,,current,15.9244,283165,771
2025-06-30,FRPH,,current,27.54,1271301,771
2025-06-30,FRST,,current,10.3425,719778,771
2025-06-30,FSBW,,current,37.8748,583174,771
2025-06-30,FSTR,,current,22.11,514112,771
2025-06-30,FTCI,,current,4.43,286094,771
2025-06-30,FUNC,,current,28.2605,435407,771
2025-06-30,FVCB,,current,11.4987,339837,771
2025-06-30,FXNC,,current,18.3829,354946,771
2025-06-30,GAIN,,current,13.0382,1831042,771
2025-06-30,GASS,,current,6.56,403522,771
2025-06-30,GBFH,,current,34.96,2203385,244
2025-06-30,GCBC,,current,22.475,453006,771
2025-06-30,GENC,,current,15.35,265429,771
2025-06-30,GEOS,,current,15.89,339805,771
2025-06-30,GIC,,current,26.2321,2008374,771
2025-06-30,GLAD,,current,23.9495,1886667,771
2025-06-30,GLAS,,current,5.63,532702,771
2025-06-30,GLRE,,current,14.43,1260907,771
2025-06-30,GLSI,,current,8.99,394137,771
2025-06-30,GNE,,current,27.0841,2169009,771
2025-06-30,GNLX,,current,2.99,306369,607
2025-06-30,GRNT,,current,5.856,2060619,771
2025-06-30,GSIT,,current,3.43,764242,771
2025-06-30,GTE,,current,4.85,887141,771
2025-06-30,GTN,,current,4.2213,4209534,771
2025-06-30,GWRS,,current,9.7827,390823,771
2025-06-30,GYRE,,current,7.42,1308688,771
2025-06-30,HBB,,current,17.197,638646,771
2025-06-30,HBT,,current,24.2995,653233,771
2025-06-30,HCKT,,current,24.3564,4120171,771
2025-06-30,HDSN,,current,8.02,2831681,771
2025-06-30,HGTY,,current,10.18,684021,771
2025-06-30,HIPO,,current,27.81,4938770,771
2025-06-30,HITI,,current,2.26,694434,771
2025-06-30,HLLY,,current,2.07,919044,771
2025-06-30,HNVR,,current,21.235,353503,771
2025-06-30,HOFT,,current,11.2162,575944,771
2025-06-30,HPK,,current,9.8096,2922494,771
2025-06-30,HRZN,,current,5.6914,2465090,771
2025-06-30,HSHP,,current,5.4776,475519,562
2025-06-30,HURA,,current,2.22,484163,771
2025-06-30,HURC,,current,18.47,257949,771
2025-06-30,HVT,,current,19.0404,2094444,771
2025-06-30,HWBK,,current,26.882,341734,771
2025-06-30,HY,,current,38.0954,2395660,771
2025-06-30,IBEX,,current,28.5,3500231,771
2025-06-30,IDN,,current,5.47,665683,771
2025-06-30,IGIC,,current,22.6463,2815424,771
2025-06-30,III,,current,4.4349,524384,771
2025-06-30,IMMR,,current,7.3256,2321594,771
2025-06-30,IMPP,,current,3.1,379298,771
2025-06-30,IMRX,,current,3.53,333273,771
2025-06-30,IMTX,,current,5.43,3097579,771
2025-06-30,IMUX,,current,7.0,761392,771
2025-06-30,IMXI,,current,9.93,3419742,771
2025-06-30,INBK,,current,26.9304,1080881,771
2025-06-30,INDO,,current,3.12,502002,771
2025-06-30,INFU,,current,6.12,828973,771
2025-06-30,INGN,,current,7.08,1436437,771
2025-06-30,INMB,,current,5.33,2319672,771
2025-06-30,INSE,,current,7.96,951405,771
2025-06-30,INSG,,current,8.55,799711,771
2025-06-30,ISTR,,current,19.3485,410810,771
2025-06-30,IXHL,,current,6.09,2447942,771
2025-06-30,JAKK,,current,19.2968,2867366,771
2025-06-30,JILL,,current,14.5785,1467870,771
2025-06-30,JMSB,,current,18.4303,293684,771
2025-06-30,JOUT,,current,28.1407,1030177,771
2025-06-30,JRVR,,current,5.8264,1156727,771
2025-06-30,JYNT,,current,11.42,664774,771
2025-06-30,KBDC,,current,13.6147,1753120,275
2025-06-30,KE,,current,19.23,2581999,771
2025-06-30,KELYA,,current,11.1761,2802339,771
2025-06-30,KEN,,current,37.3066,614280,771
2025-06-30,KGEI,,current,6.87,651527,771
2025-06-30,KIDS,,current,21.37,2758260,771
2025-06-30,KINS,,current,15.0648,4222574,771
2025-06-30,KMDA,,current,7.3314,468664,771
2025-06-30,KNOP,,current,6.2563,315379,771
2025-06-30,KRMD,,current,3.63,356410,771
2025-06-30,KRNY,,current,6.0036,1917404,771
2025-06-30,KRO,,current,6.0126,1513707,771
2025-06-30,KRRO,,current,12.03,1233254,771
2025-06-30,KWY,,current,14.0,475581,771
2025-06-30,LAKE,,current,13.1286,1439866,771
2025-06-30,LARK,,current,22.9183,425302,771
2025-06-30,LAW,,current,4.44,411250,771
2025-06-30,LE,,current,10.58,1381605,771
2025-06-30,LEGH,,current,22.48,1597578,771
2025-06-30,LFCR,,current,8.19,1219365,771
2025-06-30,LFVN,,current,12.2618,1541893,771
2025-06-30,LGMK,1566826,roster,3.0,743401,771
2025-06-30,LILA,,current,4.0693,1909583,771
2025-06-30,LMNR,,current,15.614,1173331,771
2025-06-30,LNSR,,current,12.76,1589905,771
2025-06-30,LNZA,,current,25.0,320350,771
2025-06-30,LOCO,,current,10.9,2728671,771
2025-06-30,LODE,,current,3.86,1217890,771
2025-06-30,LUCK,,current,9.0581,2279988,771
2025-06-30,LUNG,,current,2.6,1335892,771
2025-06-30,LWAY,,current,24.71,904960,771
2025-06-30,LXEO,,current,4.12,2252230,412
2025-06-30,LXFR,,current,11.6161,1192442,771
2025-06-30,LYEL,,current,8.94,332377,771
2025-06-30,LZM,,current,4.22,353825,771
2025-06-30,MASS,,current,6.73,2640446,771
2025-06-30,MATV,,current,6.6644,2646699,771
2025-06-30,MBI,,current,4.32,1034947,771
2025-06-30,MCBS,,current,27.1879,941165,771
2025-06-30,MCFT,,current,18.86,1699313,771
2025-06-30,MCRB,,current,9.1,679197,771
2025-06-30,MDWD,,current,19.26,1031858,771
2025-06-30,MDXG,,current,5.94,3701878,771
2025-06-30,MED,,current,13.57,3040420,771
2025-06-30,METCB,,current,7.0407,386389,509
2025-06-30,MFIN,,current,9.0972,302807,771
2025-06-30,MG,,current,7.88,1077699,771
2025-06-30,MIND,,current,8.61,834432,771
2025-06-30,MLP,,current,18.36,299738,771
2025-06-30,MLR,,current,43.5705,2741249,771
2025-06-30,MMI,,current,30.525,3831743,771
2025-06-30,MNSB,,current,18.4615,338361,771
2025-06-30,MPAA,,current,10.1,1423351,771
2025-06-30,MRBK,,current,11.978,538999,771
2025-06-30,MRDN,,current,21.36,276006,771
2025-06-30,MTA,,current,3.81,1130254,771
2025-06-30,MTRX,,current,13.9,2020840,771
2025-06-30,MTW,,current,12.28,2457042,771
2025-06-30,MVBF,,current,21.6174,479353,771
2025-06-30,MX,,current,4.05,686487,771
2025-06-30,MYFW,,current,22.51,792642,771
2025-06-30,MYSE,,current,2.47,382025,771
2025-06-30,NATH,,current,105.523,1209699,771
2025-06-30,NATR,,current,14.5,781332,771
2025-06-30,NC,,current,42.3004,300257,771
2025-06-30,NCDL,,current,14.0587,2709385,357
2025-06-30,NCMI,,current,4.7311,3845363,771
2025-06-30,NECB,,current,22.1281,729122,771
2025-06-30,NEGG,,current,12.08,715110,771
2025-06-30,NEOV,,current,3.5,448300,771
2025-06-30,NEWT,,current,10.4487,1990593,771
2025-06-30,NEXN,,current,10.38,3741782,771
2025-06-30,NGEN,,current,2.5,300962,771
2025-06-30,NGS,,current,26.4165,1624931,771
2025-06-30,NKSH,,current,25.8183,279081,771
2025-06-30,NMFC,,current,9.15,3703361,771
2025-06-30,NOA,,current,15.8388,1132275,771
2025-06-30,NOTE,1823466,roster,5.772,944834,771
2025-06-30,NPCE,,current,10.71,2767914,771
2025-06-30,NRC,,current,16.1089,1202707,771
2025-06-30,NRDY,,current,23.85,845268,771
2025-06-30,NRIM,,current,22.9048,3035678,771
2025-06-30,NRXP,,current,3.42,488522,771
2025-06-30,NSLR,,current,7.6911,871545,771
2025-06-30,NUS,,current,7.7693,3695093,771
2025-06-30,NVCT,,current,7.55,1029301,771
2025-06-30,NWFL,,current,24.433,398227,771
2025-06-30,NYAX,,current,49.61,429597,694
2025-06-30,OBIO,,current,2.78,613257,771
2025-06-30,OBT,,current,25.1505,554426,771
2025-06-30,OCS,,current,19.35,521069,771
2025-06-30,OFIX,,current,11.09,4559809,771
2025-06-30,OFLX,,current,32.6036,685513,771
2025-06-30,OGG,,current,2.1,733989,771
2025-06-30,OM,,current,19.07,3454448,771
2025-06-30,ONEW,,current,13.74,1653792,771
2025-06-30,ONIT,,current,37.57,1454994,771
2025-06-30,OPBK,,current,12.32,658966,771
2025-06-30,OPRT,,current,7.36,2041871,771
2025-06-30,OPRX,,current,13.64,2623675,771
2025-06-30,ORN,,current,9.1,2666388,771
2025-06-30,ORRF,,current,30.6917,3802568,771
2025-06-30,OSUR,,current,3.01,1899921,771
2025-06-30,OVBC,,current,29.2851,262740,771
2025-06-30,PACK,,current,3.57,1460721,771
2025-06-30,PAL,,current,6.98,1552516,284
2025-06-30,PAMT,,current,12.71,345200,771
2025-06-30,PANL,,current,4.636,1054383,771
2025-06-30,PAYS,,current,7.1,851825,771
2025-06-30,PBYI,,current,3.33,868475,771
2025-06-30,PCB,,current,19.9926,644912,771
2025-06-30,PCYO,,current,10.69,412698,771
2025-06-30,PDEX,,current,44.88,2118677,771
2025-06-30,PDLB,,current,13.98,525295,771
2025-06-30,PERI,,current,10.1,3404264,771
2025-06-30,PFIS,,current,46.952,781686,771
2025-06-30,PKBK,,current,19.9097,370959,771
2025-06-30,PKOH,,current,17.4439,472918,771
2025-06-30,PLBC,,current,43.0038,410404,771
2025-06-30,PLCE,,current,4.43,3077318,771
2025-06-30,PMTS,,current,23.32,1195607,771
2025-06-30,PNNT,,current,5.4299,2111048,771
2025-06-30,PPIH,,current,22.98,345266,771
2025-06-30,PROF,,current,6.0,308431,771
2025-06-30,PRPH,868278,roster,3.7,283121,771
2025-06-30,PRQR,,current,2.04,594598,771
2025-06-30,PRTH,,current,7.7,3111983,771
2025-06-30,PSBD,,current,12.0804,443506,362
2025-06-30,PSFE,,current,12.57,4914499,771
2025-06-30,PTIX,1022899,roster,3.7,407892,771
2025-06-30,QCLS,,current,13.0,400522,771
2025-06-30,QNTM,,current,21.72,1768057,771
2025-06-30,QTRX,,current,6.65,3612255,771
2025-06-30,QUAD,,current,5.4472,1280343,771
2025-06-30,QUIK,,current,6.32,709718,771
2025-06-30,RAIL,,current,8.79,1242991,771
2025-06-30,RBB,,current,16.6003,555831,771
2025-06-30,RCEL,,current,5.45,1531959,771
2025-06-30,RCKY,,current,21.8673,1120852,771
2025-06-30,RCMT,,current,23.11,636974,771
2025-06-30,RDCM,,current,13.45,414058,771
2025-06-30,RDNW,,current,2.14,260307,771
2025-06-30,RELL,,current,9.3767,414721,771
2025-06-30,RGP,,current,5.0453,1016968,771
2025-06-30,RICK,,current,38.4427,1734104,771
2025-06-30,RILY,,current,2.93,1616771,771
2025-06-30,RLGT,,current,6.21,833211,771
2025-06-30,RM,,current,28.1121,1265130,771
2025-06-30,RMBI,,current,12.757,505466,771
2025-06-30,RMNI,,current,3.77,824622,771
2025-06-30,RMR,,current,14.5937,1611257,771
2025-06-30,RNAC,,current,10.68,738152,771
2025-06-30,RNGR,,current,11.9712,1662854,771
2025-06-30,RRGB,,current,5.5,967597,771
2025-06-30,RSVR,,current,7.62,311680,771
2025-06-30,RVPH,1742927,roster,6.75,445349,771
2025-06-30,RVSB,,current,5.3985,628066,771
2025-06-30,RWAY,,current,8.5818,2311691,771
2025-06-30,SAMG,,current,15.1544,732295,771
2025-06-30,SAR,,current,20.7047,1650527,771
2025-06-30,SBFG,,current,17.7394,382462,771
2025-06-30,SBSI,,current,27.7183,2938027,771
2025-06-30,SCLX,,current,3.7671,658232,771
2025-06-30,SCM,,current,11.9054,1388757,771
2025-06-30,SD,,current,10.4902,2825042,771
2025-06-30,SDHC,,current,19.5,1064934,366
2025-06-30,SEAT,,current,32.0,2798766,771
2025-06-30,SEG,,current,17.93,1309976,229
2025-06-30,SEGG,,current,78.4,542673,510
2025-06-30,SENS,,current,9.88,2523073,771
2025-06-30,SGC,,current,9.665,436599,771
2025-06-30,SGHT,,current,4.3,522742,771
2025-06-30,SHBI,,current,15.0601,1745879,771
2025-06-30,SHIP,,current,6.2392,537607,771
2025-06-30,SHPH,,current,34.3,330616,708
2025-06-30,SIGA,,current,5.7146,2398473,771
2025-06-30,SKIL,,current,15.9,531155,771
2025-06-30,SKYH,,current,9.71,1305110,771
2025-06-30,SLRC,,current,14.4962,2123475,771
2025-06-30,SMC,,current,25.77,1895808,771
2025-06-30,SMHI,,current,5.3,561559,771
2025-06-30,SMID,,current,33.48,334925,771
2025-06-30,SMP,,current,29.776,4629513,771
2025-06-30,SMTI,,current,28.41,814071,771
2025-06-30,SNBRQ,827187,roster,6.72,4255413,771
2025-06-30,SPCB,,current,10.37,1112952,771
2025-06-30,SPOK,,current,15.3339,1672475,771
2025-06-30,SRBK,,current,13.2815,613403,444
2025-06-30,SRG,,current,3.0,423367,771
2025-06-30,SRI,,current,6.6,1299453,771
2025-06-30,SSP,,current,2.0977,1758654,771
2025-06-30,SSTI,,current,13.18,572091,771
2025-06-30,STEM,,current,6.43,1412811,771
2025-06-30,STIM,,current,3.53,2602101,771
2025-06-30,SUPX,,current,9.973,513819,300
2025-06-30,SVCO,,current,4.97,356972,284
2025-06-30,SWIM,,current,6.58,3216671,771
2025-06-30,SXTC,,current,20640.0,409200,771
2025-06-30,TARA,,current,2.88,998327,771
2025-06-30,TASK,,current,10.9228,2511211,771
2025-06-30,TAYD,,current,45.68,469985,771
2025-06-30,TBCH,,current,13.89,3814378,771
2025-06-30,TBI,,current,6.66,1397884,771
2025-06-30,TCBX,,current,33.23,1693391,771
2025-06-30,TCPC,,current,6.3657,3036439,771
2025-06-30,TCX,,current,19.48,303141,771
2025-06-30,TG,,current,8.97,526724,771
2025-06-30,TGEN,,current,7.15,1362485,771
2025-06-30,TIPT,,current,24.3146,2924543,771
2025-06-30,TITN,,current,19.73,4135978,771
2025-06-30,TKNO,,current,5.11,1796131,771
2025-06-30,TLS,,current,3.04,1212471,771
2025-06-30,TMCI,,current,5.75,2338920,771
2025-06-30,TNON,,current,33.25,253387,771
2025-06-30,TPVG,,current,5.9174,1405579,771
2025-06-30,TRAK,,current,19.8187,787372,771
2025-06-30,TRC,,current,17.1,1905901,771
2025-06-30,TRDA,,current,6.91,1046063,771
2025-06-30,TSBK,,current,30.542,271200,771
2025-06-30,TSQ,,current,6.6755,471815,771
2025-06-30,TTGT,,current,7.02,3080492,771
2025-06-30,TUSK,,current,2.88,345645,771
2025-06-30,TWFG,,current,35.0,2521388,237
2025-06-30,TWI,,current,10.43,3851702,771
2025-06-30,TWIN,,current,9.1128,423668,771
2025-06-30,TZOO,,current,13.35,1103599,771
2025-06-30,UFI,,current,5.24,257364,771
2025-06-30,UIS,,current,4.49,2612360,771
2025-06-30,ULH,,current,24.9891,958008,771
2025-06-30,UNTY,,current,46.7566,1601787,771
2025-06-30,UP,,current,24.6,1012703,771
2025-06-30,USAU,,current,12.18,3556294,771
2025-06-30,USCB,,current,16.0102,388097,771
2025-06-30,UTMD,,current,56.6691,736407,771
2025-06-30,VBNK,,current,11.3538,469461,771
2025-06-30,VEL,,current,18.81,1923655,771
2025-06-30,VERU,,current,5.8,608433,771
2025-06-30,VFS,,current,3.59,1528275,771
2025-06-30,VINP,,current,8.7629,431075,771
2025-06-30,VIVO,,current,3.59,2288456,771
2025-06-30,VLGEA,,current,37.3601,1386883,771
2025-06-30,VLN,1863006,roster,2.55,659511,771
2025-06-30,VMD,,current,6.92,1015292,771
2025-06-30,VNDA,,current,4.78,2090474,771
2025-06-30,VOXR,,current,3.0696,823108,771
2025-06-30,VRA,,current,2.1,432762,771
2025-06-30,VREX,,current,8.58,3395621,771
2025-06-30,VTEX,,current,6.46,4335032,771
2025-06-30,VUZI,,current,2.81,3160999,771
2025-06-30,VYGR,,current,2.96,1262437,771
2025-06-30,WBTN,,current,8.66,2367448,251
2025-06-30,WEST,,current,5.95,1550546,771
2025-06-30,WEYS,,current,30.5925,404027,771
2025-06-30,WHF,,current,7.4827,570195,771
2025-06-30,WKHS,,current,13.68,617497,771
2025-06-30,WLGSF,1899658,roster,11.4,432723,549
2025-06-30,WNEB,,current,8.9506,550744,771
2025-06-30,WSBF,,current,13.2742,626189,771
2025-06-30,WTBA,,current,18.8357,506488,771
2025-06-30,WYY,,current,3.44,288628,771
2025-06-30,XGN,,current,7.0,1203390,771
2025-06-30,XPER,,current,7.88,2255507,695
2025-06-30,XPOF,,current,7.6,4574425,771
2025-06-30,YORW,,current,30.7273,2105712,771
2025-06-30,ZUMZ,,current,12.9,3363497,771
2025-07-31,ACB,,current,4.52,4371263,793
2025-07-31,ACCO,,current,3.4024,2201785,793
2025-07-31,ACEL,,current,12.99,3060722,793
2025-07-31,ACET,,current,11.264,281356,793
2025-07-31,ACIC,,current,9.7354,2104968,793
2025-07-31,ACNB,,current,40.5404,846705,793
2025-07-31,ACNT,,current,12.91,727440,793
2025-07-31,ACTG,,current,3.61,600803,793
2025-07-31,ACU,,current,40.0018,459623,793
2025-07-31,ADV,,current,34.25,771781,793
2025-07-31,AEYE,,current,12.88,929154,793
2025-07-31,AFCG,,current,4.1508,680844,793
2025-07-31,AFYA,,current,13.3401,1681723,793
2025-07-31,AIFU,,current,150.6,485680,793
2025-07-31,AIIO,,current,25.0,322845,793
2025-07-31,AIRS,,current,6.14,2344111,793
2025-07-31,ALCO,,current,32.0997,865326,793
2025-07-31,ALGS,,current,7.93,712743,793
2025-07-31,ALLT,,current,7.72,3431752,793
2025-07-31,ALTG,,current,7.98,1296366,793
2025-07-31,ALTI,,current,4.13,461840,793
2025-07-31,ALVO,,current,9.28,1936096,782
2025-07-31,AMPY,,current,3.71,2748371,793
2025-07-31,AMWL,,current,7.51,344131,793
2025-07-31,ANIK,,current,8.1,864044,793
2025-07-31,ANIX,,current,3.16,276382,793
2025-07-31,ANY,,current,5.4,324360,793
2025-07-31,AOUT,,current,9.47,674641,793
2025-07-31,ARDT,,current,10.68,4146018,259
2025-07-31,AREB,1648087,roster,50800.0,887200,793
2025-07-31,AROW,,current,25.6611,917683,793
2025-07-31,ARQ,,current,5.32,967027,793
2025-07-31,ARTNA,,current,31.5841,851114,793
2025-07-31,ARTV,,current,2.98,345268,258
2025-07-31,ASBP,,current,17.12,354684,793
2025-07-31,ASIX,,current,19.5192,3979489,793
2025-07-31,ASLE,,current,6.12,1677807,793
2025-07-31,ASUR,,current,9.7,516281,793
2025-07-31,ATLX,,current,4.67,925506,793
2025-07-31,ATNI,,current,16.315,668363,793
2025-07-31,ATOM,,current,5.03,2250928,793
2025-07-31,ATRA,,current,12.11,453690,793
2025-07-31,ATS,,current,30.72,3158084,793
2025-07-31,AUDC,,current,9.5057,450443,793
2025-07-31,AURA,,current,6.59,1086165,793
2025-07-31,AVD,,current,3.36,705199,793
2025-07-31,AVIR,,current,3.67,1276022,793
2025-07-31,AVNW,,current,21.96,1913759,793
2025-07-31,AXG,,current,3.93,459372,475
2025-07-31,AZ,,current,9.7,2020638,793
2025-07-31,BARK,,current,18.08,721655,793
2025-07-31,BATRA,,current,47.94,2062543,793
2025-07-31,BBCP,,current,6.83,559474,793
2025-07-31,BCAL,,current,14.8892,1371282,793
2025-07-31,BCBP,,current,7.9797,599193,793
2025-07-31,BCIC,,current,10.2842,409231,793
2025-07-31,BCML,,current,25.7767,585492,793
2025-07-31,BCSF,,current,12.9629,3084561,793
2025-07-31,BCTX,,current,8.0,546130,793
2025-07-31,BDSX,,current,7.58,429421,793
2025-07-31,BDTX,,current,2.82,2415598,793
2025-07-31,BHB,,current,27.8565,1042835,793
2025-07-31,BIRD,,current,9.0423,369053,793
2025-07-31,BIVI,,current,6.67,269780,793
2025-07-31,BKTI,,current,38.85,1578975,793
2025-07-31,BMRC,,current,21.6342,1873049,793
2025-07-31,BNED,,current,8.8142,3248389,793
2025-07-31,BNT,,current,44.7302,530495,793
2025-07-31,BNTC,,current,11.25,846125,793
2025-07-31,BOC,,current,13.48,1943543,793
2025-07-31,BOOM,,current,8.17,1096533,793
2025-07-31,BRBS,,current,2.9256,701989,793
2025-07-31,BRCC,,current,18.0,1044425,793
2025-07-31,BRNX,,current,361.2,260679,793
2025-07-31,BSET,,current,15.2578,418843,793
2025-07-31,BSRR,,current,28.2891,817896,793
2025-07-31,BSVN,,current,43.9922,842818,793
2025-07-31,BURU,1814215,roster,62.2952,1654823,625
2025-07-31,BVFL,,current,15.68,517251,793
2025-07-31,BWB,,current,15.785,886861,793
2025-07-31,BWFG,,current,37.9552,574278,793
2025-07-31,BWMN,,current,34.69,2187288,793
2025-07-31,BWMX,,current,12.1596,311156,793
2025-07-31,BZAI,1871638,roster,4.1,850279,793
2025-07-31,CAC,,current,35.7807,2108231,793
2025-07-31,CASS,,current,38.9918,1966582,793
2025-07-31,CATX,,current,3.88,3320646,793
2025-07-31,CBAN,,current,15.996,709654,793
2025-07-31,CBIO,,current,12.6,492576,793
2025-07-31,CBNA,,current,26.39,327231,204
2025-07-31,CBNK,,current,31.0156,1945682,793
2025-07-31,CCAP,,current,12.4909,3080069,793
2025-07-31,CCBG,,current,38.525,1140429,793
2025-07-31,CCLD,,current,2.36,565363,793
2025-07-31,CD,,current,4.15,833364,793
2025-07-31,CDZI,,current,3.04,1219844,793
2025-07-31,CENT,,current,39.29,2816214,793
2025-07-31,CERO,1870404,roster,7.0,585729,793
2025-07-31,CETX,1435064,roster,193.5,441374,793
2025-07-31,CFBK,,current,23.2061,275120,793
2025-07-31,CFFI,,current,62.3658,466001,793
2025-07-31,CGNT,,current,9.32,2216930,793
2025-07-31,CHMG,,current,51.202,521122,793
2025-07-31,CHRN,,current,3.63,299542,793
2025-07-31,CIA,,current,3.98,496737,793
2025-07-31,CING,,current,5.19,460232,793
2025-07-31,CINT,,current,5.43,608418,793
2025-07-31,CION,,current,8.1719,2014628,793
2025-07-31,CIVB,,current,19.0047,921734,793
2025-07-31,CLAR,,current,3.5845,404727,793
2025-07-31,CLW,,current,24.05,4665286,793
2025-07-31,CMCL,,current,19.0773,2856929,793
2025-07-31,CMRC,,current,4.78,3626218,793
2025-07-31,CMT,,current,16.7,443736,793
2025-07-31,CNL,,current,8.99,593576,793
2025-07-31,CNSY,,current,11.5,1936164,793
2025-07-31,CNVS,,current,5.31,397173,793
2025-07-31,COFS,,current,28.4903,2157974,793
2025-07-31,COOK,,current,83.0,500940,793
2025-07-31,COYA,,current,5.87,311542,647
2025-07-31,CPS,,current,24.36,4588816,793
2025-07-31,CRBP,,current,9.26,947744,793
2025-07-31,CRCT,,current,4.7117,2478764,793
2025-07-31,CRMT,,current,45.57,3792189,793
2025-07-31,CRNT,,current,2.28,1587707,793
2025-07-31,CRON,,current,2.0,2748725,793
2025-07-31,CRVO,,current,8.5,924131,793
2025-07-31,CSV,,current,44.2018,3397016,793
2025-07-31,CTEV,,current,38.68,3103065,793
2025-07-31,CTKB,,current,3.55,3378784,793
2025-07-31,CTNM,,current,6.01,510013,330
2025-07-31,CTOS,1709682,roster,5.7,2512740,793
2025-07-31,CURI,,current,4.091,2920198,793
2025-07-31,CURR,,current,2.06,755525,227
2025-07-31,CURV,,current,2.51,1244507,793
2025-07-31,CVEO,,current,24.04,1708031,793
2025-07-31,CVRX,,current,8.26,1464889,793
2025-07-31,CWCO,,current,28.906,2795616,793
2025-07-31,CXAI,,current,48.95,369530,793
2025-07-31,CXDO,,current,5.59,851132,793
2025-07-31,CZFS,,current,51.8234,370597,793
2025-07-31,CZNC,,current,17.676,489026,793
2025-07-31,CZWI,,current,14.5153,314608,793
2025-07-31,DBI,,current,2.7519,3669146,793
2025-07-31,DCBO,,current,30.43,1954239,793
2025-07-31,DERM,,current,7.59,654949,793
2025-07-31,DGICA,,current,16.4584,2460564,793
2025-07-31,DMAC,,current,4.45,537841,793
2025-07-31,DMRC,,current,11.78,1850483,793
2025-07-31,DPRO,,current,4.97,3469064,793
2025-07-31,DSGR,,current,28.84,1549380,793
2025-07-31,DSP,,current,13.53,2430130,793
2025-07-31,DTCX,,current,13.1,2288570,793
2025-07-31,DTIL,,current,4.8,451835,793
2025-07-31,EAF,,current,14.7,2761018,793
2025-07-31,EBF,,current,16.9356,2543393,793
2025-07-31,EBMT,,current,15.7903,627518,793
2025-07-31,ECOR,,current,7.02,496664,793
2025-07-31,EFSI,,current,31.7856,478666,793
2025-07-31,EGAN,,current,6.32,292788,793
2025-07-31,ELDN,,current,3.16,810313,793
2025-07-31,ELMD,,current,18.69,1184375,793
2025-07-31,ELPW,,current,229824.0,959040,564
2025-07-31,ELTX,,current,9.925,265425,793
2025-07-31,ENTA,,current,7.61,902289,793
2025-07-31,EPM,,current,4.381,691328,793
2025-07-31,EPSN,,current,5.9468,781127,793
2025-07-31,ESEA,,current,49.1031,1453771,793
2025-07-31,ESOA,,current,10.7793,1715218,793
2025-07-31,ESP,,current,42.1491,1118336,793
2025-07-31,EVCM,,current,11.05,2042051,793
2025-07-31,EVEX,,current,6.55,1803905,793
2025-07-31,EXFY,,current,2.08,1272071,793
2025-07-31,EXOD,,current,29.08,4473965,793
2025-07-31,FBIZ,,current,46.3374,2221396,793
2025-07-31,FC,,current,19.7,2042004,793
2025-07-31,FCAP,,current,36.6095,309928,793
2025-07-31,FCBC,,current,34.4286,1572402,793
2025-07-31,FCCO,,current,24.2605,600662,793
2025-07-31,FENC,,current,8.41,515931,793
2025-07-31,FF,,current,3.9056,695068,793
2025-07-31,FHTX,,current,5.45,497371,793
2025-07-31,FIRY,,current,7.72,298294,793
2025-07-31,FLD,1889123,roster,4.23,992382,793
2025-07-31,FLL,,current,4.6,700508,793
2025-07-31,FLWS,,current,5.9,2931138,793
2025-07-31,FLXS,,current,34.2268,529939,793
2025-07-31,FMAO,,current,23.9032,357743,793
2025-07-31,FNKO,,current,3.9,4500153,793
2025-07-31,FNLC,,current,24.034,416099,793
2025-07-31,FOA,,current,21.86,1596390,793
2025-07-31,FOR,,current,24.97,3050906,793
2025-07-31,FORR,,current,9.7,692518,793
2025-07-31,FOXO,1812360,roster,560.4001,578343,718
2025-07-31,FPH,,current,5.28,755725,793
2025-07-31,FRAF,,current,39.1322,649018,793
2025-07-31,FRBA,,current,14.7065,594791,793
2025-07-31,FRD,,current,15.3897,278200,793
2025-07-31,FRPH,,current,26.66,1150846,793
2025-07-31,FRST,,current,10.8813,741801,793
2025-07-31,FSBW,,current,38.2204,543329,793
2025-07-31,FSTR,,current,23.7,494042,793
2025-07-31,FTCI,,current,5.8,302536,793
2025-07-31,FTW,,current,9.9936,284169,209
2025-07-31,FUNC,,current,32.4045,562344,793
2025-07-31,FVCB,,current,12.6421,423060,793
2025-07-31,FXNC,,current,21.0187,371088,793
2025-07-31,GAIN,,current,13.0102,1865105,793
2025-07-31,GALT,,current,3.6,452125,793
2025-07-31,GAME,,current,7.6,416906,793
2025-07-31,GASS,,current,6.8,509002,793
2025-07-31,GBFH,,current,36.32,2665707,266
2025-07-31,GCBC,,current,23.5532,449645,793
2025-07-31,GENC,,current,15.0,282615,793
2025-07-31,GEOS,,current,16.22,1016227,793
2025-07-31,GIC,,current,32.9386,1743066,793
2025-07-31,GLAD,,current,25.0873,1879748,793
2025-07-31,GLAS,,current,5.18,747238,793
2025-07-31,GLRE,,current,12.99,1421593,793
2025-07-31,GLSI,,current,11.25,365027,793
2025-07-31,GNE,,current,19.6355,3978435,793
2025-07-31,GNLX,,current,3.53,323647,629
2025-07-31,GPRK,,current,6.5354,4193091,793
2025-07-31,GRML,,current,49.55,4123340,793
2025-07-31,GRNT,,current,4.7244,2548888,793
2025-07-31,GSIT,,current,4.35,1151288,793
2025-07-31,GTE,,current,4.41,1084604,793
2025-07-31,GWRS,,current,9.3253,395085,793
2025-07-31,GYRE,,current,7.27,1178064,793
2025-07-31,HBB,,current,15.2023,418481,793
2025-07-31,HBT,,current,23.9826,645938,793
2025-07-31,HCKT,,current,22.3525,4468860,793
2025-07-31,HDSN,,current,8.32,2530226,793
2025-07-31,HGTY,,current,10.04,756261,793
2025-07-31,HITI,,current,2.12,606672,793
2025-07-31,HLLY,,current,2.16,892354,793
2025-07-31,HNVR,,current,20.7163,260029,793
2025-07-31,HOFT,,current,9.3389,563399,793
2025-07-31,HPK,,current,9.9975,3146626,793
2025-07-31,HRZN,,current,6.4946,2437057,793
2025-07-31,HSDT,,current,7.62,650649,793
2025-07-31,HSHP,,current,6.2452,572916,584
2025-07-31,HURA,,current,2.58,467906,793
2025-07-31,HURC,,current,19.18,309882,793
2025-07-31,HVT,,current,19.4695,1961282,793
2025-07-31,HWBK,,current,28.0729,335586,793
2025-07-31,HY,,current,39.8892,2095113,793
2025-07-31,IBEX,,current,29.95,3471519,793
2025-07-31,ICCM,,current,31.2,291990,793
2025-07-31,IDN,,current,5.03,1413892,793
2025-07-31,IGIC,,current,22.0154,2717328,793
2025-07-31,III,,current,4.1106,895688,793
2025-07-31,IMMR,,current,6.7855,2734684,793
2025-07-31,IMPP,,current,3.1,379298,793
2025-07-31,IMRX,,current,3.63,1109842,793
2025-07-31,IMTX,,current,6.68,3005797,793
2025-07-31,IMUX,,current,9.62,848281,793
2025-07-31,IMXI,,current,8.93,3054158,793
2025-07-31,INBK,,current,22.0133,1068144,793
2025-07-31,INDO,,current,2.92,1347801,793
2025-07-31,INFU,,current,5.71,816432,793
2025-07-31,INGN,,current,6.55,1234302,793
2025-07-31,INMB,,current,2.68,3913853,793
2025-07-31,INSE,,current,9.21,1078193,793
2025-07-31,INSG,,current,6.81,910474,793
2025-07-31,ISTR,,current,21.3345,429756,793
2025-07-31,JAKK,,current,16.7471,2711659,793
2025-07-31,JILL,,current,15.7796,1362402,793
2025-07-31,JMSB,,current,18.3612,288856,793
2025-07-31,JOUT,,current,32.2646,1331321,793
2025-07-31,JRVR,,current,5.4989,1037633,793
2025-07-31,JYNT,,current,11.5,570490,793
2025-07-31,KBDC,,current,13.766,1568316,297
2025-07-31,KE,,current,19.08,2502625,793
2025-07-31,KELYA,,current,12.0647,2884094,793
2025-07-31,KEN,,current,46.1431,630034,793
2025-07-31,KGEI,,current,6.21,911157,793
2025-07-31,KIDS,,current,21.68,2857272,793
2025-07-31,KINS,,current,15.5371,3897424,793
2025-07-31,KMDA,,current,7.1508,429814,793
2025-07-31,KNOP,,current,6.8201,315379,793
2025-07-31,KRMD,,current,3.49,401988,793
2025-07-31,KRNY,,current,5.5954,1917404,793
2025-07-31,KRO,,current,5.4948,1406970,793
2025-07-31,KRRO,,current,16.26,1387447,793
2025-07-31,KWY,,current,13.93,724864,793
2025-07-31,LAKE,,current,14.0051,2030365,793
2025-07-31,LARK,,current,23.0467,289126,793
2025-07-31,LAW,,current,4.07,496590,793
2025-07-31,LE,,current,11.83,3815160,793
2025-07-31,LEGH,,current,22.38,1575052,793
2025-07-31,LFCR,,current,7.11,1054206,793
2025-07-31,LFVN,,current,12.2908,1515221,793
2025-07-31,LGCY,,current,11.81,577927,210
2025-07-31,LIEN,,current,8.9488,257184,793
2025-07-31,LILA,,current,4.6943,2028594,793
2025-07-31,LMNR,,current,14.7167,1018119,793
2025-07-31,LNSR,,current,13.26,1091172,793
2025-07-31,LNZA,,current,42.3,300611,793
2025-07-31,LOCO,,current,10.63,3363629,793
2025-07-31,LODE,,current,3.36,1270753,793
2025-07-31,LUCK,,current,9.6127,2271542,793
2025-07-31,LUNG,,current,3.15,973426,793
2025-07-31,LWAY,,current,24.79,914142,793
2025-07-31,LXEO,,current,4.65,2165107,434
2025-07-31,LXFR,,current,11.8463,1289841,793
2025-07-31,LYEL,,current,12.44,496439,793
2025-07-31,LZM,,current,4.39,325598,793
2025-07-31,MASS,,current,6.81,2770430,793
2025-07-31,MATV,,current,6.5785,2765766,793
2025-07-31,MBI,,current,5.06,866920,793
2025-07-31,MCBS,,current,27.0278,866993,793
2025-07-31,MCFT,,current,19.44,1770553,793
2025-07-31,MCRB,,current,14.4,821733,793
2025-07-31,MDWD,,current,19.33,1047769,793
2025-07-31,MDXG,,current,6.52,4286554,793
2025-07-31,MED,,current,14.02,2845220,793
2025-07-31,METCB,,current,12.9321,556503,531
2025-07-31,MFIN,,current,9.4723,317410,793
2025-07-31,MG,,current,7.94,1013312,793
2025-07-31,MIND,,current,9.63,1010138,793
2025-07-31,MLP,,current,16.33,265485,793
2025-07-31,MLR,,current,40.6278,2712963,793
2025-07-31,MMI,,current,30.7805,3590652,793
2025-07-31,MNSB,,current,19.9364,396027,793
2025-07-31,MOB,,current,3.47,584755,734
2025-07-31,MPAA,,current,10.7,1575418,793
2025-07-31,MRBK,,current,14.2678,611600,793
2025-07-31,MRDN,,current,18.24,295099,793
2025-07-31,MTA,,current,4.04,1137448,793
2025-07-31,MTRX,,current,15.61,2047107,793
2025-07-31,MTW,,current,12.49,2796009,793
2025-07-31,MVBF,,current,21.9953,835130,793
2025-07-31,MX,,current,4.26,643297,793
2025-07-31,MYFW,,current,21.9,1174265,793
2025-07-31,MYSE,,current,2.4,262672,793
2025-07-31,NATH,,current,93.4013,4852780,793
2025-07-31,NATR,,current,14.41,916551,793
2025-07-31,NC,,current,38.4479,261359,793
2025-07-31,NCDL,,current,14.5258,2335501,379
2025-07-31,NCMI,,current,4.6441,2884126,793
2025-07-31,NECB,,current,20.2157,667352,793
2025-07-31,NEOV,,current,4.84,592899,793
2025-07-31,NEWT,,current,10.7013,2018391,793
2025-07-31,NEXN,,current,10.6,4292738,793
2025-07-31,NGEN,,current,2.5,348467,793
2025-07-31,NGS,,current,23.7454,1469962,793
2025-07-31,NKSH,,current,27.0296,276323,793
2025-07-31,NKTX,,current,2.18,827439,793
2025-07-31,NMFC,,current,9.15,3182558,793
2025-07-31,NOA,,current,14.9654,881403,793
2025-07-31,NOTE,1823466,roster,6.792,1305017,793
2025-07-31,NPCE,,current,8.76,2816179,793
2025-07-31,NRC,,current,12.2049,1272107,793
2025-07-31,NRDY,,current,23.1,762179,793
2025-07-31,NRIM,,current,20.6413,4991016,793
2025-07-31,NRXP,,current,2.81,549994,793
2025-07-31,NSLR,,current,7.9712,1148753,793
2025-07-31,NUS,,current,8.2783,3687307,793
2025-07-31,NVCT,,current,7.55,930693,793
2025-07-31,NWFL,,current,22.9901,389798,793
2025-07-31,NYAX,,current,44.55,579807,716
2025-07-31,OBIO,,current,3.12,560700,793
2025-07-31,OBT,,current,24.7806,987076,793
2025-07-31,OCS,,current,17.73,291236,793
2025-07-31,OFIX,,current,11.36,4126302,793
2025-07-31,OFLX,,current,30.8508,993707,793
2025-07-31,OGG,,current,2.19,921021,793
2025-07-31,ONEW,,current,14.56,1731937,793
2025-07-31,ONIT,,current,37.73,1441608,793
2025-07-31,OPBK,,current,12.3582,743644,793
2025-07-31,OPRT,,current,6.18,2877360,793
2025-07-31,OPRX,,current,12.64,2734640,793
2025-07-31,OPXS,,current,11.81,583505,793
2025-07-31,ORN,,current,8.01,2992634,793
2025-07-31,ORRF,,current,31.8551,3611438,793
2025-07-31,OSUR,,current,3.19,1939661,793
2025-07-31,OVBC,,current,32.4315,254771,793
2025-07-31,OWLT,,current,7.72,414561,793
2025-07-31,PACK,,current,4.0,1119109,793
2025-07-31,PAL,,current,7.19,1141975,306
2025-07-31,PANL,,current,4.6648,1017389,793
2025-07-31,PAYS,,current,7.53,3691689,793
2025-07-31,PBYI,,current,3.16,1033065,793
2025-07-31,PCB,,current,19.9544,584740,793
2025-07-31,PCYO,,current,9.9,412032,793
2025-07-31,PDEX,,current,50.28,1932591,793
2025-07-31,PDLB,,current,14.15,529647,793
2025-07-31,PERI,,current,10.78,2863304,793
2025-07-31,PFIS,,current,45.8634,891028,793
2025-07-31,PKBK,,current,20.225,327373,793
2025-07-31,PKOH,,current,16.0803,517893,793
2025-07-31,PLBC,,current,39.7717,443723,793
2025-07-31,PLCE,,current,5.02,2626506,793
2025-07-31,PMTS,,current,20.62,1184677,793
2025-07-31,PNNT,,current,5.7988,2111048,793
2025-07-31,PPIH,,current,23.28,453081,793
2025-07-31,PRE,,current,8.05,353015,793
2025-07-31,PROF,,current,5.555,258912,793
2025-07-31,PRPH,868278,roster,3.6,285911,793
2025-07-31,PRQR,,current,2.13,539197,793
2025-07-31,PRTH,,current,6.84,3691289,793
2025-07-31,PSBD,,current,12.0371,429855,384
2025-07-31,PTIX,1022899,roster,3.19,581444,793
2025-07-31,PYPD,,current,3.44,290780,793
2025-07-31,QCLS,,current,12.5,510857,793
2025-07-31,QNCX,,current,330.0,332210,793
2025-07-31,QNTM,,current,22.71,3344665,793
2025-07-31,QTRX,,current,6.09,3565097,793
2025-07-31,QUAD,,current,4.7616,1144193,793
2025-07-31,QUIK,,current,6.21,895729,793
2025-07-31,RAIL,,current,10.2,1430505,793
2025-07-31,RBB,,current,17.8135,907062,793
2025-07-31,RCEL,,current,5.36,1553866,793
2025-07-31,RCKY,,current,25.8494,1155708,793
2025-07-31,RCMT,,current,24.91,892220,793
2025-07-31,RDCM,,current,13.89,672637,793
2025-07-31,RELL,,current,9.9621,336853,793
2025-07-31,RFIL,,current,8.13,385309,793
2025-07-31,RGP,,current,4.6017,981631,793
2025-07-31,RICK,,current,36.0005,1879236,793
2025-07-31,RILY,,current,5.31,2427035,793
2025-07-31,RLGT,,current,5.85,792801,793
2025-07-31,RM,,current,29.8182,1210758,793
2025-07-31,RMBI,,current,13.6024,466968,793
2025-07-31,RMNI,,current,4.65,1020349,793
2025-07-31,RMR,,current,14.6116,1483061,793
2025-07-31,RNAC,,current,12.85,603590,793
2025-07-31,RNGR,,current,13.9206,2125434,793
2025-07-31,RRGB,,current,6.03,1608000,793
2025-07-31,RSVR,,current,7.96,483126,793
2025-07-31,RTB,,current,10.15,464290,793
2025-07-31,RVPH,1742927,roster,9.282,634855,793
2025-07-31,RVSB,,current,5.1122,710455,793
2025-07-31,RWAY,,current,8.671,2413563,793
2025-07-31,SAMG,,current,15.3709,530532,793
2025-07-31,SAR,,current,21.0118,2067990,793
2025-07-31,SBC,,current,4.39,465801,713
2025-07-31,SBFG,,current,18.6472,394790,793
2025-07-31,SBSI,,current,28.1804,2835012,793
2025-07-31,SCLX,,current,8.0573,643764,793
2025-07-31,SCM,,current,12.243,1372548,793
2025-07-31,SD,,current,9.9231,3002955,793
2025-07-31,SDHC,,current,19.4,1271133,388
2025-07-31,SEAT,,current,31.0,2130014,793
2025-07-31,SEG,,current,22.5,1702459,251
2025-07-31,SEGG,,current,75.6,932642,532
2025-07-31,SENS,,current,9.8,2859519,793
2025-07-31,SGC,,current,9.2799,405898,793
2025-07-31,SGHT,,current,3.45,452168,793
2025-07-31,SHBI,,current,15.234,1779335,793
2025-07-31,SHIP,,current,6.4485,545525,793
2025-07-31,SHPH,,current,37.2,375839,730
2025-07-31,SIGA,,current,5.9004,2110931,793
2025-07-31,SISI,1300734,roster,8.42,264007,793
2025-07-31,SKIL,,current,14.56,594038,793
2025-07-31,SKYH,,current,10.02,1254979,793
2025-07-31,SLI,,current,2.45,3501543,793
2025-07-31,SLRC,,current,14.4151,1988779,793
2025-07-31,SMC,,current,25.54,1760740,793
2025-07-31,SMHI,,current,5.1,529805,793
2025-07-31,SMID,,current,35.24,337912,793
2025-07-31,SMP,,current,30.717,4328535,793
2025-07-31,SMTI,,current,25.09,975589,793
2025-07-31,SNBRQ,827187,roster,7.01,4146142,793
2025-07-31,SPCB,,current,9.12,1176386,793
2025-07-31,SPOK,,current,15.0165,1410700,793
2025-07-31,SRBK,,current,13.7752,645693,466
2025-07-31,SRG,,current,3.2,279173,793
2025-07-31,SRI,,current,7.92,1684669,793
2025-07-31,SSP,,current,2.2932,2034652,793
2025-07-31,SST,1805833,roster,6.44,308080,793
2025-07-31,SSTI,,current,11.7,572091,793
2025-07-31,STEM,,current,14.24,2170743,793
2025-07-31,STIM,,current,4.44,2620917,793
2025-07-31,SUPX,,current,23.21,501372,322
2025-07-31,SVCO,,current,4.7,373564,306
2025-07-31,SWIM,,current,6.79,2891929,793
2025-07-31,TAOX,,current,6.74,928345,793
2025-07-31,TARA,,current,3.18,876548,793
2025-07-31,TASK,,current,11.1053,2386079,793
2025-07-31,TAYD,,current,46.4,447853,793
2025-07-31,TBCH,,current,14.29,3153541,793
2025-07-31,TBI,,current,7.22,1327404,793
2025-07-31,TCBX,,current,38.39,1569529,793
2025-07-31,TCPC,,current,5.9658,2814988,793
2025-07-31,TCX,,current,18.69,336128,793
2025-07-31,TG,,current,8.73,520178,793
2025-07-31,TGEN,,current,8.38,2572101,793
2025-07-31,TIPT,,current,20.6261,2959249,793
2025-07-31,TITN,,current,19.26,3792428,793
2025-07-31,TKNO,,current,4.84,1559800,793
2025-07-31,TLS,,current,2.65,1721712,793
2025-07-31,TMCI,,current,5.54,1890379,793
2025-07-31,TPVG,,current,5.8495,1407406,793
2025-07-31,TRAK,,current,16.681,758796,793
2025-07-31,TRC,,current,18.07,1767629,793
2025-07-31,TRDA,,current,6.64,905986,793
2025-07-31,TSBK,,current,30.5997,281319,793
2025-07-31,TSQ,,current,6.1825,543268,793
2025-07-31,TTGT,,current,7.41,3313760,793
2025-07-31,TUSK,,current,2.61,265964,793
2025-07-31,TWFG,,current,30.31,2021829,259
2025-07-31,TWI,,current,9.07,4115911,793
2025-07-31,TWIN,,current,8.6098,373923,793
2025-07-31,TZOO,,current,10.15,1158466,793
2025-07-31,UIS,,current,4.06,2506474,793
2025-07-31,ULH,,current,22.9884,911041,793
2025-07-31,UNTY,,current,48.9934,3002852,793
2025-07-31,UP,,current,28.0,1348842,793
2025-07-31,USAU,,current,10.37,3513216,793
2025-07-31,USCB,,current,16.6021,401955,793
2025-07-31,USNA,,current,29.52,4352501,793
2025-07-31,UTMD,,current,55.2769,718002,793
2025-07-31,VBNK,,current,11.7601,388442,793
2025-07-31,VEL,,current,16.84,1782318,793
2025-07-31,VERU,,current,4.9,744439,793
2025-07-31,VFS,,current,3.43,1747072,793
2025-07-31,VINP,,current,8.9293,378634,793
2025-07-31,VIVO,,current,4.17,4037353,793
2025-07-31,VLGEA,,current,33.4289,1429841,793
2025-07-31,VLN,1863006,roster,2.47,742288,793
2025-07-31,VMD,,current,6.18,1214654,793
2025-07-31,VNDA,,current,4.67,1885138,793
2025-07-31,VOXR,,current,3.1121,988987,793
2025-07-31,VRA,,current,2.04,469479,793
2025-07-31,VREX,,current,7.45,2820282,793
2025-07-31,VUZI,,current,2.04,3482783,793
2025-07-31,VYGR,,current,3.46,1766547,793
2025-07-31,WBTN,,current,9.78,2273401,273
2025-07-31,WEST,,current,6.74,1724517,793
2025-07-31,WEYS,,current,27.1239,340989,793
2025-07-31,WHF,,current,7.4485,528056,793
2025-07-31,WHG,,current,16.8683,284776,793
2025-07-31,WKHS,,current,20.76,763965,793
2025-07-31,WLGSF,1899658,roster,15.025,2011766,571
2025-07-31,WNEB,,current,10.4391,613956,793
2025-07-31,WSBF,,current,12.9264,562663,793
2025-07-31,WTBA,,current,17.2637,500452,793
2025-07-31,WYY,,current,2.96,263562,793
2025-07-31,XGN,,current,8.63,1480360,793
2025-07-31,XPER,,current,6.24,1985340,717
2025-07-31,YORW,,current,29.8226,2371576,793
2025-07-31,ZIP,,current,4.24,4703172,793
2025-07-31,ZSQR,,current,10.92,255301,793
2025-07-31,ZUMZ,,current,14.06,2921180,793
2025-08-31,ACCO,,current,3.689,1971848,815
2025-08-31,ACEL,,current,11.59,3162087,815
2025-08-31,ACET,,current,11.52,258524,815
2025-08-31,ACIC,,current,10.3938,1929214,815
2025-08-31,ACNB,,current,43.5928,859264,815
2025-08-31,ACNT,,current,12.22,569687,815
2025-08-31,ACTG,,current,3.41,547777,815
2025-08-31,ACU,,current,42.3862,428524,815
2025-08-31,ADV,,current,45.5,931976,815
2025-08-31,AEYE,,current,12.85,918207,815
2025-08-31,AFCG,,current,4.3369,711509,815
2025-08-31,AFYA,,current,14.5371,1363541,815
2025-08-31,AIFU,,current,101.0,264569,815
2025-08-31,AIIO,,current,32.4,255074,815
2025-08-31,AIRS,,current,6.45,3320781,815
2025-08-31,AISP,,current,4.47,4119592,815
2025-08-31,ALCO,,current,33.6614,915207,815
2025-08-31,ALEC,,current,2.35,937102,815
2025-08-31,ALGS,,current,10.55,616937,815
2025-08-31,ALLT,,current,7.86,3551388,815
2025-08-31,ALTG,,current,8.34,1710713,815
2025-08-31,ALTI,,current,4.33,506586,815
2025-08-31,ALVO,,current,8.07,2177324,804
2025-08-31,AMPY,,current,4.07,2670618,815
2025-08-31,AMWL,,current,6.9,356546,815
2025-08-31,ANIK,,current,9.38,877812,815
2025-08-31,ANIX,,current,2.99,285952,815
2025-08-31,ANY,,current,6.17,289085,815
2025-08-31,AOUT,,current,10.44,627734,815
2025-08-31,ARDT,,current,12.69,4214727,281
2025-08-31,AREB,1648087,roster,32680.0,425220,815
2025-08-31,AREC,,current,2.0286,2353298,815
2025-08-31,AROW,,current,28.7381,931429,815
2025-08-31,ARQ,,current,7.72,1165047,815
2025-08-31,ARTNA,,current,31.9067,827936,815
2025-08-31,ARTV,,current,3.15,301088,280
2025-08-31,ASBP,,current,23.0,364434,815
2025-08-31,ASIX,,current,20.6944,4153472,815
2025-08-31,ASLE,,current,8.63,1906042,815
2025-08-31,ASUR,,current,8.4,646177,815
2025-08-31,ATLX,,current,5.37,1477016,815
2025-08-31,ATNI,,current,16.1628,628964,815
2025-08-31,ATOM,,current,3.28,1785156,815
2025-08-31,ATRA,,current,12.05,434481,815
2025-08-31,ATS,,current,27.72,3345199,815
2025-08-31,AUDC,,current,9.1844,598124,815
2025-08-31,AURA,,current,6.26,1020623,815
2025-08-31,AVD,,current,5.4,807570,815
2025-08-31,AVIR,,current,3.36,1213204,815
2025-08-31,AVNW,,current,22.96,1935327,815
2025-08-31,AXG,,current,4.01,750091,497
2025-08-31,AZ,,current,8.87,1938256,815
2025-08-31,BARK,,current,18.04,721655,815
2025-08-31,BATRA,,current,47.505,1790293,815
2025-08-31,BBCP,,current,6.96,557361,815
2025-08-31,BBOT,,current,8.94,554553,390
2025-08-31,BCAL,,current,16.572,1634352,815
2025-08-31,BCBP,,current,8.5654,585533,815
2025-08-31,BCIC,,current,10.6273,446841,815
2025-08-31,BCML,,current,29.1372,533167,815
2025-08-31,BCSF,,current,13.7448,3197419,815
2025-08-31,BCTX,,current,7.77,448537,815
2025-08-31,BDSX,,current,8.54,352454,815
2025-08-31,BDTX,,current,2.75,2308061,815
2025-08-31,BHB,,current,31.0393,1331637,815
2025-08-31,BIRD,,current,5.623,470162,815
2025-08-31,BKTI,,current,70.78,2644321,815
2025-08-31,BMRC,,current,23.6523,1902875,815
2025-08-31,BNED,,current,8.5757,3059309,815
2025-08-31,BNT,,current,43.6883,550941,815
2025-08-31,BNTC,,current,13.24,826563,815
2025-08-31,BOC,,current,13.34,2185616,815
2025-08-31,BOOM,,current,6.7,1142080,815
2025-08-31,BPRN,,current,32.8874,252489,815
2025-08-31,BRBS,,current,3.2498,841813,815
2025-08-31,BRCC,,current,15.5,1109929,815
2025-08-31,BSET,,current,15.9947,444728,815
2025-08-31,BSRR,,current,29.7719,814840,815
2025-08-31,BSVN,,current,48.4021,861925,815
2025-08-31,BURU,1814215,roster,32.2554,1867451,647
2025-08-31,BVFL,,current,16.78,701821,815
2025-08-31,BWB,,current,16.38,820366,815
2025-08-31,BWEN,,current,2.1,251529,815
2025-08-31,BWFG,,current,41.6324,912763,815
2025-08-31,BWMN,,current,42.73,3768607,815
2025-08-31,BWMX,,current,12.6227,381190,815
2025-08-31,BZAI,1871638,roster,3.57,2558657,815
2025-08-31,CAC,,current,39.4253,2200677,815
2025-08-31,CASS,,current,41.6685,2077946,815
2025-08-31,CATX,,current,3.36,3048875,815
2025-08-31,CBAN,,current,16.7644,746796,815
2025-08-31,CBIO,,current,14.4,1078697,815
2025-08-31,CBNA,,current,30.24,333999,226
2025-08-31,CBNK,,current,33.4677,1810397,815
2025-08-31,CCAP,,current,13.8145,3093008,815
2025-08-31,CCBG,,current,42.799,1386600,815
2025-08-31,CCLD,,current,3.84,600936,815
2025-08-31,CD,,current,6.99,915728,815
2025-08-31,CDZI,,current,3.58,1291655,815
2025-08-31,CENT,,current,36.43,2556711,815
2025-08-31,CERO,1870404,roster,7.52,501971,815
2025-08-31,CETX,1435064,roster,169.5,685830,815
2025-08-31,CFBK,,current,24.2924,316059,815
2025-08-31,CFFI,,current,70.142,730643,815
2025-08-31,CGNT,,current,8.93,2103452,815
2025-08-31,CHMG,,current,52.6671,526397,815
2025-08-31,CIA,,current,5.29,621055,815
2025-08-31,CING,,current,3.99,466632,815
2025-08-31,CINT,,current,5.44,556596,815
2025-08-31,CION,,current,9.0334,2053179,815
2025-08-31,CIVB,,current,20.5908,1590557,815
2025-08-31,CLAR,,current,3.5139,377118,815
2025-08-31,CLDI,1855485,roster,26.4,944329,815
2025-08-31,CLW,,current,21.57,4165617,815
2025-08-31,CMCL,,current,25.2849,3237639,815
2025-08-31,CMRC,,current,4.65,3819046,815
2025-08-31,CMT,,current,19.2,412692,815
2025-08-31,CNL,,current,13.08,582868,815
2025-08-31,CNSY,,current,11.5,3841700,815
2025-08-31,CNVS,,current,4.89,1295115,815
2025-08-31,CODA,,current,8.105,312606,815
2025-08-31,COFS,,current,29.7131,2187583,815
2025-08-31,COOK,,current,63.0,504585,815
2025-08-31,COYA,,current,6.56,388142,669
2025-08-31,CPS,,current,36.82,4167509,815
2025-08-31,CRBP,,current,9.37,994128,815
2025-08-31,CRCT,,current,5.4587,2820437,815
2025-08-31,CRMT,,current,44.81,4348109,815
2025-08-31,CRNT,,current,2.03,1669822,815
2025-08-31,CRON,,current,2.6,3148652,815
2025-08-31,CRVO,,current,9.62,951391,815
2025-08-31,CSV,,current,43.3326,3471013,815
2025-08-31,CTEV,,current,68.91,4686385,815
2025-08-31,CTKB,,current,4.14,4058008,815
2025-08-31,CTNM,,current,10.45,765456,352
2025-08-31,CTOS,1709682,roster,6.14,3118421,815
2025-08-31,CURI,,current,4.0821,2601488,815
2025-08-31,CURV,,current,2.18,1266581,815
2025-08-31,CVEO,,current,23.75,1655756,815
2025-08-31,CVRX,,current,7.85,1451757,815
2025-08-31,CWCO,,current,32.711,2805738,815
2025-08-31,CXAI,,current,37.65,363280,815
2025-08-31,CXDO,,current,6.32,819794,815
2025-08-31,CZFS,,current,58.081,390717,815
2025-08-31,CZNC,,current,19.2039,513259,815
2025-08-31,CZWI,,current,16.278,344874,815
2025-08-31,DBI,,current,3.5573,3208837,815
2025-08-31,DCBO,,current,31.18,2109910,815
2025-08-31,DERM,,current,7.21,721648,815
2025-08-31,DGICA,,current,17.1735,2254731,815
2025-08-31,DMAC,,current,5.71,1049631,815
2025-08-31,DMRC,,current,8.66,1600157,815
2025-08-31,DSGR,,current,32.21,1383664,815
2025-08-31,DSP,,current,10.4,2700405,815
2025-08-31,DTCX,,current,5.45,3380682,815
2025-08-31,DTIL,,current,4.9,476510,815
2025-08-31,EAF,,current,9.88,2727220,815
2025-08-31,EBF,,current,17.3535,2449175,815
2025-08-31,EBMT,,current,17.0452,537663,815
2025-08-31,ECOR,,current,5.31,448186,815
2025-08-31,EFSI,,current,36.2296,451150,815
2025-08-31,ELDN,,current,2.59,1516703,815
2025-08-31,ELMD,,current,24.73,1040125,815
2025-08-31,ELPW,,current,18144.0,1059840,586
2025-08-31,ELTX,,current,10.53,350378,815
2025-08-31,ELVA,,current,6.07,567455,815
2025-08-31,EMPD,,current,7.05,1037485,815
2025-08-31,ENTA,,current,8.4,1054417,815
2025-08-31,EPM,,current,4.6324,712221,815
2025-08-31,EPSN,,current,5.5936,812704,815
2025-08-31,ESEA,,current,59.4757,1888984,815
2025-08-31,ESOA,,current,10.0771,1715218,815
2025-08-31,ESP,,current,44.7702,1046300,815
2025-08-31,EVCM,,current,11.55,2295286,815
2025-08-31,EVEX,,current,3.93,2990447,815
2025-08-31,EVI,,current,27.4726,258700,815
2025-08-31,EXOD,,current,25.22,3569569,815
2025-08-31,FBIO,,current,2.58,418713,815
2025-08-31,FBIZ,,current,51.1608,1961461,815
2025-08-31,FBLA,,current,11.98,831376,213
2025-08-31,FC,,current,19.56,2274429,815
2025-08-31,FCBC,,current,35.7123,1638767,815
2025-08-31,FCCO,,current,26.6884,628812,815
2025-08-31,FDBC,,current,42.0921,262982,815
2025-08-31,FENC,,current,8.87,489377,815
2025-08-31,FF,,current,3.6871,729023,815
2025-08-31,FGNX,,current,70.0,449104,815
2025-08-31,FHTX,,current,5.06,508325,815
2025-08-31,FINW,,current,19.33,293328,815
2025-08-31,FIRY,,current,8.82,437087,815
2025-08-31,FLD,1889123,roster,3.58,960668,815
2025-08-31,FLGT,,current,22.17,4571737,815
2025-08-31,FLL,,current,3.66,725187,815
2025-08-31,FLWS,,current,5.6,2281310,815
2025-08-31,FLXS,,current,45.5898,665657,815
2025-08-31,FMAO,,current,25.5547,460785,815
2025-08-31,FNKO,,current,3.46,4587300,815
2025-08-31,FNLC,,current,25.8097,447932,815
2025-08-31,FNWD,,current,31.6848,464606,815
2025-08-31,FOA,,current,26.71,1848047,815
2025-08-31,FOR,,current,27.67,3942024,815
2025-08-31,FORR,,current,9.74,715166,815
2025-08-31,FOSL,,current,3.06,274957,815
2025-08-31,FOXO,1812360,roster,20.7,487908,740
2025-08-31,FPH,,current,5.68,778800,815
2025-08-31,FRAF,,current,45.5187,851511,815
2025-08-31,FRBA,,current,16.4911,619191,815
2025-08-31,FRD,,current,18.9541,324076,815
2025-08-31,FRMM,,current,28.1,2137922,815
2025-08-31,FRPH,,current,25.7,1019077,815
2025-08-31,FRST,,current,11.1169,754712,815
2025-08-31,FSBW,,current,41.5344,588536,815
2025-08-31,FSTR,,current,26.03,587824,815
2025-08-31,FTCI,,current,6.25,384610,815
2025-08-31,FUNC,,current,36.376,664976,815
2025-08-31,FVCB,,current,13.3352,472878,815
2025-08-31,FXNC,,current,22.7882,376647,815
2025-08-31,GAIN,,current,13.2712,1755398,815
2025-08-31,GALT,,current,4.28,842711,815
2025-08-31,GAME,,current,6.04,3634450,815
2025-08-31,GASS,,current,7.63,597266,815
2025-08-31,GBFH,,current,39.725,1832058,288
2025-08-31,GCBC,,current,23.6106,411452,815
2025-08-31,GECC,,current,9.3892,269939,815
2025-08-31,GENC,,current,16.26,499087,815
2025-08-31,GEOS,,current,19.82,2370275,815
2025-08-31,GIC,,current,36.0354,2266162,815
2025-08-31,GLAD,,current,23.9553,1913844,815
2025-08-31,GLAS,,current,8.25,1434382,815
2025-08-31,GLRE,,current,12.89,1402360,815
2025-08-31,GLSI,,current,11.48,427715,815
2025-08-31,GNE,,current,14.9863,4370948,815
2025-08-31,GNLX,,current,3.33,335226,651
2025-08-31,GPRK,,current,6.5453,3534538,815
2025-08-31,GRML,,current,34.7,3265305,815
2025-08-31,GRNT,,current,5.0928,3145196,815
2025-08-31,GSIT,,current,2.94,987716,815
2025-08-31,GTE,,current,4.11,1316977,815
2025-08-31,GWRS,,current,9.3199,431347,815
2025-08-31,GYRE,,current,7.74,758993,815
2025-08-31,HBB,,current,14.2727,349196,815
2025-08-31,HBT,,current,25.6607,689556,815
2025-08-31,HDSN,,current,10.16,3041323,815
2025-08-31,HGTY,,current,11.45,775076,815
2025-08-31,HITI,,current,3.595,680670,815
2025-08-31,HLLY,,current,4.07,1298805,815
2025-08-31,HOFT,,current,9.5199,542341,815
2025-08-31,HPK,,current,7.6143,3400198,815
2025-08-31,HRZN,,current,5.6409,2832072,815
2025-08-31,HSDT,,current,6.12,758179,815
2025-08-31,HSHP,,current,6.9729,752833,606
2025-08-31,HURA,,current,2.7,554834,815
2025-08-31,HURC,,current,16.68,447461,815
2025-08-31,HVT,,current,21.329,1849415,815
2025-08-31,HWBK,,current,32.6313,318519,815
2025-08-31,HY,,current,35.9263,2069388,815
2025-08-31,IBEX,,current,29.53,2713014,815
2025-08-31,ICCM,,current,33.6,409947,815
2025-08-31,IDN,,current,5.45,1211412,815
2025-08-31,IGIC,,current,22.7785,2438287,815
2025-08-31,IHRT,,current,2.13,1043055,815
2025-08-31,III,,current,4.9308,890910,815
2025-08-31,IMMR,,current,6.7759,2914768,815
2025-08-31,IMPP,,current,3.43,375099,815
2025-08-31,IMRX,,current,5.75,2278596,815
2025-08-31,IMTX,,current,5.09,2895644,815
2025-08-31,IMUX,,current,8.2,910725,815
2025-08-31,IMXI,,current,14.5,3468205,815
2025-08-31,INBK,,current,24.8528,1017320,815
2025-08-31,INDO,,current,3.05,1537837,815
2025-08-31,INFU,,current,10.78,854997,815
2025-08-31,INGN,,current,7.99,1272367,815
2025-08-31,INMB,,current,2.03,4039870,815
2025-08-31,INSE,,current,9.3,1190003,815
2025-08-31,INSG,,current,12.33,1130635,815
2025-08-31,ISBA,,current,32.8256,273163,815
2025-08-31,ISOU,,current,8.08,329943,815
2025-08-31,ISTR,,current,23.0452,547845,815
2025-08-31,JAKK,,current,16.9528,2168140,815
2025-08-31,JILL,,current,16.3654,1456529,815
2025-08-31,JMSB,,current,19.5557,266885,815
2025-08-31,JOUT,,current,39.1723,1831495,815
2025-08-31,JRVR,,current,5.5783,999335,815
2025-08-31,JYNT,,current,10.74,536652,815
2025-08-31,KBDC,,current,13.4989,1652415,319
2025-08-31,KE,,current,28.87,2398656,815
2025-08-31,KELYA,,current,13.8183,3635976,815
2025-08-31,KEN,,current,44.9382,651173,815
2025-08-31,KGEI,,current,5.64,891757,815
2025-08-31,KIDS,,current,21.36,2968937,815
2025-08-31,KINS,,current,13.2885,3262582,815
2025-08-31,KMDA,,current,6.5802,369209,815
2025-08-31,KNOP,,current,8.1763,312098,815
2025-08-31,KRMD,,current,4.22,482470,815
2025-08-31,KRNT,,current,14.94,4724315,815
2025-08-31,KRNY,,current,6.3816,1948873,815
2025-08-31,KRO,,current,6.1181,1618072,815
2025-08-31,KRRO,,current,23.08,1683843,815
2025-08-31,KWY,,current,14.35,739031,815
2025-08-31,LAKE,,current,15.1611,1710231,815
2025-08-31,LAW,,current,5.47,512453,815
2025-08-31,LE,,current,14.36,4402792,815
2025-08-31,LEGH,,current,27.945,1624678,815
2025-08-31,LFCR,,current,7.61,868053,815
2025-08-31,LFVN,,current,12.658,1146241,815
2025-08-31,LGCY,,current,12.06,821943,232
2025-08-31,LILA,,current,5.4755,2375980,815
2025-08-31,LMNR,,current,15.587,821851,815
2025-08-31,LNSR,,current,12.28,879548,815
2025-08-31,LNZA,,current,21.16,342072,815
2025-08-31,LOCO,,current,10.63,2927751,815
2025-08-31,LODE,,current,2.43,1389868,815
2025-08-31,LOVE,,current,19.13,4904516,815
2025-08-31,LTRN,,current,4.08,322113,815
2025-08-31,LUCK,,current,10.4652,1967203,815
2025-08-31,LWAY,,current,30.47,1212027,815
2025-08-31,LXEO,,current,4.79,1802273,456
2025-08-31,LXFR,,current,12.9461,1427239,815
2025-08-31,LYEL,,current,11.08,466752,815
2025-08-31,LZM,,current,4.48,371673,815
2025-08-31,MASS,,current,6.25,1885220,815
2025-08-31,MATV,,current,12.0999,3327943,815
2025-08-31,MBI,,current,7.96,1156794,815
2025-08-31,MCBS,,current,28.9107,930047,815
2025-08-31,MCFT,,current,21.94,1852659,815
2025-08-31,MCRB,,current,18.94,1270470,815
2025-08-31,MDWD,,current,16.7,1089770,815
2025-08-31,MDXG,,current,7.1,4087895,815
2025-08-31,MED,,current,14.03,2790514,815
2025-08-31,METCB,,current,15.6943,1743494,553
2025-08-31,MFIN,,current,10.0195,371689,815
2025-08-31,MG,,current,9.56,912980,815
2025-08-31,MIND,,current,10.12,1545138,815
2025-08-31,MLR,,current,41.285,3487470,815
2025-08-31,MMI,,current,32.0287,3769764,815
2025-08-31,MNSB,,current,22.237,341826,815
2025-08-31,MOB,,current,5.64,981303,756
2025-08-31,MPAA,,current,14.9,1751130,815
2025-08-31,MRBK,,current,15.2744,829628,815
2025-08-31,MRDN,,current,14.76,307775,815
2025-08-31,MTA,,current,5.47,1490483,815
2025-08-31,MTRX,,current,15.13,1979016,815
2025-08-31,MTW,,current,9.9,2878488,815
2025-08-31,MVBF,,current,23.8123,1029697,815
2025-08-31,MX,,current,3.15,682638,815
2025-08-31,MYFW,,current,23.36,1113855,815
2025-08-31,NATH,,current,100.4726,4852780,815
2025-08-31,NATR,,current,16.85,1303805,815
2025-08-31,NC,,current,38.0587,250986,815
2025-08-31,NCDL,,current,14.0851,1947215,401
2025-08-31,NCMI,,current,4.2765,2315905,815
2025-08-31,NECB,,current,21.5538,720105,815
2025-08-31,NEOV,,current,3.59,688524,815
2025-08-31,NEWT,,current,11.6118,2021557,815
2025-08-31,NEXN,,current,10.03,3793592,815
2025-08-31,NGS,,current,25.797,1365976,815
2025-08-31,NKSH,,current,29.8909,274934,815
2025-08-31,NKTX,,current,2.12,866185,815
2025-08-31,NMAD,,current,4.45,436331,815
2025-08-31,NMFC,,current,9.2542,3777444,815
2025-08-31,NNBR,,current,2.57,275470,815
2025-08-31,NOA,,current,13.4149,923747,815
2025-08-31,NOTE,1823466,roster,5.1,1382574,815
2025-08-31,NPCE,,current,9.15,2216965,815
2025-08-31,NRC,,current,14.1955,1521272,815
2025-08-31,NRDY,,current,20.4,656609,815
2025-08-31,NRIM,,current,22.9097,4564276,815
2025-08-31,NRXP,,current,2.32,646436,815
2025-08-31,NSLR,,current,8.4573,1394733,815
2025-08-31,NUS,,current,11.7466,4001792,815
2025-08-31,NVA,,current,2.254,327600,277
2025-08-31,NVCT,,current,6.56,718219,815
2025-08-31,NWFL,,current,25.8889,402989,815
2025-08-31,NXDR,,current,2.05,3524549,815
2025-08-31,NYAX,,current,49.75,470674,738
2025-08-31,OBIO,,current,2.73,630017,815
2025-08-31,OBT,,current,25.9681,1151561,815
2025-08-31,OCC,,current,6.35,287902,815
2025-08-31,OFIX,,current,14.98,4272545,815
2025-08-31,OFLX,,current,33.8105,1040995,815
2025-08-31,OGG,,current,2.72,1322778,815
2025-08-31,ONEW,,current,16.83,1785508,815
2025-08-31,ONIT,,current,41.37,1494025,815
2025-08-31,OPAD,,current,5.15,714289,815
2025-08-31,OPBK,,current,14.029,729509,815
2025-08-31,OPRT,,current,6.61,3062501,815
2025-08-31,OPRX,,current,18.07,3532964,815
2025-08-31,OPXS,,current,10.99,671587,815
2025-08-31,ORN,,current,7.4,2681267,815
2025-08-31,ORRF,,current,33.7892,4382747,815
2025-08-31,OSUR,,current,3.31,1916735,815
2025-08-31,OVBC,,current,36.1436,274344,815
2025-08-31,OWLT,,current,7.53,604973,815
2025-08-31,PACK,,current,5.28,1365973,815
2025-08-31,PAL,,current,7.9,974035,328
2025-08-31,PANL,,current,5.1159,984133,815
2025-08-31,PBYI,,current,5.04,1165648,815
2025-08-31,PCB,,current,21.3257,516124,815
2025-08-31,PCYO,,current,10.1,375264,815
2025-08-31,PDEX,,current,46.88,1596327,815
2025-08-31,PDLB,,current,14.84,420331,815
2025-08-31,PERF,1899830,roster,2.05,417394,710
2025-08-31,PERI,,current,9.23,2626372,815
2025-08-31,PFIS,,current,50.1927,958083,815
2025-08-31,PKBK,,current,21.9266,400459,815
2025-08-31,PKOH,,current,19.8254,480928,815
2025-08-31,PLBC,,current,42.2953,485994,815
2025-08-31,PLCE,,current,5.07,2399533,815
2025-08-31,PLRZ,,current,6.54,457635,209
2025-08-31,PMTS,,current,15.58,812334,815
2025-08-31,PNNT,,current,5.8789,2208781,815
2025-08-31,PPIH,,current,29.79,1164269,815
2025-08-31,PRE,,current,7.615,319777,815
2025-08-31,PRPH,868278,roster,3.4,266501,815
2025-08-31,PRQR,,current,2.25,553385,815
2025-08-31,PRTH,,current,8.37,3972973,815
2025-08-31,PSBD,,current,12.3234,474592,406
2025-08-31,PSFE,,current,14.11,4657859,815
2025-08-31,PTIX,1022899,roster,3.6,423321,815
2025-08-31,PYPD,,current,3.35,323956,815
2025-08-31,QCLS,,current,4.8,2015684,815
2025-08-31,QNCX,,current,320.0,308527,815
2025-08-31,QNTM,,current,16.85,3516203,815
2025-08-31,QTRX,,current,4.55,3631365,815
2025-08-31,QUAD,,current,6.3313,1113074,815
2025-08-31,QUIK,,current,5.13,990269,815
2025-08-31,RAIL,,current,8.54,1599977,815
2025-08-31,RBB,,current,19.6493,1203310,815
2025-08-31,RCEL,,current,4.34,1468538,815
2025-08-31,RCKY,,current,29.7728,1196233,815
2025-08-31,RCMT,,current,27.13,1141355,815
2025-08-31,RDCM,,current,13.23,674177,815
2025-08-31,RELL,,current,9.6515,316805,815
2025-08-31,RFIL,,current,7.02,785004,815
2025-08-31,RGCO,,current,21.4227,358326,815
2025-08-31,RGP,,current,4.7882,1131925,815
2025-08-31,RICK,,current,36.7915,2275731,815
2025-08-31,RILY,,current,5.51,4434658,815
2025-08-31,RLGT,,current,6.47,578455,815
2025-08-31,RM,,current,42.3533,1350597,815
2025-08-31,RMBI,,current,14.0488,376907,815
2025-08-31,RMNI,,current,4.33,1312896,815
2025-08-31,RMR,,current,15.1594,1456210,815
2025-08-31,RNAC,,current,10.05,556564,815
2025-08-31,RNGR,,current,14.0468,2246072,815
2025-08-31,RPAY,,current,5.92,4896328,815
2025-08-31,RRGB,,current,6.48,1727773,815
2025-08-31,RSVR,,current,7.88,476279,815
2025-08-31,RTB,,current,10.5,530967,815
2025-08-31,RVPH,1742927,roster,9.0,781719,815
2025-08-31,RVSB,,current,4.9841,415441,815
2025-08-31,RWAY,,current,9.1269,2361782,815
2025-08-31,SAMG,,current,15.4273,364957,815
2025-08-31,SAR,,current,21.8579,2071606,815
2025-08-31,SBC,,current,4.08,321182,735
2025-08-31,SBFG,,current,20.4228,375050,815
2025-08-31,SBSI,,current,29.8182,2921142,815
2025-08-31,SCLX,,current,11.0585,1452751,815
2025-08-31,SCM,,current,12.7172,1679081,815
2025-08-31,SCZM,,current,5.12,314517,815
2025-08-31,SD,,current,11.1895,3067940,815
2025-08-31,SDHC,,current,19.61,1242186,410
2025-08-31,SEAT,,current,17.75,2102630,815
2025-08-31,SEG,,current,24.96,1996818,273
2025-08-31,SEGG,,current,35.0,645861,554
2025-08-31,SENS,,current,9.2,2514174,815
2025-08-31,SGC,,current,12.4868,433503,815
2025-08-31,SGHT,,current,4.06,419280,815
2025-08-31,SHBI,,current,16.7364,1984285,815
2025-08-31,SHIP,,current,7.4091,586872,815
2025-08-31,SIGA,,current,7.4219,2385594,815
2025-08-31,SISI,1300734,roster,5.8101,322866,815
2025-08-31,SKIL,,current,15.37,564047,815
2025-08-31,SKYH,,current,10.54,989022,815
2025-08-31,SLI,,current,2.94,3969885,815
2025-08-31,SLRC,,current,14.9737,2436310,815
2025-08-31,SMC,,current,23.02,1773607,815
2025-08-31,SMHI,,current,6.41,517348,815
2025-08-31,SMID,,current,43.17,340769,815
2025-08-31,SMTI,,current,33.66,1057882,815
2025-08-31,SMX,,current,246.5341,737243,815
2025-08-31,SNBRQ,827187,roster,10.53,4885401,815
2025-08-31,SNWV,,current,41.64,1774219,216
2025-08-31,SPCB,,current,8.91,1155953,815
2025-08-31,SPOK,,current,16.2921,1749104,815
2025-08-31,SRBK,,current,14.8812,562322,488
2025-08-31,SRG,,current,3.67,266558,815
2025-08-31,SRI,,current,8.3,1950087,815
2025-08-31,SSP,,current,2.2481,2259393,815
2025-08-31,SST,1805833,roster,7.12,404498,815
2025-08-31,SSTI,,current,12.73,611210,815
2025-08-31,STEM,,current,15.13,3752857,815
2025-08-31,STFS,,current,5.92,1271239,221
2025-08-31,STIM,,current,3.33,3698481,815
2025-08-31,SUPX,,current,51.4,1215856,344
2025-08-31,SVCO,,current,5.34,380113,328
2025-08-31,SWIM,,current,8.03,3618365,815
2025-08-31,TAOX,,current,5.82,1795556,815
2025-08-31,TARA,,current,3.12,569544,815
2025-08-31,TASK,,current,11.4181,2280106,815
2025-08-31,TAYD,,current,49.0,410341,815
2025-08-31,TBCH,,current,15.82,3090449,815
2025-08-31,TBI,,current,5.97,1175412,815
2025-08-31,TCBX,,current,39.83,1850926,815
2025-08-31,TCPC,,current,6.0074,2532331,815
2025-08-31,TCX,,current,18.28,348708,815
2025-08-31,TG,,current,7.83,523449,815
2025-08-31,TGEN,,current,7.64,4914597,815
2025-08-31,TIPT,,current,23.1292,2876554,815
2025-08-31,TITN,,current,20.0,2733558,815
2025-08-31,TKNO,,current,4.32,1113721,815
2025-08-31,TLS,,current,6.18,2113479,815
2025-08-31,TLSI,,current,5.22,273894,815
2025-08-31,TMCI,,current,7.34,1842477,815
2025-08-31,TONX,,current,14.5,348190,815
2025-08-31,TPVG,,current,5.7561,1465551,815
2025-08-31,TRAK,,current,16.0756,885464,815
2025-08-31,TRC,,current,17.41,1892494,815
2025-08-31,TRDA,,current,5.47,917656,815
2025-08-31,TSBK,,current,32.4795,374353,815
2025-08-31,TSQ,,current,6.2266,419505,815
2025-08-31,TTGT,,current,5.9,3441648,815
2025-08-31,TWFG,,current,26.445,2872317,281
2025-08-31,TWI,,current,8.82,4186660,815
2025-08-31,TWIN,,current,12.525,378166,815
2025-08-31,TZOO,,current,9.81,1154689,815
2025-08-31,UIS,,current,3.91,2607783,815
2025-08-31,ULH,,current,25.2936,800781,815
2025-08-31,UNTY,,current,51.585,3095230,815
2025-08-31,UP,,current,58.6,1343209,815
2025-08-31,USAU,,current,13.13,3227837,815
2025-08-31,USCB,,current,16.9714,346968,815
2025-08-31,USNA,,current,31.91,3592523,815
2025-08-31,UTMD,,current,60.9928,713503,815
2025-08-31,VBNK,,current,10.9329,647044,815
2025-08-31,VEL,,current,19.08,1530757,815
2025-08-31,VERU,,current,3.25,759435,815
2025-08-31,VFF,,current,3.27,1367073,815
2025-08-31,VFS,,current,3.42,1638470,815
2025-08-31,VINP,,current,9.4392,403826,815
2025-08-31,VIVO,,current,5.16,4247066,815
2025-08-31,VLGEA,,current,35.3689,1480843,815
2025-08-31,VLN,1863006,roster,2.01,1082684,815
2025-08-31,VMAR,,current,5480.0,257200,815
2025-08-31,VMD,,current,7.37,1471353,815
2025-08-31,VNDA,,current,4.73,1822111,815
2025-08-31,VOXR,,current,3.6357,1010400,815
2025-08-31,VRA,,current,2.07,443767,815
2025-08-31,VREX,,current,11.55,3206831,815
2025-08-31,VUZI,,current,2.12,3044035,815
2025-08-31,VYGR,,current,3.36,2081874,815
2025-08-31,WATT,,current,7.465,303842,815
2025-08-31,WBTN,,current,14.47,2305991,295
2025-08-31,WEST,,current,5.41,2150013,815
2025-08-31,WEYS,,current,27.6959,323345,815
2025-08-31,WHF,,current,7.32,498538,815
2025-08-31,WHG,,current,17.012,280715,815
2025-08-31,WKHS,,current,15.84,1690887,815
2025-08-31,WNEB,,current,12.2773,713842,815
2025-08-31,WSBF,,current,14.4494,527282,815
2025-08-31,WTBA,,current,19.1595,500452,815
2025-08-31,XFOR,,current,3.755,1282775,815
2025-08-31,XGN,,current,9.86,1555366,815
2025-08-31,XPER,,current,6.0,2346630,739
2025-08-31,YARW,,current,9.0596,372826,815
2025-08-31,YORW,,current,30.1919,2746183,815
2025-08-31,ZIP,,current,5.0,4604577,815
2025-08-31,ZSQR,,current,13.325,420948,815
2025-08-31,ZUMZ,,current,17.19,2858766,815
2025-08-31,ZURA,,current,2.04,557067,614
2025-09-30,ACB,,current,6.23,4659208,835
2025-09-30,ACCO,,current,3.6615,1769490,835
2025-09-30,ACEL,,current,11.32,3132953,835
2025-09-30,ACET,,current,13.296,273752,835
2025-09-30,ACIC,,current,10.5914,1640594,835
2025-09-30,ACIU,,current,3.04,254715,835
2025-09-30,ACNB,,current,42.0346,709853,835
2025-09-30,ACNT,,current,12.67,457334,835
2025-09-30,ACOG,,current,6.62,427504,219
2025-09-30,ACTG,,current,3.25,559916,835
2025-09-30,ACU,,current,39.992,393803,835
2025-09-30,ADV,,current,38.5,1029129,835
2025-09-30,AEYE,,current,14.18,1104356,835
2025-09-30,AFCG,,current,3.825,873084,835
2025-09-30,AFYA,,current,14.8244,1329303,835
2025-09-30,AIIO,,current,38.6,384774,835
2025-09-30,AIRS,,current,7.54,3670708,835
2025-09-30,AISP,,current,5.23,3621435,835
2025-09-30,ALCO,,current,33.4229,693883,835
2025-09-30,ALEC,,current,3.05,1699663,835
2025-09-30,ALGS,,current,9.62,498383,835
2025-09-30,ALLT,,current,9.79,3892202,835
2025-09-30,ALTG,,current,7.18,1825031,835
2025-09-30,ALTI,,current,3.57,456433,835
2025-09-30,ALVO,,current,8.4,2422235,824
2025-09-30,AMBP,1845097,roster,3.7637,4213927,835
2025-09-30,AMPY,,current,5.49,2221662,835
2025-09-30,AMWL,,current,6.22,410152,835
2025-09-30,ANIK,,current,9.14,903461,835
2025-09-30,ANIX,,current,3.41,273661,835
2025-09-30,ANY,,current,7.46,340368,835
2025-09-30,AOUT,,current,8.7,610528,835
2025-09-30,ARDT,,current,13.27,4183558,301
2025-09-30,AREB,1648087,roster,52400.0,361480,835
2025-09-30,AREC,,current,2.9641,4403848,835
2025-09-30,AROW,,current,27.3848,902545,835
2025-09-30,ARQ,,current,7.2,1591868,835
2025-09-30,ARTNA,,current,30.9923,797111,835
2025-09-30,ARTV,,current,2.92,269860,300
2025-09-30,ASBP,,current,12.52,379125,835
2025-09-30,ASIX,,current,18.6693,4183164,835
2025-09-30,ASLE,,current,8.24,3212384,835
2025-09-30,ASUR,,current,8.24,761963,835
2025-09-30,ATLX,,current,5.42,1999361,835
2025-09-30,ATNI,,current,14.518,512913,835
2025-09-30,ATOM,,current,3.83,1378358,835
2025-09-30,ATRA,,current,13.81,492862,835
2025-09-30,ATS,,current,26.32,3572366,835
2025-09-30,AUDC,,current,9.213,1033967,835
2025-09-30,AURA,,current,6.17,1018343,835
2025-09-30,AVBH,,current,25.39,375166,835
2025-09-30,AVD,,current,5.73,870328,835
2025-09-30,AVIR,,current,2.92,1055058,835
2025-09-30,AVNW,,current,22.72,2108363,835
2025-09-30,AXG,,current,2.58,1349365,517
2025-09-30,AZ,,current,7.95,2269657,835
2025-09-30,BALY,,current,11.42,583502,202
2025-09-30,BARK,,current,16.3,558687,835
2025-09-30,BATRA,,current,45.66,1673845,835
2025-09-30,BBCP,,current,6.97,550465,835
2025-09-30,BBOT,,current,11.47,1480863,410
2025-09-30,BCAL,,current,16.4441,1592686,835
2025-09-30,BCBP,,current,8.2478,506116,835
2025-09-30,BCIC,,current,10.0968,538930,835
2025-09-30,BCML,,current,28.0896,400626,835
2025-09-30,BCSF,,current,12.706,3364532,835
2025-09-30,BCTX,,current,10.83,531955,835
2025-09-30,BDSX,,current,7.74,436855,835
2025-09-30,BDTX,,current,3.73,2340653,835
2025-09-30,BHB,,current,29.558,1410083,835
2025-09-30,BIRD,,current,5.0721,327618,835
2025-09-30,BKTI,,current,82.29,3303596,835
2025-09-30,BMRC,,current,23.421,1704611,835
2025-09-30,BNED,,current,9.7184,2941659,835
2025-09-30,BNT,,current,45.9716,775621,835
2025-09-30,BNTC,,current,13.99,587579,835
2025-09-30,BOC,,current,13.09,2176821,835
2025-09-30,BOOM,,current,8.33,1174555,835
2025-09-30,BRBS,,current,3.4524,903899,835
2025-09-30,BRCC,,current,15.4,1032057,835
2025-09-30,BSET,,current,14.9962,393431,835
2025-09-30,BSRR,,current,28.0726,698355,835
2025-09-30,BSVN,,current,45.2568,804224,835
2025-09-30,BURU,1814215,roster,25.9879,2382316,667
2025-09-30,BVFL,,current,16.23,613815,835
2025-09-30,BWB,,current,16.93,863641,835
2025-09-30,BWEN,,current,2.13,293083,835
2025-09-30,BWFG,,current,44.5273,1131712,835
2025-09-30,BWMN,,current,41.72,4994761,835
2025-09-30,BWMX,,current,12.3206,476488,835
2025-09-30,BZAI,1871638,roster,3.69,4838174,835
2025-09-30,CAC,,current,37.3331,2346418,835
2025-09-30,CASS,,current,38.6277,2034336,835
2025-09-30,CATX,,current,3.35,2500602,835
2025-09-30,CBAN,,current,16.9107,799987,835
2025-09-30,CBIO,,current,12.29,1295523,835
2025-09-30,CBNA,,current,33.04,299259,246
2025-09-30,CBNK,,current,31.2522,1600106,835
2025-09-30,CCAP,,current,13.0847,2618596,835
2025-09-30,CCBG,,current,40.9753,1423629,835
2025-09-30,CCLD,,current,3.38,1001383,835
2025-09-30,CD,,current,19.53,1205239,835
2025-09-30,CDZI,,current,4.75,1454442,835
2025-09-30,CENT,,current,32.78,2470546,835
2025-09-30,CERO,1870404,roster,5.25,341273,835
2025-09-30,CETX,1435064,roster,55.2,871458,835
2025-09-30,CFBK,,current,23.7986,549481,835
2025-09-30,CFFI,,current,65.6811,556736,835
2025-09-30,CGNT,,current,8.21,1816101,835
2025-09-30,CHCI,,current,15.55,321183,835
2025-09-30,CHMG,,current,51.8016,528954,835
2025-09-30,CIA,,current,5.33,629637,835
2025-09-30,CING,,current,3.89,500711,835
2025-09-30,CINT,,current,5.3,578891,835
2025-09-30,CION,,current,8.2201,1970835,835
2025-09-30,CIVB,,current,19.7551,1710553,835
2025-09-30,CLAR,,current,3.4365,354533,835
2025-09-30,CLDI,1855485,roster,24.64,917695,835
2025-09-30,CLMB,,current,34.5393,4789949,835
2025-09-30,CLNN,,current,5.99,290830,835
2025-09-30,CLW,,current,20.7,4174900,835
2025-09-30,CMCL,,current,36.1185,4872121,835
2025-09-30,CMRC,,current,5.08,3903418,835
2025-09-30,CMT,,current,20.96,450071,835
2025-09-30,CNL,,current,14.44,660482,835
2025-09-30,CNSY,,current,20.75,3648084,835
2025-09-30,CNVS,,current,3.46,1299653,835
2025-09-30,CODA,,current,8.15,320702,835
2025-09-30,COFS,,current,28.338,1866307,835
2025-09-30,COOK,,current,61.5,468258,835
2025-09-30,COYA,,current,5.66,433046,689
2025-09-30,CRBP,,current,12.26,881864,835
2025-09-30,CRCT,,current,6.0525,3275290,835
2025-09-30,CRMT,,current,29.39,4635958,835
2025-09-30,CRNT,,current,2.34,1659414,835
2025-09-30,CRON,,current,2.97,4267946,835
2025-09-30,CRVO,,current,8.08,1045121,835
2025-09-30,CSV,,current,44.659,3652752,835
2025-09-30,CTKB,,current,3.38,3297634,835
2025-09-30,CTNM,,current,11.82,1595782,372
2025-09-30,CTOS,1709682,roster,6.34,3587926,835
2025-09-30,CURI,,current,4.9076,2405703,835
2025-09-30,CVEO,,current,22.65,1371348,835
2025-09-30,CVRX,,current,7.78,1490704,835
2025-09-30,CWCO,,current,34.3923,2630626,835
2025-09-30,CXAI,,current,37.1,441295,835
2025-09-30,CXDO,,current,6.74,769958,835
2025-09-30,CZFS,,current,58.8603,482481,835
2025-09-30,CZNC,,current,18.7476,510378,835
2025-09-30,CZWI,,current,15.8349,302450,835
2025-09-30,DBGI,,current,322.0,536316,835
2025-09-30,DBI,,current,3.4326,3017905,835
2025-09-30,DCBO,,current,27.81,2120183,835
2025-09-30,DERM,,current,7.1,747207,835
2025-09-30,DGICA,,current,18.4503,2281455,835
2025-09-30,DHAI,1883788,roster,4.65,255069,410
2025-09-30,DHX,,current,2.86,296276,835
2025-09-30,DMAC,,current,6.91,1574670,835
2025-09-30,DMRC,,current,10.09,1574651,835
2025-09-30,DSGR,,current,29.12,1387183,835
2025-09-30,DSP,,current,8.63,2430130,835
2025-09-30,DTCX,,current,5.0,3764459,835
2025-09-30,DTIL,,current,5.09,378870,835
2025-09-30,DYNC,,current,10.46,4257284,201
2025-09-30,EAF,,current,13.12,2807462,835
2025-09-30,EBF,,current,17.2015,2273073,835
2025-09-30,EBMT,,current,16.8507,413002,835
2025-09-30,ECOR,,current,4.9,371500,835
2025-09-30,EFSI,,current,36.9845,435045,835
2025-09-30,EGAN,,current,9.16,257984,835
2025-09-30,ELDN,,current,2.54,1959592,835
2025-09-30,ELMD,,current,24.54,1225890,835
2025-09-30,ELPW,,current,19123.1992,1150214,606
2025-09-30,ELTX,,current,10.84,612540,835
2025-09-30,ELVA,,current,6.14,1188895,835
2025-09-30,EMPD,,current,7.64,3840329,835
2025-09-30,ENTA,,current,15.16,1315680,835
2025-09-30,EPM,,current,4.4825,704634,835
2025-09-30,EPSN,,current,4.8477,709217,835
2025-09-30,ESEA,,current,57.3774,1958729,835
2025-09-30,ESOA,,current,10.5123,1434597,835
2025-09-30,ESP,,current,37.9999,1310255,835
2025-09-30,EVCM,,current,11.4,2299745,835
2025-09-30,EVEX,,current,3.89,4014316,835
2025-09-30,EVI,,current,31.93,256301,835
2025-09-30,EXOD,,current,28.95,3164077,835
2025-09-30,FABC,,current,4.96,297547,835
2025-09-30,FBIO,,current,3.9,863798,835
2025-09-30,FBIZ,,current,49.8798,1554789,835
2025-09-30,FBLA,,current,12.03,630874,233
2025-09-30,FC,,current,19.73,2288314,835
2025-09-30,FCBC,,current,32.4589,1471847,835
2025-09-30,FCCO,,current,27.6377,628812,835
2025-09-30,FDBC,,current,41.7546,285009,835
2025-09-30,FENC,,current,9.09,471217,835
2025-09-30,FF,,current,3.7238,682504,835
2025-09-30,FGNX,,current,29.9,1801838,835
2025-09-30,FHTX,,current,5.01,522389,835
2025-09-30,FIRY,,current,8.19,575638,835
2025-09-30,FLD,1889123,roster,3.65,1092817,835
2025-09-30,FLGT,,current,22.3,4590921,835
2025-09-30,FLL,,current,3.29,573888,835
2025-09-30,FLWS,,current,4.86,2009120,835
2025-09-30,FLXS,,current,47.2397,1072780,835
2025-09-30,FMAO,,current,25.1105,476979,835
2025-09-30,FNKO,,current,3.61,4264130,835
2025-09-30,FNLC,,current,25.3254,463574,835
2025-09-30,FNWD,,current,31.8532,679838,835
2025-09-30,FOA,,current,22.58,2582686,835
2025-09-30,FOR,,current,26.65,4185227,835
2025-09-30,FORR,,current,10.36,778639,835
2025-09-30,FOSL,,current,2.72,941784,835
2025-09-30,FPH,,current,6.04,881738,835
2025-09-30,FRAF,,current,45.1581,906977,835
2025-09-30,FRBA,,current,15.7558,659600,835
2025-09-30,FRD,,current,22.0718,395292,835
2025-09-30,FRPH,,current,24.3,1151291,835
2025-09-30,FRST,,current,10.2722,790091,835
2025-09-30,FSBW,,current,38.4127,584075,835
2025-09-30,FSTR,,current,26.63,695867,835
2025-09-30,FTCI,,current,7.1,327756,835
2025-09-30,FUNC,,current,35.7433,620231,835
2025-09-30,FVCB,,current,12.7601,390244,835
2025-09-30,FWDI,,current,26.51,659061,835
2025-09-30,FXNC,,current,22.2419,345256,835
2025-09-30,GAIN,,current,12.989,1844729,835
2025-09-30,GALT,,current,4.22,967393,835
2025-09-30,GAME,,current,5.448,3987041,835
2025-09-30,GASS,,current,6.68,665027,835
2025-09-30,GBFH,,current,39.37,1532322,308
2025-09-30,GCBC,,current,22.3902,307839,835
2025-09-30,GECC,,current,9.2759,406139,835
2025-09-30,GENC,,current,14.29,553275,835
2025-09-30,GEOS,,current,19.16,2625710,835
2025-09-30,GIC,,current,35.0411,3532772,835
2025-09-30,GLAD,,current,19.9923,2321707,835
2025-09-30,GLAS,,current,8.15,1291682,835
2025-09-30,GLRE,,current,12.64,1418151,835
2025-09-30,GLSI,,current,10.16,661499,835
2025-09-30,GNE,,current,14.8393,2847047,835
2025-09-30,GNLX,,current,4.25,428622,671
2025-09-30,GPRK,,current,6.5057,3960449,835
2025-09-30,GRML,,current,25.3,1153778,835
2025-09-30,GRNT,,current,5.047,2610713,835
2025-09-30,GRO,,current,2.6,962340,208
2025-09-30,GSIT,,current,3.72,896333,835
2025-09-30,GTE,,current,4.36,1158079,835
2025-09-30,GWRS,,current,9.8657,448436,835
2025-09-30,GYRE,,current,7.5,532107,835
2025-09-30,HBB,,current,13.5698,343033,835
2025-09-30,HBT,,current,24.2658,646017,835
2025-09-30,HCKT,,current,18.5394,4813074,835
2025-09-30,HDSN,,current,9.71,2751031,835
2025-09-30,HGTY,,current,11.73,1250575,835
2025-09-30,HIPO,,current,35.44,4946361,835
2025-09-30,HITI,,current,3.76,1667608,835
2025-09-30,HLLY,,current,3.23,1828719,835
2025-09-30,HOFT,,current,10.3052,394741,835
2025-09-30,HPK,,current,7.0279,3281859,835
2025-09-30,HRZN,,current,4.9957,3434890,835
2025-09-30,HSDT,,current,14.41,463635,835
2025-09-30,HSHP,,current,7.7558,922009,626
2025-09-30,HURA,,current,2.47,540470,835
2025-09-30,HURC,,current,17.32,454962,835
2025-09-30,HVT,,current,20.9223,1872600,835
2025-09-30,HY,,current,35.0736,2272582,835
2025-09-30,IBEX,,current,40.9,2713014,835
2025-09-30,ICCM,,current,30.6,678518,835
2025-09-30,IDN,,current,5.26,820980,835
2025-09-30,IGIC,,current,22.0802,2043443,835
2025-09-30,IHRT,,current,2.78,1106661,835
2025-09-30,III,,current,5.4445,969860,835
2025-09-30,IMMR,,current,7.035,2508131,835
2025-09-30,IMPP,,current,4.74,449234,835
2025-09-30,IMRX,,current,6.75,3418614,835
2025-09-30,IMTX,,current,7.91,2895644,835
2025-09-30,IMUX,,current,9.35,1049693,835
2025-09-30,IMXI,,current,14.11,3752734,835
2025-09-30,INBK,,current,23.0125,964839,835
2025-09-30,INDO,,current,2.95,1283003,835
2025-09-30,INFU,,current,10.5,2211938,835
2025-09-30,INGN,,current,8.11,1465981,835
2025-09-30,INMB,,current,2.11,2285188,835
2025-09-30,INSE,,current,9.23,1035878,835
2025-09-30,INSG,,current,14.81,2282730,835
2025-09-30,ISOU,,current,9.94,469344,835
2025-09-30,ISTR,,current,22.7404,713209,835
2025-09-30,JAKK,,current,18.1548,1845724,835
2025-09-30,JILL,,current,16.939,1272154,835
2025-09-30,JMSB,,current,19.5162,262431,835
2025-09-30,JOUT,,current,39.3568,1945679,835
2025-09-30,JRVR,,current,5.6186,999335,835
2025-09-30,JYNT,,current,9.84,576419,835
2025-09-30,KBDC,,current,12.1187,2138500,339
2025-09-30,KELYA,,current,12.7599,4013769,835
2025-09-30,KEN,,current,42.6429,534569,835
2025-09-30,KGEI,,current,5.65,587118,835
2025-09-30,KIDS,,current,18.31,2893300,835
2025-09-30,KINS,,current,14.3449,2919303,835
2025-09-30,KLC,,current,6.84,4893876,243
2025-09-30,KMDA,,current,6.5327,301801,835
2025-09-30,KNOP,,current,9.0706,353533,835
2025-09-30,KRMD,,current,3.84,324198,835
2025-09-30,KRNT,,current,13.51,4808810,835
2025-09-30,KRNY,,current,6.2209,1964899,835
2025-09-30,KRO,,current,5.5497,1889981,835
2025-09-30,KRRO,,current,42.8,2875291,835
2025-09-30,KWY,,current,14.58,693912,835
2025-09-30,LAKE,,current,14.7419,1440186,835
2025-09-30,LAW,,current,6.36,550668,835
2025-09-30,LCNB,,current,14.3335,267305,835
2025-09-30,LE,,current,14.35,4317113,835
2025-09-30,LEGH,,current,27.35,1605400,835
2025-09-30,LFCR,,current,7.15,889339,835
2025-09-30,LFVN,,current,9.4659,1408128,835
2025-09-30,LGCY,,current,9.95,781094,252
2025-09-30,LIEN,,current,9.9093,256367,835
2025-09-30,LILA,,current,5.5978,2674812,835
2025-09-30,LMNR,,current,14.8255,730879,835
2025-09-30,LNSR,,current,12.24,758361,835
2025-09-30,LNZA,,current,28.03,359073,835
2025-09-30,LOCO,,current,9.78,2142388,835
2025-09-30,LODE,,current,3.54,1830536,835
2025-09-30,LTRN,,current,4.54,432761,835
2025-09-30,LUCK,,current,10.1718,1933354,835
2025-09-30,LWAY,,current,27.03,1806809,835
2025-09-30,LXEO,,current,6.66,1802273,476
2025-09-30,LXFR,,current,13.467,1433727,835
2025-09-30,LYEL,,current,14.97,381506,835
2025-09-30,LZM,,current,5.3,467343,835
2025-09-30,MASS,,current,8.15,1806561,835
2025-09-30,MBI,,current,7.55,1916679,835
2025-09-30,MCBS,,current,27.0567,887515,835
2025-09-30,MCFT,,current,21.65,2145108,835
2025-09-30,MCRB,,current,18.69,1791415,835
2025-09-30,MDWD,,current,17.97,1395696,835
2025-09-30,MDXG,,current,6.93,3800152,835
2025-09-30,MED,,current,13.84,2215299,835
2025-09-30,METCB,,current,16.4137,1863196,573
2025-09-30,MFIN,,current,9.5356,411519,835
2025-09-30,MG,,current,9.9,876841,835
2025-09-30,MIND,,current,8.07,1604327,835
2025-09-30,MLP,,current,18.9,263703,835
2025-09-30,MLR,,current,39.0886,3815428,835
2025-09-30,MMI,,current,29.3166,3345091,835
2025-09-30,MNSB,,current,20.4011,362020,835
2025-09-30,MOB,,current,9.84,1939944,776
2025-09-30,MPAA,,current,16.24,1826106,835
2025-09-30,MRBK,,current,15.2938,951616,835
2025-09-30,MRDN,,current,14.28,302966,835
2025-09-30,MTA,,current,6.27,2245905,835
2025-09-30,MTRX,,current,12.8,2299610,835
2025-09-30,MTW,,current,9.9,2970363,835
2025-09-30,MVBF,,current,24.3393,933797,835
2025-09-30,MX,,current,3.17,738833,835
2025-09-30,MYFW,,current,22.7,813867,835
2025-09-30,NATH,,current,104.0808,3090741,835
2025-09-30,NATR,,current,15.21,1303805,835
2025-09-30,NC,,current,41.861,261872,835
2025-09-30,NCDL,,current,12.6043,1837685,421
2025-09-30,NCMI,,current,4.4616,2195060,835
2025-09-30,NCSM,,current,51.14,356595,835
2025-09-30,NECB,,current,19.628,779320,835
2025-09-30,NEOV,,current,4.55,981045,835
2025-09-30,NEWP,,current,2.81,511366,835
2025-09-30,NEWT,,current,10.8796,2078682,835
2025-09-30,NEXN,,current,9.68,3751936,835
2025-09-30,NGS,,current,28.0355,1264853,835
2025-09-30,NKTX,,current,2.07,969561,835
2025-09-30,NMAD,,current,5.19,561871,835
2025-09-30,NMFC,,current,8.6566,3815427,835
2025-09-30,NOA,,current,13.8467,1131398,835
2025-09-30,NOTE,1823466,roster,4.66,1395697,835
2025-09-30,NPCE,,current,10.24,1594923,835
2025-09-30,NRC,,current,12.448,1426851,835
2025-09-30,NRDY,,current,19.35,535320,835
2025-09-30,NRIM,,current,21.3161,4090111,835
2025-09-30,NRXP,,current,3.25,667947,835
2025-09-30,NSLR,,current,8.6517,1373682,835
2025-09-30,NVA,,current,3.282,739390,297
2025-09-30,NVCT,,current,5.92,542060,835
2025-09-30,NWFL,,current,24.5304,398693,835
2025-09-30,NXDR,,current,2.12,3487854,835
2025-09-30,NYAX,,current,47.42,354337,758
2025-09-30,OBIO,,current,2.46,543364,835
2025-09-30,OBT,,current,24.5104,826003,835
2025-09-30,OCC,,current,8.19,468486,835
2025-09-30,OFIX,,current,14.36,4211146,835
2025-09-30,OFLX,,current,30.1817,669771,835
2025-09-30,OGG,,current,3.43,2794684,835
2025-09-30,OM,,current,14.49,3198782,835
2025-09-30,ONEW,,current,16.39,1761236,835
2025-09-30,ONIT,,current,40.33,1791397,835
2025-09-30,OPBK,,current,13.4791,635412,835
2025-09-30,OPRT,,current,6.22,3168718,835
2025-09-30,OPRX,,current,20.51,4771737,835
2025-09-30,OPXS,,current,12.97,539389,835
2025-09-30,ORN,,current,8.44,2558402,835
2025-09-30,ORRF,,current,33.0233,4120862,835
2025-09-30,OSUR,,current,3.18,1681797,835
2025-09-30,OVLY,,current,27.8048,283446,835
2025-09-30,OWLT,,current,8.44,585543,835
2025-09-30,OZ,,current,64.0,306350,835
2025-09-30,PACK,,current,5.28,1994609,835
2025-09-30,PAL,,current,6.89,983475,348
2025-09-30,PANL,,current,4.9899,886077,835
2025-09-30,PAYS,,current,5.83,3906010,835
2025-09-30,PBYI,,current,5.05,1915020,835
2025-09-30,PCB,,current,20.0713,447484,835
2025-09-30,PCYO,,current,10.98,401632,835
2025-09-30,PDEX,,current,33.9,1469338,835
2025-09-30,PDLB,,current,14.71,378792,835
2025-09-30,PEPG,,current,4.64,335980,835
2025-09-30,PERI,,current,9.67,2626372,835
2025-09-30,PFIS,,current,46.7163,1279166,835
2025-09-30,PKBK,,current,21.139,495280,835
2025-09-30,PKOH,,current,20.3652,548444,835
2025-09-30,PLBC,,current,41.8956,531480,835
2025-09-30,PLCE,,current,6.51,2543709,835
2025-09-30,PLRZ,,current,6.78,506143,229
2025-09-30,PLX,,current,2.16,993387,835
2025-09-30,PMN,,current,11.0,333287,835
2025-09-30,PMTS,,current,14.905,640804,835
2025-09-30,PNNT,,current,5.5644,2544323,835
2025-09-30,PPIH,,current,23.1,3014160,835
2025-09-30,PRE,,current,13.59,324967,835
2025-09-30,PRPH,868278,roster,4.4,353010,835
2025-09-30,PRQR,,current,2.19,633484,835
2025-09-30,PRTH,,current,6.87,2975936,835
2025-09-30,PSBD,,current,11.1111,624262,426
2025-09-30,PSFE,,current,12.91,3868427,835
2025-09-30,PTHS,,current,30.0,296748,405
2025-09-30,PTIX,1022899,roster,4.14,376786,835
2025-09-30,PYXS,,current,2.2,455056,835
2025-09-30,QCLS,,current,4.08,3019856,835
2025-09-30,QNCX,,current,322.0,282813,835
2025-09-30,QNTM,,current,16.19,2559478,835
2025-09-30,QTRX,,current,5.25,3287940,835
2025-09-30,QUAD,,current,6.0746,1214038,835
2025-09-30,QUIK,,current,5.91,896831,835
2025-09-30,RAIL,,current,9.54,1707545,835
2025-09-30,RBB,,current,18.1243,1052875,835
2025-09-30,RCEL,,current,5.37,1372538,835
2025-09-30,RCKY,,current,29.0402,1374965,835
2025-09-30,RCMT,,current,26.44,1038724,835
2025-09-30,RDCM,,current,14.04,749803,835
2025-09-30,RELL,,current,9.5239,284682,835
2025-09-30,RFIL,,current,8.54,1106457,835
2025-09-30,RGC,,current,16.39,4175909,835
2025-09-30,RGCO,,current,21.4516,354281,835
2025-09-30,RGP,,current,4.732,1250367,835
2025-09-30,RICK,,current,29.8124,2777344,835
2025-09-30,RLGT,,current,5.97,570238,835
2025-09-30,RM,,current,38.6918,1459389,835
2025-09-30,RMNI,,current,4.81,1392413,835
2025-09-30,RMR,,current,13.8842,1286623,835
2025-09-30,RNAC,,current,9.85,587936,835
2025-09-30,RNGR,,current,14.0763,1978881,835
2025-09-30,RPAY,,current,5.32,4429793,835
2025-09-30,RRGB,,current,7.03,1521933,835
2025-09-30,RSVR,,current,7.93,385689,835
2025-09-30,RTB,,current,10.5,481613,835
2025-09-30,RVPH,1742927,roster,6.166,862319,835
2025-09-30,RVSB,,current,5.2698,309852,835
2025-09-30,RWAY,,current,8.5319,2135348,835
2025-09-30,SAMG,,current,15.0279,313181,835
2025-09-30,SAR,,current,20.9103,2229711,835
2025-09-30,SBFG,,current,19.003,330863,835
2025-09-30,SBSI,,current,27.012,2854832,835
2025-09-30,SCLX,,current,16.5753,3472257,835
2025-09-30,SCM,,current,11.4131,2179101,835
2025-09-30,SCZM,,current,8.008,632930,835
2025-09-30,SD,,current,10.7465,2821886,835
2025-09-30,SDHC,,current,17.84,1151760,430
2025-09-30,SEAT,,current,16.52,2090025,835
2025-09-30,SEG,,current,23.76,1976136,293
2025-09-30,SEGG,,current,31.22,440423,574
2025-09-30,SENS,,current,8.86,2372123,835
2025-09-30,SGC,,current,10.1681,423951,835
2025-09-30,SGHT,,current,3.48,367465,835
2025-09-30,SHBI,,current,16.1133,1990930,835
2025-09-30,SHIP,,current,8.0548,850043,835
2025-09-30,SIGA,,current,7.9262,3258710,835
2025-09-30,SKIL,,current,12.96,505693,835
2025-09-30,SKYH,,current,9.97,889686,835
2025-09-30,SLGL,,current,28.74,272033,835
2025-09-30,SLRC,,current,14.103,2483880,835
2025-09-30,SMC,,current,21.81,1603760,835
2025-09-30,SMHI,,current,6.51,420890,835
2025-09-30,SMID,,current,35.3,334646,835
2025-09-30,SMTI,,current,31.84,990130,835
2025-09-30,SMX,,current,173.8065,1918390,835
2025-09-30,SNBRQ,827187,roster,7.12,4395156,835
2025-09-30,SNWV,,current,34.6,1569058,236
2025-09-30,SPAI,,current,6.75,1216808,272
2025-09-30,SPCB,,current,12.33,1000370,835
2025-09-30,SPOK,,current,15.5834,1723009,835
2025-09-30,SRBK,,current,14.5158,495462,508
2025-09-30,SRG,,current,4.16,325093,835
2025-09-30,SRI,,current,7.62,1870916,835
2025-09-30,SST,1805833,roster,7.31,341205,835
2025-09-30,SSTI,,current,12.01,733184,835
2025-09-30,STEM,,current,17.16,4556864,835
2025-09-30,STFS,,current,8.44,1427573,241
2025-09-30,STIM,,current,2.66,4260950,835
2025-09-30,SVCO,,current,5.61,503634,348
2025-09-30,SWIM,,current,7.52,3922153,835
2025-09-30,TAOX,,current,6.28,1530521,835
2025-09-30,TARA,,current,4.41,507505,835
2025-09-30,TASK,,current,11.5941,2546169,835
2025-09-30,TAYD,,current,48.87,338630,835
2025-09-30,TBCH,,current,15.48,2823976,835
2025-09-30,TBI,,current,5.93,1041850,835
2025-09-30,TBN,,current,22.64,294479,315
2025-09-30,TCBX,,current,38.35,2259471,835
2025-09-30,TCPC,,current,5.3219,2856450,835
2025-09-30,TCX,,current,18.72,329892,835
2025-09-30,TG,,current,7.97,520178,835
2025-09-30,TIPT,,current,19.2529,2856354,835
2025-09-30,TITN,,current,16.91,2777918,835
2025-09-30,TKNO,,current,5.65,1079973,835
2025-09-30,TLSI,,current,4.67,355239,835
2025-09-30,TMCI,,current,6.72,1867951,835
2025-09-30,TMQ,,current,2.13,821607,835
2025-09-30,TONX,,current,6.9,3634385,835
2025-09-30,TPVG,,current,5.0721,1665234,835
2025-09-30,TRAK,,current,16.4329,801088,835
2025-09-30,TRC,,current,16.03,1908101,835
2025-09-30,TRDA,,current,5.84,1276084,835
2025-09-30,TSBK,,current,32.4213,462556,835
2025-09-30,TSQ,,current,5.9621,313840,835
2025-09-30,TTGT,,current,6.0,3719043,835
2025-09-30,TWFG,,current,26.92,3055093,301
2025-09-30,TWI,,current,7.67,3764663,835
2025-09-30,TWIN,,current,13.9915,335119,835
2025-09-30,TZOO,,current,10.0,1070145,835
2025-09-30,UIS,,current,3.93,2631147,835
2025-09-30,ULH,,current,22.8754,717496,835
2025-09-30,UNTY,,current,48.421,1709549,835
2025-09-30,USAU,,current,15.82,3196733,835
2025-09-30,USCB,,current,16.9129,363755,835
2025-09-30,USNA,,current,27.66,3474968,835
2025-09-30,UTMD,,current,61.7944,612038,835
2025-09-30,VBNK,,current,12.5375,773282,835
2025-09-30,VEL,,current,18.24,1412772,835
2025-09-30,VERU,,current,3.7,584579,835
2025-09-30,VFF,,current,3.33,3191606,835
2025-09-30,VFS,,current,3.25,1763967,835
2025-09-30,VGZ,,current,2.19,903728,835
2025-09-30,VINP,,current,10.0304,371403,835
2025-09-30,VIVO,,current,4.76,3785737,835
2025-09-30,VLGEA,,current,36.7435,1528298,835
2025-09-30,VMAR,,current,5720.0,259620,835
2025-09-30,VMD,,current,6.62,1471353,835
2025-09-30,VNDA,,current,4.91,1898561,835
2025-09-30,VOXR,,current,4.3012,989992,835
2025-09-30,VRA,,current,2.02,333974,835
2025-09-30,VREX,,current,12.12,3423572,835
2025-09-30,VUZI,,current,3.07,2934536,835
2025-09-30,VYGR,,current,4.71,2582036,835
2025-09-30,WATT,,current,7.83,433791,835
2025-09-30,WEST,,current,4.76,2560968,835
2025-09-30,WEYS,,current,27.4217,305766,835
2025-09-30,WHF,,current,6.24,506565,835
2025-09-30,WKHS,,current,13.2,1750701,835
2025-09-30,WNEB,,current,11.6703,706257,835
2025-09-30,WSBF,,current,15.0856,567287,835
2025-09-30,WTBA,,current,19.6202,522156,835
2025-09-30,WYY,,current,5.0,256422,835
2025-09-30,XFOR,,current,3.35,1777872,835
2025-09-30,XGN,,current,10.77,1637974,835
2025-09-30,XPER,,current,6.62,2649187,759
2025-09-30,YARW,,current,9.2854,346799,835
2025-09-30,YORW,,current,29.5603,2798070,835
2025-09-30,ZIP,,current,4.52,4486607,835
2025-09-30,ZSQR,,current,16.51,538472,835
2025-09-30,ZUMZ,,current,19.83,2946159,835
2025-09-30,ZURA,,current,2.99,600479,634
2025-10-31,ABOS,,current,2.22,373209,858
2025-10-31,ACCO,,current,3.5881,1764625,858
2025-10-31,ACEL,,current,9.97,2913329,858
2025-10-31,ACET,,current,12.464,502486,858
2025-10-31,ACIC,,current,11.0334,1692458,858
2025-10-31,ACIU,,current,3.38,423903,858
2025-10-31,ACNB,,current,43.2562,675971,858
2025-10-31,ACNT,,current,12.14,511267,858
2025-10-31,ACOG,,current,6.18,576967,242
2025-10-31,ACTG,,current,3.34,488251,858
2025-10-31,ACU,,current,37.9053,372071,858
2025-10-31,ADV,,current,32.375,759804,858
2025-10-31,AEHL,,current,194.88,417510,858
2025-10-31,AEYE,,current,14.84,1124427,858
2025-10-31,AFCG,,current,3.0909,911570,858
2025-10-31,AFYA,,current,13.6178,1298912,858
2025-10-31,AIIO,,current,14.58,4671127,858
2025-10-31,AISP,,current,4.61,3543901,858
2025-10-31,AKAN,,current,36.2613,459199,858
2025-10-31,ALCO,,current,35.0068,693883,858
2025-10-31,ALGS,,current,8.2,673203,858
2025-10-31,ALLT,,current,9.6,3832628,858
2025-10-31,ALTG,,current,5.94,1438485,858
2025-10-31,ALTI,,current,3.85,381723,858
2025-10-31,ALVO,,current,7.84,2441683,847
2025-10-31,AMBP,1845097,roster,3.373,3543332,858
2025-10-31,AMPY,,current,4.43,3099644,858
2025-10-31,AMWL,,current,5.15,441531,858
2025-10-31,ANIK,,current,9.78,805224,858
2025-10-31,ANIX,,current,4.06,297370,858
2025-10-31,ANY,,current,6.97,430274,858
2025-10-31,AOUT,,current,6.78,529426,858
2025-10-31,ARDT,,current,14.58,4105484,324
2025-10-31,AREB,1648087,roster,2960.0,1026730,858
2025-10-31,AROW,,current,26.2152,908708,858
2025-10-31,ARQ,,current,6.68,1724004,858
2025-10-31,ARTNA,,current,31.0982,697774,858
2025-10-31,ASBP,,current,15.04,605587,858
2025-10-31,ASIX,,current,17.9171,4071120,858
2025-10-31,ASLE,,current,7.45,3460720,858
2025-10-31,ASNS,1141284,roster,6.38,511552,858
2025-10-31,ASTI,,current,2.07,264403,800
2025-10-31,ASUR,,current,8.12,761551,858
2025-10-31,ATLX,,current,5.42,3045212,858
2025-10-31,ATNI,,current,14.2324,460883,858
2025-10-31,ATOM,,current,3.01,1434632,858
2025-10-31,ATRA,,current,14.045,635490,858
2025-10-31,ATS,,current,26.63,2472802,858
2025-10-31,AUDC,,current,8.4222,820146,858
2025-10-31,AUNA,,current,5.79,251027,404
2025-10-31,AURA,,current,6.08,1095846,858
2025-10-31,AVBH,,current,25.81,572660,858
2025-10-31,AVD,,current,4.64,819808,858
2025-10-31,AVIR,,current,3.27,970308,858
2025-10-31,AVNW,,current,26.05,2012165,858
2025-10-31,AXG,,current,3.53,3004129,540
2025-10-31,AZ,,current,7.15,2329359,858
2025-10-31,BALY,,current,18.63,1173760,225
2025-10-31,BARK,,current,18.64,614243,858
2025-10-31,BATRA,,current,42.65,1811100,858
2025-10-31,BBCP,,current,6.23,491698,858
2025-10-31,BBOT,,current,12.0,1884456,433
2025-10-31,BCAL,,current,17.93,1448924,858
2025-10-31,BCBP,,current,7.6896,514983,858
2025-10-31,BCIC,,current,10.062,560182,858
2025-10-31,BCML,,current,26.3515,393006,858
2025-10-31,BCSF,,current,12.5807,4160209,858
2025-10-31,BCTX,,current,11.36,647018,858
2025-10-31,BDSX,,current,6.57,430570,858
2025-10-31,BDTX,,current,3.82,2981112,858
2025-10-31,BHB,,current,28.6924,1403426,858
2025-10-31,BIRD,,current,7.337,293270,858
2025-10-31,BKTI,,current,75.4,3547051,858
2025-10-31,BMRC,,current,25.3294,1481225,858
2025-10-31,BNED,,current,8.9434,2178924,858
2025-10-31,BNT,,current,45.6227,882041,858
2025-10-31,BNTC,,current,16.17,525635,858
2025-10-31,BOC,,current,12.77,2073982,858
2025-10-31,BOOM,,current,8.46,1338059,858
2025-10-31,BRBS,,current,3.6307,808886,858
2025-10-31,BRCC,,current,12.6,715323,858
2025-10-31,BSET,,current,13.9882,310413,858
2025-10-31,BSRR,,current,28.4221,645838,858
2025-10-31,BSVN,,current,40.8518,628564,858
2025-10-31,BVFL,,current,16.5,456084,858
2025-10-31,BWB,,current,16.6,1311797,858
2025-10-31,BWEN,,current,2.26,280071,858
2025-10-31,BWFG,,current,42.6072,1048772,858
2025-10-31,BWMN,,current,43.27,4467271,858
2025-10-31,BWMX,,current,13.2836,416166,858
2025-10-31,CAC,,current,37.8144,2170182,858
2025-10-31,CAMP,,current,4.03,385524,264
2025-10-31,CASS,,current,38.4428,2038485,858
2025-10-31,CATX,,current,2.64,2571348,858
2025-10-31,CBAN,,current,15.6227,770652,858
2025-10-31,CBIO,,current,12.51,1011702,858
2025-10-31,CBNA,,current,29.75,291484,269
2025-10-31,CBNK,,current,27.4023,1349188,858
2025-10-31,CCAP,,current,12.8765,2476723,858
2025-10-31,CCBG,,current,38.4819,1617776,858
2025-10-31,CCLD,,current,3.01,1196910,858
2025-10-31,CD,,current,9.39,1925132,858
2025-10-31,CDZI,,current,5.28,2961945,858
2025-10-31,CENT,,current,31.21,2285745,858
2025-10-31,CEPO,,current,10.5,1909585,205
2025-10-31,CETX,1435064,roster,44.5,895818,858
2025-10-31,CFBK,,current,23.175,636605,858
2025-10-31,CFFI,,current,67.2799,347190,858
2025-10-31,CGNT,,current,8.37,2015394,858
2025-10-31,CHCI,,current,13.8,399024,858
2025-10-31,CHMG,,current,50.258,346815,858
2025-10-31,CIA,,current,5.43,627272,858
2025-10-31,CING,,current,3.61,579726,858
2025-10-31,CINT,,current,4.7,809806,858
2025-10-31,CION,,current,7.8999,2034811,858
2025-10-31,CIVB,,current,20.9309,1682930,858
2025-10-31,CLAR,,current,3.3881,367011,858
2025-10-31,CLDI,1855485,roster,25.28,326212,858
2025-10-31,CLNN,,current,10.0,561436,858
2025-10-31,CLW,,current,17.59,3996550,858
2025-10-31,CMRC,,current,4.53,3619239,858
2025-10-31,CMT,,current,17.79,448910,858
2025-10-31,CNL,,current,11.59,723344,858
2025-10-31,CNSY,,current,13.25,4662953,858
2025-10-31,CNTN,,current,2.97,963969,858
2025-10-31,CNVS,,current,2.95,594892,858
2025-10-31,CODA,,current,10.055,443964,858
2025-10-31,COFS,,current,28.0173,1900310,858
2025-10-31,COOK,,current,45.55,370001,858
2025-10-31,COYA,,current,6.12,447032,712
2025-10-31,CPSH,,current,4.31,465789,858
2025-10-31,CRBP,,current,16.44,1672889,858
2025-10-31,CRCT,,current,4.9799,3198574,858
2025-10-31,CRMT,,current,21.96,4631237,858
2025-10-31,CRNT,,current,2.79,1314792,858
2025-10-31,CRVO,,current,7.11,862204,858
2025-10-31,CSV,,current,44.6095,3652752,858
2025-10-31,CTKB,,current,3.82,3038473,858
2025-10-31,CTNM,,current,10.54,1493674,395
2025-10-31,CTOS,1709682,roster,5.86,3951098,858
2025-10-31,CURI,,current,4.0095,2309007,858
2025-10-31,CURR,,current,2.89,264898,292
2025-10-31,CVEO,,current,22.77,1382809,858
2025-10-31,CVRX,,current,10.64,1432376,858
2025-10-31,CWCO,,current,33.4336,2899629,858
2025-10-31,CXAI,,current,34.1,534229,858
2025-10-31,CXDO,,current,6.43,670248,858
2025-10-31,CYH,,current,4.13,4940603,858
2025-10-31,CZFS,,current,52.9635,464497,858
2025-10-31,CZNC,,current,18.5289,565651,858
2025-10-31,DBGI,,current,312.0,924592,858
2025-10-31,DBI,,current,3.4425,2445769,858
2025-10-31,DCBO,,current,24.88,1999976,858
2025-10-31,DERM,,current,8.31,946380,858
2025-10-31,DGICA,,current,17.6439,2109478,858
2025-10-31,DMAC,,current,7.0,1729735,858
2025-10-31,DMRC,,current,9.34,1531795,858
2025-10-31,DSGR,,current,27.87,1494114,858
2025-10-31,DSP,,current,8.54,2437192,858
2025-10-31,DTCX,,current,4.53,2135998,858
2025-10-31,DTIL,,current,8.61,392372,858
2025-10-31,DYNC,,current,10.43,3234579,224
2025-10-31,EAF,,current,12.7,3056249,858
2025-10-31,EBF,,current,15.9475,2387324,858
2025-10-31,EBMT,,current,15.9173,299828,858
2025-10-31,ECOR,,current,4.88,259063,858
2025-10-31,EFSI,,current,35.4165,336645,858
2025-10-31,EGAN,,current,13.58,917965,858
2025-10-31,ELA,,current,8.8,308127,858
2025-10-31,ELAB,,current,1447.2,265329,487
2025-10-31,ELDN,,current,4.35,2240205,858
2025-10-31,ELMD,,current,24.13,1111409,858
2025-10-31,ELPW,,current,18316.8008,489772,629
2025-10-31,ELTX,,current,9.25,827594,858
2025-10-31,ELVA,,current,6.46,2379699,858
2025-10-31,ENTA,,current,10.86,2690346,858
2025-10-31,EPM,,current,4.0508,986144,858
2025-10-31,EPSN,,current,4.5387,641268,858
2025-10-31,ESEA,,current,56.3828,1979753,858
2025-10-31,ESOA,,current,11.0994,1383764,858
2025-10-31,ESP,,current,37.8028,845496,858
2025-10-31,EVCM,,current,11.3,2224037,858
2025-10-31,EVEX,,current,4.37,4463701,858
2025-10-31,EVI,,current,27.55,369797,858
2025-10-31,EXOD,,current,23.73,2855505,858
2025-10-31,FABC,,current,4.5,419005,858
2025-10-31,FBIO,,current,2.57,2011011,858
2025-10-31,FBIZ,,current,48.0317,1289549,858
2025-10-31,FBLA,,current,12.16,571313,256
2025-10-31,FC,,current,16.95,1573394,858
2025-10-31,FCBC,,current,30.6348,1298726,858
2025-10-31,FCCO,,current,26.5514,628812,858
2025-10-31,FDBC,,current,42.0439,255616,858
2025-10-31,FENC,,current,8.33,565815,858
2025-10-31,FF,,current,3.7527,674530,858
2025-10-31,FGNX,,current,18.25,2568205,858
2025-10-31,FHTX,,current,4.31,589881,858
2025-10-31,FIRY,,current,6.62,464710,858
2025-10-31,FLD,1889123,roster,3.72,1280015,858
2025-10-31,FLGT,,current,22.58,4336358,858
2025-10-31,FLL,,current,2.43,430226,858
2025-10-31,FLWS,,current,3.62,2026593,858
2025-10-31,FLXS,,current,33.9344,1386687,858
2025-10-31,FMAO,,current,23.0748,465826,858
2025-10-31,FNKO,,current,3.07,3350763,858
2025-10-31,FNLC,,current,23.8432,444749,858
2025-10-31,FNWD,,current,34.5761,731803,858
2025-10-31,FOA,,current,21.63,2729871,858
2025-10-31,FOR,,current,26.2,3658573,858
2025-10-31,FORR,,current,8.19,874801,858
2025-10-31,FOSL,,current,2.07,1273197,858
2025-10-31,FPH,,current,5.77,746004,858
2025-10-31,FRAF,,current,44.2321,722212,858
2025-10-31,FRBA,,current,15.3146,653948,858
2025-10-31,FRD,,current,20.7233,369964,858
2025-10-31,FRPH,,current,23.59,1237226,858
2025-10-31,FRST,,current,10.379,749718,858
2025-10-31,FSBW,,current,37.3235,547208,858
2025-10-31,FSTR,,current,27.09,677303,858
2025-10-31,FTCI,,current,8.605,327756,858
2025-10-31,FUNC,,current,34.1836,583547,858
2025-10-31,FVCB,,current,12.1978,283670,858
2025-10-31,FXNC,,current,21.7541,304002,858
2025-10-31,GAIN,,current,13.1014,1899580,858
2025-10-31,GALT,,current,5.07,1029486,858
2025-10-31,GAME,,current,5.216,1826887,858
2025-10-31,GASS,,current,6.54,738566,858
2025-10-31,GBFH,,current,37.18,1308053,331
2025-10-31,GECC,,current,6.5924,738513,858
2025-10-31,GENC,,current,13.52,444129,858
2025-10-31,GEOS,,current,25.44,3629247,858
2025-10-31,GIC,,current,27.2413,3532772,858
2025-10-31,GLAD,,current,17.6967,3968243,858
2025-10-31,GLAS,,current,7.08,1176351,858
2025-10-31,GLRE,,current,12.13,1335176,858
2025-10-31,GLSI,,current,9.19,675323,858
2025-10-31,GNE,,current,14.4377,2007351,858
2025-10-31,GNLX,,current,7.96,479635,694
2025-10-31,GRDX,,current,4.43,527800,858
2025-10-31,GRML,,current,27.15,938873,858
2025-10-31,GRNT,,current,4.763,2304730,858
2025-10-31,GRO,,current,2.46,1047458,231
2025-10-31,GSIT,,current,11.06,813105,858
2025-10-31,GTE,,current,3.69,1283756,858
2025-10-31,GWH,1819438,roster,4.0,443361,858
2025-10-31,GWRS,,current,9.5104,548906,858
2025-10-31,GYRE,,current,7.65,542682,858
2025-10-31,HBB,,current,13.6968,305780,858
2025-10-31,HBT,,current,23.3649,598102,858
2025-10-31,HCKT,,current,17.5657,4094981,858
2025-10-31,HCWB,,current,23.46,261647,858
2025-10-31,HDSN,,current,9.19,2534782,858
2025-10-31,HGTY,,current,11.19,1578747,858
2025-10-31,HIPO,,current,37.18,4585581,858
2025-10-31,HITI,,current,3.06,2189649,858
2025-10-31,HLLY,,current,2.88,1828719,858
2025-10-31,HOFT,,current,8.7093,298970,858
2025-10-31,HPK,,current,6.3221,3046842,858
2025-10-31,HRZN,,current,5.5791,3391097,858
2025-10-31,HSHP,,current,7.0926,906527,649
2025-10-31,HURA,,current,2.48,522292,858
2025-10-31,HURC,,current,17.41,339857,858
2025-10-31,HVT,,current,20.4777,1897982,858
2025-10-31,HY,,current,34.7192,2112863,858
2025-10-31,HYPD,,current,6.6,4320449,858
2025-10-31,IBEX,,current,37.65,3490864,858
2025-10-31,ICCM,,current,21.3,696163,858
2025-10-31,IDN,,current,4.58,601623,858
2025-10-31,IGIC,,current,20.7686,1479961,858
2025-10-31,IHRT,,current,3.055,1605072,858
2025-10-31,III,,current,5.2617,1061806,858
2025-10-31,IMMR,,current,6.3952,2355987,858
2025-10-31,IMPP,,current,5.22,1211740,858
2025-10-31,IMTX,,current,10.42,4892579,858
2025-10-31,IMUX,,current,7.84,1156282,858
2025-10-31,INBK,,current,17.5371,839740,858
2025-10-31,INDO,,current,2.74,900578,858
2025-10-31,INFU,,current,10.0,2346478,858
2025-10-31,INGN,,current,8.17,1446467,858
2025-10-31,INSE,,current,7.39,835064,858
2025-10-31,INSG,,current,16.33,4487634,858
2025-10-31,INTT,,current,8.58,292037,858
2025-10-31,ISOU,,current,10.08,752577,858
2025-10-31,ISTR,,current,23.8369,739120,858
2025-10-31,JAKK,,current,17.0959,1604980,858
2025-10-31,JILL,,current,14.8008,1099409,858
2025-10-31,JOUT,,current,40.7926,1859174,858
2025-10-31,JRVR,,current,5.1214,979311,858
2025-10-31,JYNT,,current,7.89,709904,858
2025-10-31,KBDC,,current,13.1004,3783585,362
2025-10-31,KELYA,,current,11.109,3656232,858
2025-10-31,KEN,,current,50.1597,429679,858
2025-10-31,KGEI,,current,4.35,406775,858
2025-10-31,KIDS,,current,16.47,2823947,858
2025-10-31,KINS,,current,14.2659,2094499,858
2025-10-31,KLC,,current,5.63,4813137,266
2025-10-31,KLRS,,current,4.74,600348,858
2025-10-31,KMDA,,current,6.4851,337062,858
2025-10-31,KNOP,,current,8.7911,547502,858
2025-10-31,KRMD,,current,3.9,265975,858
2025-10-31,KRNT,,current,14.12,4879352,858
2025-10-31,KRNY,,current,6.0791,2192484,858
2025-10-31,KRO,,current,4.6409,1762657,858
2025-10-31,KWY,,current,13.92,753322,858
2025-10-31,LAKE,,current,16.8379,1427970,858
2025-10-31,LAW,,current,6.34,734758,858
2025-10-31,LCNB,,current,14.6659,269873,858
2025-10-31,LE,,current,16.28,3513200,858
2025-10-31,LEGH,,current,22.09,1846486,858
2025-10-31,LFCR,,current,7.1,1005330,858
2025-10-31,LFVN,,current,7.8268,1182090,858
2025-10-31,LGCL,,current,352.5,280230,417
2025-10-31,LGCY,,current,9.04,767469,275
2025-10-31,LIEN,,current,9.2956,310351,858
2025-10-31,LILA,,current,5.2785,2188525,858
2025-10-31,LMNR,,current,13.9254,748744,858
2025-10-31,LNSR,,current,12.05,565123,858
2025-10-31,LNZA,,current,23.81,359216,858
2025-10-31,LOCO,,current,9.06,1854845,858
2025-10-31,LODE,,current,3.16,3099370,858
2025-10-31,LTRN,,current,3.97,389421,858
2025-10-31,LUCK,,current,7.8049,1574534,858
2025-10-31,LWAY,,current,24.23,2302211,858
2025-10-31,LXEO,,current,9.43,2676214,499
2025-10-31,LXFR,,current,11.8753,1319765,858
2025-10-31,LYEL,,current,16.53,413340,858
2025-10-31,LZM,,current,4.99,666715,858
2025-10-31,MASS,,current,7.63,2073084,858
2025-10-31,MBI,,current,6.75,1992729,858
2025-10-31,MCBS,,current,24.9074,837096,858
2025-10-31,MCFT,,current,20.4,2506722,858
2025-10-31,MCRB,,current,15.78,1844555,858
2025-10-31,MDWD,,current,18.55,1397121,858
2025-10-31,MDXG,,current,7.4,3360611,858
2025-10-31,MED,,current,12.14,1888091,858
2025-10-31,METCB,,current,12.4397,1564272,596
2025-10-31,MF,,current,52.75,321278,400
2025-10-31,MFIN,,current,9.3648,321946,858
2025-10-31,MG,,current,9.72,897084,858
2025-10-31,MIND,,current,10.57,1767821,858
2025-10-31,MLP,,current,14.75,261403,858
2025-10-31,MLR,,current,40.3206,3815146,858
2025-10-31,MMI,,current,28.8016,3432544,858
2025-10-31,MNSB,,current,18.2412,440228,858
2025-10-31,MOB,,current,7.39,3370170,799
2025-10-31,MPAA,,current,16.76,1976389,858
2025-10-31,MRBK,,current,13.8867,853641,858
2025-10-31,MTA,,current,6.81,3963352,858
2025-10-31,MTRX,,current,14.98,2765706,858
2025-10-31,MTW,,current,10.32,2469817,858
2025-10-31,MVBF,,current,25.6567,772073,858
2025-10-31,MX,,current,2.99,739115,858
2025-10-31,MYFW,,current,22.66,534182,858
2025-10-31,NATH,,current,101.7106,2824931,858
2025-10-31,NATR,,current,13.14,1200923,858
2025-10-31,NC,,current,41.1853,380009,858
2025-10-31,NCDL,,current,13.1049,2505967,444
2025-10-31,NCMI,,current,3.9355,1781429,858
2025-10-31,NCSM,,current,37.35,531992,858
2025-10-31,NECB,,current,19.523,839771,858
2025-10-31,NEOV,,current,4.03,1073613,858
2025-10-31,NEWP,,current,2.22,1300706,858
2025-10-31,NEWT,,current,9.7521,2014108,858
2025-10-31,NEXN,,current,8.1,3449527,858
2025-10-31,NGS,,current,27.4931,1290605,858
2025-10-31,NKTX,,current,2.08,1470217,858
2025-10-31,NMAD,,current,4.32,455610,858
2025-10-31,NOA,,current,15.1126,1276998,858
2025-10-31,NOTE,1823466,roster,3.99,1259572,858
2025-10-31,NPCE,,current,9.86,1392175,858
2025-10-31,NRC,,current,12.7697,1250502,858
2025-10-31,NRDY,,current,15.15,525095,858
2025-10-31,NRIM,,current,21.7087,3075947,858
2025-10-31,NRXP,,current,3.02,1100520,858
2025-10-31,NSLR,,current,9.9348,1443456,858
2025-10-31,NVA,,current,7.37,1374135,320
2025-10-31,NVCT,,current,6.64,409672,858
2025-10-31,NWFL,,current,25.7337,398699,858
2025-10-31,NYAX,,current,42.4,326815,781
2025-10-31,OBIO,,current,4.01,802643,858
2025-10-31,OBT,,current,23.2487,603463,858
2025-10-31,OCC,,current,8.11,505082,858
2025-10-31,OCS,,current,20.09,333691,858
2025-10-31,OEC,,current,5.1725,4373941,858
2025-10-31,OFIX,,current,15.47,4418653,858
2025-10-31,OFLX,,current,26.6013,614342,858
2025-10-31,OGG,,current,3.07,3737371,858
2025-10-31,OM,,current,12.63,2384037,858
2025-10-31,ONEW,,current,15.56,1548786,858
2025-10-31,ONIT,,current,36.86,1488523,858
2025-10-31,OPBK,,current,12.9195,405934,858
2025-10-31,OPRT,,current,5.12,3109749,858
2025-10-31,OPXS,,current,16.36,536700,858
2025-10-31,ORN,,current,11.31,2398350,858
2025-10-31,ORRF,,current,32.1022,3493644,858
2025-10-31,OSUR,,current,2.7,1467497,858
2025-10-31,OWLT,,current,9.47,585208,858
2025-10-31,OZ,,current,65.65,379833,858
2025-10-31,PACK,,current,4.63,2489531,858
2025-10-31,PAL,,current,7.17,1072806,371
2025-10-31,PANL,,current,4.7283,824278,858
2025-10-31,PAYS,,current,5.2,2762577,858
2025-10-31,PBAM,,current,57.23,308109,858
2025-10-31,PBYI,,current,5.46,2401370,858
2025-10-31,PCB,,current,20.2257,449321,858
2025-10-31,PCYO,,current,11.01,420143,858
2025-10-31,PDEX,,current,30.63,1231042,858
2025-10-31,PDLB,,current,14.11,400778,858
2025-10-31,PEPG,,current,4.53,1472490,858
2025-10-31,PERI,,current,9.19,2225138,858
2025-10-31,PEW,,current,4.59,3950767,453
2025-10-31,PFIS,,current,45.1552,1087689,858
2025-10-31,PKBK,,current,21.1933,462414,858
2025-10-31,PKOH,,current,20.11,484084,858
2025-10-31,PLBC,,current,40.1313,499169,858
2025-10-31,PLCE,,current,7.7,3065200,858
2025-10-31,PLRZ,,current,6.18,337797,252
2025-10-31,PLX,,current,2.26,1373984,858
2025-10-31,PMN,,current,10.5,260608,858
2025-10-31,PMTS,,current,15.8,619004,858
2025-10-31,PNNT,,current,5.4226,2562906,858
2025-10-31,PPIH,,current,27.27,3163918,858
2025-10-31,PRE,,current,14.15,1192120,858
2025-10-31,PROF,,current,6.12,285867,858
2025-10-31,PRPH,868278,roster,3.7,504784,858
2025-10-31,PRQR,,current,2.72,877056,858
2025-10-31,PRTH,,current,6.84,2793676,858
2025-10-31,PSBD,,current,10.9765,996834,449
2025-10-31,PSFE,,current,10.82,3048394,858
2025-10-31,PTHS,,current,33.25,283447,428
2025-10-31,PTIX,1022899,roster,2.47,256104,858
2025-10-31,PYXS,,current,3.42,1411928,858
2025-10-31,QCLS,,current,3.38,2453831,858
2025-10-31,QNCX,,current,330.0,317883,858
2025-10-31,QNTM,,current,12.54,1648859,858
2025-10-31,QTRX,,current,5.0,2565109,858
2025-10-31,QUAD,,current,5.143,1217645,858
2025-10-31,QUIK,,current,7.1,1070436,858
2025-10-31,RAIL,,current,8.6,1176911,858
2025-10-31,RBB,,current,18.4351,738866,858
2025-10-31,RBOT,1812173,roster,5.2,322016,858
2025-10-31,RCEL,,current,3.67,1113147,858
2025-10-31,RCKY,,current,27.7322,1354159,858
2025-10-31,RCMT,,current,23.27,928678,858
2025-10-31,RDCM,,current,13.65,647717,858
2025-10-31,RELL,,current,10.6432,336163,858
2025-10-31,RFIL,,current,7.7,882833,858
2025-10-31,RGC,,current,16.35,2725508,858
2025-10-31,RGP,,current,4.0292,1370295,858
2025-10-31,RICK,,current,23.9767,3063929,858
2025-10-31,RILY,,current,4.98,4165056,858
2025-10-31,RLGT,,current,5.99,775746,858
2025-10-31,RM,,current,37.7934,1450551,858
2025-10-31,RMNI,,current,4.64,1152563,858
2025-10-31,RMR,,current,13.5707,1287215,858
2025-10-31,RNAC,,current,8.11,662814,858
2025-10-31,RNGR,,current,13.6038,1718815,858
2025-10-31,RPAY,,current,4.44,4340900,858
2025-10-31,RPC,,current,9.9682,4382479,858
2025-10-31,RRGB,,current,5.18,1520147,858
2025-10-31,RSVR,,current,7.26,372563,858
2025-10-31,RTB,,current,12.25,644369,858
2025-10-31,RVPH,1742927,roster,12.086,1713990,858
2025-10-31,RWAY,,current,8.1799,1949231,858
2025-10-31,SABS,,current,3.01,308416,858
2025-10-31,SAMG,,current,13.6739,337811,858
2025-10-31,SAR,,current,19.4061,2122249,858
2025-10-31,SBFG,,current,18.3319,250078,858
2025-10-31,SBSI,,current,27.1551,2870179,858
2025-10-31,SCLX,,current,11.2391,4468058,858
2025-10-31,SCM,,current,10.5138,2212529,858
2025-10-31,SCZM,,current,5.9452,1393933,858
2025-10-31,SD,,current,11.2433,2872742,858
2025-10-31,SDHC,,current,17.71,1399309,453
2025-10-31,SEAT,,current,12.15,2003067,858
2025-10-31,SEG,,current,24.14,1522249,316
2025-10-31,SEGG,,current,24.85,353786,597
2025-10-31,SENS,,current,7.21,2695501,858
2025-10-31,SGC,,current,9.0848,370409,858
2025-10-31,SGHT,,current,5.08,369198,858
2025-10-31,SHBI,,current,15.1105,1882111,858
2025-10-31,SHIP,,current,8.0261,971466,858
2025-10-31,SIGA,,current,7.3512,3493395,858
2025-10-31,SKIL,,current,12.52,589497,858
2025-10-31,SKYH,,current,9.8,933275,858
2025-10-31,SLGL,,current,37.0,428970,858
2025-10-31,SLRC,,current,14.0661,3445420,858
2025-10-31,SLSR,,current,6.36,330006,858
2025-10-31,SMC,,current,22.13,1535407,858
2025-10-31,SMHI,,current,6.34,380709,858
2025-10-31,SMID,,current,37.99,321804,858
2025-10-31,SMTI,,current,28.81,708290,858
2025-10-31,SMTK,,current,104.5,264861,356
2025-10-31,SMX,,current,27.258,2289344,858
2025-10-31,SNBRQ,827187,roster,5.45,3674466,858
2025-10-31,SNWV,,current,28.02,2114309,259
2025-10-31,SPAI,,current,6.09,2352008,295
2025-10-31,SPCB,,current,11.0,960680,858
2025-10-31,SPOK,,current,12.4075,1688037,858
2025-10-31,SRBK,,current,14.6347,419879,531
2025-10-31,SRG,,current,4.06,409056,858
2025-10-31,SRI,,current,6.77,1389732,858
2025-10-31,SSTI,,current,9.2,771248,858
2025-10-31,STAI,1994624,roster,10.174,1130739,207
2025-10-31,STFS,,current,6.44,1172845,264
2025-10-31,STI,,current,10.68,831842,858
2025-10-31,STIM,,current,2.7,3613342,858
2025-10-31,SVCO,,current,5.58,587939,371
2025-10-31,SWIM,,current,7.25,3767701,858
2025-10-31,TAOX,,current,7.52,2012065,858
2025-10-31,TARA,,current,5.14,1030162,858
2025-10-31,TASK,,current,8.6353,3459788,858
2025-10-31,TAYD,,current,44.46,326542,858
2025-10-31,TBCH,,current,16.47,3050668,858
2025-10-31,TBI,,current,4.84,1004768,858
2025-10-31,TBN,,current,25.38,661934,338
2025-10-31,TCBX,,current,36.83,2268696,858
2025-10-31,TCPC,,current,4.9567,3037907,858
2025-10-31,TCX,,current,18.59,253854,858
2025-10-31,TG,,current,6.77,574262,858
2025-10-31,TIPT,,current,17.3395,3445491,858
2025-10-31,TITN,,current,16.38,3377590,858
2025-10-31,TKNO,,current,5.06,933171,858
2025-10-31,TLSI,,current,4.67,491519,858
2025-10-31,TMCI,,current,6.35,1901752,858
2025-10-31,TMQ,,current,4.78,1179828,858
2025-10-31,TNON,,current,42.35,259347,858
2025-10-31,TONX,,current,4.2,4347209,858
2025-10-31,TPVG,,current,4.7904,1648623,858
2025-10-31,TRAK,,current,14.9625,784296,858
2025-10-31,TRC,,current,15.87,1593550,858
2025-10-31,TRDA,,current,6.9,1221133,858
2025-10-31,TSBK,,current,30.3433,480230,858
2025-10-31,TSQ,,current,5.67,314268,858
2025-10-31,TTGT,,current,5.5,3446281,858
2025-10-31,TWFG,,current,24.38,3364942,324
2025-10-31,TWI,,current,7.63,3345339,858
2025-10-31,TWIN,,current,15.458,498287,858
2025-10-31,TZOO,,current,8.05,1022505,858
2025-10-31,UIS,,current,3.49,2293768,858
2025-10-31,ULH,,current,15.9816,705631,858
2025-10-31,UNTY,,current,45.0711,1601414,858
2025-10-31,USCB,,current,16.786,337945,858
2025-10-31,USGO,,current,11.65,976672,636
2025-10-31,USNA,,current,19.74,3523227,858
2025-10-31,UTMD,,current,55.7647,460152,858
2025-10-31,VBNK,,current,11.8275,816561,858
2025-10-31,VEL,,current,18.38,1382970,858
2025-10-31,VERU,,current,3.01,493383,858
2025-10-31,VFS,,current,3.26,1733505,858
2025-10-31,VINP,,current,10.659,407715,858
2025-10-31,VIVO,,current,4.54,2860108,858
2025-10-31,VLGEA,,current,30.9143,1527423,858
2025-10-31,VMAR,,current,5880.0,273520,858
2025-10-31,VMD,,current,6.39,1254274,858
2025-10-31,VNCE,,current,2.81,293230,858
2025-10-31,VNDA,,current,4.32,2285716,858
2025-10-31,VOXR,,current,4.2814,1463309,858
2025-10-31,VRA,,current,2.25,283933,858
2025-10-31,VREX,,current,11.85,3581909,858
2025-10-31,VTEX,,current,4.36,4954020,858
2025-10-31,VUZI,,current,3.29,4809593,858
2025-10-31,VYGR,,current,4.52,2991074,858
2025-10-31,WATT,,current,7.63,433791,858
2025-10-31,WEST,,current,4.4,2434733,858
2025-10-31,WEYS,,current,26.7819,283470,858
2025-10-31,WHF,,current,6.3833,684063,858
2025-10-31,WKHS,,current,12.12,1056837,858
2025-10-31,WLDS,,current,23.13,1346844,787
2025-10-31,WNEB,,current,11.1906,590455,858
2025-10-31,WRN,,current,2.1,1247181,858
2025-10-31,WSBF,,current,14.8749,687171,858
2025-10-31,WTBA,,current,20.5897,626250,858
2025-10-31,WYY,,current,6.45,332944,858
2025-10-31,XFOR,,current,3.99,1729641,858
2025-10-31,XGN,,current,11.76,2087123,858
2025-10-31,XPER,,current,6.57,3008397,782
2025-10-31,XPOF,,current,6.53,4308837,858
2025-10-31,YARW,,current,10.3297,326754,858
2025-10-31,YORW,,current,30.2151,2769804,858
2025-10-31,ZIP,,current,4.5,4394593,858
2025-10-31,ZSQR,,current,15.29,561167,858
2025-10-31,ZUMZ,,current,22.08,3754135,858
2025-10-31,ZURA,,current,3.75,886351,657
2025-11-30,AARD,,current,9.98,1779662,200
2025-11-30,ACB,,current,4.6,4903069,878
2025-11-30,ACCO,,current,3.2309,2132496,878
2025-11-30,ACEL,,current,10.24,2823971,878
2025-11-30,ACET,,current,10.368,851170,878
2025-11-30,ACIC,,current,11.2404,1564894,878
2025-11-30,ACIU,,current,2.99,644191,878
2025-11-30,ACNB,,current,46.5555,761431,878
2025-11-30,ACNT,,current,14.17,730206,878
2025-11-30,ACOG,,current,6.02,608068,262
2025-11-30,ACRV,,current,2.36,839736,762
2025-11-30,ACTG,,current,3.74,517219,878
2025-11-30,ACU,,current,36.5996,358126,878
2025-11-30,ADV,,current,23.75,629082,878
2025-11-30,AEHL,,current,296.64,434177,878
2025-11-30,AEYE,,current,12.36,1242297,878
2025-11-30,AFCG,,current,2.8205,636186,878
2025-11-30,AFYA,,current,14.4988,1313053,878
2025-11-30,AGPU,,current,6.005,288712,878
2025-11-30,AISP,,current,3.68,3893453,878
2025-11-30,AKAN,,current,23.1982,298813,878
2025-11-30,ALCO,,current,34.6681,602582,878
2025-11-30,ALGS,,current,9.58,657233,878
2025-11-30,ALLT,,current,9.58,4046489,878
2025-11-30,ALTG,,current,4.88,1197054,878
2025-11-30,ALTI,,current,4.04,321236,878
2025-11-30,ALVO,,current,5.1,2546383,867
2025-11-30,AMBP,1845097,roster,3.5731,3914706,878
2025-11-30,AMPY,,current,5.5,4364240,878
2025-11-30,AMWL,,current,4.23,498725,878
2025-11-30,ANIK,,current,9.88,1017533,878
2025-11-30,ANIX,,current,4.59,583952,878
2025-11-30,ANY,,current,5.26,397263,878
2025-11-30,AOUT,,current,7.17,550407,878
2025-11-30,APYX,,current,4.01,267632,878
2025-11-30,ARDT,,current,8.78,4613418,344
2025-11-30,AREB,1648087,roster,2300.0,1595800,878
2025-11-30,AROW,,current,29.4195,989828,878
2025-11-30,ARQ,,current,3.72,1553727,878
2025-11-30,ARTNA,,current,30.6151,638483,878
2025-11-30,ARTV,,current,3.76,452137,343
2025-11-30,ASBP,,current,4.24,928194,878
2025-11-30,ASLE,,current,6.47,2931073,878
2025-11-30,ASNS,1141284,roster,3.103,470490,878
2025-11-30,ASUR,,current,8.0,733127,878
2025-11-30,ATLO,,current,21.0921,265833,878
2025-11-30,ATLX,,current,4.93,3045212,878
2025-11-30,ATNI,,current,20.4192,516729,878
2025-11-30,ATOM,,current,2.48,1393738,878
2025-11-30,ATRA,,current,15.1,693028,878
2025-11-30,ATS,,current,25.51,2584081,878
2025-11-30,AUDC,,current,8.5746,881762,878
2025-11-30,AUNA,,current,4.63,422336,424
2025-11-30,AURA,,current,6.6,1221509,878
2025-11-30,AVBH,,current,26.15,568290,878
2025-11-30,AVD,,current,4.66,882309,878
2025-11-30,AVIR,,current,3.1,993269,878
2025-11-30,AVNW,,current,22.11,2129713,878
2025-11-30,AXG,,current,3.65,3134331,560
2025-11-30,AZ,,current,6.99,2485239,878
2025-11-30,BALY,,current,17.45,1562319,245
2025-11-30,BARK,,current,14.3,679362,878
2025-11-30,BATRA,,current,43.57,2131364,878
2025-11-30,BBCP,,current,6.29,509521,878
2025-11-30,BBOT,,current,12.31,1790459,453
2025-11-30,BCAL,,current,19.1011,1797744,878
2025-11-30,BCBP,,current,7.8515,550903,878
2025-11-30,BCIC,,current,11.7655,577090,878
2025-11-30,BCML,,current,28.3323,400372,878
2025-11-30,BCSF,,current,12.8314,4638827,878
2025-11-30,BCTX,,current,9.73,578540,878
2025-11-30,BDSX,,current,8.28,445036,878
2025-11-30,BDTX,,current,3.82,3525302,878
2025-11-30,BGDE,,current,5.15,874427,878
2025-11-30,BHB,,current,29.0214,1453177,878
2025-11-30,BIRD,,current,4.4249,327659,878
2025-11-30,BKTI,,current,63.99,3384646,878
2025-11-30,BMRC,,current,26.3312,1462988,878
2025-11-30,BNAI,,current,3.94,348622,878
2025-11-30,BNED,,current,9.2911,1819203,878
2025-11-30,BNT,,current,46.8089,1035978,878
2025-11-30,BNTC,,current,12.96,673446,878
2025-11-30,BOC,,current,12.43,2050955,878
2025-11-30,BOOM,,current,6.21,1270818,878
2025-11-30,BPRN,,current,33.4605,253895,878
2025-11-30,BRBS,,current,3.7085,860586,878
2025-11-30,BRCC,,current,12.7,705399,878
2025-11-30,BSET,,current,14.9714,315941,878
2025-11-30,BSRR,,current,30.4246,909807,878
2025-11-30,BSVN,,current,40.6458,516796,878
2025-11-30,BVFL,,current,18.34,337036,878
2025-11-30,BWB,,current,17.31,1535974,878
2025-11-30,BWEN,,current,3.03,337399,878
2025-11-30,BWFG,,current,45.4044,1055817,878
2025-11-30,BWMN,,current,36.18,4182727,878
2025-11-30,BWMX,,current,13.5857,404656,878
2025-11-30,BXBL,,current,10.02,257139,202
2025-11-30,CAC,,current,39.4229,2217315,878
2025-11-30,CAMP,,current,3.8,426624,284
2025-11-30,CASS,,current,40.8759,2688913,878
2025-11-30,CATX,,current,2.35,3404251,878
2025-11-30,CBAN,,current,16.8551,723399,878
2025-11-30,CBIO,,current,15.05,952075,878
2025-11-30,CBNK,,current,27.4907,1209568,878
2025-11-30,CCAP,,current,12.9851,2495815,878
2025-11-30,CCBG,,current,41.152,1842400,878
2025-11-30,CCLD,,current,3.1,1284682,878
2025-11-30,CD,,current,9.64,2586712,878
2025-11-30,CDZI,,current,5.57,4210455,878
2025-11-30,CENT,,current,34.16,2187555,878
2025-11-30,CEPO,,current,10.403,1672781,225
2025-11-30,CETX,1435064,roster,32.6,662169,878
2025-11-30,CFBK,,current,23.6902,553731,878
2025-11-30,CFFI,,current,68.1235,268702,878
2025-11-30,CGNT,,current,8.4,2129454,878
2025-11-30,CHCI,,current,13.65,357742,878
2025-11-30,CHMG,,current,51.7819,337006,878
2025-11-30,CHPT,,current,8.19,4454144,878
2025-11-30,CIA,,current,5.96,606995,878
2025-11-30,CING,,current,3.73,571817,878
2025-11-30,CINT,,current,4.5,849771,878
2025-11-30,CION,,current,8.7912,2149678,878
2025-11-30,CIVB,,current,22.2724,1671895,878
2025-11-30,CLAR,,current,3.4912,396615,878
2025-11-30,CLNN,,current,10.36,614321,878
2025-11-30,CLW,,current,18.19,3505007,878
2025-11-30,CMRC,,current,4.59,3595096,878
2025-11-30,CMT,,current,18.9,437939,878
2025-11-30,CNL,,current,11.52,652711,878
2025-11-30,CNSY,,current,15.25,3718635,878
2025-11-30,CNTN,,current,2.6,963969,878
2025-11-30,CNVS,,current,2.52,427291,878
2025-11-30,CODA,,current,8.78,497069,878
2025-11-30,COFS,,current,29.5819,2682484,878
2025-11-30,COOK,,current,45.55,311411,878
2025-11-30,COYA,,current,6.51,759246,732
2025-11-30,CPSH,,current,3.44,545340,878
2025-11-30,CRBP,,current,11.54,3276424,878
2025-11-30,CRCT,,current,4.5394,3097682,878
2025-11-30,CRMT,,current,21.65,4173665,878
2025-11-30,CRNT,,current,2.04,1421130,878
2025-11-30,CRON,,current,2.47,3742094,878
2025-11-30,CRVO,,current,9.94,688787,878
2025-11-30,CSV,,current,42.9662,3148544,878
2025-11-30,CTKB,,current,5.65,3579628,878
2025-11-30,CTNM,,current,11.07,1368399,415
2025-11-30,CTOS,1709682,roster,6.39,4039127,878
2025-11-30,CURI,,current,4.3633,2296444,878
2025-11-30,CURR,,current,2.65,415633,312
2025-11-30,CVEO,,current,22.29,1358115,878
2025-11-30,CVRX,,current,9.81,1645229,878
2025-11-30,CWCO,,current,33.789,2926478,878
2025-11-30,CXAI,,current,23.1,444269,878
2025-11-30,CXDO,,current,6.98,741156,878
2025-11-30,CZFS,,current,54.5646,454923,878
2025-11-30,CZNC,,current,19.4471,714102,878
2025-11-30,DBGI,,current,289.6,886680,878
2025-11-30,DBI,,current,4.2205,2080993,878
2025-11-30,DCBO,,current,20.98,1845966,878
2025-11-30,DERM,,current,8.07,1024957,878
2025-11-30,DGICA,,current,19.5143,2144297,878
2025-11-30,DMAC,,current,8.63,2070468,878
2025-11-30,DMRC,,current,8.01,1399124,878
2025-11-30,DSGR,,current,27.76,1783094,878
2025-11-30,DSP,,current,10.61,2297643,878
2025-11-30,DTCX,,current,3.98,1134597,878
2025-11-30,DTIL,,current,5.44,651670,878
2025-11-30,DYNC,,current,10.25,2708404,244
2025-11-30,EAF,,current,14.42,3021848,878
2025-11-30,EBF,,current,16.8051,3032475,878
2025-11-30,EBMT,,current,16.2834,292137,878
2025-11-30,EFSI,,current,36.6791,310310,878
2025-11-30,EGAN,,current,10.42,4798674,878
2025-11-30,ELA,,current,11.53,446287,878
2025-11-30,ELE,,current,14.2483,323503,878
2025-11-30,ELMD,,current,26.77,1136863,878
2025-11-30,ELTX,,current,9.36,809496,878
2025-11-30,ELVA,,current,4.73,2841887,878
2025-11-30,ENTA,,current,14.12,3914010,878
2025-11-30,EPM,,current,3.6099,1146028,878
2025-11-30,EPRX,,current,6.21,300304,415
2025-11-30,EPSN,,current,4.6449,631790,878
2025-11-30,ESEA,,current,58.2175,1950791,878
2025-11-30,ESOA,,current,8.8775,1299396,878
2025-11-30,ESP,,current,38.5223,738170,878
2025-11-30,EVCM,,current,8.68,2153578,878
2025-11-30,EVEX,,current,3.94,4626419,878
2025-11-30,EVI,,current,20.44,410889,878
2025-11-30,EXOD,,current,16.52,2712000,878
2025-11-30,FABC,,current,3.35,438127,878
2025-11-30,FBIO,,current,2.82,1490407,878
2025-11-30,FBIZ,,current,51.3591,1282175,878
2025-11-30,FBLA,,current,12.65,763944,276
2025-11-30,FBYD,,current,20.42,425508,539
2025-11-30,FC,,current,15.72,1582655,878
2025-11-30,FCBC,,current,31.7225,1179816,878
2025-11-30,FCCO,,current,28.5721,663555,878
2025-11-30,FDBC,,current,42.625,260494,878
2025-11-30,FENC,,current,8.19,635286,878
2025-11-30,FF,,current,3.1835,619873,878
2025-11-30,FGNX,,current,15.9,2623331,878
2025-11-30,FHTX,,current,4.75,760538,878
2025-11-30,FIRY,,current,5.59,393486,878
2025-11-30,FLD,1889123,roster,3.25,581676,878
2025-11-30,FLGT,,current,29.58,4885517,878
2025-11-30,FLL,,current,2.69,430226,878
2025-11-30,FLWS,,current,3.41,2449375,878
2025-11-30,FLXS,,current,39.0177,1347393,878
2025-11-30,FMAO,,current,23.8839,411327,878
2025-11-30,FNKO,,current,3.16,3017868,878
2025-11-30,FNLC,,current,24.6524,414605,878
2025-11-30,FNWD,,current,37.6356,666961,878
2025-11-30,FOA,,current,23.96,2599509,878
2025-11-30,FOR,,current,25.52,3084339,878
2025-11-30,FORR,,current,7.19,870779,878
2025-11-30,FOSL,,current,3.01,1255139,878
2025-11-30,FPH,,current,6.2,827900,878
2025-11-30,FRAF,,current,52.5314,839837,878
2025-11-30,FRBA,,current,15.4714,661717,878
2025-11-30,FRD,,current,20.1861,354249,878
2025-11-30,FRPH,,current,23.31,1481267,878
2025-11-30,FRST,,current,11.0054,709411,878
2025-11-30,FSBW,,current,40.1186,467056,878
2025-11-30,FSTR,,current,26.98,650707,878
2025-11-30,FTCI,,current,9.43,387876,878
2025-11-30,FTW,,current,10.032,340696,294
2025-11-30,FUNC,,current,37.4499,591349,878
2025-11-30,FXHO,,current,58.5,788088,878
2025-11-30,FXNC,,current,24.0672,327245,878
2025-11-30,GAIN,,current,13.359,1808630,878
2025-11-30,GALT,,current,5.73,1309619,878
2025-11-30,GAME,,current,4.304,1250715,878
2025-11-30,GASS,,current,6.86,578566,878
2025-11-30,GBFH,,current,33.86,1531345,351
2025-11-30,GECC,,current,6.6614,924105,878
2025-11-30,GENC,,current,13.41,266135,878
2025-11-30,GEOS,,current,13.17,4125566,878
2025-11-30,GIC,,current,27.9127,3062058,878
2025-11-30,GLAD,,current,19.7725,4455170,878
2025-11-30,GLAS,,current,6.06,1009405,878
2025-11-30,GLRE,,current,13.21,1505764,878
2025-11-30,GLSI,,current,8.73,677071,878
2025-11-30,GNE,,current,14.2551,1690374,878
2025-11-30,GNLX,,current,5.56,1034196,714
2025-11-30,GRDX,,current,2.99,500117,878
2025-11-30,GRML,,current,23.75,540799,878
2025-11-30,GRNT,,current,4.819,2070945,878
2025-11-30,GRO,,current,2.49,1036481,251
2025-11-30,GSIT,,current,6.36,3198732,878
2025-11-30,GTE,,current,4.53,1664452,878
2025-11-30,GWH,1819438,roster,2.75,1723912,878
2025-11-30,GWRS,,current,8.3289,605074,878
2025-11-30,GYRE,,current,7.75,445192,878
2025-11-30,HBB,,current,15.5712,253242,878
2025-11-30,HBT,,current,23.646,680113,878
2025-11-30,HCKT,,current,17.9844,4094981,878
2025-11-30,HDSN,,current,6.8,2337904,878
2025-11-30,HGTY,,current,13.36,1626026,878
2025-11-30,HITI,,current,2.61,1696940,878
2025-11-30,HLLY,,current,4.26,1915973,878
2025-11-30,HOFT,,current,10.4415,291280,878
2025-11-30,HPK,,current,6.67,2788439,878
2025-11-30,HRZN,,current,5.7512,3405221,878
2025-11-30,HSHP,,current,8.2809,946118,669
2025-11-30,HURA,,current,2.0,440457,878
2025-11-30,HURC,,current,16.2,343694,878
2025-11-30,HVT,,current,22.8371,2040323,878
2025-11-30,HY,,current,27.8596,2303409,878
2025-11-30,HYPD,,current,4.51,4076346,878
2025-11-30,IBEX,,current,35.19,3832205,878
2025-11-30,ICCM,,current,21.66,484328,878
2025-11-30,IDN,,current,6.33,601623,878
2025-11-30,IGIC,,current,22.6936,1580153,878
2025-11-30,IHRT,,current,3.93,2153518,878
2025-11-30,III,,current,5.1751,1144390,878
2025-11-30,IMDX,,current,6.14,251369,878
2025-11-30,IMMR,,current,6.8685,2617324,878
2025-11-30,IMPP,,current,4.69,2481863,878
2025-11-30,IMUX,,current,7.12,1114558,878
2025-11-30,IMXI,,current,15.24,4492774,878
2025-11-30,INBK,,current,18.8961,1086370,878
2025-11-30,INDO,,current,2.75,745672,878
2025-11-30,INFU,,current,9.28,1911274,878
2025-11-30,INGN,,current,7.08,1411753,878
2025-11-30,INNV,,current,5.28,382487,878
2025-11-30,INR,,current,13.24,4107605,209
2025-11-30,INSE,,current,8.22,823477,878
2025-11-30,INSG,,current,10.93,4395410,878
2025-11-30,INTT,,current,8.06,290432,878
2025-11-30,IRD,,current,2.13,702275,878
2025-11-30,ISBA,,current,41.2235,276929,878
2025-11-30,ISOU,,current,8.73,737635,878
2025-11-30,ISTR,,current,24.4988,721974,878
2025-11-30,JAKK,,current,15.9103,1745520,878
2025-11-30,JILL,,current,15.4776,876044,878
2025-11-30,JMSB,,current,19.7433,277378,878
2025-11-30,JOUT,,current,40.1365,1572543,878
2025-11-30,JRVR,,current,5.8573,1011894,878
2025-11-30,JYNT,,current,8.42,749241,878
2025-11-30,KBDC,,current,14.2196,4319206,382
2025-11-30,KELYA,,current,8.4651,3584146,878
2025-11-30,KEN,,current,57.074,483927,878
2025-11-30,KGEI,,current,4.02,339458,878
2025-11-30,KIDS,,current,18.49,2836751,878
2025-11-30,KINS,,current,15.0769,1916639,878
2025-11-30,KLC,,current,3.98,4778450,286
2025-11-30,KLRS,,current,6.24,667413,878
2025-11-30,KMDA,,current,6.371,380722,878
2025-11-30,KNOP,,current,9.7767,749299,878
2025-11-30,KRMD,,current,5.92,273291,878
2025-11-30,KRNY,,current,6.6094,2089834,878
2025-11-30,KRO,,current,4.9592,1579070,878
2025-11-30,KWY,,current,13.0,750245,878
2025-11-30,LAKE,,current,15.18,1567794,878
2025-11-30,LAW,,current,7.16,835083,878
2025-11-30,LCNB,,current,15.0744,298112,878
2025-11-30,LE,,current,15.79,2680321,878
2025-11-30,LEGH,,current,19.93,2103051,878
2025-11-30,LFCR,,current,7.9,1172114,878
2025-11-30,LFVN,,current,6.663,1025181,878
2025-11-30,LGCY,,current,10.49,706777,295
2025-11-30,LIEN,,current,9.9544,302773,878
2025-11-30,LILA,,current,5.8967,1990858,878
2025-11-30,LMNR,,current,13.8061,897955,878
2025-11-30,LNSR,,current,10.18,504557,878
2025-11-30,LNZA,,current,14.24,272111,878
2025-11-30,LOCO,,current,10.91,2022838,878
2025-11-30,LODE,,current,3.58,3528912,878
2025-11-30,LTRN,,current,3.62,320198,878
2025-11-30,LUCK,,current,7.713,2029881,878
2025-11-30,LWAY,,current,24.79,2779711,878
2025-11-30,LXFR,,current,12.1772,1231819,878
2025-11-30,LYEL,,current,24.0,500853,878
2025-11-30,LZM,,current,3.91,774284,878
2025-11-30,MASS,,current,6.35,2607563,878
2025-11-30,MATV,,current,12.1183,4133736,878
2025-11-30,MBI,,current,7.55,1948710,878
2025-11-30,MCBS,,current,25.9798,938083,878
2025-11-30,MCFT,,current,18.48,2418895,878
2025-11-30,MCRB,,current,17.99,1858313,878
2025-11-30,MDWD,,current,17.92,1126196,878
2025-11-30,MDXG,,current,6.88,3857789,878
2025-11-30,MED,,current,10.97,1882807,878
2025-11-30,METCB,,current,12.2151,1748108,616
2025-11-30,MFIN,,current,9.5454,308602,878
2025-11-30,MG,,current,11.99,999437,878
2025-11-30,MIND,,current,9.53,2082303,878
2025-11-30,MLP,,current,15.85,305704,878
2025-11-30,MLR,,current,38.1819,2932615,878
2025-11-30,MMI,,current,29.0195,4049964,878
2025-11-30,MNSB,,current,19.2408,499317,878
2025-11-30,MOB,,current,7.08,3003721,819
2025-11-30,MPAA,,current,13.18,2211009,878
2025-11-30,MRBK,,current,15.6419,829129,878
2025-11-30,MSIF,,current,13.0565,2244586,211
2025-11-30,MTA,,current,7.4,3613168,878
2025-11-30,MTRX,,current,11.69,3148229,878
2025-11-30,MTW,,current,11.28,2421260,878
2025-11-30,MVBF,,current,26.4082,816319,878
2025-11-30,MX,,current,2.64,787694,878
2025-11-30,MYFW,,current,24.35,488453,878
2025-11-30,NATH,,current,91.3506,3257030,878
2025-11-30,NATR,,current,20.58,1226289,878
2025-11-30,NC,,current,47.2368,409111,878
2025-11-30,NCDL,,current,13.4871,2806205,464
2025-11-30,NCMI,,current,4.2308,1602498,878
2025-11-30,NCSM,,current,36.06,581282,878
2025-11-30,NECB,,current,20.6141,891501,878
2025-11-30,NEOV,,current,4.06,1424179,878
2025-11-30,NEWP,,current,2.75,1748108,878
2025-11-30,NEWT,,current,10.201,1894782,878
2025-11-30,NEXN,,current,6.47,3279609,878
2025-11-30,NGS,,current,30.649,1395089,878
2025-11-30,NMAD,,current,4.27,444226,878
2025-11-30,NOA,,current,14.0822,1335648,878
2025-11-30,NOTE,1823466,roster,2.35,924512,878
2025-11-30,NPCE,,current,16.36,1548956,878
2025-11-30,NRC,,current,16.5616,1249163,878
2025-11-30,NRDY,,current,20.1,525095,878
2025-11-30,NRIM,,current,24.1033,2554907,878
2025-11-30,NRXP,,current,2.45,1059046,878
2025-11-30,NSLR,,current,9.25,1780272,878
2025-11-30,NUS,,current,9.6012,4564846,878
2025-11-30,NVCT,,current,6.24,468294,878
2025-11-30,NWFL,,current,27.7579,431902,878
2025-11-30,NYAX,,current,44.34,334057,801
2025-11-30,OBIO,,current,5.32,887773,878
2025-11-30,OBT,,current,26.5155,581522,878
2025-11-30,OCC,,current,8.1,501312,878
2025-11-30,OCS,,current,19.0,1378425,878
2025-11-30,OEC,,current,5.0242,4124385,878
2025-11-30,OFIX,,current,16.09,3816408,878
2025-11-30,OFLX,,current,26.2239,698984,878
2025-11-30,OGG,,current,3.53,4468418,878
2025-11-30,OM,,current,4.56,2539313,878
2025-11-30,ONEW,,current,12.15,1605427,878
2025-11-30,ONIT,,current,44.55,1388252,878
2025-11-30,OPBK,,current,13.0937,405919,878
2025-11-30,OPRT,,current,5.17,2819898,878
2025-11-30,OPXS,,current,14.38,531371,878
2025-11-30,ORMP,,current,2.6569,275686,878
2025-11-30,ORN,,current,10.0,2332218,878
2025-11-30,ORRF,,current,34.9537,3608171,878
2025-11-30,OSUR,,current,2.38,1550564,878
2025-11-30,OWLT,,current,13.16,773467,878
2025-11-30,OZ,,current,58.5,334000,878
2025-11-30,PACK,,current,4.94,2470669,878
2025-11-30,PAL,,current,8.16,1234146,391
2025-11-30,PANL,,current,6.8018,840205,878
2025-11-30,PAYS,,current,5.21,2287764,878
2025-11-30,PBAM,,current,57.29,314002,878
2025-11-30,PBYI,,current,5.05,2245941,878
2025-11-30,PCB,,current,21.1557,475975,878
2025-11-30,PCYO,,current,11.38,512889,878
2025-11-30,PDEX,,current,36.44,1237507,878
2025-11-30,PDLB,,current,15.94,598745,878
2025-11-30,PEPG,,current,6.44,3306407,878
2025-11-30,PERI,,current,10.22,2225138,878
2025-11-30,PEW,,current,3.5,2687961,473
2025-11-30,PFIS,,current,47.3167,1095609,878
2025-11-30,PKBK,,current,22.4486,401752,878
2025-11-30,PKOH,,current,21.1439,499954,878
2025-11-30,PLBC,,current,42.6264,502731,878
2025-11-30,PLCE,,current,7.92,3805743,878
2025-11-30,PMTS,,current,13.51,636969,878
2025-11-30,PNNT,,current,5.1592,2713091,878
2025-11-30,PPIH,,current,25.7,2725745,878
2025-11-30,PRE,,current,14.55,1900818,878
2025-11-30,PROF,,current,6.6,345315,878
2025-11-30,PRPH,868278,roster,2.1,427118,878
2025-11-30,PRPO,,current,24.33,257088,878
2025-11-30,PRQR,,current,2.34,825349,878
2025-11-30,PRTH,,current,5.85,2957581,878
2025-11-30,PSBD,,current,11.1291,849754,469
2025-11-30,PSFE,,current,7.69,3134813,878
2025-11-30,PTHS,,current,28.4,481297,448
2025-11-30,PUSA,,current,4.48,1042212,201
2025-11-30,PYXS,,current,5.19,2228368,878
2025-11-30,QCLS,,current,3.58,1201245,878
2025-11-30,QNCX,,current,730.0,439478,878
2025-11-30,QNTM,,current,9.7,1117017,878
2025-11-30,QTRX,,current,7.26,2877120,878
2025-11-30,QUAD,,current,5.531,1022317,878
2025-11-30,QUIK,,current,6.3,1012749,878
2025-11-30,RAIL,,current,8.18,1115620,878
2025-11-30,RBB,,current,19.4049,721366,878
2025-11-30,RBOT,1812173,roster,3.01,301139,878
2025-11-30,RCEL,,current,3.7,791109,878
2025-11-30,RCKY,,current,29.8663,1455804,878
2025-11-30,RCMT,,current,19.58,805198,878
2025-11-30,RDCM,,current,13.1,609742,878
2025-11-30,RELL,,current,10.3301,551449,878
2025-11-30,RFIL,,current,6.22,759443,878
2025-11-30,RGC,,current,11.53,2207177,878
2025-11-30,RGP,,current,4.6046,1606649,878
2025-11-30,RICK,,current,24.1353,2609538,878
2025-11-30,RILY,,current,4.34,3481404,878
2025-11-30,RLGT,,current,6.24,1069196,878
2025-11-30,RM,,current,37.0514,1414573,878
2025-11-30,RMNI,,current,3.81,1135077,878
2025-11-30,RMR,,current,14.1168,1689856,878
2025-11-30,RNAC,,current,7.49,737190,878
2025-11-30,RNGR,,current,13.3615,1859575,878
2025-11-30,RPAY,,current,3.32,4687289,878
2025-11-30,RPC,,current,9.2495,4382479,878
2025-11-30,RRGB,,current,4.38,1296524,878
2025-11-30,RSVR,,current,7.62,389972,878
2025-11-30,RTB,,current,12.95,737938,878
2025-11-30,RVPH,1742927,roster,11.25,2469086,878
2025-11-30,RWAY,,current,7.9691,2014879,878
2025-11-30,SABS,,current,3.95,557606,878
2025-11-30,SAMG,,current,13.159,386042,878
2025-11-30,SAR,,current,20.5177,2008729,878
2025-11-30,SBSI,,current,28.3537,3404079,878
2025-11-30,SCLX,,current,12.6775,3507894,878
2025-11-30,SCM,,current,10.9394,2421220,878
2025-11-30,SCYX,,current,5.52,327152,878
2025-11-30,SCZM,,current,6.84,1568746,878
2025-11-30,SD,,current,13.6236,3140024,878
2025-11-30,SDHC,,current,19.42,1434564,473
2025-11-30,SEAT,,current,7.71,1540537,878
2025-11-30,SEG,,current,21.46,1452602,336
2025-11-30,SEGG,,current,10.29,358754,617
2025-11-30,SENS,,current,6.18,2870394,878
2025-11-30,SGC,,current,9.3754,370409,878
2025-11-30,SGHT,,current,8.36,459463,878
2025-11-30,SHBI,,current,17.1347,1976283,878
2025-11-30,SHIP,,current,10.1116,1106921,878
2025-11-30,SHMD,,current,4.85,370031,397
2025-11-30,SIGA,,current,5.3608,2647529,878
2025-11-30,SKIL,,current,9.99,1034124,878
2025-11-30,SKYH,,current,9.24,867224,878
2025-11-30,SLGL,,current,42.415,452377,878
2025-11-30,SLRC,,current,14.7126,3902210,878
2025-11-30,SLSR,,current,7.9,422447,878
2025-11-30,SMC,,current,25.04,1319189,878
2025-11-30,SMHI,,current,7.12,439104,878
2025-11-30,SMID,,current,34.82,294893,878
2025-11-30,SMP,,current,36.6309,4750386,878
2025-11-30,SMTI,,current,20.92,690524,878
2025-11-30,SMX,,current,684.7041,2189039,878
2025-11-30,SNBRQ,827187,roster,5.1,3372316,878
2025-11-30,SNWV,,current,33.92,2716353,279
2025-11-30,SOPH,,current,4.92,328649,878
2025-11-30,SPAI,,current,5.04,1712078,315
2025-11-30,SPCB,,current,9.27,943204,878
2025-11-30,SPOK,,current,12.1997,1641165,878
2025-11-30,SRBK,,current,15.2491,383152,551
2025-11-30,SRG,,current,3.74,468884,878
2025-11-30,SRI,,current,5.71,1159915,878
2025-11-30,SSP,,current,3.1805,1447044,878
2025-11-30,SSTI,,current,6.22,927686,878
2025-11-30,STAI,1994624,roster,8.396,738594,227
2025-11-30,STFS,,current,5.92,664219,284
2025-11-30,STI,,current,10.92,1076677,878
2025-11-30,SVCO,,current,4.55,597558,391
2025-11-30,SWIM,,current,7.15,3700566,878
2025-11-30,TAOX,,current,7.58,2017701,878
2025-11-30,TARA,,current,7.38,2214672,878
2025-11-30,TASK,,current,7.4752,3541331,878
2025-11-30,TBCH,,current,13.88,3157032,878
2025-11-30,TBI,,current,4.9,986003,878
2025-11-30,TBN,,current,23.79,944608,358
2025-11-30,TCBX,,current,38.11,2135995,878
2025-11-30,TCPC,,current,5.2176,3162430,878
2025-11-30,TCX,,current,21.67,319208,878
2025-11-30,TG,,current,7.8,789795,878
2025-11-30,TIPT,,current,18.5811,3720320,878
2025-11-30,TITN,,current,18.52,3187741,878
2025-11-30,TKNO,,current,4.68,1010446,878
2025-11-30,TLSI,,current,6.87,494369,878
2025-11-30,TMCI,,current,2.98,1849579,878
2025-11-30,TONX,,current,3.41,3601379,878
2025-11-30,TPVG,,current,5.7238,1782469,878
2025-11-30,TRAK,,current,13.3927,788208,878
2025-11-30,TRC,,current,16.23,1541948,878
2025-11-30,TRDA,,current,10.27,1450274,878
2025-11-30,TSBK,,current,33.4866,389790,878
2025-11-30,TSQ,,current,4.4796,309033,878
2025-11-30,TTAM,,current,16.1257,2824264,204
2025-11-30,TTGT,,current,5.23,2683729,878
2025-11-30,TWFG,,current,28.41,2671701,344
2025-11-30,TWI,,current,8.09,3845536,878
2025-11-30,TWIN,,current,15.4493,511143,878
2025-11-30,TZOO,,current,7.11,908611,878
2025-11-30,UIS,,current,2.68,1998900,878
2025-11-30,ULH,,current,14.6457,799151,878
2025-11-30,UNTY,,current,49.4388,1661654,878
2025-11-30,USCB,,current,17.4592,392552,878
2025-11-30,USGO,,current,9.87,730993,656
2025-11-30,USNA,,current,19.85,4272502,878
2025-11-30,UTMD,,current,55.5184,472428,878
2025-11-30,VBNK,,current,12.0771,552139,878
2025-11-30,VEL,,current,19.33,1176636,878
2025-11-30,VERU,,current,2.48,424450,878
2025-11-30,VFS,,current,3.24,1854480,878
2025-11-30,VINP,,current,11.7267,483967,878
2025-11-30,VIVO,,current,2.63,2133731,878
2025-11-30,VLGEA,,current,33.9175,1514790,878
2025-11-30,VMD,,current,6.91,1049360,878
2025-11-30,VNCE,,current,2.53,431291,878
2025-11-30,VNDA,,current,5.36,2782707,878
2025-11-30,VOXR,,current,4.7471,2131924,878
2025-11-30,VRA,,current,2.84,414301,878
2025-11-30,VREX,,current,11.57,3078022,878
2025-11-30,VYGR,,current,4.09,2774642,878
2025-11-30,WATT,,current,6.255,358008,878
2025-11-30,WEST,,current,4.35,2299943,878
2025-11-30,WEYS,,current,29.2985,297812,878
2025-11-30,WHF,,current,6.5407,845008,878
2025-11-30,WHWK,,current,2.34,369687,878
2025-11-30,WKHS,,current,10.656,1108219,878
2025-11-30,WLDS,,current,17.37,1561310,807
2025-11-30,WNEB,,current,12.0546,494948,878
2025-11-30,WOK,,current,60900.0,495750,318
2025-11-30,WRN,,current,2.45,2015789,878
2025-11-30,WSBF,,current,15.2448,687171,878
2025-11-30,WTBA,,current,21.5798,699197,878
2025-11-30,WYY,,current,6.87,307105,878
2025-11-30,XFOR,,current,3.64,1638337,878
2025-11-30,XGN,,current,7.9,2356842,878
2025-11-30,XPER,,current,5.79,3021975,802
2025-11-30,XPOF,,current,6.64,3674681,878
2025-11-30,YARW,,current,10.8659,288151,878
2025-11-30,YORW,,current,31.9377,2539025,878
2025-11-30,ZIP,,current,4.75,3590955,878
2025-11-30,ZSQR,,current,18.73,663579,878
2025-11-30,ZUMZ,,current,26.0,4059837,878
2025-11-30,ZURA,,current,3.84,1559218,677
2025-12-31,AARD,,current,13.225,2078593,221
2025-12-31,ACCO,,current,3.5127,2310812,899
2025-12-31,ACEL,,current,11.49,3382078,899
2025-12-31,ACET,,current,7.93,1548298,899
2025-12-31,ACIC,,current,11.8142,1475135,899
2025-12-31,ACIU,,current,3.15,849811,899
2025-12-31,ACNB,,current,46.9239,902660,899
2025-12-31,ACNT,,current,16.55,854326,899
2025-12-31,ACOG,,current,6.6,557137,283
2025-12-31,ACRV,,current,2.44,868203,783
2025-12-31,ACTG,,current,3.73,577012,899
2025-12-31,ACU,,current,39.9331,316208,899
2025-12-31,ADV,,current,21.45,524345,899
2025-12-31,AEHL,,current,209.28,434177,899
2025-12-31,AEYE,,current,10.26,1119435,899
2025-12-31,AFCG,,current,2.7819,576623,899
2025-12-31,AFYA,,current,14.4222,1148684,899
2025-12-31,AGPU,,current,7.25,294721,899
2025-12-31,AIIO,,current,6.06,3572448,899
2025-12-31,AISP,,current,2.95,3122159,899
2025-12-31,AKAN,,current,10.5856,470528,899
2025-12-31,ALCO,,current,36.3816,780557,899
2025-12-31,ALGS,,current,9.12,630405,899
2025-12-31,ALLT,,current,9.74,3449589,899
2025-12-31,ALTG,,current,4.68,982366,899
2025-12-31,ALTI,,current,4.61,341278,899
2025-12-31,ALVO,,current,5.05,2859339,888
2025-12-31,AMBP,1845097,roster,3.9066,3914884,899
2025-12-31,AMCI,,current,8.76,270539,736
2025-12-31,AMPY,,current,4.63,3864739,899
2025-12-31,AMWL,,current,4.8,496903,899
2025-12-31,ANIK,,current,9.55,1283678,899
2025-12-31,ANIX,,current,3.12,822148,899
2025-12-31,ANY,,current,3.19,266066,899
2025-12-31,AOUT,,current,8.03,563219,899
2025-12-31,APYX,,current,3.44,328428,899
2025-12-31,ARDT,,current,9.04,4763881,365
2025-12-31,AREB,1648087,roster,1398.0,1056810,899
2025-12-31,ARMP,,current,6.24,291577,899
2025-12-31,AROW,,current,30.7758,1466314,899
2025-12-31,ARQ,,current,3.23,1489815,899
2025-12-31,ARTNA,,current,30.8775,654006,899
2025-12-31,ARTV,,current,4.18,712833,364
2025-12-31,ASBP,,current,5.68,1106316,899
2025-12-31,ASLE,,current,7.11,2464878,899
2025-12-31,ASUR,,current,9.43,712309,899
2025-12-31,ATLO,,current,22.3896,374026,899
2025-12-31,ATLX,,current,4.46,2889921,899
2025-12-31,ATNI,,current,22.7235,876993,899
2025-12-31,ATOM,,current,2.19,1191002,899
2025-12-31,ATRA,,current,17.88,907051,899
2025-12-31,ATS,,current,27.8,2524515,899
2025-12-31,AUDC,,current,8.3364,814453,899
2025-12-31,AUNA,,current,4.88,445469,445
2025-12-31,AURA,,current,5.49,1088137,899
2025-12-31,AVBH,,current,26.89,653580,899
2025-12-31,AVD,,current,3.86,824327,899
2025-12-31,AVIR,,current,3.55,1174040,899
2025-12-31,AVNW,,current,21.33,1982437,899
2025-12-31,AXG,,current,4.12,2999227,581
2025-12-31,AZ,,current,6.43,2198687,899
2025-12-31,BALY,,current,16.22,1714353,266
2025-12-31,BARK,,current,11.66,673728,899
2025-12-31,BATRA,,current,42.61,2131258,899
2025-12-31,BBCP,,current,6.98,512208,899
2025-12-31,BBOT,,current,12.37,1687232,474
2025-12-31,BCAL,,current,18.687,2301673,899
2025-12-31,BCBP,,current,8.0185,593769,899
2025-12-31,BCIC,,current,10.6909,665710,899
2025-12-31,BCML,,current,28.9521,481512,899
2025-12-31,BCSF,,current,12.8586,4638827,899
2025-12-31,BCTX,,current,7.59,569892,899
2025-12-31,BDSX,,current,6.72,386987,899
2025-12-31,BDTX,,current,2.49,3216076,899
2025-12-31,BGDE,,current,4.46,1262170,899
2025-12-31,BHB,,current,30.8693,1641137,899
2025-12-31,BIRD,,current,3.5592,330006,899
2025-12-31,BKTI,,current,74.88,2981101,899
2025-12-31,BMRC,,current,25.6695,1713177,899
2025-12-31,BNAI,,current,2.13,488267,899
2025-12-31,BNC,,current,6.5,4156509,899
2025-12-31,BNED,,current,9.3011,1758625,899
2025-12-31,BNT,,current,46.4201,957961,899
2025-12-31,BNTC,,current,13.93,1957028,899
2025-12-31,BOC,,current,12.21,2227324,899
2025-12-31,BODI,,current,10.29,397611,899
2025-12-31,BOOM,,current,6.8,1111199,899
2025-12-31,BPRN,,current,34.8129,266507,899
2025-12-31,BRBS,,current,3.5629,957214,899
2025-12-31,BRCC,,current,11.3,660669,899
2025-12-31,BSET,,current,16.2922,309459,899
2025-12-31,BSRR,,current,32.1094,1204983,899
2025-12-31,BSVN,,current,40.5325,399978,899
2025-12-31,BVFL,,current,18.03,310350,899
2025-12-31,BWB,,current,17.68,1479443,899
2025-12-31,BWEN,,current,2.87,470344,899
2025-12-31,BWFG,,current,46.1068,1051403,899
2025-12-31,BWMN,,current,33.75,4170155,899
2025-12-31,BWMX,,current,13.3875,370247,899
2025-12-31,BXBL,,current,10.03,340000,223
2025-12-31,CAC,,current,42.6984,2511158,899
2025-12-31,CAMP,,current,5.89,402109,305
2025-12-31,CASS,,current,41.1515,3326210,899
2025-12-31,CATX,,current,2.74,3891297,899
2025-12-31,CBAN,,current,17.5726,913731,899
2025-12-31,CBIO,,current,11.6,870700,899
2025-12-31,CBNK,,current,28.0247,1286376,899
2025-12-31,CCAP,,current,13.1752,2385877,899
2025-12-31,CCBG,,current,41.9818,2031657,899
2025-12-31,CCLD,,current,2.94,991451,899
2025-12-31,CD,,current,5.03,1883143,899
2025-12-31,CDZI,,current,5.64,4297121,899
2025-12-31,CENT,,current,32.28,2082071,899
2025-12-31,CEPO,,current,10.4,1739102,246
2025-12-31,CETX,1435064,roster,29.8,845876,899
2025-12-31,CFBK,,current,24.7801,585895,899
2025-12-31,CFFI,,current,69.8756,259114,899
2025-12-31,CGNT,,current,9.3,2192550,899
2025-12-31,CHCI,,current,11.33,314098,899
2025-12-31,CHMG,,current,55.1687,322676,899
2025-12-31,CHPT,,current,6.73,4141876,899
2025-12-31,CIA,,current,5.16,561728,899
2025-12-31,CING,,current,4.2,553265,899
2025-12-31,CINT,,current,4.24,656503,899
2025-12-31,CION,,current,8.7284,2687792,899
2025-12-31,CIVB,,current,22.145,1832491,899
2025-12-31,CLAR,,current,3.2474,442721,899
2025-12-31,CLNN,,current,5.96,692562,899
2025-12-31,CLW,,current,17.57,3230608,899
2025-12-31,CMRC,,current,4.14,3310745,899
2025-12-31,CMT,,current,20.16,356060,899
2025-12-31,CNL,,current,15.01,601655,899
2025-12-31,CNSY,,current,13.5,3151951,899
2025-12-31,CNTN,,current,2.99,833720,899
2025-12-31,CNVS,,current,2.04,327675,899
2025-12-31,CODA,,current,9.28,448176,899
2025-12-31,COFS,,current,28.9118,3567596,899
2025-12-31,COOK,,current,52.0,358075,899
2025-12-31,COYA,,current,5.54,1009682,753
2025-12-31,CPSH,,current,3.13,445481,899
2025-12-31,CRBP,,current,8.01,3442970,899
2025-12-31,CRCT,,current,4.7788,2441145,899
2025-12-31,CRMT,,current,26.36,3939622,899
2025-12-31,CRNT,,current,2.08,1258797,899
2025-12-31,CRON,,current,2.62,3514773,899
2025-12-31,CRVO,,current,7.98,521704,899
2025-12-31,CSV,,current,42.7379,2882582,899
2025-12-31,CTKB,,current,5.04,4781402,899
2025-12-31,CTNM,,current,11.4,1343197,436
2025-12-31,CTOS,1709682,roster,5.79,4091965,899
2025-12-31,CURI,,current,3.5155,2286548,899
2025-12-31,CVEO,,current,23.1,1163303,899
2025-12-31,CVRX,,current,7.18,1634165,899
2025-12-31,CVU,,current,3.77,327543,899
2025-12-31,CWCO,,current,35.3585,2719901,899
2025-12-31,CXAI,,current,15.5,427814,899
2025-12-31,CXDO,,current,6.61,777134,899
2025-12-31,CYCU,,current,22.56,1074781,219
2025-12-31,CZFS,,current,55.4085,452189,899
2025-12-31,CZNC,,current,19.5436,879941,899
2025-12-31,CZWI,,current,17.5188,283036,899
2025-12-31,DBGI,,current,459.6,839190,899
2025-12-31,DBI,,current,7.8435,2558976,899
2025-12-31,DCBO,,current,22.35,1726652,899
2025-12-31,DERM,,current,7.62,1230422,899
2025-12-31,DGICA,,current,19.4367,2116214,899
2025-12-31,DIBS,,current,5.99,984386,899
2025-12-31,DMAC,,current,8.05,2159673,899
2025-12-31,DMRC,,current,6.51,1359816,899
2025-12-31,DSGR,,current,28.3,1672458,899
2025-12-31,DSP,,current,11.87,2257554,899
2025-12-31,DTCX,,current,2.82,867371,899
2025-12-31,DTIL,,current,4.42,881692,899
2025-12-31,DYNC,,current,10.28,2009126,265
2025-12-31,EAF,,current,15.57,2839197,899
2025-12-31,EBF,,current,17.6627,3477106,899
2025-12-31,EBMT,,current,19.5695,368778,899
2025-12-31,EFSI,,current,38.7683,374835,899
2025-12-31,ELA,,current,12.53,605554,899
2025-12-31,ELAB,,current,355.2,297421,528
2025-12-31,ELE,,current,16.6196,958889,899
2025-12-31,ELMD,,current,28.83,1136863,899
2025-12-31,ELTX,,current,7.91,834469,899
2025-12-31,ELVA,,current,7.74,2994625,899
2025-12-31,EMPD,,current,4.46,4860605,899
2025-12-31,ENTA,,current,15.9,4516953,899
2025-12-31,EPM,,current,3.3499,1341331,899
2025-12-31,EPRX,,current,7.59,461759,436
2025-12-31,EPSN,,current,4.5964,595503,899
2025-12-31,ESEA,,current,53.7605,1818633,899
2025-12-31,ESOA,,current,7.9352,1404854,899
2025-12-31,ESP,,current,46.5441,606348,899
2025-12-31,EVCM,,current,12.14,2345581,899
2025-12-31,EVEX,,current,3.99,4881590,899
2025-12-31,EVI,,current,26.3,388950,899
2025-12-31,EXOD,,current,14.78,2146933,899
2025-12-31,FABC,,current,2.72,327526,899
2025-12-31,FBIO,,current,3.58,998187,899
2025-12-31,FBIZ,,current,53.8179,1282175,899
2025-12-31,FBLA,,current,12.9,1151718,297
2025-12-31,FBYD,,current,16.29,798184,560
2025-12-31,FC,,current,16.91,1782282,899
2025-12-31,FCBC,,current,31.9788,1286970,899
2025-12-31,FCCO,,current,29.281,736473,899
2025-12-31,FDBC,,current,42.8781,273654,899
2025-12-31,FENC,,current,7.76,736036,899
2025-12-31,FF,,current,3.1322,620200,899
2025-12-31,FGNX,,current,13.95,2856333,899
2025-12-31,FHTX,,current,5.15,796619,899
2025-12-31,FIRY,,current,4.34,367200,899
2025-12-31,FLD,1889123,roster,2.6,368379,899
2025-12-31,FLL,,current,2.6,460887,899
2025-12-31,FLWS,,current,3.95,2664217,899
2025-12-31,FLXS,,current,38.7932,1106628,899
2025-12-31,FMAO,,current,24.4897,402921,899
2025-12-31,FNKO,,current,3.38,2435059,899
2025-12-31,FNLC,,current,25.5869,385185,899
2025-12-31,FNWD,,current,35.1912,774718,899
2025-12-31,FOA,,current,23.82,2130639,899
2025-12-31,FOR,,current,24.82,3165761,899
2025-12-31,FORR,,current,7.65,771711,899
2025-12-31,FOSL,,current,3.88,1556991,899
2025-12-31,FPH,,current,5.53,827900,899
2025-12-31,FRAF,,current,49.5764,1364350,899
2025-12-31,FRBA,,current,16.2489,725751,899
2025-12-31,FRD,,current,20.8128,339012,899
2025-12-31,FRPH,,current,22.83,1550813,899
2025-12-31,FRST,,current,12.8381,692905,899
2025-12-31,FSBW,,current,40.5203,457420,899
2025-12-31,FSTR,,current,27.3,562872,899
2025-12-31,FTCI,,current,10.8,572854,899
2025-12-31,FTW,,current,10.0705,399243,315
2025-12-31,FUNC,,current,37.3617,637985,899
2025-12-31,FVCB,,current,13.7089,254924,899
2025-12-31,FXHO,,current,31.65,417730,899
2025-12-31,FXNC,,current,24.9022,379239,899
2025-12-31,GAIN,,current,13.2639,1759678,899
2025-12-31,GALT,,current,4.08,1723254,899
2025-12-31,GAME,,current,3.2,808945,899
2025-12-31,GASS,,current,7.06,563787,899
2025-12-31,GBFH,,current,34.03,1565667,372
2025-12-31,GECC,,current,6.2989,683893,899
2025-12-31,GENC,,current,12.93,263949,899
2025-12-31,GEOS,,current,17.41,4196232,899
2025-12-31,GFR,,current,4.75,493270,899
2025-12-31,GIC,,current,29.014,2693581,899
2025-12-31,GLAD,,current,19.3543,3577441,899
2025-12-31,GLAS,,current,9.01,1163658,899
2025-12-31,GLRE,,current,14.5,1667083,899
2025-12-31,GLSI,,current,21.92,745023,899
2025-12-31,GNE,,current,13.7628,1469425,899
2025-12-31,GNLX,,current,4.34,945438,735
2025-12-31,GRDX,,current,4.13,262200,899
2025-12-31,GRML,,current,15.1,340762,899
2025-12-31,GRNT,,current,4.4915,2328881,899
2025-12-31,GTE,,current,4.3,1927659,899
2025-12-31,GTN,,current,4.6918,4793643,899
2025-12-31,GWRS,,current,8.2949,682685,899
2025-12-31,GYRE,,current,7.02,460256,899
2025-12-31,HBB,,current,16.0433,281215,899
2025-12-31,HBT,,current,25.4048,713817,899
2025-12-31,HCKT,,current,19.4157,4918082,899
2025-12-31,HDSN,,current,6.85,2511474,899
2025-12-31,HGTY,,current,13.41,1367169,899
2025-12-31,HIPO,,current,30.32,4880328,899
2025-12-31,HITI,,current,2.62,1339322,899
2025-12-31,HLLY,,current,4.24,2167558,899
2025-12-31,HOFT,,current,10.8207,288266,899
2025-12-31,HPK,,current,4.75,3208202,899
2025-12-31,HRZN,,current,5.5518,3370828,899
2025-12-31,HSDT,,current,2.63,3012435,899
2025-12-31,HSHP,,current,8.3177,887193,690
2025-12-31,HURC,,current,15.58,363695,899
2025-12-31,HVII,,current,10.335,338169,226
2025-12-31,HVT,,current,22.674,2121375,899
2025-12-31,HY,,current,28.8685,2952850,899
2025-12-31,HYPD,,current,3.37,1849392,899
2025-12-31,IBEX,,current,38.5,3282232,899
2025-12-31,ICCM,,current,18.3,319726,899
2025-12-31,IDN,,current,6.72,815980,899
2025-12-31,IGIC,,current,23.9304,1214199,899
2025-12-31,IHRT,,current,4.25,2959226,899
2025-12-31,III,,current,5.5842,1323671,899
2025-12-31,IMDX,,current,7.0,255146,899
2025-12-31,IMMR,,current,6.5594,3119973,899
2025-12-31,IMPP,,current,3.6,2939568,899
2025-12-31,IMUX,,current,5.1,982820,899
2025-12-31,IMXI,,current,15.35,3581113,899
2025-12-31,INBK,,current,20.1062,1216760,899
2025-12-31,INDO,,current,3.0,726466,899
2025-12-31,INFU,,current,8.91,1309269,899
2025-12-31,INGN,,current,6.72,1142407,899
2025-12-31,INNV,,current,5.26,753127,899
2025-12-31,INR,,current,15.2,4029834,230
2025-12-31,INSE,,current,9.46,855381,899
2025-12-31,INSG,,current,10.42,3063067,899
2025-12-31,INTG,,current,27.38,392495,899
2025-12-31,INTT,,current,7.42,289858,899
2025-12-31,ISBA,,current,49.613,423497,899
2025-12-31,ISOU,,current,8.94,613050,899
2025-12-31,ISTR,,current,26.5733,844360,899
2025-12-31,JAKK,,current,16.2202,1647219,899
2025-12-31,JELD,,current,2.4,4011792,899
2025-12-31,JFB,,current,7.075,796962,207
2025-12-31,JILL,,current,13.8292,860357,899
2025-12-31,JMSB,,current,19.7828,326721,899
2025-12-31,JOUT,,current,42.6334,1678346,899
2025-12-31,JRVR,,current,6.3739,1075131,899
2025-12-31,JYNT,,current,8.78,733252,899
2025-12-31,KAZR,,current,3.0,901659,217
2025-12-31,KBDC,,current,13.4673,4073365,403
2025-12-31,KE,,current,28.58,4694120,899
2025-12-31,KELYA,,current,8.612,3607096,899
2025-12-31,KEN,,current,63.9023,525176,899
2025-12-31,KGEI,,current,4.04,300429,899
2025-12-31,KIDS,,current,17.96,2902653,899
2025-12-31,KINS,,current,16.8897,1969914,899
2025-12-31,KLC,,current,4.36,4281489,307
2025-12-31,KLRS,,current,8.38,738794,899
2025-12-31,KMDA,,current,6.7609,399179,899
2025-12-31,KNOP,,current,10.2005,881202,899
2025-12-31,KRMD,,current,5.69,582471,899
2025-12-31,KRNT,,current,14.33,4907697,899
2025-12-31,KRNY,,current,7.1674,2238263,899
2025-12-31,KRO,,current,4.3625,1413091,899
2025-12-31,KRRO,,current,7.9,4035800,899
2025-12-31,KWY,,current,13.78,791460,899
2025-12-31,LAKE,,current,8.49,1780219,899
2025-12-31,LAW,,current,7.82,1026300,899
2025-12-31,LCNB,,current,15.9894,331498,899
2025-12-31,LE,,current,14.6,2380157,899
2025-12-31,LEGH,,current,19.82,2156237,899
2025-12-31,LFCR,,current,8.09,1091748,899
2025-12-31,LFMD,,current,3.49,4479856,899
2025-12-31,LFVN,,current,5.9064,972933,899
2025-12-31,LGCY,,current,10.0,551149,316
2025-12-31,LILA,,current,5.0272,2310000,899
2025-12-31,LMNR,,current,12.47,931988,899
2025-12-31,LNSR,,current,11.63,504590,899
2025-12-31,LOCO,,current,10.5,2564570,899
2025-12-31,LODE,,current,3.99,3415105,899
2025-12-31,LTRN,,current,3.06,256782,899
2025-12-31,LUCK,,current,8.5612,2009247,899
2025-12-31,LUNG,,current,2.28,1563558,899
2025-12-31,LWAY,,current,23.89,1857415,899
2025-12-31,LXFR,,current,13.4145,1288205,899
2025-12-31,LYEL,,current,31.59,823335,899
2025-12-31,LZM,,current,4.3,743058,899
2025-12-31,MASS,,current,5.21,2472247,899
2025-12-31,MATV,,current,12.1571,3424876,899
2025-12-31,MBI,,current,7.13,1958055,899
2025-12-31,MCBS,,current,25.97,1115457,899
2025-12-31,MCFT,,current,19.22,2276443,899
2025-12-31,MCRB,,current,14.44,1604289,899
2025-12-31,MDWD,,current,18.26,1022252,899
2025-12-31,MED,,current,10.54,2239285,899
2025-12-31,METCB,,current,11.5316,1714172,637
2025-12-31,MFIN,,current,9.9295,349348,899
2025-12-31,MG,,current,12.8,1522539,899
2025-12-31,MIND,,current,8.72,2335159,899
2025-12-31,MLP,,current,16.99,364364,899
2025-12-31,MLR,,current,37.8109,2681426,899
2025-12-31,MNSB,,current,20.1392,538697,899
2025-12-31,MOB,,current,5.99,2072717,840
2025-12-31,MOVE,,current,5.8247,343032,899
2025-12-31,MPAA,,current,12.51,1956319,899
2025-12-31,MRBK,,current,17.2864,835942,899
2025-12-31,MSIF,,current,12.2301,2817913,232
2025-12-31,MTA,,current,7.77,3810587,899
2025-12-31,MTRX,,current,11.84,2731686,899
2025-12-31,MTW,,current,12.17,2533112,899
2025-12-31,MVBF,,current,25.9957,1135250,899
2025-12-31,MX,,current,2.61,878017,899
2025-12-31,MYFW,,current,25.55,491970,899
2025-12-31,NATH,,current,92.519,3746392,899
2025-12-31,NATR,,current,21.55,1594853,899
2025-12-31,NC,,current,48.3127,481081,899
2025-12-31,NCDL,,current,12.5861,2825917,485
2025-12-31,NCMI,,current,3.7793,1436033,899
2025-12-31,NCSM,,current,41.15,473837,899
2025-12-31,NDLS,,current,5.52,364925,899
2025-12-31,NECB,,current,22.1825,931764,899
2025-12-31,NEOV,,current,3.05,1041776,899
2025-12-31,NEWP,,current,3.55,2267805,899
2025-12-31,NEWT,,current,11.012,2202449,899
2025-12-31,NEXN,,current,6.61,2602282,899
2025-12-31,NGEN,,current,5.1,331555,899
2025-12-31,NGS,,current,33.6377,1811918,899
2025-12-31,NKSH,,current,32.9015,260203,899
2025-12-31,NMAD,,current,3.9,365939,899
2025-12-31,NNNN,,current,29.99,699582,218
2025-12-31,NOA,,current,14.0233,1542451,899
2025-12-31,NPB,,current,16.8615,2429273,219
2025-12-31,NPCE,,current,15.47,2396287,899
2025-12-31,NRC,,current,18.3357,1292235,899
2025-12-31,NRDY,,current,16.05,834477,899
2025-12-31,NRIM,,current,26.2488,2554907,899
2025-12-31,NRXP,,current,2.63,1083579,899
2025-12-31,NSLR,,current,9.55,1626569,899
2025-12-31,NUS,,current,9.4265,4246623,899
2025-12-31,NVCT,,current,7.38,505600,899
2025-12-31,NWFL,,current,27.4093,570049,899
2025-12-31,NXDR,,current,2.21,3797877,899
2025-12-31,NXTC,,current,13.98,331289,899
2025-12-31,NYAX,,current,49.701,277720,822
2025-12-31,OBIO,,current,4.14,1017504,899
2025-12-31,OBT,,current,28.0597,585129,899
2025-12-31,OCC,,current,4.54,555296,899
2025-12-31,OCS,,current,19.93,1910056,899
2025-12-31,OEC,,current,5.222,3678857,899
2025-12-31,OESX,,current,15.0,522984,899
2025-12-31,OFIX,,current,15.33,3313706,899
2025-12-31,OFLX,,current,28.8051,818859,899
2025-12-31,OKUR,,current,2.85,275230,899
2025-12-31,OM,,current,3.62,2520256,899
2025-12-31,ONEW,,current,10.65,1877732,899
2025-12-31,ONIT,,current,45.86,1301748,899
2025-12-31,OPBK,,current,13.8628,428362,899
2025-12-31,OPRT,,current,5.35,1990878,899
2025-12-31,OPRX,,current,12.39,3809896,899
2025-12-31,OPTX,,current,3.01,349417,899
2025-12-31,OPXS,,current,14.11,615347,899
2025-12-31,ORMP,,current,2.6196,319068,899
2025-12-31,ORN,,current,10.13,2255395,899
2025-12-31,OSUR,,current,2.47,1550564,899
2025-12-31,OVBC,,current,39.23,313939,899
2025-12-31,OWLT,,current,16.03,2395702,899
2025-12-31,OZ,,current,65.23,382892,899
2025-12-31,PACK,,current,5.51,2057688,899
2025-12-31,PAL,,current,9.83,1388870,412
2025-12-31,PANL,,current,6.7237,1484906,899
2025-12-31,PAVS,,current,2172.0,263760,899
2025-12-31,PAYS,,current,5.15,1729788,899
2025-12-31,PBYI,,current,6.01,2233995,899
2025-12-31,PCB,,current,20.9998,506820,899
2025-12-31,PCYO,,current,11.0,519938,899
2025-12-31,PDEX,,current,38.6,1287097,899
2025-12-31,PDLB,,current,16.43,883105,899
2025-12-31,PEPG,,current,6.42,3203674,899
2025-12-31,PERI,,current,9.6,2365958,899
2025-12-31,PEW,,current,3.09,1850629,494
2025-12-31,PFIS,,current,47.5301,1006479,899
2025-12-31,PKBK,,current,24.5964,439105,899
2025-12-31,PKOH,,current,20.423,521850,899
2025-12-31,PLBC,,current,43.8734,489474,899
2025-12-31,PLCE,,current,4.04,3075535,899
2025-12-31,PLRZ,,current,8.215,348203,293
2025-12-31,PLTK,,current,4.02,4884431,899
2025-12-31,PMTS,,current,14.69,675840,899
2025-12-31,PNNT,,current,5.1186,2971167,899
2025-12-31,PPIH,,current,30.99,2182214,899
2025-12-31,PRE,,current,15.74,1949048,899
2025-12-31,PRLD,,current,2.84,592255,899
2025-12-31,PROF,,current,7.33,478720,899
2025-12-31,PRQR,,current,2.0,1090019,899
2025-12-31,PRTH,,current,5.5,2882142,899
2025-12-31,PSBD,,current,11.3114,973747,490
2025-12-31,PSFE,,current,7.94,3718296,899
2025-12-31,PTHS,,current,27.49,521018,469
2025-12-31,QCLS,,current,4.16,2141106,899
2025-12-31,QNCX,,current,652.0,1099924,899
2025-12-31,QNTM,,current,7.33,706650,899
2025-12-31,QTRX,,current,6.33,3336720,899
2025-12-31,QUAD,,current,6.0706,1025615,899
2025-12-31,QUIK,,current,6.04,912581,899
2025-12-31,RAIL,,current,11.32,1239840,899
2025-12-31,RBB,,current,20.3845,860300,899
2025-12-31,RCEL,,current,3.45,677425,899
2025-12-31,RCKY,,current,29.4066,1295247,899
2025-12-31,RCMT,,current,19.73,834377,899
2025-12-31,RDCM,,current,13.36,495650,899
2025-12-31,RELL,,current,10.814,589581,899
2025-12-31,RFIL,,current,5.87,455834,899
2025-12-31,RGC,,current,22.9,2212405,899
2025-12-31,RGP,,current,4.8519,1589843,899
2025-12-31,RICK,,current,23.6815,2538947,899
2025-12-31,RILY,,current,4.74,2731137,899
2025-12-31,RJET,,current,18.5,338670,899
2025-12-31,RLGT,,current,6.41,915462,899
2025-12-31,RM,,current,38.5903,1535799,899
2025-12-31,RMNI,,current,3.87,1135077,899
2025-12-31,RMR,,current,13.8113,2202854,899
2025-12-31,RNAC,,current,6.94,968876,899
2025-12-31,RNGR,,current,13.8561,1886520,899
2025-12-31,RPAY,,current,3.57,4946799,899
2025-12-31,RPC,,current,9.7425,4279442,899
2025-12-31,RRGB,,current,4.1,1000593,899
2025-12-31,RSVR,,current,7.5,445062,899
2025-12-31,RTB,,current,6.3,634624,899
2025-12-31,RVPH,1742927,roster,5.56,2787202,899
2025-12-31,RWAY,,current,7.8391,2605783,899
2025-12-31,SABS,,current,3.77,705412,899
2025-12-31,SAMG,,current,14.7996,432225,899
2025-12-31,SAR,,current,20.7872,1818497,899
2025-12-31,SBFG,,current,21.5517,253416,899
2025-12-31,SBSI,,current,29.8618,3507284,899
2025-12-31,SCLX,,current,7.6588,1716449,899
2025-12-31,SCM,,current,11.3914,1963759,899
2025-12-31,SCYX,,current,4.848,252593,899
2025-12-31,SCZM,,current,10.27,1779276,899
2025-12-31,SD,,current,14.2017,4038707,899
2025-12-31,SDHC,,current,16.85,1414177,494
2025-12-31,SEAT,,current,6.78,1217299,899
2025-12-31,SEG,,current,19.89,1366292,357
2025-12-31,SEGG,,current,5.53,258656,638
2025-12-31,SENS,,current,5.51,2856813,899
2025-12-31,SGC,,current,9.414,379901,899
2025-12-31,SGHT,,current,8.0,1169288,899
2025-12-31,SHBI,,current,17.3309,2366174,899
2025-12-31,SHIP,,current,9.0208,1293240,899
2025-12-31,SHMD,,current,6.23,702145,418
2025-12-31,SIGA,,current,5.4581,2166435,899
2025-12-31,SKIL,,current,8.23,1344927,899
2025-12-31,SKYH,,current,8.81,959757,899
2025-12-31,SLGL,,current,42.46,492801,899
2025-12-31,SLRC,,current,14.654,4057442,899
2025-12-31,SLSR,,current,8.05,483779,899
2025-12-31,SMC,,current,26.99,1185608,899
2025-12-31,SMHI,,current,5.94,545422,899
2025-12-31,SMID,,current,36.32,264107,899
2025-12-31,SMTI,,current,23.87,837702,899
2025-12-31,SMX,,current,577.1302,4517106,899
2025-12-31,SNBRQ,827187,roster,8.42,3954495,899
2025-12-31,SND,,current,3.7896,590322,899
2025-12-31,SNWV,,current,29.94,2842707,300
2025-12-31,SOPH,,current,4.73,338507,899
2025-12-31,SPAI,,current,4.1,1247681,336
2025-12-31,SPCB,,current,9.44,542791,899
2025-12-31,SPOK,,current,12.1905,1911764,899
2025-12-31,SRBK,,current,15.5562,394703,572
2025-12-31,SRG,,current,3.28,489859,899
2025-12-31,SRI,,current,5.94,963444,899
2025-12-31,SRZN,,current,21.55,668962,899
2025-12-31,SSP,,current,4.0,2675427,899
2025-12-31,SSTI,,current,8.08,1014624,899
2025-12-31,STAI,1994624,roster,2.32,588987,248
2025-12-31,STEM,,current,15.27,4543698,899
2025-12-31,STI,,current,7.59,886144,899
2025-12-31,SVCO,,current,4.14,664822,412
2025-12-31,SWIM,,current,6.23,3333420,899
2025-12-31,TAOX,,current,3.79,1864728,899
2025-12-31,TARA,,current,5.25,2648761,899
2025-12-31,TASK,,current,7.6512,2657476,899
2025-12-31,TBCH,,current,14.01,2692745,899
2025-12-31,TBI,,current,4.55,930629,899
2025-12-31,TBN,,current,26.53,1076851,379
2025-12-31,TCBX,,current,38.35,2082957,899
2025-12-31,TCPC,,current,4.941,3185348,899
2025-12-31,TCX,,current,21.99,362894,899
2025-12-31,TG,,current,7.36,978151,899
2025-12-31,TGEN,,current,4.92,4086400,899
2025-12-31,TIPT,,current,18.215,3508764,899
2025-12-31,TITN,,current,15.09,2764758,899
2025-12-31,TKNO,,current,3.81,808049,899
2025-12-31,TLS,,current,5.09,4944805,899
2025-12-31,TLSI,,current,6.64,702143,899
2025-12-31,TMCI,,current,2.48,1958856,899
2025-12-31,TONX,,current,2.02,1935437,899
2025-12-31,TPVG,,current,5.8773,2035625,899
2025-12-31,TRAK,,current,12.1905,784595,899
2025-12-31,TRC,,current,15.81,1412751,899
2025-12-31,TRDA,,current,10.09,1724227,899
2025-12-31,TSBK,,current,35.0434,394514,899
2025-12-31,TSQ,,current,4.5796,321787,899
2025-12-31,TTAM,,current,16.5225,3044041,225
2025-12-31,TTGT,,current,5.36,2057562,899
2025-12-31,TWFG,,current,28.63,2337491,365
2025-12-31,TWI,,current,7.86,3964203,899
2025-12-31,TWIN,,current,16.6614,498679,899
2025-12-31,TZOO,,current,7.08,816559,899
2025-12-31,UIS,,current,2.78,1731399,899
2025-12-31,ULH,,current,14.906,854732,899
2025-12-31,UNTY,,current,51.3951,1870047,899
2025-12-31,UP,,current,12.48,4232694,899
2025-12-31,USAU,,current,19.62,4271014,899
2025-12-31,USCB,,current,18.1069,427657,899
2025-12-31,USGO,,current,9.0,527387,677
2025-12-31,USNA,,current,19.89,3751816,899
2025-12-31,UTMD,,current,55.7501,593446,899
2025-12-31,VBNK,,current,14.9616,427814,899
2025-12-31,VEL,,current,19.49,1100862,899
2025-12-31,VERU,,current,2.17,406331,899
2025-12-31,VFS,,current,3.32,1454273,899
2025-12-31,VINP,,current,12.3634,544315,899
2025-12-31,VIVO,,current,2.36,1349798,899
2025-12-31,VLGEA,,current,35.0166,1326663,899
2025-12-31,VMAR,,current,780.0,262040,899
2025-12-31,VMD,,current,7.5,1004552,899
2025-12-31,VNCE,,current,4.08,371698,899
2025-12-31,VNDA,,current,7.03,3607289,899
2025-12-31,VOXR,,current,4.7769,2546623,899
2025-12-31,VRA,,current,2.2,643274,899
2025-12-31,VREX,,current,11.94,2822354,899
2025-12-31,VTEX,,current,3.78,4766430,899
2025-12-31,VUZI,,current,3.85,4883752,899
2025-12-31,VYGR,,current,3.94,2088797,899
2025-12-31,WATT,,current,4.09,321413,899
2025-12-31,WEST,,current,4.01,1908191,899
2025-12-31,WEYS,,current,30.1102,329033,899
2025-12-31,WHF,,current,6.4967,991376,899
2025-12-31,WHWK,,current,2.47,417492,899
2025-12-31,WKHS,,current,5.27,1073825,899
2025-12-31,WLDS,,current,10.71,643866,828
2025-12-31,WNEB,,current,12.4486,494948,899
2025-12-31,WOK,,current,294.0,1555380,339
2025-12-31,WRN,,current,2.77,2516837,899
2025-12-31,WSBF,,current,15.9749,614326,899
2025-12-31,WTBA,,current,21.7254,690621,899
2025-12-31,XFOR,,current,4.16,2091309,899
2025-12-31,XGN,,current,6.01,2189395,899
2025-12-31,XPER,,current,5.99,2848660,823
2025-12-31,XPOF,,current,8.42,3737712,899
2025-12-31,YARW,,current,15.8897,305168,899
2025-12-31,YORW,,current,31.6049,2397118,899
2025-12-31,ZIP,,current,3.84,3739945,899
2025-12-31,ZSQR,,current,14.7,814436,899
2025-12-31,ZUMZ,,current,26.78,4880961,899
2025-12-31,ZURA,,current,5.32,1652698,698
2026-01-31,AARD,,current,12.99,2019295,242
2026-01-31,ABOS,,current,2.6,317403,920
2026-01-31,ACB,,current,4.06,4633924,920
2026-01-31,ACCO,,current,3.6723,2450086,920
2026-01-31,ACEL,,current,11.31,3861081,920
2026-01-31,ACET,,current,7.99,1239812,920
2026-01-31,ACIC,,current,11.05,1706791,920
2026-01-31,ACIU,,current,3.19,882341,920
2026-01-31,ACNB,,current,48.9792,1131701,920
2026-01-31,ACNT,,current,16.21,918362,920
2026-01-31,ACOG,,current,4.84,417385,304
2026-01-31,ACTG,,current,3.98,682067,920
2026-01-31,ACU,,current,41.5027,285056,920
2026-01-31,ADV,,current,27.0,589668,920
2026-01-31,AEHL,,current,86.4,380813,920
2026-01-31,AEYE,,current,9.42,1135141,920
2026-01-31,AFCG,,current,2.2216,643135,920
2026-01-31,AFYA,,current,14.4031,1307243,920
2026-01-31,AGPU,,current,2.86,279494,920
2026-01-31,AIIO,,current,4.3,1270573,920
2026-01-31,AIRS,,current,2.97,2717077,920
2026-01-31,AISP,,current,3.11,2524627,920
2026-01-31,AKAN,,current,5.7658,671007,920
2026-01-31,ALCO,,current,41.2101,824047,920
2026-01-31,ALGS,,current,8.07,630405,920
2026-01-31,ALLT,,current,9.83,3786961,920
2026-01-31,ALTG,,current,6.76,1218047,920
2026-01-31,ALTI,,current,4.69,478347,920
2026-01-31,ALVO,,current,5.37,2271735,909
2026-01-31,AMBP,1845097,roster,4.183,3314583,920
2026-01-31,AMCI,,current,5.09,921868,757
2026-01-31,AMPY,,current,5.02,3270838,920
2026-01-31,AMWL,,current,4.55,437322,920
2026-01-31,ANIK,,current,9.23,1405245,920
2026-01-31,ANIX,,current,3.04,712092,920
2026-01-31,AOUT,,current,9.06,508588,920
2026-01-31,AP,,current,5.57,753181,920
2026-01-31,APYX,,current,4.02,325000,920
2026-01-31,ARCT,,current,7.47,4624760,920
2026-01-31,ARDT,,current,8.17,3991054,386
2026-01-31,AREB,1648087,roster,554.0,690020,920
2026-01-31,ARMP,,current,6.7,329614,920
2026-01-31,AROW,,current,32.9908,2058184,920
2026-01-31,ARQ,,current,3.56,1434719,920
2026-01-31,ARTNA,,current,32.4229,680638,920
2026-01-31,ARTV,,current,3.89,748292,385
2026-01-31,ASBP,,current,2.13,2156234,920
2026-01-31,ASLE,,current,7.49,2212912,920
2026-01-31,ASTI,,current,4.99,3988322,862
2026-01-31,ASTL,,current,4.18,4893885,920
2026-01-31,ASUR,,current,9.62,713582,920
2026-01-31,ATLO,,current,25.4627,494811,920
2026-01-31,ATLX,,current,5.03,2801832,920
2026-01-31,ATNI,,current,23.6982,1126023,920
2026-01-31,ATOM,,current,2.93,1065313,920
2026-01-31,ATRA,,current,5.2,1203663,920
2026-01-31,ATS,,current,28.46,3009650,920
2026-01-31,AUDC,,current,7.9554,793787,920
2026-01-31,AUNA,,current,4.85,640096,466
2026-01-31,AURA,,current,5.6,992375,920
2026-01-31,AVBH,,current,29.1,1132649,920
2026-01-31,AVD,,current,5.08,851362,920
2026-01-31,AVIR,,current,4.24,1193855,920
2026-01-31,AVNW,,current,21.81,2156821,920
2026-01-31,AXG,,current,2.84,2833235,602
2026-01-31,AZ,,current,6.79,2555779,920
2026-01-31,BALY,,current,15.28,1390525,287
2026-01-31,BARK,,current,17.8,695330,920
2026-01-31,BATRA,,current,44.02,2131258,920
2026-01-31,BBCP,,current,5.78,642028,920
2026-01-31,BBOT,,current,11.72,1884830,495
2026-01-31,BCAL,,current,17.7966,3008491,920
2026-01-31,BCBP,,current,7.7532,623703,920
2026-01-31,BCIC,,current,11.0882,829642,920
2026-01-31,BCML,,current,28.609,479277,920
2026-01-31,BCSF,,current,12.3072,4775307,920
2026-01-31,BCTX,,current,4.3,563821,920
2026-01-31,BDSX,,current,10.17,490305,920
2026-01-31,BDTX,,current,2.49,3005540,920
2026-01-31,BGDE,,current,4.12,1182075,920
2026-01-31,BHB,,current,32.9798,2010940,920
2026-01-31,BIRD,,current,3.4193,257302,920
2026-01-31,BKTI,,current,76.28,3057653,920
2026-01-31,BMRC,,current,26.1268,2044968,920
2026-01-31,BNAI,,current,24.75,928761,920
2026-01-31,BNC,,current,4.99,2783403,920
2026-01-31,BNED,,current,8.8937,2331789,920
2026-01-31,BNT,,current,45.4832,709178,920
2026-01-31,BNTC,,current,12.18,2241807,920
2026-01-31,BOC,,current,12.21,2215219,920
2026-01-31,BODI,,current,11.38,649214,920
2026-01-31,BOOM,,current,8.6,1118746,920
2026-01-31,BPRN,,current,35.2507,306328,920
2026-01-31,BRBS,,current,3.64,805654,920
2026-01-31,BRCC,,current,8.27,712434,920
2026-01-31,BSRR,,current,34.6856,1621759,920
2026-01-31,BSVN,,current,43.8691,404654,920
2026-01-31,BURU,1814215,roster,41.916,4955134,752
2026-01-31,BVFL,,current,19.12,257320,920
2026-01-31,BWB,,current,19.21,1369297,920
2026-01-31,BWEN,,current,3.0,726210,920
2026-01-31,BWFG,,current,47.6697,1325590,920
2026-01-31,BWMN,,current,34.83,4501193,920
2026-01-31,BWMX,,current,16.9562,495384,920
2026-01-31,BXBL,,current,10.1,353856,244
2026-01-31,CAC,,current,46.8111,3148080,920
2026-01-31,CAMP,,current,3.7,436498,326
2026-01-31,CASS,,current,44.0832,3293074,920
2026-01-31,CATX,,current,3.79,3319520,920
2026-01-31,CBAN,,current,19.1254,1399787,920
2026-01-31,CBIO,,current,9.59,1125074,920
2026-01-31,CBNK,,current,30.3782,1286376,920
2026-01-31,CCAP,,current,13.4081,2169846,920
2026-01-31,CCBG,,current,41.2508,2296862,920
2026-01-31,CCLD,,current,2.71,861707,920
2026-01-31,CD,,current,5.74,1155246,920
2026-01-31,CDZI,,current,5.64,4564998,920
2026-01-31,CENT,,current,33.83,2094123,920
2026-01-31,CEPO,,current,10.46,657107,267
2026-01-31,CETX,1435064,roster,15.4,2496076,920
2026-01-31,CFBK,,current,28.9389,785651,920
2026-01-31,CFFI,,current,74.3273,259506,920
2026-01-31,CGNT,,current,9.03,2223658,920
2026-01-31,CHCI,,current,11.01,282272,920
2026-01-31,CHMG,,current,60.0825,351018,920
2026-01-31,CHPT,,current,5.99,3648282,920
2026-01-31,CHRN,,current,8.7,420397,920
2026-01-31,CIA,,current,5.55,459426,920
2026-01-31,CING,,current,5.74,558774,920
2026-01-31,CINT,,current,4.87,670128,920
2026-01-31,CION,,current,8.43,2968924,920
2026-01-31,CIVB,,current,23.6338,1713874,920
2026-01-31,CLAR,,current,3.735,401476,920
2026-01-31,CLNN,,current,4.09,639747,920
2026-01-31,CLW,,current,16.82,2974665,920
2026-01-31,CMRC,,current,3.12,3080512,920
2026-01-31,CMT,,current,19.52,396665,920
2026-01-31,CNL,,current,16.37,684070,920
2026-01-31,CNSY,,current,5.75,2727880,920
2026-01-31,CNTB,,current,2.4,262035,920
2026-01-31,CNTN,,current,4.89,1180865,920
2026-01-31,CNVS,,current,2.0,256830,920
2026-01-31,CODA,,current,10.65,547285,920
2026-01-31,COFS,,current,28.1371,2926709,920
2026-01-31,COOK,,current,55.0,348556,920
2026-01-31,COYA,,current,4.65,1201396,774
2026-01-31,CPIX,,current,2.9079,329581,920
2026-01-31,CPS,,current,31.37,4850671,920
2026-01-31,CPSH,,current,5.34,378291,920
2026-01-31,CRBP,,current,8.27,2037160,920
2026-01-31,CRCT,,current,4.3689,2317631,920
2026-01-31,CRMT,,current,25.72,3117449,920
2026-01-31,CRNT,,current,2.3,1205351,920
2026-01-31,CRON,,current,2.51,3696727,920
2026-01-31,CRVO,,current,5.15,497931,920
2026-01-31,CSV,,current,42.5792,2934744,920
2026-01-31,CTNM,,current,14.26,2048379,457
2026-01-31,CTOS,1709682,roster,6.32,4091965,920
2026-01-31,CURI,,current,3.4325,2450548,920
2026-01-31,CVEO,,current,25.32,812753,920
2026-01-31,CVRX,,current,6.85,1864103,920
2026-01-31,CVU,,current,3.9,417429,920
2026-01-31,CWCO,,current,37.5409,2408265,920
2026-01-31,CXAI,,current,16.3,412699,920
2026-01-31,CXDO,,current,7.0,961738,920
2026-01-31,CYCU,,current,17.6,423809,240
2026-01-31,CYH,,current,3.21,4566203,920
2026-01-31,CZFS,,current,62.2484,517984,920
2026-01-31,CZNC,,current,21.9552,895155,920
2026-01-31,CZWI,,current,17.8635,466848,920
2026-01-31,DBGI,,current,291.2,1169817,920
2026-01-31,DCBO,,current,19.66,1765501,920
2026-01-31,DERM,,current,8.36,972481,920
2026-01-31,DGICA,,current,18.0989,2128923,920
2026-01-31,DIBS,,current,5.48,1240160,920
2026-01-31,DMAC,,current,8.04,2266398,920
2026-01-31,DMRC,,current,6.13,1300521,920
2026-01-31,DSGR,,current,28.39,2003426,920
2026-01-31,DSP,,current,11.82,2251863,920
2026-01-31,DSX,,current,2.2919,827520,920
2026-01-31,DTCX,,current,2.19,921813,920
2026-01-31,DTI,,current,3.8,284101,920
2026-01-31,DTIL,,current,3.96,877886,920
2026-01-31,DYNC,,current,10.35,1078435,286
2026-01-31,EAF,,current,15.11,2664814,920
2026-01-31,EBF,,current,19.0438,3419713,920
2026-01-31,EBMT,,current,21.2959,540668,920
2026-01-31,EFSI,,current,37.4015,464085,920
2026-01-31,EGAN,,current,10.27,2911720,920
2026-01-31,ELA,,current,13.64,941150,920
2026-01-31,ELAB,,current,210.6,362376,549
2026-01-31,ELDN,,current,2.2,1574508,920
2026-01-31,ELE,,current,22.2392,2835582,920
2026-01-31,ELMD,,current,29.87,1370146,920
2026-01-31,ELTX,,current,7.6,802420,920
2026-01-31,ELVA,,current,10.83,3641383,920
2026-01-31,EMPD,,current,4.91,3586342,920
2026-01-31,ENTA,,current,12.9,3738814,920
2026-01-31,EPM,,current,3.7284,1273487,920
2026-01-31,EPRX,,current,8.28,744886,457
2026-01-31,EPSN,,current,4.88,603283,920
2026-01-31,ESEA,,current,55.8507,1818633,920
2026-01-31,ESOA,,current,8.9707,1182338,920
2026-01-31,ESP,,current,52.4129,633964,920
2026-01-31,EVCM,,current,12.05,2331206,920
2026-01-31,EVEX,,current,3.94,4555881,920
2026-01-31,EVI,,current,25.7,369830,920
2026-01-31,EXOD,,current,13.09,1852471,920
2026-01-31,FABC,,current,2.88,342140,920
2026-01-31,FBIO,,current,3.1,1421531,920
2026-01-31,FBIZ,,current,56.3751,1249961,920
2026-01-31,FBLA,,current,12.96,1321184,318
2026-01-31,FBYD,,current,5.97,1268069,581
2026-01-31,FC,,current,20.37,2296741,920
2026-01-31,FCAP,,current,58.2483,292115,920
2026-01-31,FCBC,,current,35.2351,1360492,920
2026-01-31,FCCO,,current,28.8675,821365,920
2026-01-31,FDBC,,current,43.5207,286349,920
2026-01-31,FENC,,current,7.59,836079,920
2026-01-31,FF,,current,3.2304,605211,920
2026-01-31,FGNX,,current,14.05,2355726,920
2026-01-31,FHTX,,current,5.71,837637,920
2026-01-31,FINW,,current,17.51,286723,920
2026-01-31,FIRY,,current,3.7,298705,920
2026-01-31,FLL,,current,2.32,404844,920
2026-01-31,FLWS,,current,4.32,2309204,920
2026-01-31,FLXS,,current,39.7058,918454,920
2026-01-31,FMAO,,current,26.3879,525628,920
2026-01-31,FNKO,,current,4.06,2874030,920
2026-01-31,FNLC,,current,26.7065,399875,920
2026-01-31,FNWB,,current,10.43,294927,920
2026-01-31,FNWD,,current,36.403,654987,920
2026-01-31,FOA,,current,23.29,2184937,920
2026-01-31,FOR,,current,26.02,3561184,920
2026-01-31,FORR,,current,8.11,647723,920
2026-01-31,FOSL,,current,3.47,1856445,920
2026-01-31,FPH,,current,5.31,780610,920
2026-01-31,FRAF,,current,50.0771,2329109,920
2026-01-31,FRBA,,current,16.4163,793052,920
2026-01-31,FRD,,current,19.5678,324643,920
2026-01-31,FRPH,,current,23.91,1484700,920
2026-01-31,FRST,,current,13.2105,692905,920
2026-01-31,FSBW,,current,41.1277,451686,920
2026-01-31,FSTR,,current,30.05,542618,920
2026-01-31,FTCI,,current,10.38,853802,920
2026-01-31,FTW,,current,10.1569,369557,336
2026-01-31,FUNC,,current,37.8464,561866,920
2026-01-31,FVCB,,current,15.0138,329634,920
2026-01-31,FXNC,,current,25.8845,467751,920
2026-01-31,GAIN,,current,13.3311,1858227,920
2026-01-31,GALT,,current,2.83,1698310,920
2026-01-31,GAME,,current,3.048,584601,920
2026-01-31,GASS,,current,7.73,626240,920
2026-01-31,GBFH,,current,32.53,1799298,393
2026-01-31,GECC,,current,6.3532,426859,920
2026-01-31,GENC,,current,14.34,311263,920
2026-01-31,GEOS,,current,15.46,4040846,920
2026-01-31,GFR,,current,5.45,637098,920
2026-01-31,GIC,,current,29.7839,2569719,920
2026-01-31,GLAD,,current,19.4741,2851278,920
2026-01-31,GLAS,,current,9.201,1249889,920
2026-01-31,GLRE,,current,13.87,1724585,920
2026-01-31,GLSI,,current,30.07,3197471,920
2026-01-31,GNE,,current,13.5561,1279871,920
2026-01-31,GNLX,,current,2.66,701429,756
2026-01-31,GRDX,,current,3.13,267729,920
2026-01-31,GRML,,current,13.55,252546,920
2026-01-31,GRNT,,current,4.6973,2860890,920
2026-01-31,GRO,,current,2.52,695539,293
2026-01-31,GTE,,current,5.43,2462853,920
2026-01-31,GWRS,,current,8.4747,583475,920
2026-01-31,GYRE,,current,8.09,466814,920
2026-01-31,HBB,,current,18.7778,327274,920
2026-01-31,HBT,,current,26.3624,722173,920
2026-01-31,HDSN,,current,7.17,2301135,920
2026-01-31,HGTY,,current,12.61,1487342,920
2026-01-31,HIPO,,current,29.8,4928802,920
2026-01-31,HITI,,current,2.23,1178459,920
2026-01-31,HLLY,,current,3.85,2873651,920
2026-01-31,HNVR,,current,22.8154,279886,920
2026-01-31,HOFT,,current,13.0537,302399,920
2026-01-31,HPK,,current,4.55,3516652,920
2026-01-31,HRZN,,current,5.9638,3733007,920
2026-01-31,HSDT,,current,2.75,1572653,920
2026-01-31,HSHP,,current,10.1501,1214501,711
2026-01-31,HURC,,current,16.54,404818,920
2026-01-31,HVT,,current,24.2956,2074887,920
2026-01-31,HY,,current,32.4479,3401087,920
2026-01-31,HYPD,,current,3.52,1071237,920
2026-01-31,IBEX,,current,37.2,3326235,920
2026-01-31,IDN,,current,5.68,829288,920
2026-01-31,IGIC,,current,23.5616,1298435,920
2026-01-31,IHRT,,current,3.24,2657510,920
2026-01-31,III,,current,5.4,1458135,920
2026-01-31,IMMR,,current,6.5668,2728151,920
2026-01-31,IMPP,,current,3.53,2812395,920
2026-01-31,IMTX,,current,9.55,4464157,920
2026-01-31,IMUX,,current,6.25,844653,920
2026-01-31,IMXI,,current,15.46,3060103,920
2026-01-31,INBK,,current,21.6781,1178020,920
2026-01-31,INDO,,current,4.35,1007391,920
2026-01-31,INFU,,current,8.26,1149325,920
2026-01-31,INGN,,current,5.9,1163074,920
2026-01-31,INNV,,current,5.55,753127,920
2026-01-31,INR,,current,15.88,3390289,251
2026-01-31,INSE,,current,8.93,845539,920
2026-01-31,INSG,,current,10.89,2014615,920
2026-01-31,INTG,,current,30.75,413189,920
2026-01-31,INTT,,current,9.15,289858,920
2026-01-31,IRD,,current,2.31,811547,920
2026-01-31,ISBA,,current,47.5409,914027,920
2026-01-31,ISOU,,current,11.68,586901,920
2026-01-31,ISTR,,current,28.2198,1030981,920
2026-01-31,IXHL,,current,9.3,3154384,920
2026-01-31,JAKK,,current,17.6921,1623141,920
2026-01-31,JELD,,current,2.72,3440546,920
2026-01-31,JFB,,current,13.225,783067,228
2026-01-31,JILL,,current,15.3975,1110586,920
2026-01-31,JMSB,,current,20.375,358788,920
2026-01-31,JOUT,,current,44.7773,1686381,920
2026-01-31,JRVR,,current,6.6826,1426836,920
2026-01-31,JYNT,,current,9.78,669874,920
2026-01-31,KAZR,,current,2.88,472177,238
2026-01-31,KBDC,,current,13.3636,3862121,424
2026-01-31,KE,,current,30.21,4340489,920
2026-01-31,KELYA,,current,10.5716,3869802,920
2026-01-31,KEN,,current,67.6415,681230,920
2026-01-31,KGEI,,current,4.03,332950,920
2026-01-31,KIDS,,current,17.46,2445432,920
2026-01-31,KINS,,current,15.3048,2155413,920
2026-01-31,KLC,,current,4.67,4049657,328
2026-01-31,KLRS,,current,8.88,755961,920
2026-01-31,KMDA,,current,7.9115,448296,920
2026-01-31,KNOP,,current,10.5418,1105214,920
2026-01-31,KRMD,,current,5.39,720383,920
2026-01-31,KRNT,,current,12.95,4907697,920
2026-01-31,KRNY,,current,7.4945,2672606,920
2026-01-31,KRO,,current,5.1352,1545940,920
2026-01-31,KRRO,,current,13.33,2530159,920
2026-01-31,KVHI,,current,6.68,338597,920
2026-01-31,KWY,,current,13.42,906190,920
2026-01-31,LAKE,,current,9.42,1509483,920
2026-01-31,LAW,,current,6.25,1120882,920
2026-01-31,LCNB,,current,16.4807,325489,920
2026-01-31,LE,,current,17.76,2386242,920
2026-01-31,LEGH,,current,20.75,2147638,920
2026-01-31,LFCR,,current,8.69,1058177,920
2026-01-31,LFMD,,current,3.24,4357106,920
2026-01-31,LFVN,,current,5.1742,988201,920
2026-01-31,LGCY,,current,10.08,455800,337
2026-01-31,LIEN,,current,9.7839,395088,920
2026-01-31,LILA,,current,5.2446,2795957,920
2026-01-31,LMNR,,current,14.4,1045480,920
2026-01-31,LNSR,,current,12.73,432995,920
2026-01-31,LOCO,,current,10.13,2328760,920
2026-01-31,LODE,,current,2.95,3817543,920
2026-01-31,LUCK,,current,7.9891,2055275,920
2026-01-31,LWAY,,current,22.03,1546058,920
2026-01-31,LXFR,,current,14.8717,1362094,920
2026-01-31,LYEL,,current,24.0,1830143,920
2026-01-31,LZM,,current,5.29,875345,920
2026-01-31,MASS,,current,6.31,2276275,920
2026-01-31,MATV,,current,11.6914,3458602,920
2026-01-31,MBI,,current,6.4,2393212,920
2026-01-31,MCBS,,current,27.4615,1277378,920
2026-01-31,MCFT,,current,21.53,2202244,920
2026-01-31,MCRB,,current,14.92,1118357,920
2026-01-31,MDWD,,current,18.13,1422282,920
2026-01-31,MED,,current,11.44,2442867,920
2026-01-31,METCB,,current,12.8107,903385,658
2026-01-31,MFIN,,current,9.8815,357582,920
2026-01-31,MG,,current,14.14,2311931,920
2026-01-31,MIND,,current,8.75,2030210,920
2026-01-31,MLP,,current,17.13,330145,920
2026-01-31,MLR,,current,40.5952,2540433,920
2026-01-31,MNSB,,current,21.1363,630675,920
2026-01-31,MOB,,current,6.485,1876444,861
2026-01-31,MOVE,,current,12.6141,389589,920
2026-01-31,MPAA,,current,12.43,1584947,920
2026-01-31,MRBK,,current,18.5295,1112210,920
2026-01-31,MSIF,,current,12.4944,2850994,253
2026-01-31,MTA,,current,7.51,3775564,920
2026-01-31,MTRX,,current,14.32,2710639,920
2026-01-31,MTW,,current,12.92,2714279,920
2026-01-31,MVBF,,current,27.734,1283915,920
2026-01-31,MX,,current,2.9,898872,920
2026-01-31,MYFW,,current,25.15,621009,920
2026-01-31,NAKA,,current,14.16,4794097,418
2026-01-31,NATH,,current,100.1233,3712967,920
2026-01-31,NATR,,current,25.22,2157215,920
2026-01-31,NC,,current,48.4604,477761,920
2026-01-31,NCDL,,current,12.699,2920195,506
2026-01-31,NCMI,,current,3.5437,1325056,920
2026-01-31,NCSM,,current,39.88,311170,920
2026-01-31,NECB,,current,23.1948,1015135,920
2026-01-31,NEOV,,current,4.21,1114179,920
2026-01-31,NEWP,,current,3.36,2627176,920
2026-01-31,NEWT,,current,13.0883,2503115,920
2026-01-31,NEXN,,current,6.18,2123701,920
2026-01-31,NGEN,,current,4.01,477036,920
2026-01-31,NGS,,current,34.281,3167727,920
2026-01-31,NKSH,,current,35.6425,363358,920
2026-01-31,NKTX,,current,2.22,1253110,920
2026-01-31,NMAD,,current,3.72,298595,920
2026-01-31,NMFC,,current,7.9906,4948413,920
2026-01-31,NNNN,,current,21.91,873765,239
2026-01-31,NOA,,current,14.671,1711740,920
2026-01-31,NPB,,current,17.1942,3728888,240
2026-01-31,NPCE,,current,15.13,2994256,920
2026-01-31,NRC,,current,19.9972,1360169,920
2026-01-31,NRDY,,current,14.7,1129727,920
2026-01-31,NRIM,,current,23.2577,3442700,920
2026-01-31,NRXP,,current,2.1,1210956,920
2026-01-31,NSLR,,current,9.34,1396719,920
2026-01-31,NTHI,,current,9.27,498171,214
2026-01-31,NUS,,current,10.3002,4446041,920
2026-01-31,NVCT,,current,8.11,507705,920
2026-01-31,NWFL,,current,29.8104,586928,920
2026-01-31,NXTC,,current,10.85,319334,920
2026-01-31,NYAX,,current,56.115,305453,843
2026-01-31,OBIO,,current,3.49,906174,920
2026-01-31,OBT,,current,30.3439,789375,920
2026-01-31,OCC,,current,4.93,411389,920
2026-01-31,OCS,,current,28.45,2365991,920
2026-01-31,OEC,,current,6.1121,3637836,920
2026-01-31,OESX,,current,15.16,833884,920
2026-01-31,OFIX,,current,13.23,3098521,920
2026-01-31,OFLX,,current,32.2896,1024159,920
2026-01-31,OGG,,current,3.35,4732523,920
2026-01-31,OM,,current,5.01,2148177,920
2026-01-31,ONEW,,current,13.28,2303838,920
2026-01-31,ONIT,,current,45.22,1851588,920
2026-01-31,OPBK,,current,13.6097,456782,920
2026-01-31,OPRT,,current,5.42,1732567,920
2026-01-31,OPRX,,current,10.76,3345365,920
2026-01-31,OPTX,,current,5.83,386750,920
2026-01-31,OPXS,,current,14.93,592970,920
2026-01-31,ORMP,,current,3.37,479844,920
2026-01-31,ORN,,current,12.22,2358150,920
2026-01-31,OSUR,,current,2.79,1584297,920
2026-01-31,OVBC,,current,40.6849,356882,920
2026-01-31,OVLY,,current,31.2254,314848,920
2026-01-31,OWLT,,current,12.07,3543473,920
2026-01-31,OZ,,current,52.932,654300,920
2026-01-31,PACK,,current,5.04,1847815,920
2026-01-31,PAL,,current,10.08,1520660,433
2026-01-31,PANL,,current,8.2754,2036368,920
2026-01-31,PAVS,,current,1596.0,800550,920
2026-01-31,PAYS,,current,4.17,1475862,920
2026-01-31,PBYI,,current,6.48,2266179,920
2026-01-31,PCB,,current,21.8569,460920,920
2026-01-31,PCYO,,current,11.58,455627,920
2026-01-31,PDEX,,current,39.23,985846,920
2026-01-31,PDLB,,current,16.78,1018580,920
2026-01-31,PEBK,,current,35.9087,290322,920
2026-01-31,PEPG,,current,5.13,3073707,920
2026-01-31,PERI,,current,8.8,2365958,920
2026-01-31,PEW,,current,3.1,1702031,515
2026-01-31,PFIS,,current,50.5268,1033981,920
2026-01-31,PKBK,,current,26.9773,941979,920
2026-01-31,PKOH,,current,22.2796,515978,920
2026-01-31,PLBC,,current,49.2054,505844,920
2026-01-31,PLCE,,current,4.03,2295309,920
2026-01-31,PLRZ,,current,11.51,793043,314
2026-01-31,PLTK,,current,3.62,3919017,920
2026-01-31,PLX,,current,2.34,1054561,920
2026-01-31,PMTS,,current,12.99,576622,920
2026-01-31,PNNT,,current,5.0897,3146049,920
2026-01-31,PPIH,,current,28.88,2478098,920
2026-01-31,PRE,,current,19.095,2179952,920
2026-01-31,PROF,,current,7.5,762807,920
2026-01-31,PRTH,,current,5.91,2407263,920
2026-01-31,PSBD,,current,10.9021,876748,511
2026-01-31,PSFE,,current,6.86,3911374,920
2026-01-31,PTHS,,current,24.02,521018,490
2026-01-31,PYPD,,current,4.58,300809,920
2026-01-31,QCLS,,current,4.19,2606685,920
2026-01-31,QNCX,,current,34.0,2549403,920
2026-01-31,QNTM,,current,4.58,455328,920
2026-01-31,QTRX,,current,6.34,4209933,920
2026-01-31,QUAD,,current,5.8972,1002659,920
2026-01-31,QUIK,,current,7.36,917787,920
2026-01-31,RAIL,,current,11.51,1393805,920
2026-01-31,RBB,,current,20.4755,983006,920
2026-01-31,RBOT,1812173,roster,2.2,255532,920
2026-01-31,RCEL,,current,4.41,693468,920
2026-01-31,RCKY,,current,31.8185,1084395,920
2026-01-31,RCMT,,current,20.81,783081,920
2026-01-31,RDCM,,current,12.54,688013,920
2026-01-31,RELL,,current,11.9399,589581,920
2026-01-31,RFIL,,current,9.76,412711,920
2026-01-31,RGC,,current,24.99,4433351,920
2026-01-31,RGP,,current,4.3096,1494374,920
2026-01-31,RICK,,current,23.8801,2107171,920
2026-01-31,RILY,,current,8.36,3569919,920
2026-01-31,RJET,,current,17.2,632471,920
2026-01-31,RLGT,,current,6.73,824791,920
2026-01-31,RM,,current,36.0871,1716757,920
2026-01-31,RMNI,,current,3.45,1109242,920
2026-01-31,RMR,,current,14.4288,2607189,920
2026-01-31,RNAC,,current,6.83,934877,920
2026-01-31,RNGR,,current,15.2506,2103863,920
2026-01-31,RPAY,,current,3.49,3546074,920
2026-01-31,RPC,,current,10.63,4864087,920
2026-01-31,RRGB,,current,3.73,695978,920
2026-01-31,RSVR,,current,7.55,415206,920
2026-01-31,RTB,,current,6.11,601314,920
2026-01-31,RVPH,1742927,roster,5.848,1933164,920
2026-01-31,RWAY,,current,7.9431,2509526,920
2026-01-31,SABS,,current,4.39,941343,920
2026-01-31,SAMG,,current,14.2486,469073,920
2026-01-31,SAR,,current,21.5667,1887834,920
2026-01-31,SBSI,,current,31.1185,3358828,920
2026-01-31,SCLX,,current,5.3051,1119684,920
2026-01-31,SCM,,current,11.7801,1770040,920
2026-01-31,SCZM,,current,12.08,2725321,920
2026-01-31,SD,,current,15.2711,4550413,920
2026-01-31,SDHC,,current,18.04,1266274,515
2026-01-31,SEAT,,current,7.29,907905,920
2026-01-31,SEG,,current,18.89,1458481,378
2026-01-31,SENS,,current,7.33,2515104,920
2026-01-31,SGC,,current,9.6069,397231,920
2026-01-31,SGHT,,current,6.28,1701927,920
2026-01-31,SHBI,,current,18.6059,2672203,920
2026-01-31,SHIP,,current,10.4757,1432163,920
2026-01-31,SHMD,,current,9.02,1429617,439
2026-01-31,SIGA,,current,5.9269,1902243,920
2026-01-31,SKIL,,current,9.05,1710337,920
2026-01-31,SKYH,,current,9.24,961536,920
2026-01-31,SLGL,,current,64.22,701069,920
2026-01-31,SLRC,,current,14.218,3497337,920
2026-01-31,SLSR,,current,9.26,823650,920
2026-01-31,SMC,,current,28.71,1227044,920
2026-01-31,SMHI,,current,6.68,636502,920
2026-01-31,SMID,,current,35.14,262327,920
2026-01-31,SMP,,current,38.9631,4984496,920
2026-01-31,SMTI,,current,22.0,1018534,920
2026-01-31,SNBRQ,827187,roster,11.64,4873914,920
2026-01-31,SND,,current,4.4612,1117678,920
2026-01-31,SNWV,,current,26.96,1777227,321
2026-01-31,SOPH,,current,5.25,365959,920
2026-01-31,SPAI,,current,4.68,1069118,357
2026-01-31,SPCB,,current,9.5,579723,920
2026-01-31,SPOK,,current,12.6498,1980526,920
2026-01-31,SPRB,,current,77.55,4165414,920
2026-01-31,SRBK,,current,16.5403,478042,593
2026-01-31,SRG,,current,3.3,536672,920
2026-01-31,SRI,,current,6.58,830105,920
2026-01-31,SRZN,,current,21.545,1430525,920
2026-01-31,SSP,,current,3.35,2666169,920
2026-01-31,SSTI,,current,6.98,1137510,920
2026-01-31,STEM,,current,15.6,3334407,920
2026-01-31,STI,,current,7.31,514952,920
2026-01-31,STIM,,current,2.09,2244195,920
2026-01-31,SVCO,,current,4.48,714376,433
2026-01-31,SWIM,,current,6.29,3890408,920
2026-01-31,SXTC,,current,372.0,400320,920
2026-01-31,TAOX,,current,4.27,864392,920
2026-01-31,TASK,,current,7.0385,2302392,920
2026-01-31,TAYD,,current,72.74,473104,920
2026-01-31,TBCH,,current,11.96,2741161,920
2026-01-31,TBI,,current,5.36,872537,920
2026-01-31,TBN,,current,29.94,1003428,400
2026-01-31,TCBX,,current,40.56,2073407,920
2026-01-31,TCPC,,current,4.7049,3334226,920
2026-01-31,TCX,,current,22.22,458769,920
2026-01-31,TG,,current,8.55,1137404,920
2026-01-31,TGEN,,current,3.74,2792402,920
2026-01-31,THM,,current,2.61,1401375,920
2026-01-31,TIPT,,current,17.6906,3284088,920
2026-01-31,TITN,,current,16.27,2499846,920
2026-01-31,TKNO,,current,2.42,689347,920
2026-01-31,TLS,,current,5.46,4409010,920
2026-01-31,TLSI,,current,4.97,819745,920
2026-01-31,TMCI,,current,2.32,1998282,920
2026-01-31,TONX,,current,2.61,1488359,920
2026-01-31,TPVG,,current,5.4562,2290176,920
2026-01-31,TRAK,,current,10.5685,974836,920
2026-01-31,TRC,,current,16.09,1444698,920
2026-01-31,TRDA,,current,11.44,2413583,920
2026-01-31,TRT,,current,5.63,316143,920
2026-01-31,TSBK,,current,38.1277,448891,920
2026-01-31,TSQ,,current,6.176,320762,920
2026-01-31,TTAM,,current,17.2789,3753110,246
2026-01-31,TTGT,,current,5.24,1854608,920
2026-01-31,TUSK,,current,2.34,421741,920
2026-01-31,TWFG,,current,24.99,2033253,386
2026-01-31,TWI,,current,9.54,4522098,920
2026-01-31,TWIN,,current,17.0787,478377,920
2026-01-31,TZOO,,current,5.85,798053,920
2026-01-31,UIS,,current,2.63,1779247,920
2026-01-31,ULH,,current,15.721,764048,920
2026-01-31,UNTY,,current,53.4762,2197525,920
2026-01-31,UP,,current,12.6,2378105,920
2026-01-31,USAU,,current,17.34,4706390,920
2026-01-31,USCB,,current,18.4995,533150,920
2026-01-31,USGO,,current,13.435,460249,698
2026-01-31,USNA,,current,21.7,2779147,920
2026-01-31,UTMD,,current,60.4851,756999,920
2026-01-31,VBNK,,current,15.4806,453336,920
2026-01-31,VEEE,,current,56.98,292972,920
2026-01-31,VEL,,current,20.29,1409618,920
2026-01-31,VERU,,current,2.53,306436,920
2026-01-31,VFS,,current,3.3,1220834,920
2026-01-31,VGZ,,current,2.23,2827083,920
2026-01-31,VINP,,current,11.8883,513506,920
2026-01-31,VIVO,,current,2.06,866220,920
2026-01-31,VLGEA,,current,35.2439,1269979,920
2026-01-31,VMAR,,current,340.0,451380,920
2026-01-31,VMD,,current,7.67,977989,920
2026-01-31,VNCE,,current,2.7,382947,920
2026-01-31,VOXR,,current,5.237,2899925,920
2026-01-31,VRA,,current,2.4,1279664,920
2026-01-31,VREX,,current,13.94,3475742,920
2026-01-31,VTEX,,current,3.14,3687404,920
2026-01-31,VTVT,,current,35.41,382452,920
2026-01-31,VUZI,,current,2.63,4524516,920
2026-01-31,VYGR,,current,3.9,1942831,920
2026-01-31,WATT,,current,7.9,321413,920
2026-01-31,WBTN,,current,12.09,4685276,400
2026-01-31,WEST,,current,4.83,1622272,920
2026-01-31,WEYS,,current,30.9218,338383,920
2026-01-31,WHF,,current,6.2544,1053956,920
2026-01-31,WHWK,,current,2.7,360180,920
2026-01-31,WKHS,,current,4.9,982548,920
2026-01-31,WLDS,,current,8.424,458525,849
2026-01-31,WNEB,,current,13.2266,513596,920
2026-01-31,WOK,,current,156.0,682564,360
2026-01-31,WRN,,current,3.19,2913194,920
2026-01-31,WSBF,,current,17.9667,599157,920
2026-01-31,WTBA,,current,23.0462,645615,920
2026-01-31,XFOR,,current,3.7,1896599,920
2026-01-31,XGN,,current,3.68,2219521,920
2026-01-31,XPER,,current,5.66,2468128,844
2026-01-31,XPOF,,current,7.94,3382588,920
2026-01-31,YORW,,current,33.1013,2254548,920
2026-01-31,ZIP,,current,2.46,3728439,920
2026-01-31,ZNTL,,current,2.43,894879,920
2026-01-31,ZSQR,,current,13.86,838557,920
2026-01-31,ZURA,,current,5.68,1796648,719
2026-02-28,AARD,,current,12.49,1980335,261
2026-02-28,ABOS,,current,3.14,487648,939
2026-02-28,ACB,,current,3.84,4453508,939
2026-02-28,ACCO,,current,3.8226,2270082,939
2026-02-28,ACEL,,current,11.36,3767974,939
2026-02-28,ACET,,current,7.25,1458611,939
2026-02-28,ACIC,,current,11.39,2182318,939
2026-02-28,ACIU,,current,2.93,905520,939
2026-02-28,ACNB,,current,49.2257,1488052,939
2026-02-28,ACNT,,current,17.16,800226,939
2026-02-28,ACOG,,current,6.0,437089,323
2026-02-28,ACTG,,current,4.19,701993,939
2026-02-28,ACU,,current,44.7006,300253,939
2026-02-28,ADV,,current,13.05,568555,939
2026-02-28,AEHL,,current,57.6,400798,939
2026-02-28,AEYE,,current,6.82,1109440,939
2026-02-28,AFCG,,current,2.2023,581072,939
2026-02-28,AFYA,,current,13.024,1335513,939
2026-02-28,AII,,current,19.2857,2470147,203
2026-02-28,AIIO,,current,2.86,926749,939
2026-02-28,AISP,,current,2.73,1971630,939
2026-02-28,AKAN,,current,4.6847,485178,939
2026-02-28,ALCO,,current,41.1802,998022,939
2026-02-28,ALEC,,current,2.43,1712859,939
2026-02-28,ALGS,,current,7.03,522194,939
2026-02-28,ALLT,,current,6.34,3632244,939
2026-02-28,ALTG,,current,6.9,1219011,939
2026-02-28,ALTI,,current,4.43,531960,939
2026-02-28,ALVO,,current,3.99,2152503,928
2026-02-28,AMBP,1845097,roster,4.6213,3755704,939
2026-02-28,AMCI,,current,7.39,950719,776
2026-02-28,AMPY,,current,5.74,2954569,939
2026-02-28,AMWL,,current,5.7,406869,939
2026-02-28,ANIK,,current,14.36,1382264,939
2026-02-28,ANIX,,current,2.98,653393,939
2026-02-28,AOUT,,current,9.1,564957,939
2026-02-28,AP,,current,9.11,1259784,939
2026-02-28,APYX,,current,3.27,258981,939
2026-02-28,ARCT,,current,8.23,3520698,939
2026-02-28,ARDT,,current,9.39,3740046,405
2026-02-28,AREB,1648087,roster,16.4,795620,939
2026-02-28,ARMP,,current,10.76,289729,939
2026-02-28,AROW,,current,32.7808,2391026,939
2026-02-28,ARQ,,current,3.51,1161370,939
2026-02-28,ARTNA,,current,33.2424,811687,939
2026-02-28,ARTV,,current,5.82,710893,404
2026-02-28,ASLE,,current,7.8,1695233,939
2026-02-28,ASTL,,current,4.59,4696312,939
2026-02-28,ASUR,,current,9.14,754067,939
2026-02-28,ATLO,,current,26.5803,665101,939
2026-02-28,ATLX,,current,5.29,2794659,939
2026-02-28,ATNI,,current,28.2341,1202494,939
2026-02-28,ATOM,,current,5.04,1132599,939
2026-02-28,ATRA,,current,5.42,1158993,939
2026-02-28,ATS,,current,31.95,3539343,939
2026-02-28,AUDC,,current,6.9944,902031,939
2026-02-28,AUNA,,current,5.34,1186816,485
2026-02-28,AURA,,current,5.89,1009352,939
2026-02-28,AVBH,,current,28.88,1654189,939
2026-02-28,AVD,,current,4.61,858537,939
2026-02-28,AVIR,,current,4.68,1410959,939
2026-02-28,AVNW,,current,25.04,2320466,939
2026-02-28,AXG,,current,3.72,2694753,621
2026-02-28,AZ,,current,5.23,2594482,939
2026-02-28,BALY,,current,14.22,1220780,306
2026-02-28,BARK,,current,15.62,664635,939
2026-02-28,BATRA,,current,48.41,2360737,939
2026-02-28,BBCP,,current,6.74,663166,939
2026-02-28,BBOT,,current,10.03,2386067,514
2026-02-28,BCAL,,current,18.1132,3694058,939
2026-02-28,BCBP,,current,7.9369,668511,939
2026-02-28,BCIC,,current,10.1582,687891,939
2026-02-28,BCML,,current,28.8247,608489,939
2026-02-28,BCTX,,current,3.82,769094,939
2026-02-28,BDSX,,current,15.33,986112,939
2026-02-28,BDTX,,current,2.47,2114671,939
2026-02-28,BGDE,,current,2.96,902985,939
2026-02-28,BHB,,current,31.6672,2152842,939
2026-02-28,BKTI,,current,87.09,2777941,939
2026-02-28,BMRC,,current,24.4412,2470044,939
2026-02-28,BNC,,current,3.42,2081085,939
2026-02-28,BNED,,current,8.5956,2526404,939
2026-02-28,BNT,,current,44.2671,730535,939
2026-02-28,BNTC,,current,10.9,1775525,939
2026-02-28,BOC,,current,12.35,1973269,939
2026-02-28,BODI,,current,6.96,455013,939
2026-02-28,BOOM,,current,5.89,1332939,939
2026-02-28,BPRN,,current,33.3604,411051,939
2026-02-28,BRBS,,current,3.4772,649907,939
2026-02-28,BRCC,,current,6.3,714303,939
2026-02-28,BSET,,current,14.612,257426,939
2026-02-28,BSRR,,current,35.4875,2153799,939
2026-02-28,BSVN,,current,40.1574,424600,939
2026-02-28,BURU,1814215,roster,19.0618,4226788,771
2026-02-28,BVFL,,current,18.68,250360,939
2026-02-28,BWB,,current,18.28,1507015,939
2026-02-28,BWEN,,current,2.48,581295,939
2026-02-28,BWFG,,current,46.3817,1593887,939
2026-02-28,BWMN,,current,33.54,4228375,939
2026-02-28,BWMX,,current,15.6439,1204501,939
2026-02-28,BXBL,,current,10.085,396515,263
2026-02-28,CAC,,current,45.4236,3701271,939
2026-02-28,CAMP,,current,4.49,405057,345
2026-02-28,CASS,,current,43.5145,3179796,939
2026-02-28,CATX,,current,5.4,4475531,939
2026-02-28,CBAN,,current,19.6024,1924486,939
2026-02-28,CBIO,,current,12.09,1843696,939
2026-02-28,CBNK,,current,29.1896,1324286,939
2026-02-28,CCAP,,current,11.7961,2379561,939
2026-02-28,CCBG,,current,42.3275,3074499,939
2026-02-28,CCLD,,current,2.45,806218,939
2026-02-28,CD,,current,5.87,742883,939
2026-02-28,CDZI,,current,5.2,4156889,939
2026-02-28,CENT,,current,39.19,2346948,939
2026-02-28,CEPO,,current,10.473,387660,286
2026-02-28,CETX,1435064,roster,10.6,2586973,939
2026-02-28,CFBK,,current,30.0423,1326521,939
2026-02-28,CFFI,,current,71.8794,285673,939
2026-02-28,CGNT,,current,7.09,2614152,939
2026-02-28,CHMG,,current,54.8919,403092,939
2026-02-28,CHPT,,current,6.3,3472363,939
2026-02-28,CHRN,,current,10.14,1297717,939
2026-02-28,CIA,,current,5.42,441224,939
2026-02-28,CING,,current,6.27,1306744,939
2026-02-28,CINT,,current,4.96,651884,939
2026-02-28,CION,,current,7.318,3573368,939
2026-02-28,CIVB,,current,23.4904,1958628,939
2026-02-28,CLAR,,current,3.0817,509441,939
2026-02-28,CLNN,,current,5.23,414013,939
2026-02-28,CLW,,current,14.99,3403841,939
2026-02-28,CMDB,,current,19.08,703350,208
2026-02-28,CMRC,,current,2.78,2910859,939
2026-02-28,CMT,,current,18.25,387850,939
2026-02-28,CNL,,current,20.76,877928,939
2026-02-28,CNSY,,current,7.5,2230890,939
2026-02-28,CNTN,,current,5.07,1716789,939
2026-02-28,CNVS,,current,2.96,262708,939
2026-02-28,CODA,,current,13.56,1350129,939
2026-02-28,COFS,,current,28.0684,2603114,939
2026-02-28,COOK,,current,43.0,338543,939
2026-02-28,COSO,,current,24.4574,1448887,203
2026-02-28,COYA,,current,4.96,1021108,793
2026-02-28,CPIX,,current,3.8152,468406,939
2026-02-28,CPSH,,current,4.48,537964,939
2026-02-28,CRBP,,current,8.57,1404113,939
2026-02-28,CRCT,,current,4.2027,2083693,939
2026-02-28,CRMT,,current,19.96,2620210,939
2026-02-28,CRNT,,current,2.27,1104834,939
2026-02-28,CRON,,current,2.67,3696727,939
2026-02-28,CRVO,,current,3.99,440571,939
2026-02-28,CSV,,current,45.8355,3161572,939
2026-02-28,CTKB,,current,4.48,4009720,939
2026-02-28,CTNM,,current,15.34,2534962,476
2026-02-28,CTOS,1709682,roster,7.16,4860715,939
2026-02-28,CURI,,current,3.1188,1624740,939
2026-02-28,CURR,,current,2.09,286502,373
2026-02-28,CVEO,,current,27.69,907092,939
2026-02-28,CVRX,,current,8.16,1751243,939
2026-02-28,CVU,,current,4.13,343259,939
2026-02-28,CWCO,,current,37.5111,2414844,939
2026-02-28,CXAI,,current,9.15,456395,939
2026-02-28,CXDO,,current,5.84,878200,939
2026-02-28,CYCU,,current,13.92,323746,259
2026-02-28,CYH,,current,3.46,4802209,939
2026-02-28,CZFS,,current,59.109,569578,939
2026-02-28,CZNC,,current,21.9356,1003884,939
2026-02-28,CZWI,,current,17.2393,566738,939
2026-02-28,DBGI,,current,114.8,3286150,939
2026-02-28,DCBO,,current,17.38,2019737,939
2026-02-28,DERM,,current,8.17,800975,939
2026-02-28,DGICA,,current,17.2477,2145836,939
2026-02-28,DHX,,current,2.49,436878,939
2026-02-28,DIBS,,current,4.81,1108996,939
2026-02-28,DMAC,,current,7.95,1777822,939
2026-02-28,DMRC,,current,4.41,1286560,939
2026-02-28,DSGR,,current,29.9,2114153,939
2026-02-28,DSP,,current,10.13,2047174,939
2026-02-28,DSX,,current,2.5487,1102923,939
2026-02-28,DTI,,current,3.48,536394,939
2026-02-28,DTIL,,current,4.2,856238,939
2026-02-28,DYNC,,current,10.39,876857,305
2026-02-28,EAF,,current,6.95,3049244,939
2026-02-28,EBF,,current,20.6267,3457605,939
2026-02-28,EBMT,,current,21.4232,776278,939
2026-02-28,EFSI,,current,34.1634,570206,939
2026-02-28,EGAN,,current,9.34,2259359,939
2026-02-28,ELA,,current,13.46,1054632,939
2026-02-28,ELAB,,current,71.4,598851,568
2026-02-28,ELDN,,current,2.62,1321321,939
2026-02-28,ELE,,current,23.5445,3841598,939
2026-02-28,ELMD,,current,23.7,1456037,939
2026-02-28,ELTX,,current,12.99,851411,939
2026-02-28,ELVA,,current,7.56,4049285,939
2026-02-28,EMPD,,current,3.78,3288962,939
2026-02-28,ENTA,,current,14.3,3369166,939
2026-02-28,EPM,,current,4.23,1405203,939
2026-02-28,EPRX,,current,8.18,1019842,476
2026-02-28,EPSN,,current,5.0071,646984,939
2026-02-28,ESEA,,current,67.142,1860419,939
2026-02-28,ESOA,,current,15.5519,1405324,939
2026-02-28,ESP,,current,57.4291,749395,939
2026-02-28,EVCM,,current,11.48,1651716,939
2026-02-28,EVEX,,current,3.0,4441107,939
2026-02-28,EVI,,current,19.43,378449,939
2026-02-28,EXOD,,current,10.2,1492542,939
2026-02-28,FABC,,current,2.37,355499,939
2026-02-28,FBIO,,current,3.42,1711726,939
2026-02-28,FBIZ,,current,54.0622,1453053,939
2026-02-28,FBLA,,current,13.17,1326210,337
2026-02-28,FBYD,,current,6.48,985376,600
2026-02-28,FC,,current,13.02,2282291,939
2026-02-28,FCAP,,current,50.2209,369538,939
2026-02-28,FCBC,,current,38.5773,1791978,939
2026-02-28,FCCO,,current,28.5232,1499129,939
2026-02-28,FDBC,,current,43.0951,273550,939
2026-02-28,FENC,,current,8.49,830326,939
2026-02-28,FF,,current,4.2417,619523,939
2026-02-28,FGNX,,current,6.71,1350394,939
2026-02-28,FHTX,,current,5.68,798415,939
2026-02-28,FINW,,current,16.84,327002,939
2026-02-28,FIRY,,current,3.36,279639,939
2026-02-28,FLL,,current,2.25,328478,939
2026-02-28,FLWS,,current,3.48,2157343,939
2026-02-28,FLXS,,current,51.0531,967963,939
2026-02-28,FMAO,,current,25.4339,631549,939
2026-02-28,FNKO,,current,5.0,2694829,939
2026-02-28,FNLC,,current,26.9994,461687,939
2026-02-28,FNWB,,current,9.27,317670,939
2026-02-28,FNWD,,current,37.1082,450864,939
2026-02-28,FOA,,current,19.35,2048401,939
2026-02-28,FOR,,current,28.72,4096443,939
2026-02-28,FORR,,current,5.98,702040,939
2026-02-28,FOSL,,current,4.68,1969755,939
2026-02-28,FPH,,current,5.52,840024,939
2026-02-28,FRAF,,current,50.8934,2179988,939
2026-02-28,FRBA,,current,15.7513,882908,939
2026-02-28,FRD,,current,18.551,307109,939
2026-02-28,FRMM,,current,3.53,3067005,939
2026-02-28,FRPH,,current,23.94,1281518,939
2026-02-28,FRST,,current,13.0389,975315,939
2026-02-28,FSBW,,current,38.9701,394478,939
2026-02-28,FSTR,,current,30.73,504570,939
2026-02-28,FTCI,,current,7.24,808794,939
2026-02-28,FTW,,current,11.7232,253029,355
2026-02-28,FUNC,,current,35.0225,519542,939
2026-02-28,FVCB,,current,15.3113,616170,939
2026-02-28,FXNC,,current,26.2446,790359,939
2026-02-28,GAIN,,current,13.2728,2194989,939
2026-02-28,GALT,,current,2.98,1160651,939
2026-02-28,GAME,,current,2.608,460452,939
2026-02-28,GASS,,current,8.95,870975,939
2026-02-28,GBFH,,current,30.21,1759414,412
2026-02-28,GECC,,current,5.6735,421894,939
2026-02-28,GENC,,current,15.62,356386,939
2026-02-28,GEOS,,current,9.17,3209862,939
2026-02-28,GFR,,current,5.94,518456,939
2026-02-28,GIC,,current,32.1425,2551266,939
2026-02-28,GLAD,,current,17.3373,3201501,939
2026-02-28,GLAS,,current,8.14,1282811,939
2026-02-28,GLRE,,current,14.19,1717165,939
2026-02-28,GNE,,current,14.3774,1039163,939
2026-02-28,GNLX,,current,2.98,541860,775
2026-02-28,GORO,,current,4.6,344698,939
2026-02-28,GPRK,,current,8.2412,4441217,939
2026-02-28,GRCE,,current,4.29,261592,939
2026-02-28,GRDX,,current,2.3,379773,939
2026-02-28,GRNT,,current,4.8394,2794749,939
2026-02-28,GRO,,current,2.97,1002354,312
2026-02-28,GTE,,current,6.04,2596377,939
2026-02-28,GWRS,,current,8.9783,572921,939
2026-02-28,GYRE,,current,8.24,512184,939
2026-02-28,HBB,,current,18.7287,338751,939
2026-02-28,HBT,,current,26.5498,797884,939
2026-02-28,HCKT,,current,13.3814,4501840,939
2026-02-28,HDSN,,current,7.11,1808411,939
2026-02-28,HGTY,,current,11.74,1133464,939
2026-02-28,HIPO,,current,28.76,4343130,939
2026-02-28,HITI,,current,2.53,1159194,939
2026-02-28,HLLY,,current,4.08,2817629,939
2026-02-28,HOFT,,current,14.1063,360055,939
2026-02-28,HPK,,current,5.21,3684537,939
2026-02-28,HRZN,,current,5.3941,4370570,939
2026-02-28,HSHP,,current,13.8117,1858346,730
2026-02-28,HURC,,current,17.71,420074,939
2026-02-28,HVII,,current,10.31,261480,266
2026-02-28,HVT,,current,22.8467,1769531,939
2026-02-28,HY,,current,36.0669,3550050,939
2026-02-28,HYPD,,current,2.82,946948,939
2026-02-28,IBEX,,current,28.9,3568239,939
2026-02-28,IDN,,current,4.86,738005,939
2026-02-28,IGIC,,current,23.8264,1049763,939
2026-02-28,IHRT,,current,3.27,2060243,939
2026-02-28,III,,current,4.6632,1600048,939
2026-02-28,IKT,,current,2.05,990618,939
2026-02-28,IMMR,,current,5.9707,2442700,939
2026-02-28,IMPP,,current,4.25,2221073,939
2026-02-28,IMTX,,current,10.34,3745808,939
2026-02-28,IMUX,,current,10.2,1018753,939
2026-02-28,IMXI,,current,15.78,3044872,939
2026-02-28,INBK,,current,20.1759,1103024,939
2026-02-28,INDO,,current,5.88,3981854,939
2026-02-28,INFU,,current,8.77,1107599,939
2026-02-28,INGN,,current,6.1,1163074,939
2026-02-28,INNV,,current,8.96,795298,939
2026-02-28,INR,,current,16.6,2807744,270
2026-02-28,INSE,,current,8.16,690272,939
2026-02-28,INSG,,current,12.35,1753846,939
2026-02-28,INTG,,current,30.03,352122,939
2026-02-28,INTT,,current,11.65,334974,939
2026-02-28,IPSC,,current,2.32,1697924,939
2026-02-28,IPWR,,current,3.585,250700,939
2026-02-28,IRD,,current,4.16,1205626,939
2026-02-28,ISBA,,current,46.9291,1053522,939
2026-02-28,ISOU,,current,11.75,834343,939
2026-02-28,ISTR,,current,28.0016,1744340,939
2026-02-28,IXHL,,current,4.24,2588451,939
2026-02-28,JAKK,,current,21.41,1663153,939
2026-02-28,JFB,,current,7.585,1299863,247
2026-02-28,JILL,,current,17.0349,1067378,939
2026-02-28,JMSB,,current,19.0355,364625,939
2026-02-28,JOUT,,current,47.8355,2342216,939
2026-02-28,JRVR,,current,6.9715,1550240,939
2026-02-28,JYNT,,current,8.8,562100,939
2026-02-28,KAZR,,current,3.2,413668,257
2026-02-28,KBDC,,current,12.6563,4347953,443
2026-02-28,KE,,current,24.99,4544157,939
2026-02-28,KELYA,,current,9.5903,4006651,939
2026-02-28,KEN,,current,74.4889,883638,939
2026-02-28,KGEI,,current,3.82,382938,939
2026-02-28,KIDS,,current,19.17,2272694,939
2026-02-28,KINS,,current,16.3755,2001272,939
2026-02-28,KLC,,current,3.5,3106262,347
2026-02-28,KLRS,,current,10.46,754729,939
2026-02-28,KMDA,,current,8.2728,480921,939
2026-02-28,KNOP,,current,10.5616,959455,939
2026-02-28,KRMD,,current,4.77,812019,939
2026-02-28,KRNT,,current,15.29,4248595,939
2026-02-28,KRNY,,current,7.4594,2764215,939
2026-02-28,KRO,,current,5.683,1642178,939
2026-02-28,KRRO,,current,12.13,1935635,939
2026-02-28,KVHI,,current,6.03,339506,939
2026-02-28,KWY,,current,12.24,928771,939
2026-02-28,LAKE,,current,9.17,1341559,939
2026-02-28,LAW,,current,3.25,1497900,939
2026-02-28,LCNB,,current,16.3651,360683,939
2026-02-28,LE,,current,16.07,2783311,939
2026-02-28,LEGH,,current,21.92,2039399,939
2026-02-28,LFCR,,current,7.2,996333,939
2026-02-28,LFMD,,current,2.67,3194716,939
2026-02-28,LFVN,,current,4.5396,1005710,939
2026-02-28,LGCY,,current,13.77,421225,356
2026-02-28,LIEN,,current,9.3549,472541,939
2026-02-28,LILA,,current,5.3261,2691431,939
2026-02-28,LMNR,,current,14.09,874576,939
2026-02-28,LNSR,,current,11.97,371596,939
2026-02-28,LOCO,,current,11.06,2134513,939
2026-02-28,LODE,,current,3.1,4852246,939
2026-02-28,LOVE,,current,12.78,4001986,939
2026-02-28,LUCK,,current,8.3134,1697521,939
2026-02-28,LWAY,,current,22.16,1100695,939
2026-02-28,LXFR,,current,12.6419,1601533,939
2026-02-28,LYEL,,current,24.0,2408948,939
2026-02-28,LZM,,current,4.65,1004738,939
2026-02-28,MAKO,,current,8.46,321020,939
2026-02-28,MASS,,current,6.9,2053070,939
2026-02-28,MATV,,current,10.5174,3414309,939
2026-02-28,MBI,,current,6.55,2415403,939
2026-02-28,MCBS,,current,27.6273,1448183,939
2026-02-28,MCFT,,current,21.705,2362393,939
2026-02-28,MCRB,,current,8.74,762784,939
2026-02-28,MDWD,,current,17.3,1400416,939
2026-02-28,MED,,current,10.53,2475930,939
2026-02-28,METCB,,current,11.5023,555693,677
2026-02-28,MFIN,,current,9.6895,371802,939
2026-02-28,MG,,current,15.28,2237034,939
2026-02-28,MIND,,current,7.61,1516756,939
2026-02-28,MLP,,current,16.45,259529,939
2026-02-28,MLR,,current,41.6455,2039153,939
2026-02-28,MNSB,,current,22.0125,862834,939
2026-02-28,MOB,,current,5.46,1690115,880
2026-02-28,MOVE,,current,8.3947,445603,939
2026-02-28,MPAA,,current,10.34,1481608,939
2026-02-28,MRBK,,current,19.1583,1411075,939
2026-02-28,MSIF,,current,11.645,2973603,272
2026-02-28,MTA,,current,9.05,3942838,939
2026-02-28,MTRX,,current,10.99,2655998,939
2026-02-28,MTW,,current,14.75,3310716,939
2026-02-28,MVBF,,current,26.6777,1398174,939
2026-02-28,MX,,current,2.75,762040,939
2026-02-28,MYFW,,current,25.29,594496,939
2026-02-28,NAGE,,current,5.05,4770625,939
2026-02-28,NAKA,,current,9.8,2626130,437
2026-02-28,NATH,,current,100.0853,4217727,939
2026-02-28,NATR,,current,27.68,2545572,939
2026-02-28,NC,,current,56.483,490873,939
2026-02-28,NCDL,,current,12.1064,3486805,525
2026-02-28,NCMI,,current,3.4946,1162907,939
2026-02-28,NCSM,,current,39.84,274695,939
2026-02-28,NECB,,current,23.7845,1054810,939
2026-02-28,NEGG,,current,44.46,4060632,939
2026-02-28,NEOV,,current,2.89,1533646,939
2026-02-28,NERV,,current,6.6,275004,939
2026-02-28,NEWP,,current,5.69,3642254,939
2026-02-28,NEWT,,current,11.9143,2812631,939
2026-02-28,NEXN,,current,6.44,1998090,939
2026-02-28,NGEN,,current,3.92,549035,939
2026-02-28,NGS,,current,37.9756,3324085,939
2026-02-28,NKSH,,current,36.7585,464177,939
2026-02-28,NKTX,,current,2.7,1335868,939
2026-02-28,NMAD,,current,2.89,257616,939
2026-02-28,NNNN,,current,25.76,1294590,258
2026-02-28,NOA,,current,16.3687,1467173,939
2026-02-28,NPB,,current,18.012,4709811,259
2026-02-28,NPCE,,current,14.58,2640498,939
2026-02-28,NRC,,current,13.184,1355238,939
2026-02-28,NRDY,,current,14.475,859604,939
2026-02-28,NRIM,,current,23.1886,4377449,939
2026-02-28,NRXS,,current,6.0,338164,641
2026-02-28,NSLR,,current,9.38,1293854,939
2026-02-28,NTHI,,current,10.22,491780,233
2026-02-28,NUS,,current,8.29,4445604,939
2026-02-28,NVCT,,current,8.86,495535,939
2026-02-28,NWFL,,current,28.4683,792311,939
2026-02-28,NXTC,,current,12.72,324170,939
2026-02-28,NYAX,,current,51.15,318005,862
2026-02-28,OBIO,,current,4.38,668696,939
2026-02-28,OBT,,current,32.697,1128728,939
2026-02-28,OCC,,current,5.57,478124,939
2026-02-28,OEC,,current,5.6275,3570228,939
2026-02-28,OESX,,current,11.12,859331,939
2026-02-28,OFIX,,current,13.53,2917781,939
2026-02-28,OFLX,,current,35.1671,1242154,939
2026-02-28,OM,,current,3.49,1472333,939
2026-02-28,ONEW,,current,11.385,2017230,939
2026-02-28,ONIT,,current,41.91,2515050,939
2026-02-28,OPBK,,current,13.1149,456520,939
2026-02-28,OPRT,,current,5.18,2017233,939
2026-02-28,OPRX,,current,7.58,3149546,939
2026-02-28,OPTX,,current,6.42,3881792,939
2026-02-28,OPXS,,current,12.95,714088,939
2026-02-28,ORMP,,current,3.42,512580,939
2026-02-28,ORN,,current,13.73,3340418,939
2026-02-28,OSG,,current,5.35,4304245,939
2026-02-28,OSUR,,current,3.15,1306948,939
2026-02-28,OVBC,,current,42.1481,387303,939
2026-02-28,OVLY,,current,31.6457,454270,939
2026-02-28,OWLT,,current,11.55,3112141,939
2026-02-28,OZ,,current,49.876,641687,939
2026-02-28,PACK,,current,5.12,1846654,939
2026-02-28,PAL,,current,7.57,1906660,452
2026-02-28,PANL,,current,9.1739,2773714,939
2026-02-28,PAVS,,current,1548.0,569412,939
2026-02-28,PAYS,,current,3.55,1380910,939
2026-02-28,PBYI,,current,5.7,2336383,939
2026-02-28,PCB,,current,21.9904,439100,939
2026-02-28,PCYO,,current,10.57,477228,939
2026-02-28,PDEX,,current,44.31,971842,939
2026-02-28,PDLB,,current,16.25,1149844,939
2026-02-28,PEBK,,current,37.6306,481880,939
2026-02-28,PEPG,,current,6.22,2978090,939
2026-02-28,PERI,,current,8.55,2511951,939
2026-02-28,PEW,,current,2.75,1359978,534
2026-02-28,PFIS,,current,52.5658,1091955,939
2026-02-28,PKBK,,current,27.5206,1913862,939
2026-02-28,PKOH,,current,25.5477,524854,939
2026-02-28,PLBC,,current,49.7056,764396,939
2026-02-28,PLCE,,current,4.0,1479976,939
2026-02-28,PLRZ,,current,12.49,988717,333
2026-02-28,PLTK,,current,3.09,4194546,939
2026-02-28,PLX,,current,2.88,1448574,939
2026-02-28,PMTS,,current,12.265,567112,939
2026-02-28,PNNT,,current,4.4161,3366596,939
2026-02-28,POWW,,current,2.13,629448,939
2026-02-28,PPIH,,current,32.37,3002778,939
2026-02-28,PRE,,current,16.91,3618081,939
2026-02-28,PRLD,,current,2.76,639015,939
2026-02-28,PROF,,current,7.61,845540,939
2026-02-28,PRTA,,current,8.67,4687956,939
2026-02-28,PRTH,,current,5.55,1836656,939
2026-02-28,PSBD,,current,9.6742,777982,530
2026-02-28,PSFE,,current,6.26,3684026,939
2026-02-28,QCLS,,current,3.73,2618290,939
2026-02-28,QNCX,,current,25.2,3208065,939
2026-02-28,QNTM,,current,3.55,408739,939
2026-02-28,QTRX,,current,6.55,3940427,939
2026-02-28,QUAD,,current,6.7495,980418,939
2026-02-28,QUIK,,current,8.23,868644,939
2026-02-28,RAIL,,current,13.83,1693167,939
2026-02-28,RBB,,current,21.2258,1298059,939
2026-02-28,RCEL,,current,5.03,764489,939
2026-02-28,RCKY,,current,44.6783,956708,939
2026-02-28,RCMT,,current,18.91,775487,939
2026-02-28,RDCM,,current,11.39,842773,939
2026-02-28,RELL,,current,12.195,914886,939
2026-02-28,RFIL,,current,11.35,916634,939
2026-02-28,RGP,,current,3.6426,1504348,939
2026-02-28,RICK,,current,21.9828,2037275,939
2026-02-28,RILY,,current,6.45,4928884,939
2026-02-28,RJET,,current,21.73,997192,939
2026-02-28,RLGT,,current,7.42,911539,939
2026-02-28,RM,,current,31.2605,1886754,939
2026-02-28,RMNI,,current,3.72,1085967,939
2026-02-28,RMR,,current,15.6002,2958091,939
2026-02-28,RNAC,,current,7.59,954770,939
2026-02-28,RNGR,,current,17.2286,2230308,939
2026-02-28,ROLR,,current,4.37,730165,337
2026-02-28,RPAY,,current,2.78,3283828,939
2026-02-28,RRGB,,current,5.03,625528,939
2026-02-28,RSVR,,current,8.97,398488,939
2026-02-28,RTB,,current,5.88,294982,939
2026-02-28,RVPH,1742927,roster,4.294,1459950,939
2026-02-28,RWAY,,current,6.7204,2679429,939
2026-02-28,SABS,,current,4.1,1301019,939
2026-02-28,SAMG,,current,14.703,437561,939
2026-02-28,SAR,,current,21.3531,2131167,939
2026-02-28,SBSI,,current,30.6125,3358828,939
2026-02-28,SCLX,,current,5.1121,835514,939
2026-02-28,SCM,,current,9.3359,1964679,939
2026-02-28,SCZM,,current,12.55,3726164,939
2026-02-28,SD,,current,16.8898,4583546,939
2026-02-28,SDHC,,current,15.7,1208821,534
2026-02-28,SEAT,,current,5.96,814951,939
2026-02-28,SEG,,current,23.36,1508031,397
2026-02-28,SEGG,,current,7.105,730952,678
2026-02-28,SENS,,current,8.27,2769238,939
2026-02-28,SGC,,current,9.7084,379225,939
2026-02-28,SGHT,,current,5.16,1478429,939
2026-02-28,SHBI,,current,18.2234,3535218,939
2026-02-28,SHIP,,current,13.9191,1464915,939
2026-02-28,SHMD,,current,6.46,2265913,458
2026-02-28,SIGA,,current,5.7235,1873510,939
2026-02-28,SKIL,,current,4.19,1603157,939
2026-02-28,SKYH,,current,8.78,923352,939
2026-02-28,SLGL,,current,91.68,1093784,939
2026-02-28,SLRC,,current,13.6682,4037770,939
2026-02-28,SLSR,,current,10.83,1143203,939
2026-02-28,SMC,,current,29.51,1207270,939
2026-02-28,SMHI,,current,7.66,646935,939
2026-02-28,SMTI,,current,20.44,1070933,939
2026-02-28,SND,,current,4.9792,1664152,939
2026-02-28,SNWV,,current,24.325,1388724,340
2026-02-28,SOPH,,current,4.5,552287,939
2026-02-28,SPAI,,current,5.11,1007830,376
2026-02-28,SPCB,,current,8.47,480664,939
2026-02-28,SPOK,,current,11.1524,1944803,939
2026-02-28,SPRB,,current,54.94,2572419,939
2026-02-28,SRBK,,current,16.4508,618185,612
2026-02-28,SRG,,current,2.96,646654,939
2026-02-28,SRI,,current,7.89,935140,939
2026-02-28,SRZN,,current,27.8,1669205,939
2026-02-28,SSP,,current,4.15,1843591,939
2026-02-28,SSTI,,current,7.3,1371541,939
2026-02-28,STEM,,current,10.51,2903252,939
2026-02-28,STI,,current,4.35,468895,939
2026-02-28,STRZ,,current,11.0,1331331,204
2026-02-28,SUPX,,current,13.47,4516207,468
2026-02-28,SVCO,,current,3.36,664337,452
2026-02-28,SWIM,,current,6.71,3524829,939
2026-02-28,SXTC,,current,182.4,317938,939
2026-02-28,TAOX,,current,3.91,637123,939
2026-02-28,TASK,,current,6.9212,2326768,939
2026-02-28,TAYD,,current,87.74,1892166,939
2026-02-28,TBCH,,current,12.54,2730619,939
2026-02-28,TBI,,current,4.23,981296,939
2026-02-28,TBN,,current,31.7,1049377,419
2026-02-28,TCBX,,current,39.61,2450749,939
2026-02-28,TCPC,,current,3.7149,3836044,939
2026-02-28,TCX,,current,18.16,435699,939
2026-02-28,TG,,current,9.18,1212468,939
2026-02-28,TGEN,,current,3.47,1849842,939
2026-02-28,THM,,current,3.51,2051391,939
2026-02-28,TII,,current,4.36,1209584,939
2026-02-28,TIPT,,current,16.8496,3264041,939
2026-02-28,TITN,,current,19.49,2769211,939
2026-02-28,TKNO,,current,2.58,627519,939
2026-02-28,TLS,,current,4.02,3702221,939
2026-02-28,TLSI,,current,5.06,708342,939
2026-02-28,TOYO,,current,7.87,291022,939
2026-02-28,TPVG,,current,4.7513,2248237,939
2026-02-28,TRAK,,current,8.6578,946704,939
2026-02-28,TRC,,current,17.61,1422525,939
2026-02-28,TRDA,,current,11.93,2073497,939
2026-02-28,TROO,,current,2.88,1180848,939
2026-02-28,TRT,,current,4.86,349656,939
2026-02-28,TSBK,,current,37.5626,580867,939
2026-02-28,TSQ,,current,6.9562,529155,939
2026-02-28,TTAM,,current,18.0354,4095665,265
2026-02-28,TTGT,,current,3.51,1891609,939
2026-02-28,TUSK,,current,2.31,496327,939
2026-02-28,TWFG,,current,20.35,2429127,405
2026-02-28,TWIN,,current,18.1123,558615,939
2026-02-28,TZOO,,current,6.45,904725,939
2026-02-28,UIS,,current,2.43,1935715,939
2026-02-28,ULH,,current,16.3298,745082,939
2026-02-28,UNTY,,current,52.7131,2355818,939
2026-02-28,UP,,current,11.92,2005679,939
2026-02-28,USCB,,current,18.6964,702666,939
2026-02-28,USGO,,current,12.045,572307,717
2026-02-28,USNA,,current,21.52,2349885,939
2026-02-28,UTMD,,current,65.9828,800150,939
2026-02-28,VBNK,,current,16.4687,577335,939
2026-02-28,VEEE,,current,16.465,357482,939
2026-02-28,VEL,,current,18.59,1975131,939
2026-02-28,VFF,,current,3.58,4032232,939
2026-02-28,VFS,,current,3.26,909380,939
2026-02-28,VGZ,,current,2.8,3970206,939
2026-02-28,VINP,,current,11.2991,543530,939
2026-02-28,VIVO,,current,2.36,866220,939
2026-02-28,VLGEA,,current,38.6932,1460192,939
2026-02-28,VMAR,,current,247.0,440620,939
2026-02-28,VMD,,current,8.7,995708,939
2026-02-28,VNCE,,current,3.1,349424,939
2026-02-28,VOXR,,current,6.3897,3118603,939
2026-02-28,VRA,,current,2.64,798996,939
2026-02-28,VREX,,current,13.17,3823222,939
2026-02-28,VTEX,,current,3.43,2850754,939
2026-02-28,VTVT,,current,38.16,636398,939
2026-02-28,VUZI,,current,2.89,3817120,939
2026-02-28,VYGR,,current,4.1,1925111,939
2026-02-28,WATT,,current,11.82,1028067,939
2026-02-28,WBTN,,current,11.25,3536433,419
2026-02-28,WEST,,current,4.42,1396054,939
2026-02-28,WEYS,,current,30.5796,279511,939
2026-02-28,WHF,,current,5.8722,892104,939
2026-02-28,WHWK,,current,3.51,301224,939
2026-02-28,WKHS,,current,3.37,607223,939
2026-02-28,WLDS,,current,6.858,331976,868
2026-02-28,WNEB,,current,12.7191,643844,939
2026-02-28,WOK,,current,134.0,557418,379
2026-02-28,WOOF,,current,2.55,4641880,939
2026-02-28,WSBF,,current,17.4952,680488,939
2026-02-28,WTBA,,current,23.8773,794136,939
2026-02-28,XFOR,,current,3.44,1799667,939
2026-02-28,XGN,,current,3.62,1804804,939
2026-02-28,XPER,,current,6.13,2251752,863
2026-02-28,XPOF,,current,4.26,2809642,939
2026-02-28,YORW,,current,32.6368,2236884,939
2026-02-28,ZNTL,,current,2.39,1305440,939
2026-02-28,ZSQR,,current,12.035,817357,939
2026-02-28,ZURA,,current,6.62,2589434,738
2026-03-31,AARD,,current,3.64,1769925,282
2026-03-31,ABOS,,current,2.19,930352,960
2026-03-31,ACB,,current,3.08,2695459,960
2026-03-31,ACCO,,current,2.8027,2556863,960
2026-03-31,ACEL,,current,10.76,3809599,960
2026-03-31,ACET,,current,6.11,1036932,960
2026-03-31,ACIC,,current,11.31,2390459,960
2026-03-31,ACIU,,current,2.56,849051,960
2026-03-31,ACNB,,current,46.4617,1680951,960
2026-03-31,ACNT,,current,13.15,1008379,960
2026-03-31,ACOG,,current,5.32,288685,344
2026-03-31,ACTG,,current,4.84,930182,960
2026-03-31,ACU,,current,43.9648,480553,960
2026-03-31,ADV,,current,27.49,616562,960
2026-03-31,AEHL,,current,18.24,412607,960
2026-03-31,AEYE,,current,5.81,1180391,960
2026-03-31,AFCG,,current,2.55,527947,960
2026-03-31,AFYA,,current,14.92,1528213,960
2026-03-31,AII,,current,19.26,2350387,224
2026-03-31,AIRS,,current,2.73,2328420,960
2026-03-31,AISP,,current,2.07,1453538,960
2026-03-31,ALCO,,current,40.9308,1015847,960
2026-03-31,ALEC,,current,2.02,1489803,960
2026-03-31,ALGS,,current,6.56,353294,960
2026-03-31,ALLT,,current,6.27,3327375,960
2026-03-31,ALTG,,current,5.22,1360058,960
2026-03-31,ALTI,,current,3.6,501526,960
2026-03-31,ALVO,,current,3.29,2060015,949
2026-03-31,AMBP,1845097,roster,3.833,4974095,960
2026-03-31,AMCI,,current,5.36,591394,797
2026-03-31,AMPY,,current,6.41,3921228,960
2026-03-31,AMWL,,current,5.17,336459,960
2026-03-31,ANIK,,current,14.13,1398230,960
2026-03-31,ANIX,,current,2.5,395168,960
2026-03-31,AOUT,,current,9.105,426098,960
2026-03-31,AP,,current,6.46,1761860,960
2026-03-31,APYX,,current,3.58,313399,960
2026-03-31,ARCT,,current,6.9,3481630,960
2026-03-31,ARDT,,current,8.26,3283502,426
2026-03-31,ARMP,,current,8.59,320739,960
2026-03-31,AROW,,current,32.8202,2708844,960
2026-03-31,ARQ,,current,2.49,1161370,960
2026-03-31,ARTNA,,current,31.8785,1023981,960
2026-03-31,ARTV,,current,5.45,753481,425
2026-03-31,ASIC,,current,19.52,1828849,201
2026-03-31,ASLE,,current,6.04,1605378,960
2026-03-31,ASUR,,current,8.35,775453,960
2026-03-31,ATLO,,current,27.3676,968787,960
2026-03-31,ATLX,,current,4.15,2346055,960
2026-03-31,ATNI,,current,27.0487,1499420,960
2026-03-31,ATOM,,current,3.58,3201910,960
2026-03-31,ATRA,,current,4.32,1011411,960
2026-03-31,AUDC,,current,8.121,928562,960
2026-03-31,AUNA,,current,5.28,2069843,506
2026-03-31,AURA,,current,6.2,1192732,960
2026-03-31,AVBH,,current,27.96,1981492,960
2026-03-31,AVD,,current,2.53,953335,960
2026-03-31,AVIR,,current,5.08,2153361,960
2026-03-31,AVNW,,current,22.48,2512288,960
2026-03-31,AXG,,current,3.55,2068202,642
2026-03-31,AZ,,current,6.32,2569519,960
2026-03-31,BALY,,current,9.74,1158555,327
2026-03-31,BARK,,current,10.24,701528,960
2026-03-31,BATRA,,current,46.71,2671640,960
2026-03-31,BBCP,,current,6.77,788922,960
2026-03-31,BBOT,,current,8.68,2149861,535
2026-03-31,BCAL,,current,17.3913,3429662,960
2026-03-31,BCBP,,current,8.7008,708382,960
2026-03-31,BCIC,,current,6.9736,771873,960
2026-03-31,BCML,,current,29.345,646235,960
2026-03-31,BCTX,,current,4.13,827465,960
2026-03-31,BDSX,,current,13.79,1764168,960
2026-03-31,BDTX,,current,2.03,1531330,960
2026-03-31,BHB,,current,31.6574,2335334,960
2026-03-31,BKTI,,current,73.27,3177575,960
2026-03-31,BMRC,,current,25.0107,2432294,960
2026-03-31,BNC,,current,2.86,1227305,960
2026-03-31,BNED,,current,8.5657,2307320,960
2026-03-31,BNT,,current,40.1476,1056654,960
2026-03-31,BNTC,,current,10.06,1397689,960
2026-03-31,BOC,,current,11.93,1428246,960
2026-03-31,BODI,,current,11.16,442821,960
2026-03-31,BOOM,,current,5.08,1624547,960
2026-03-31,BPRN,,current,33.5764,431870,960
2026-03-31,BRBS,,current,3.4515,626192,960
2026-03-31,BRCC,,current,7.51,718648,960
2026-03-31,BRR,,current,2.05,1452992,203
2026-03-31,BSET,,current,13.8701,292285,960
2026-03-31,BSRR,,current,33.1894,2193342,960
2026-03-31,BSVN,,current,39.5349,398784,960
2026-03-31,BURU,1814215,roster,6.284,4520372,792
2026-03-31,BVFL,,current,19.18,251946,960
2026-03-31,BWB,,current,17.58,1285722,960
2026-03-31,BWFG,,current,47.6629,1396380,960
2026-03-31,BWMN,,current,27.9,4302706,960
2026-03-31,BWMX,,current,15.993,1785004,960
2026-03-31,BXBL,,current,10.11,331301,284
2026-03-31,BYRN,,current,8.85,4925718,960
2026-03-31,CAC,,current,46.2797,3859727,960
2026-03-31,CAMP,,current,4.0,401567,366
2026-03-31,CASS,,current,43.4315,3061852,960
2026-03-31,CBAN,,current,19.3157,2558659,960
2026-03-31,CBIO,,current,16.62,1901990,960
2026-03-31,CBNK,,current,29.3484,1310971,960
2026-03-31,CCAP,,current,11.5632,2640951,960
2026-03-31,CCBG,,current,43.0637,3572543,960
2026-03-31,CCLD,,current,3.52,903160,960
2026-03-31,CD,,current,4.11,608197,960
2026-03-31,CDZI,,current,4.87,3641526,960
2026-03-31,CENT,,current,37.09,2547200,960
2026-03-31,CETX,1435064,roster,5.12,870846,960
2026-03-31,CFBK,,current,27.6366,1404489,960
2026-03-31,CFFI,,current,72.4666,265358,960
2026-03-31,CGNT,,current,7.93,2932040,960
2026-03-31,CHMG,,current,54.9963,346303,960
2026-03-31,CHPT,,current,4.51,2767836,960
2026-03-31,CHRN,,current,10.03,1340107,960
2026-03-31,CIA,,current,4.82,449218,960
2026-03-31,CING,,current,5.84,2113108,960
2026-03-31,CINT,,current,4.99,642606,960
2026-03-31,CION,,current,6.3273,3848320,960
2026-03-31,CIVB,,current,22.2571,1801846,960
2026-03-31,CLAR,,current,2.5979,644250,960
2026-03-31,CLNN,,current,4.82,378798,960
2026-03-31,CLW,,current,14.02,3347046,960
2026-03-31,CMDB,,current,15.45,812791,229
2026-03-31,CMRC,,current,2.57,2691837,960
2026-03-31,CMT,,current,22.6,440828,960
2026-03-31,CMTV,,current,32.0681,275612,960
2026-03-31,CNL,,current,16.06,1018033,960
2026-03-31,CNSY,,current,5.25,1568920,960
2026-03-31,CNTN,,current,3.08,2331640,960
2026-03-31,CNVS,,current,2.3,306946,960
2026-03-31,CODA,,current,10.89,2262658,960
2026-03-31,COFS,,current,27.5525,2190611,960
2026-03-31,COOK,,current,28.5,323275,960
2026-03-31,COSO,,current,24.1984,1588168,224
2026-03-31,COYA,,current,3.78,778947,814
2026-03-31,CPIX,,current,2.4194,380037,960
2026-03-31,CPSH,,current,3.47,677462,960
2026-03-31,CRBP,,current,8.6,1322431,960
2026-03-31,CRCT,,current,3.7043,2093562,960
2026-03-31,CRMT,,current,12.8,2211296,960
2026-03-31,CRNT,,current,2.01,1014912,960
2026-03-31,CRON,,current,2.44,2972486,960
2026-03-31,CRVO,,current,3.62,399435,960
2026-03-31,CSV,,current,44.6018,3595019,960
2026-03-31,CTEV,,current,15.81,3446633,960
2026-03-31,CTKB,,current,4.3,3620735,960
2026-03-31,CTNM,,current,12.46,3151361,497
2026-03-31,CURI,,current,2.7409,1214762,960
2026-03-31,CVEO,,current,26.27,1096590,960
2026-03-31,CVRX,,current,8.86,1985570,960
2026-03-31,CVU,,current,3.73,364133,960
2026-03-31,CVV,,current,4.56,272195,960
2026-03-31,CWCO,,current,32.7145,2794601,960
2026-03-31,CXAI,,current,10.0,738316,960
2026-03-31,CXDO,,current,5.99,1029773,960
2026-03-31,CYH,,current,2.87,4495166,960
2026-03-31,CZFS,,current,60.5704,557392,960
2026-03-31,CZNC,,current,21.7696,922023,960
2026-03-31,CZWI,,current,19.3683,914955,960
2026-03-31,DBGI,,current,69.6,3343856,960
2026-03-31,DBI,,current,5.2875,4832965,960
2026-03-31,DCBO,,current,16.68,3000867,960
2026-03-31,DERM,,current,4.39,800602,960
2026-03-31,DGICA,,current,16.7778,2004495,960
2026-03-31,DHX,,current,2.7,545931,960
2026-03-31,DIBS,,current,5.37,1044371,960
2026-03-31,DMAC,,current,6.64,1544988,960
2026-03-31,DMRC,,current,4.49,1274933,960
2026-03-31,DSGR,,current,25.69,2580680,960
2026-03-31,DSP,,current,10.87,2047174,960
2026-03-31,DSX,,current,2.341,1731805,960
2026-03-31,DTCX,,current,2.19,672838,960
2026-03-31,DTI,,current,3.85,759292,960
2026-03-31,DTIL,,current,5.42,885520,960
2026-03-31,DWSN,,current,2.64,267626,960
2026-03-31,DYNC,,current,10.46,845591,326
2026-03-31,EAF,,current,6.21,2723145,960
2026-03-31,EBF,,current,21.252,3348227,960
2026-03-31,EBMT,,current,20.0904,831303,960
2026-03-31,ECOR,,current,5.64,340882,960
2026-03-31,EDSA,,current,5.33,321574,960
2026-03-31,EFSI,,current,33.8189,494515,960
2026-03-31,EGAN,,current,7.86,1970237,960
2026-03-31,ELA,,current,16.84,1168377,960
2026-03-31,ELAB,,current,35.6,549647,589
2026-03-31,ELDN,,current,2.71,1753132,960
2026-03-31,ELE,,current,16.7392,4645412,960
2026-03-31,ELMD,,current,24.34,1289750,960
2026-03-31,ELPW,,current,85.5,1252615,731
2026-03-31,ELTX,,current,10.08,1059322,960
2026-03-31,ELVA,,current,7.24,3744756,960
2026-03-31,EML,,current,19.8656,271255,960
2026-03-31,EMPD,,current,4.2,4029469,960
2026-03-31,ENTA,,current,12.18,2410948,960
2026-03-31,EOLS,,current,3.94,4814602,960
2026-03-31,EPM,,current,4.5353,1669997,960
2026-03-31,EPRX,,current,6.61,1388888,497
2026-03-31,EPSN,,current,6.2887,845455,960
2026-03-31,ESCA,,current,17.2235,293698,960
2026-03-31,ESEA,,current,61.2785,2448008,960
2026-03-31,ESOA,,current,13.1325,1968649,960
2026-03-31,ESP,,current,54.6684,1004705,960
2026-03-31,EVCM,,current,11.78,1601312,960
2026-03-31,EVEX,,current,2.38,3726781,960
2026-03-31,EVI,,current,20.61,461737,960
2026-03-31,EXOD,,current,6.2,1121665,960
2026-03-31,FBIO,,current,2.7,1724096,960
2026-03-31,FBIZ,,current,53.528,1538239,960
2026-03-31,FBLA,,current,13.75,1396786,358
2026-03-31,FBYD,,current,11.94,718396,621
2026-03-31,FC,,current,15.52,2383829,960
2026-03-31,FCAP,,current,51.2008,302175,960
2026-03-31,FCBC,,current,41.1406,2925235,960
2026-03-31,FCCO,,current,28.6123,1697259,960
2026-03-31,FDBC,,current,42.8887,266874,960
2026-03-31,FENC,,current,5.77,989999,960
2026-03-31,FF,,current,3.9234,1115283,960
2026-03-31,FGNX,,current,5.03,759921,960
2026-03-31,FHTX,,current,4.42,877933,960
2026-03-31,FINW,,current,15.88,256557,960
2026-03-31,FLWS,,current,3.07,1604745,960
2026-03-31,FLXS,,current,44.622,1177106,960
2026-03-31,FMAO,,current,25.2077,823564,960
2026-03-31,FNKO,,current,3.06,3717585,960
2026-03-31,FNLC,,current,27.556,467096,960
2026-03-31,FNWB,,current,8.69,288354,960
2026-03-31,FNWD,,current,36.2208,334204,960
2026-03-31,FOA,,current,16.05,1770966,960
2026-03-31,FOR,,current,23.96,3917576,960
2026-03-31,FORR,,current,5.67,771616,960
2026-03-31,FOSL,,current,4.04,2196237,960
2026-03-31,FPH,,current,4.73,866595,960
2026-03-31,FRAF,,current,50.9824,1631418,960
2026-03-31,FRBA,,current,15.7711,886071,960
2026-03-31,FRD,,current,17.7336,369369,960
2026-03-31,FRMM,,current,2.76,1899383,960
2026-03-31,FRPH,,current,22.28,1259587,960
2026-03-31,FRST,,current,12.96,1228505,960
2026-03-31,FSBW,,current,38.5657,409897,960
2026-03-31,FSTR,,current,27.89,671250,960
2026-03-31,FTCI,,current,3.78,814118,960
2026-03-31,FTW,,current,10.5894,571714,376
2026-03-31,FUNC,,current,36.2962,466234,960
2026-03-31,FVCB,,current,14.8849,775387,960
2026-03-31,FWDI,,current,4.31,4561062,960
2026-03-31,FXNC,,current,26.3633,1491248,960
2026-03-31,GAIN,,current,13.7974,2738446,960
2026-03-31,GALT,,current,2.57,957110,960
2026-03-31,GASS,,current,9.01,1012482,960
2026-03-31,GBFH,,current,26.34,1982855,433
2026-03-31,GECC,,current,4.7203,370709,960
2026-03-31,GENC,,current,14.66,388500,960
2026-03-31,GEOS,,current,11.41,2813383,960
2026-03-31,GFR,,current,6.47,549193,960
2026-03-31,GIC,,current,30.3226,2849700,960
2026-03-31,GLAD,,current,16.497,3661521,960
2026-03-31,GLAS,,current,7.5,1059325,960
2026-03-31,GLRE,,current,16.98,1717165,960
2026-03-31,GNE,,current,13.8134,874116,960
2026-03-31,GNLX,,current,2.3,525628,796
2026-03-31,GORO,,current,3.84,385754,960
2026-03-31,GRCE,,current,4.36,566100,960
2026-03-31,GRDX,,current,2.01,360125,960
2026-03-31,GRML,,current,13.9,314066,960
2026-03-31,GRNT,,current,5.7097,3175427,960
2026-03-31,GRO,,current,3.43,1811541,333
2026-03-31,GTE,,current,9.24,3845596,960
2026-03-31,GWRS,,current,7.4248,460153,960
2026-03-31,GYRE,,current,6.84,675096,960
2026-03-31,HBB,,current,18.0654,332622,960
2026-03-31,HBT,,current,26.6778,896958,960
2026-03-31,HCKT,,current,12.7017,3949061,960
2026-03-31,HDSN,,current,5.72,1878080,960
2026-03-31,HGTY,,current,10.48,1311872,960
2026-03-31,HIPO,,current,25.88,3599228,960
2026-03-31,HITI,,current,2.22,1085118,960
2026-03-31,HLLY,,current,2.98,2890831,960
2026-03-31,HOFT,,current,12.9314,381730,960
2026-03-31,HPK,,current,7.61,4737217,960
2026-03-31,HRZN,,current,3.7566,4628580,960
2026-03-31,HSHP,,current,11.85,3491484,751
2026-03-31,HURC,,current,14.78,335657,960
2026-03-31,HVT,,current,20.4924,2025660,960
2026-03-31,HY,,current,31.1215,3362770,960
2026-03-31,HYPD,,current,3.2,985610,960
2026-03-31,IBEX,,current,26.79,3859062,960
2026-03-31,IDN,,current,6.42,674381,960
2026-03-31,IGIC,,current,23.6395,1384237,960
2026-03-31,IHRT,,current,2.8,2023837,960
2026-03-31,III,,current,3.757,1333743,960
2026-03-31,IMDX,,current,2.55,360115,960
2026-03-31,IMMR,,current,5.3453,2189762,960
2026-03-31,IMPP,,current,4.4,2247680,960
2026-03-31,IMTX,,current,9.3,3637649,960
2026-03-31,IMUX,,current,10.3,2038268,960
2026-03-31,IMXI,,current,15.8,4184183,960
2026-03-31,INBK,,current,20.0565,1082805,960
2026-03-31,INFU,,current,9.35,1108891,960
2026-03-31,INGN,,current,6.11,1280909,960
2026-03-31,INNV,,current,7.87,2186237,960
2026-03-31,INR,,current,18.45,3388947,291
2026-03-31,INSE,,current,6.95,699302,960
2026-03-31,INSG,,current,10.75,1661761,960
2026-03-31,INTG,,current,36.92,352122,960
2026-03-31,INTT,,current,13.03,769097,960
2026-03-31,IPSC,,current,2.03,2890052,960
2026-03-31,IRD,,current,4.35,2811247,960
2026-03-31,ISBA,,current,43.8001,985360,960
2026-03-31,ISOU,,current,9.41,1159708,960
2026-03-31,ISTR,,current,26.6625,2922531,960
2026-03-31,IXHL,,current,3.04,2023677,960
2026-03-31,JAKK,,current,19.0986,1671864,960
2026-03-31,JFB,,current,6.49,1759638,268
2026-03-31,JILL,,current,14.7564,860520,960
2026-03-31,JMSB,,current,20.2451,416857,960
2026-03-31,JOUT,,current,45.823,2424583,960
2026-03-31,JRVR,,current,6.2542,1676313,960
2026-03-31,JYNT,,current,8.55,494768,960
2026-03-31,KAZR,,current,3.03,434970,278
2026-03-31,KBDC,,current,12.9675,4532810,464
2026-03-31,KE,,current,23.34,4220791,960
2026-03-31,KELYA,,current,8.8496,3750286,960
2026-03-31,KEN,,current,76.4589,1256260,960
2026-03-31,KGEI,,current,5.72,539640,960
2026-03-31,KIDS,,current,15.2,2413783,960
2026-03-31,KIDZ,,current,307.5,304057,246
2026-03-31,KINS,,current,14.3385,1683017,960
2026-03-31,KLC,,current,2.13,3172897,368
2026-03-31,KLRS,,current,5.3,482702,960
2026-03-31,KMDA,,current,7.9063,527532,960
2026-03-31,KNOP,,current,9.8305,945071,960
2026-03-31,KRMD,,current,4.25,747998,960
2026-03-31,KRNT,,current,14.38,4275082,960
2026-03-31,KRNY,,current,7.2449,2708150,960
2026-03-31,KRO,,current,6.3184,1845698,960
2026-03-31,KRRO,,current,10.28,1903570,960
2026-03-31,KULR,,current,2.17,3409671,960
2026-03-31,KVHI,,current,8.93,346097,960
2026-03-31,KWY,,current,10.26,901743,960
2026-03-31,LAKE,,current,7.8,964633,960
2026-03-31,LAW,,current,3.83,1449674,960
2026-03-31,LCNB,,current,15.3697,408514,960
2026-03-31,LE,,current,11.74,3898110,960
2026-03-31,LEE,,current,8.76,429119,960
2026-03-31,LEGH,,current,20.13,2112067,960
2026-03-31,LFCR,,current,3.79,1038678,960
2026-03-31,LFMD,,current,3.6,2928644,960
2026-03-31,LFVN,,current,4.3375,709274,960
2026-03-31,LGCY,,current,12.28,488237,377
2026-03-31,LIEN,,current,9.0056,548430,960
2026-03-31,LILA,,current,5.8152,2717911,960
2026-03-31,LIMN,,current,8.85,314323,228
2026-03-31,LMNR,,current,13.45,820650,960
2026-03-31,LNSR,,current,5.87,395349,960
2026-03-31,LOCO,,current,13.8,2220394,960
2026-03-31,LODE,,current,2.91,4898092,960
2026-03-31,LOVE,,current,14.04,3272752,960
2026-03-31,LSAK,,current,4.93,331238,960
2026-03-31,LUCK,,current,7.936,1158937,960
2026-03-31,LWAY,,current,18.37,994885,960
2026-03-31,LXFR,,current,11.7186,2043539,960
2026-03-31,LYEL,,current,19.29,2301642,960
2026-03-31,LZM,,current,3.2,1186255,960
2026-03-31,MAKO,,current,5.99,412200,960
2026-03-31,MASS,,current,5.75,1691254,960
2026-03-31,MATV,,current,8.3678,3799511,960
2026-03-31,MBI,,current,5.71,2383245,960
2026-03-31,MCBS,,current,28.0993,2151787,960
2026-03-31,MCFT,,current,20.59,2716358,960
2026-03-31,MCRB,,current,8.8,520278,960
2026-03-31,MDWD,,current,15.46,1392038,960
2026-03-31,MDXG,,current,3.86,4383376,960
2026-03-31,MED,,current,9.99,2328005,960
2026-03-31,METCB,,current,9.9901,439157,698
2026-03-31,MFIN,,current,8.2357,429147,960
2026-03-31,MG,,current,14.6,2222776,960
2026-03-31,MGNX,,current,2.76,1717788,960
2026-03-31,MIND,,current,7.62,1340820,960
2026-03-31,MLR,,current,45.2209,2356612,960
2026-03-31,MNSB,,current,21.8538,909783,960
2026-03-31,MOB,,current,4.83,1625562,901
2026-03-31,MOVE,,current,11.4359,527165,960
2026-03-31,MPAA,,current,10.86,1298756,960
2026-03-31,MRBK,,current,18.5965,1431834,960
2026-03-31,MSIF,,current,11.5224,4265931,293
2026-03-31,MSLE,,current,5.91,455558,960
2026-03-31,MTA,,current,6.06,4288146,960
2026-03-31,MTRX,,current,11.1,2841114,960
2026-03-31,MTW,,current,11.27,3427200,960
2026-03-31,MVBF,,current,24.8103,1072381,960
2026-03-31,MX,,current,2.7,779132,960
2026-03-31,MYFW,,current,24.79,586314,960
2026-03-31,NAKA,,current,8.4,1238347,458
2026-03-31,NATH,,current,100.354,3312786,960
2026-03-31,NATR,,current,24.14,2965225,960
2026-03-31,NC,,current,51.2556,542146,960
2026-03-31,NCDL,,current,12.1346,3031898,546
2026-03-31,NCI,,current,46.8,2310100,485
2026-03-31,NCMI,,current,3.0195,1246960,960
2026-03-31,NCSM,,current,62.09,314136,960
2026-03-31,NECB,,current,23.4602,990897,960
2026-03-31,NEGG,,current,37.76,3078492,960
2026-03-31,NEOV,,current,3.025,2266456,960
2026-03-31,NERV,,current,5.97,637773,960
2026-03-31,NEWP,,current,3.78,4078053,960
2026-03-31,NEWT,,current,10.428,2696223,960
2026-03-31,NEXN,,current,6.56,2082765,960
2026-03-31,NGEN,,current,3.73,537140,960
2026-03-31,NGS,,current,37.916,4022514,960
2026-03-31,NGVC,,current,26.1403,4619742,960
2026-03-31,NKSH,,current,35.202,562060,960
2026-03-31,NKTX,,current,2.0,1608741,960
2026-03-31,NNNN,,current,24.61,1095852,279
2026-03-31,NOA,,current,12.8751,1478293,960
2026-03-31,NPB,,current,16.9349,3981816,280
2026-03-31,NPCE,,current,12.84,2872562,960
2026-03-31,NRC,,current,17.0065,1480646,960
2026-03-31,NRDY,,current,12.09,608177,960
2026-03-31,NRIM,,current,22.5471,3884150,960
2026-03-31,NRXP,,current,2.09,1260013,960
2026-03-31,NRXS,,current,6.61,534563,662
2026-03-31,NSLR,,current,9.94,1580118,960
2026-03-31,NTHI,,current,7.0,435452,254
2026-03-31,NUS,,current,6.9996,4289324,960
2026-03-31,NVCT,,current,7.49,493891,960
2026-03-31,NWFL,,current,28.9679,780570,960
2026-03-31,NXTC,,current,9.9,320422,960
2026-03-31,NYAX,,current,54.245,656422,883
2026-03-31,OBIO,,current,4.07,725113,960
2026-03-31,OBT,,current,31.9556,1414799,960
2026-03-31,OCC,,current,8.33,542487,960
2026-03-31,OEC,,current,6.2389,4023690,960
2026-03-31,OESX,,current,8.93,574807,960
2026-03-31,OFIX,,current,11.32,3105772,960
2026-03-31,OFLX,,current,30.0678,1216451,960
2026-03-31,OKUR,,current,3.79,320197,960
2026-03-31,OM,,current,3.61,1057990,960
2026-03-31,ONEW,,current,8.95,1799490,960
2026-03-31,ONIT,,current,38.54,2638632,960
2026-03-31,OPBK,,current,13.1345,424118,960
2026-03-31,OPFI,,current,7.61,4186052,960
2026-03-31,OPRT,,current,4.43,2499707,960
2026-03-31,OPRX,,current,6.46,3104351,960
2026-03-31,OPTX,,current,6.56,4514019,960
2026-03-31,OPXS,,current,12.82,630376,960
2026-03-31,ORMP,,current,3.28,523245,960
2026-03-31,ORN,,current,10.65,4610864,960
2026-03-31,OSG,,current,4.61,3271453,960
2026-03-31,OSUR,,current,2.92,1306948,960
2026-03-31,OVBC,,current,41.9801,387303,960
2026-03-31,OVID,,current,2.11,2344484,960
2026-03-31,OVLY,,current,31.6655,548040,960
2026-03-31,OWLT,,current,4.53,2680665,960
2026-03-31,OZ,,current,51.63,683976,960
2026-03-31,PACK,,current,3.45,1913049,960
2026-03-31,PAL,,current,6.39,1832703,473
2026-03-31,PANL,,current,6.7504,4904073,960
2026-03-31,PAVS,,current,199.2,381954,960
2026-03-31,PAYS,,current,5.76,1349102,960
2026-03-31,PBYI,,current,6.13,2275913,960
2026-03-31,PCB,,current,22.2166,447110,960
2026-03-31,PCYO,,current,10.02,535055,960
2026-03-31,PDEX,,current,47.44,1068292,960
2026-03-31,PDLB,,current,16.6,1095511,960
2026-03-31,PEBK,,current,38.4022,695096,960
2026-03-31,PEPG,,current,4.23,3201335,960
2026-03-31,PERI,,current,9.82,3155770,960
2026-03-31,PEW,,current,2.88,1158053,555
2026-03-31,PFIS,,current,52.1932,1240706,960
2026-03-31,PKBK,,current,27.9355,2148568,960
2026-03-31,PKOH,,current,23.3045,541277,960
2026-03-31,PLBC,,current,47.8182,1463695,960
2026-03-31,PLCE,,current,3.11,1038649,960
2026-03-31,PLRZ,,current,11.88,631847,354
2026-03-31,PLTK,,current,2.72,4774014,960
2026-03-31,PLX,,current,2.09,2427353,960
2026-03-31,PMN,,current,12.88,488016,960
2026-03-31,PMTS,,current,14.45,551839,960
2026-03-31,PNNT,,current,3.952,3351296,960
2026-03-31,PPIH,,current,28.21,2688480,960
2026-03-31,PRE,,current,19.95,4086834,960
2026-03-31,PRLD,,current,3.07,592374,960
2026-03-31,PROF,,current,5.95,1159883,960
2026-03-31,PRPO,,current,23.895,351899,960
2026-03-31,PRTA,,current,9.25,4321259,960
2026-03-31,PRTH,,current,4.7,1570408,960
2026-03-31,PSBD,,current,9.3208,667485,551
2026-03-31,PSFE,,current,6.67,3064349,960
2026-03-31,QCLS,,current,3.24,1683441,960
2026-03-31,QNCX,,current,20.2,2973676,960
2026-03-31,QNTM,,current,4.28,279792,960
2026-03-31,QTRX,,current,3.43,3485849,960
2026-03-31,QUAD,,current,6.5249,1043046,960
2026-03-31,QUIK,,current,9.07,1187418,960
2026-03-31,RAIL,,current,7.86,1758730,960
2026-03-31,RBB,,current,21.0086,1329599,960
2026-03-31,RCEL,,current,3.63,814099,960
2026-03-31,RCKY,,current,37.889,1148072,960
2026-03-31,RCMT,,current,19.34,801752,960
2026-03-31,RDCM,,current,11.91,763611,960
2026-03-31,RDNW,,current,6.4,279941,960
2026-03-31,RELL,,current,10.6558,1130264,960
2026-03-31,RFIL,,current,9.75,1780381,960
2026-03-31,RGC,,current,23.33,4048939,960
2026-03-31,RGP,,current,3.5942,1479799,960
2026-03-31,RICK,,current,23.2418,1650977,960
2026-03-31,RJET,,current,17.67,1553856,960
2026-03-31,RLGT,,current,6.9,868759,960
2026-03-31,RM,,current,31.1917,1820565,960
2026-03-31,RMNI,,current,3.12,1057500,960
2026-03-31,RMR,,current,14.705,2505645,960
2026-03-31,RNAC,,current,5.88,838789,960
2026-03-31,RNGR,,current,17.2991,2628226,960
2026-03-31,ROLR,,current,3.05,854824,358
2026-03-31,RPAY,,current,3.12,3267336,960
2026-03-31,RRGB,,current,2.59,761843,960
2026-03-31,RSVR,,current,9.5,517700,960
2026-03-31,RTAC,,current,10.28,1486728,203
2026-03-31,RWAY,,current,6.1725,2920808,960
2026-03-31,SABS,,current,3.78,1731540,960
2026-03-31,SAMG,,current,13.3404,387768,960
2026-03-31,SAR,,current,19.858,2592493,960
2026-03-31,SBSI,,current,29.9772,3342430,960
2026-03-31,SCLX,,current,3.9415,420226,960
2026-03-31,SCM,,current,8.516,2158008,960
2026-03-31,SCZM,,current,7.59,4899663,960
2026-03-31,SDHC,,current,12.17,1366559,555
2026-03-31,SEAT,,current,5.8,719923,960
2026-03-31,SEG,,current,20.97,1579399,418
2026-03-31,SEGG,,current,4.305,745532,699
2026-03-31,SENS,,current,6.18,2943186,960
2026-03-31,SGC,,current,9.8257,381152,960
2026-03-31,SGHT,,current,3.68,1336943,960
2026-03-31,SHBI,,current,18.085,3900064,960
2026-03-31,SHIP,,current,11.8404,2342622,960
2026-03-31,SHMD,,current,5.48,3486797,479
2026-03-31,SIF,,current,12.15,382742,960
2026-03-31,SIGA,,current,4.6531,2461352,960
2026-03-31,SKIL,,current,4.24,974968,960
2026-03-31,SKYH,,current,9.52,977372,960
2026-03-31,SLGL,,current,68.54,1777594,960
2026-03-31,SLP,,current,11.36,4213900,960
2026-03-31,SLRC,,current,13.7129,4124315,960
2026-03-31,SLSR,,current,7.98,1318329,960
2026-03-31,SMC,,current,31.08,1418937,960
2026-03-31,SMHI,,current,7.47,729576,960
2026-03-31,SMP,,current,34.721,4757718,960
2026-03-31,SMTI,,current,17.29,1254948,960
2026-03-31,SND,,current,5.0176,1664152,960
2026-03-31,SNWV,,current,17.39,1375426,361
2026-03-31,SOPH,,current,4.69,607515,960
2026-03-31,SPAI,,current,3.55,1127836,397
2026-03-31,SPCB,,current,7.2,476180,960
2026-03-31,SPOK,,current,10.6075,1936864,960
2026-03-31,SPRB,,current,58.53,2162620,960
2026-03-31,SRBK,,current,17.0671,561349,633
2026-03-31,SRG,,current,2.66,610718,960
2026-03-31,SRI,,current,4.72,1203037,960
2026-03-31,SRZN,,current,27.45,1618006,960
2026-03-31,SSP,,current,3.79,1841826,960
2026-03-31,SSTI,,current,6.44,1244100,960
2026-03-31,STEM,,current,8.25,2511658,960
2026-03-31,STI,,current,6.27,385561,960
2026-03-31,STRZ,,current,11.61,1438694,225
2026-03-31,SUPX,,current,9.04,3002745,489
2026-03-31,SVCO,,current,7.1,615945,473
2026-03-31,SWIM,,current,5.17,4607719,960
2026-03-31,SXTC,,current,132.0,302839,960
2026-03-31,TAOX,,current,5.37,627097,960
2026-03-31,TASK,,current,6.4,3091731,960
2026-03-31,TAYD,,current,72.09,3165885,960
2026-03-31,TBCH,,current,10.14,3064662,960
2026-03-31,TBI,,current,3.77,1040692,960
2026-03-31,TBN,,current,44.44,1535319,440
2026-03-31,TCBX,,current,37.44,2658756,960
2026-03-31,TCPC,,current,3.3728,4280125,960
2026-03-31,TCX,,current,16.96,498719,960
2026-03-31,TG,,current,7.71,1228275,960
2026-03-31,TGEN,,current,2.46,1237539,960
2026-03-31,THM,,current,2.09,3991531,960
2026-03-31,TII,,current,2.64,1325639,960
2026-03-31,TIPT,,current,16.6936,3707687,960
2026-03-31,TITN,,current,16.29,2783093,960
2026-03-31,TKNO,,current,2.68,473791,960
2026-03-31,TLS,,current,4.09,3420036,960
2026-03-31,TLSI,,current,3.71,701474,960
2026-03-31,TONX,,current,2.45,998773,960
2026-03-31,TOYO,,current,7.42,463907,960
2026-03-31,TPVG,,current,4.5186,2198541,960
2026-03-31,TRAK,,current,7.4039,997098,960
2026-03-31,TRC,,current,19.09,1592228,960
2026-03-31,TRDA,,current,11.77,2296500,960
2026-03-31,TROO,,current,2.05,1115351,960
2026-03-31,TRT,,current,5.54,323033,960
2026-03-31,TSBK,,current,38.6674,745752,960
2026-03-31,TSQ,,current,4.6156,899485,960
2026-03-31,TTAM,,current,14.2033,4985991,286
2026-03-31,TTGT,,current,3.91,1813119,960
2026-03-31,TUSK,,current,2.62,454377,960
2026-03-31,TWFG,,current,18.62,3931021,426
2026-03-31,TWIN,,current,14.677,635706,960
2026-03-31,TZOO,,current,5.66,977624,960
2026-03-31,UIS,,current,2.02,1942376,960
2026-03-31,ULH,,current,20.2305,755030,960
2026-03-31,UNTY,,current,51.2053,2330871,960
2026-03-31,UP,,current,8.64,1454991,960
2026-03-31,USCB,,current,18.2618,763233,960
2026-03-31,USGO,,current,11.03,896044,738
2026-03-31,USNA,,current,17.68,2481767,960
2026-03-31,UTMD,,current,64.4923,815860,960
2026-03-31,VBNK,,current,13.8437,620650,960
2026-03-31,VEEE,,current,10.36,620312,960
2026-03-31,VEL,,current,18.02,2214910,960
2026-03-31,VFF,,current,2.65,3620527,960
2026-03-31,VFS,,current,3.61,876542,960
2026-03-31,VINP,,current,9.8073,574322,960
2026-03-31,VIVO,,current,2.25,897027,960
2026-03-31,VLGEA,,current,42.3105,1709032,960
2026-03-31,VMD,,current,9.35,1577006,960
2026-03-31,VOXR,,current,4.76,3208535,960
2026-03-31,VRA,,current,3.02,649975,960
2026-03-31,VREX,,current,10.34,3903267,960
2026-03-31,VTEX,,current,3.92,3773896,960
2026-03-31,VTVT,,current,36.7,1099465,960
2026-03-31,VUZI,,current,2.07,2790379,960
2026-03-31,VYGR,,current,3.87,2215122,960
2026-03-31,WATT,,current,13.78,2449963,960
2026-03-31,WBTN,,current,8.85,3301656,440
2026-03-31,WEST,,current,4.05,1375072,960
2026-03-31,WEYS,,current,31.5589,276293,960
2026-03-31,WHF,,current,7.06,708326,960
2026-03-31,WHWK,,current,3.28,354786,960
2026-03-31,WKHS,,current,2.93,310427,960
2026-03-31,WNEB,,current,12.7982,738532,960
2026-03-31,WOOF,,current,2.68,4932468,960
2026-03-31,WSBF,,current,17.8783,835827,960
2026-03-31,WTBA,,current,23.2987,863282,960
2026-03-31,XFOR,,current,3.99,1449157,960
2026-03-31,XGN,,current,2.65,1430533,960
2026-03-31,XPER,,current,5.55,2157590,884
2026-03-31,XPOF,,current,5.85,2782604,960
2026-03-31,YORW,,current,30.6318,2639417,960
2026-03-31,ZNTL,,current,2.14,1450006,960
2026-03-31,ZSQR,,current,10.72,574634,960
2026-03-31,ZUMZ,,current,21.37,4257754,960
2026-03-31,ZURA,,current,5.68,2981685,759
2026-04-30,AARD,,current,5.21,1047873,303
2026-04-30,ABOS,,current,2.34,977032,981
2026-04-30,ACB,,current,3.29,2320038,981
2026-04-30,ACCO,,current,3.1206,3026716,981
2026-04-30,ACEL,,current,12.49,3665513,981
2026-04-30,ACET,,current,7.63,777092,981
2026-04-30,ACIC,,current,11.85,2227554,981
2026-04-30,ACIU,,current,2.93,699747,981
2026-04-30,ACNB,,current,49.4406,2564384,981
2026-04-30,ACNT,,current,14.5,1290171,981
2026-04-30,ACOG,,current,5.87,332935,365
2026-04-30,ACTG,,current,4.96,1101239,981
2026-04-30,ACU,,current,40.9647,629262,981
2026-04-30,ADV,,current,33.1,949827,981
2026-04-30,AEBI,,current,11.1047,3198984,208
2026-04-30,AEHL,,current,8.16,369596,981
2026-04-30,AEYE,,current,7.27,1002150,981
2026-04-30,AFCG,,current,2.8356,450593,981
2026-04-30,AFYA,,current,14.07,1369156,981
2026-04-30,AII,,current,19.37,1747834,245
2026-04-30,AIRG,,current,6.98,347462,981
2026-04-30,AIRO,,current,7.5,4332691,220
2026-04-30,AIRS,,current,2.54,2395671,981
2026-04-30,AISP,,current,2.21,1134699,981
2026-04-30,ALCO,,current,41.1203,1099347,981
2026-04-30,ALEC,,current,2.3,1365437,981
2026-04-30,ALGS,,current,5.97,353294,981
2026-04-30,ALLT,,current,7.23,2515040,981
2026-04-30,ALTG,,current,7.45,1161036,981
2026-04-30,ALTI,,current,3.4,496928,981
2026-04-30,ALVO,,current,3.3,1928145,970
2026-04-30,AMCI,,current,6.75,337297,818
2026-04-30,AMPY,,current,6.4,4999269,981
2026-04-30,AMWL,,current,6.12,352466,981
2026-04-30,ANIK,,current,12.39,1685654,981
2026-04-30,ANIX,,current,2.88,305028,981
2026-04-30,ANNA,,current,4.03,2697851,981
2026-04-30,ANTX,,current,4.68,865158,981
2026-04-30,AOUT,,current,9.33,367816,981
2026-04-30,AP,,current,10.12,1878600,981
2026-04-30,APYX,,current,3.46,349136,981
2026-04-30,ARCT,,current,8.4,3464131,981
2026-04-30,ARDT,,current,9.63,3282383,447
2026-04-30,ARMP,,current,9.55,358280,981
2026-04-30,AROW,,current,35.4871,2998752,981
2026-04-30,ARQ,,current,2.23,1042034,981
2026-04-30,ARTNA,,current,30.8189,1341492,981
2026-04-30,ARTV,,current,8.72,873408,446
2026-04-30,ASIC,,current,20.51,1763666,222
2026-04-30,ASLE,,current,6.63,1493100,981
2026-04-30,ASUR,,current,9.23,754958,981
2026-04-30,ATLO,,current,27.5546,1263366,981
2026-04-30,ATLX,,current,4.67,1770045,981
2026-04-30,ATNI,,current,26.9844,1815042,981
2026-04-30,ATOM,,current,7.25,4472637,981
2026-04-30,ATRA,,current,4.6,411371,981
2026-04-30,AUDC,,current,8.6206,866530,981
2026-04-30,AUNA,,current,5.11,1629472,527
2026-04-30,AURA,,current,6.73,1710738,981
2026-04-30,AVBH,,current,29.45,2187410,981
2026-04-30,AVD,,current,2.85,919948,981
2026-04-30,AVIR,,current,5.43,2187263,981
2026-04-30,AVNW,,current,21.49,3139437,981
2026-04-30,AVXL,,current,3.26,4279333,981
2026-04-30,AXG,,current,4.02,1260578,663
2026-04-30,AZ,,current,7.26,2298412,981
2026-04-30,BALY,,current,12.87,939796,348
2026-04-30,BARK,,current,9.11,658686,981
2026-04-30,BATRA,,current,52.28,2877218,981
2026-04-30,BBCP,,current,7.81,735586,981
2026-04-30,BBOT,,current,8.06,2528339,556
2026-04-30,BCAL,,current,18.5056,3281474,981
2026-04-30,BCBP,,current,10.2287,752661,981
2026-04-30,BCIC,,current,7.3874,719827,981
2026-04-30,BCML,,current,29.0775,772346,981
2026-04-30,BCTX,,current,4.02,716072,981
2026-04-30,BDSX,,current,9.84,1259202,981
2026-04-30,BDTX,,current,2.57,1501403,981
2026-04-30,BHB,,current,33.8169,2801126,981
2026-04-30,BKTI,,current,90.51,3813743,981
2026-04-30,BMRC,,current,25.0598,2400940,981
2026-04-30,BNC,,current,2.78,730791,981
2026-04-30,BNED,,current,9.6886,2063624,981
2026-04-30,BNT,,current,43.1729,1202522,981
2026-04-30,BNTC,,current,12.15,1384401,981
2026-04-30,BOC,,current,12.19,1426070,981
2026-04-30,BODI,,current,15.27,587214,981
2026-04-30,BOOM,,current,6.29,1640606,981
2026-04-30,BPRN,,current,34.971,390403,981
2026-04-30,BRBS,,current,3.43,806357,981
2026-04-30,BRCC,,current,11.0,599065,981
2026-04-30,BSET,,current,14.2801,405609,981
2026-04-30,BSRR,,current,35.0141,1771065,981
2026-04-30,BSVN,,current,43.2429,399626,981
2026-04-30,BURU,1814215,roster,10.868,4424842,813
2026-04-30,BVFL,,current,19.64,266930,981
2026-04-30,BWB,,current,18.13,1163617,981
2026-04-30,BWEN,,current,2.44,283496,981
2026-04-30,BWFG,,current,52.1719,1789425,981
2026-04-30,BWMN,,current,30.5,3371891,981
2026-04-30,BWMX,,current,16.1756,1670245,981
2026-04-30,BXBL,,current,10.15,283160,305
2026-04-30,BYRN,,current,5.66,3938222,981
2026-04-30,CAC,,current,47.5958,4066231,981
2026-04-30,CAMP,,current,4.01,305076,387
2026-04-30,CASS,,current,45.9794,3204883,981
2026-04-30,CBAN,,current,19.464,3914201,981
2026-04-30,CBIO,,current,20.94,2313374,981
2026-04-30,CBNK,,current,31.0059,1559703,981
2026-04-30,CCAP,,current,12.8651,2664539,981
2026-04-30,CCBG,,current,45.7975,3918986,981
2026-04-30,CCLD,,current,2.97,1166349,981
2026-04-30,CD,,current,5.11,488849,981
2026-04-30,CDZI,,current,4.19,3049483,981
2026-04-30,CENT,,current,37.47,2624276,981
2026-04-30,CETX,1435064,roster,10.8,721770,981
2026-04-30,CFBK,,current,29.2369,1204604,981
2026-04-30,CFFI,,current,76.243,297410,981
2026-04-30,CGEN,,current,2.6,569084,981
2026-04-30,CGNT,,current,9.49,3613111,981
2026-04-30,CHMG,,current,66.5111,367062,981
2026-04-30,CHPT,,current,6.52,2563497,981
2026-04-30,CHRN,,current,11.44,692256,981
2026-04-30,CIA,,current,5.53,495025,981
2026-04-30,CING,,current,4.71,2406126,981
2026-04-30,CINT,,current,4.05,453811,981
2026-04-30,CION,,current,7.0974,3914118,981
2026-04-30,CIVB,,current,24.4572,1899721,981
2026-04-30,CLAR,,current,2.5881,584131,981
2026-04-30,CLNN,,current,5.8,382826,981
2026-04-30,CLW,,current,12.89,2796694,981
2026-04-30,CMDB,,current,17.05,898367,250
2026-04-30,CMRC,,current,2.79,2022499,981
2026-04-30,CMT,,current,27.39,597204,981
2026-04-30,CMTV,,current,40.6187,694500,981
2026-04-30,CNL,,current,18.25,1102515,981
2026-04-30,CNSY,,current,5.6,1394641,981
2026-04-30,CNTB,,current,2.53,404692,981
2026-04-30,CNTN,,current,3.12,2262512,981
2026-04-30,CNVS,,current,2.59,325055,981
2026-04-30,CODA,,current,10.98,2258767,981
2026-04-30,COFS,,current,29.8023,2129426,981
2026-04-30,COOK,,current,40.06,404802,981
2026-04-30,COSO,,current,25.3739,1751127,245
2026-04-30,COYA,,current,4.07,599639,835
2026-04-30,CPSH,,current,4.61,720611,981
2026-04-30,CRBP,,current,9.82,1833455,981
2026-04-30,CRCT,,current,4.1832,1962502,981
2026-04-30,CRMT,,current,12.17,1782930,981
2026-04-30,CRNT,,current,2.42,927755,981
2026-04-30,CRON,,current,2.58,2590890,981
2026-04-30,CSV,,current,48.9197,3959353,981
2026-04-30,CTEV,,current,23.06,2348706,981
2026-04-30,CTKB,,current,4.44,2836651,981
2026-04-30,CTNM,,current,12.04,2746725,518
2026-04-30,CUE,,current,13.0,265168,981
2026-04-30,CURI,,current,2.9205,1007945,981
2026-04-30,CURR,,current,3.35,325178,415
2026-04-30,CV,,current,6.4,1078161,208
2026-04-30,CVEO,,current,31.22,1354852,981
2026-04-30,CVGI,,current,3.97,1377342,981
2026-04-30,CVRX,,current,6.87,1834178,981
2026-04-30,CVU,,current,3.62,264595,981
2026-04-30,CVV,,current,6.54,309065,981
2026-04-30,CWCO,,current,32.2661,3398457,981
2026-04-30,CXAI,,current,7.65,755164,981
2026-04-30,CXDO,,current,6.56,912894,981
2026-04-30,CYH,,current,2.87,4338927,981
2026-04-30,CZFS,,current,64.4609,471721,981
2026-04-30,CZNC,,current,22.463,894033,981
2026-04-30,CZWI,,current,20.6258,682568,981
2026-04-30,DBGI,,current,56.8,1314439,981
2026-04-30,DBI,,current,7.2616,3956405,981
2026-04-30,DCBO,,current,18.45,3000867,981
2026-04-30,DERM,,current,5.0,805598,981
2026-04-30,DFDV,,current,4.05,3911484,694
2026-04-30,DGICA,,current,17.2575,1824640,981
2026-04-30,DHX,,current,2.48,638442,981
2026-04-30,DIBS,,current,4.94,895314,981
2026-04-30,DMAC,,current,5.96,1350498,981
2026-04-30,DMRC,,current,7.13,1231371,981
2026-04-30,DOMO,,current,3.51,4740062,981
2026-04-30,DSGR,,current,26.95,2963050,981
2026-04-30,DSP,,current,10.61,1984102,981
2026-04-30,DSX,,current,2.4501,1489559,981
2026-04-30,DTCX,,current,2.24,690078,981
2026-04-30,DTI,,current,3.24,960873,981
2026-04-30,DTIL,,current,6.9,1188764,981
2026-04-30,DWSN,,current,3.36,355199,981
2026-04-30,DYNC,,current,10.76,1166594,347
2026-04-30,EAF,,current,8.68,1830097,981
2026-04-30,EBF,,current,20.3572,3044250,981
2026-04-30,EBMT,,current,22.4697,918521,981
2026-04-30,ECOR,,current,6.15,288989,981
2026-04-30,EDRY,,current,19.69,498922,981
2026-04-30,EDSA,,current,15.9,2427624,981
2026-04-30,EFSI,,current,37.3031,460303,981
2026-04-30,EGAN,,current,7.35,1446134,981
2026-04-30,ELA,,current,17.09,1010532,981
2026-04-30,ELAB,,current,25.3,1533797,610
2026-04-30,ELDN,,current,3.34,3216116,981
2026-04-30,ELE,,current,16.31,4377008,981
2026-04-30,ELMD,,current,25.1,1114689,981
2026-04-30,ELPW,,current,172.35,2165871,752
2026-04-30,ELTX,,current,10.32,1236202,981
2026-04-30,ELVA,,current,9.0,3000576,981
2026-04-30,EML,,current,22.0344,290077,981
2026-04-30,EMPD,,current,4.59,3808268,981
2026-04-30,ENTA,,current,13.87,1767877,981
2026-04-30,EOLS,,current,5.18,3563226,981
2026-04-30,EPM,,current,4.6227,1669997,981
2026-04-30,EPRX,,current,7.34,1318606,518
2026-04-30,EPSN,,current,6.2689,1269453,981
2026-04-30,EQ,,current,2.08,670379,981
2026-04-30,ESCA,,current,17.3992,489414,981
2026-04-30,ESEA,,current,69.9238,4337481,981
2026-04-30,ESOA,,current,16.206,2166700,981
2026-04-30,ESP,,current,66.319,1111413,981
2026-04-30,EVCM,,current,11.6,1503304,981
2026-04-30,EVEX,,current,2.78,3445857,981
2026-04-30,EVI,,current,18.2,554465,981
2026-04-30,EXOD,,current,7.07,579679,981
2026-04-30,FABC,,current,2.7,253038,981
2026-04-30,FAC,,current,10.3,549184,214
2026-04-30,FBIO,,current,2.22,1091862,981
2026-04-30,FBIZ,,current,55.8626,1981544,981
2026-04-30,FBLA,,current,14.05,1572215,379
2026-04-30,FBYD,,current,16.52,762146,642
2026-04-30,FC,,current,21.63,1965576,981
2026-04-30,FCBC,,current,42.0082,3325183,981
2026-04-30,FCCO,,current,29.315,1865133,981
2026-04-30,FDBC,,current,43.6848,250229,981
2026-04-30,FENC,,current,6.26,1017042,981
2026-04-30,FF,,current,4.4909,1862442,981
2026-04-30,FGNX,,current,6.85,472533,981
2026-04-30,FHTX,,current,4.76,694008,981
2026-04-30,FIP,,current,5.589,4590205,948
2026-04-30,FLWS,,current,3.49,1297519,981
2026-04-30,FLXS,,current,56.6766,2013289,981
2026-04-30,FMAO,,current,26.4651,1052540,981
2026-04-30,FNKO,,current,4.27,2974002,981
2026-04-30,FNLC,,current,28.1131,447589,981
2026-04-30,FNWB,,current,9.97,288354,981
2026-04-30,FOA,,current,19.36,1607016,981
2026-04-30,FOR,,current,27.55,3713132,981
2026-04-30,FORR,,current,6.31,713667,981
2026-04-30,FOSL,,current,4.44,2879380,981
2026-04-30,FPH,,current,4.91,954272,981
2026-04-30,FRAF,,current,54.7193,1342602,981
2026-04-30,FRBA,,current,14.8608,886071,981
2026-04-30,FRD,,current,19.8773,452102,981
2026-04-30,FRMM,,current,5.18,1559089,981
2026-04-30,FRPH,,current,20.78,1209631,981
2026-04-30,FRST,,current,14.401,1649595,981
2026-04-30,FSBW,,current,40.9428,424317,981
2026-04-30,FSTR,,current,30.61,984088,981
2026-04-30,FTCI,,current,4.64,655464,981
2026-04-30,FTW,,current,10.1089,782022,397
2026-04-30,FUNC,,current,36.937,351502,981
2026-04-30,FVCB,,current,15.5094,967863,981
2026-04-30,FWDI,,current,4.23,3753842,981
2026-04-30,FXNC,,current,27.6285,1943954,981
2026-04-30,GAIN,,current,15.992,3911804,981
2026-04-30,GALT,,current,2.25,752053,981
2026-04-30,GAME,,current,4.752,301824,981
2026-04-30,GASS,,current,9.83,1120086,981
2026-04-30,GBFH,,current,28.15,1705432,454
2026-04-30,GDRX,,current,2.29,4171167,981
2026-04-30,GECC,,current,5.2192,388246,981
2026-04-30,GENC,,current,14.47,358909,981
2026-04-30,GEOS,,current,9.3,2022013,981
2026-04-30,GFR,,current,6.57,749006,981
2026-04-30,GIC,,current,32.0433,2727507,981
2026-04-30,GLAD,,current,17.8344,3824116,981
2026-04-30,GLAS,,current,9.624,908558,981
2026-04-30,GLIBA,,current,33.47,1425034,202
2026-04-30,GLRE,,current,18.18,3235563,981
2026-04-30,GLSI,,current,21.6,3615462,981
2026-04-30,GNE,,current,13.5364,779399,981
2026-04-30,GNLX,,current,2.5,422385,817
2026-04-30,GORO,,current,4.08,304151,981
2026-04-30,GRCE,,current,2.1,1587611,981
2026-04-30,GRML,,current,21.4,1100063,981
2026-04-30,GRNT,,current,5.7192,4323885,981
2026-04-30,GRO,,current,3.09,2396349,354
2026-04-30,GSIT,,current,7.09,4617437,981
2026-04-30,GTE,,current,9.26,4182510,981
2026-04-30,GWRS,,current,7.1036,440531,981
2026-04-30,GYRE,,current,7.35,587911,981
2026-04-30,HBB,,current,19.9264,336733,981
2026-04-30,HBT,,current,27.5542,1238611,981
2026-04-30,HCKT,,current,12.9192,3896493,981
2026-04-30,HDSN,,current,6.08,1896470,981
2026-04-30,HGTY,,current,10.08,1422175,981
2026-04-30,HIPO,,current,28.22,2919391,981
2026-04-30,HITI,,current,2.4,924368,981
2026-04-30,HLLY,,current,3.19,2595016,981
2026-04-30,HOFT,,current,12.0581,414068,981
2026-04-30,HRZN,,current,3.6277,4262771,981
2026-04-30,HSHP,,current,13.001,3653775,772
2026-04-30,HTCO,,current,7.17,402290,981
2026-04-30,HURA,,current,2.1,1786344,981
2026-04-30,HURC,,current,16.68,278710,981
2026-04-30,HVT,,current,21.2327,2079779,981
2026-04-30,HY,,current,37.5456,2973005,981
2026-04-30,HYPD,,current,3.96,1060906,981
2026-04-30,IBEX,,current,27.94,3344144,981
2026-04-30,IDN,,current,7.98,1278672,981
2026-04-30,IGIC,,current,25.588,1168540,981
2026-04-30,IHRT,,current,5.1,2103973,981
2026-04-30,III,,current,3.963,1084735,981
2026-04-30,IMDX,,current,3.83,677663,981
2026-04-30,IMMR,,current,5.8037,2468376,981
2026-04-30,IMPP,,current,4.94,2327072,981
2026-04-30,IMRX,,current,5.25,3997472,981
2026-04-30,IMTX,,current,11.2,3438462,981
2026-04-30,IMUX,,current,10.03,2786874,981
2026-04-30,INBK,,current,22.5311,1009887,981
2026-04-30,INFU,,current,9.83,980351,981
2026-04-30,INGN,,current,7.0,1572327,981
2026-04-30,INNV,,current,8.07,2313156,981
2026-04-30,INR,,current,16.26,4158645,312
2026-04-30,INSE,,current,7.0,710969,981
2026-04-30,INSG,,current,14.79,1612518,981
2026-04-30,INTG,,current,42.23,419692,981
2026-04-30,INTT,,current,16.76,1977479,981
2026-04-30,IPSC,,current,2.2,2430388,981
2026-04-30,IRD,,current,4.67,3755900,981
2026-04-30,ISBA,,current,41.4566,1217945,981
2026-04-30,ISOU,,current,10.93,1013524,981
2026-04-30,ISTR,,current,27.6386,3390835,981
2026-04-30,IXHL,,current,3.92,1548234,981
2026-04-30,JAKK,,current,21.0574,1409202,981
2026-04-30,JFB,,current,5.79,1702481,289
2026-04-30,JILL,,current,12.6015,756768,981
2026-04-30,JMSB,,current,20.7011,461570,981
2026-04-30,JOUT,,current,51.8053,3251211,981
2026-04-30,JRVR,,current,6.2043,1431542,981
2026-04-30,JYNT,,current,8.86,400755,981
2026-04-30,KAZR,,current,4.04,395284,299
2026-04-30,KBDC,,current,14.0262,4546824,485
2026-04-30,KE,,current,26.04,3641670,981
2026-04-30,KELYA,,current,9.6496,3404271,981
2026-04-30,KEN,,current,87.72,1539805,981
2026-04-30,KGEI,,current,5.8,862647,981
2026-04-30,KIDS,,current,14.64,2427330,981
2026-04-30,KIDZ,,current,133.5,546494,267
2026-04-30,KINS,,current,16.8425,1413899,981
2026-04-30,KLC,,current,3.8,2892799,389
2026-04-30,KLRS,,current,5.51,478567,981
2026-04-30,KMDA,,current,7.9455,429273,981
2026-04-30,KNOP,,current,10.6914,823164,981
2026-04-30,KRMD,,current,3.97,599612,981
2026-04-30,KRNT,,current,15.23,3921533,981
2026-04-30,KRNY,,current,7.8689,2311843,981
2026-04-30,KRO,,current,7.0884,1878417,981
2026-04-30,KROS,,current,11.1,4694301,981
2026-04-30,KRRO,,current,12.61,1681818,981
2026-04-30,KULR,,current,2.41,2752515,981
2026-04-30,KVHI,,current,8.98,807736,981
2026-04-30,KWY,,current,11.13,823202,981
2026-04-30,LAKE,,current,9.74,730999,981
2026-04-30,LAW,,current,4.5,1344912,981
2026-04-30,LCNB,,current,15.8284,397290,981
2026-04-30,LCUT,,current,6.5837,496109,981
2026-04-30,LE,,current,10.98,4198555,981
2026-04-30,LEE,,current,8.41,424694,981
2026-04-30,LEGH,,current,20.93,1858731,981
2026-04-30,LFCR,,current,4.94,1198038,981
2026-04-30,LFMD,,current,4.43,3344957,981
2026-04-30,LFVN,,current,4.9783,597402,981
2026-04-30,LGCY,,current,11.28,582504,398
2026-04-30,LIEN,,current,8.9089,468747,981
2026-04-30,LILA,,current,5.3804,2089526,981
2026-04-30,LIMN,,current,10.2,435535,249
2026-04-30,LMNR,,current,12.68,752714,981
2026-04-30,LNSR,,current,5.39,449967,981
2026-04-30,LOCO,,current,13.59,2672878,981
2026-04-30,LODE,,current,3.18,3639800,981
2026-04-30,LOVE,,current,15.62,3160372,981
2026-04-30,LSAK,,current,4.78,348718,981
2026-04-30,LUCK,,current,7.4791,782250,981
2026-04-30,LWAY,,current,26.93,1150168,981
2026-04-30,LXEO,,current,5.68,4651238,622
2026-04-30,LXFR,,current,14.1321,1827568,981
2026-04-30,LYEL,,current,20.6,2108514,981
2026-04-30,LZM,,current,4.84,1129627,981
2026-04-30,MAGN,,current,9.87,4563946,981
2026-04-30,MAKO,,current,7.2,601145,981
2026-04-30,MASS,,current,6.5,1677590,981
2026-04-30,MATV,,current,9.2605,3867068,981
2026-04-30,MBI,,current,5.86,1690833,981
2026-04-30,MCBS,,current,31.7012,2570805,981
2026-04-30,MCFT,,current,22.79,2849008,981
2026-04-30,MCRB,,current,7.05,457160,981
2026-04-30,MDWD,,current,16.25,1244942,981
2026-04-30,MDXG,,current,3.09,4185639,981
2026-04-30,MED,,current,10.92,2017858,981
2026-04-30,METCB,,current,9.8419,339022,719
2026-04-30,MFIN,,current,9.0145,413359,981
2026-04-30,MG,,current,18.49,2173571,981
2026-04-30,MGNX,,current,2.94,1862688,981
2026-04-30,MGPI,,current,18.908,4728125,981
2026-04-30,MIND,,current,6.25,1017185,981
2026-04-30,MLR,,current,46.336,3008096,981
2026-04-30,MNSB,,current,23.6485,1001016,981
2026-04-30,MOB,,current,5.98,1368853,922
2026-04-30,MOVE,,current,15.85,673898,981
2026-04-30,MPAA,,current,10.97,1133122,981
2026-04-30,MRBK,,current,18.1038,1766077,981
2026-04-30,MSIF,,current,12.1933,4094080,314
2026-04-30,MSLE,,current,7.27,534827,981
2026-04-30,MTA,,current,6.48,3455034,981
2026-04-30,MTRX,,current,12.9,2390726,981
2026-04-30,MTW,,current,13.01,2875151,981
2026-04-30,MVBF,,current,25.5019,985720,981
2026-04-30,MX,,current,3.32,819934,981
2026-04-30,MYFW,,current,27.74,574119,981
2026-04-30,NAGE,,current,4.76,4409298,981
2026-04-30,NAKA,,current,6.8,1124072,479
2026-04-30,NATH,,current,99.8764,2601611,981
2026-04-30,NATR,,current,27.03,2767086,981
2026-04-30,NC,,current,48.3191,499921,981
2026-04-30,NCDL,,current,13.717,2940482,567
2026-04-30,NCI,,current,7.6,3680396,506
2026-04-30,NCMI,,current,3.5343,1318307,981
2026-04-30,NCSM,,current,76.0,1440445,981
2026-04-30,NDLS,,current,12.09,327234,981
2026-04-30,NECB,,current,24.0607,833229,981
2026-04-30,NEGG,,current,36.83,2561220,981
2026-04-30,NEOV,,current,2.57,1720921,981
2026-04-30,NERV,,current,6.39,1043291,981
2026-04-30,NEWP,,current,5.19,4045056,981
2026-04-30,NEWT,,current,12.4899,2352272,981
2026-04-30,NEXN,,current,7.38,1963613,981
2026-04-30,NGEN,,current,3.75,506641,981
2026-04-30,NGS,,current,40.5563,3362340,981
2026-04-30,NGVC,,current,27.476,3330446,981
2026-04-30,NKSH,,current,34.9964,866143,981
2026-04-30,NKTX,,current,2.69,1575202,981
2026-04-30,NNBR,,current,2.3,472759,981
2026-04-30,NNNN,,current,27.43,871033,300
2026-04-30,NOA,,current,14.2574,1476982,981
2026-04-30,NPB,,current,17.3667,3243780,301
2026-04-30,NPCE,,current,16.54,2731175,981
2026-04-30,NRC,,current,16.4112,1327830,981
2026-04-30,NRDY,,current,13.29,454361,981
2026-04-30,NRIM,,current,24.2762,3270706,981
2026-04-30,NRXP,,current,2.91,1354028,981
2026-04-30,NRXS,,current,7.44,882458,683
2026-04-30,NSLR,,current,13.15,2379791,981
2026-04-30,NTHI,,current,4.3,345497,275
2026-04-30,NUS,,current,6.9801,3490209,981
2026-04-30,NVA,,current,5.31,3474958,443
2026-04-30,NVCT,,current,8.5,456056,981
2026-04-30,NWFL,,current,28.8531,635253,981
2026-04-30,NXTC,,current,8.94,383787,981
2026-04-30,NYAX,,current,67.77,591873,904
2026-04-30,OBIO,,current,3.8,595632,981
2026-04-30,OBT,,current,33.698,1798258,981
2026-04-30,OCC,,current,9.12,992318,981
2026-04-30,OEC,,current,7.441,3906352,981
2026-04-30,OESX,,current,9.09,380094,981
2026-04-30,OFIX,,current,11.49,3001948,981
2026-04-30,OFLX,,current,33.1649,1053001,981
2026-04-30,OKUR,,current,5.1,539980,981
2026-04-30,OM,,current,4.18,660342,981
2026-04-30,ONEW,,current,10.11,1363420,981
2026-04-30,ONIT,,current,45.8,2332926,981
2026-04-30,OPBK,,current,14.1652,391605,981
2026-04-30,OPFI,,current,9.19,3301387,981
2026-04-30,OPRT,,current,5.79,2469434,981
2026-04-30,OPRX,,current,6.14,2969832,981
2026-04-30,OPXS,,current,10.08,443879,981
2026-04-30,ORMP,,current,3.84,380332,981
2026-04-30,ORN,,current,12.01,4274408,981
2026-04-30,OSG,,current,4.43,2415630,981
2026-04-30,OSUR,,current,2.96,1185366,981
2026-04-30,OVBC,,current,44.7232,495357,981
2026-04-30,OVID,,current,2.69,3778271,981
2026-04-30,OVLY,,current,32.7929,702165,981
2026-04-30,OWLT,,current,4.86,1605219,981
2026-04-30,OZ,,current,51.25,700627,981
2026-04-30,PACK,,current,3.94,1729565,981
2026-04-30,PAL,,current,7.17,1710878,494
2026-04-30,PANL,,current,7.4568,4514973,981
2026-04-30,PAYS,,current,6.59,1741223,981
2026-04-30,PBYI,,current,7.48,2109824,981
2026-04-30,PCB,,current,23.7213,513318,981
2026-04-30,PCYO,,current,11.26,554134,981
2026-04-30,PDEX,,current,49.84,1092794,981
2026-04-30,PDLB,,current,17.47,1046077,981
2026-04-30,PEBK,,current,38.6893,1001817,981
2026-04-30,PED,,current,16.52,433334,981
2026-04-30,PERI,,current,10.27,3119320,981
2026-04-30,PEW,,current,2.95,708998,576
2026-04-30,PFIS,,current,55.4981,2142892,981
2026-04-30,PKBK,,current,29.8725,2389780,981
2026-04-30,PKOH,,current,29.4483,658200,981
2026-04-30,PLBC,,current,50.2689,1962232,981
2026-04-30,PLCE,,current,3.18,786249,981
2026-04-30,PLRZ,,current,15.72,497280,375
2026-04-30,PLTK,,current,3.49,4399623,981
2026-04-30,PLX,,current,2.12,2188961,981
2026-04-30,PMN,,current,11.15,556535,981
2026-04-30,PMTS,,current,16.94,627740,981
2026-04-30,PNNT,,current,4.224,3339586,981
2026-04-30,POWW,,current,2.03,1045251,981
2026-04-30,PPIH,,current,31.51,2612304,981
2026-04-30,PRE,,current,17.41,3463536,981
2026-04-30,PRLD,,current,4.27,799195,981
2026-04-30,PROF,,current,6.55,784747,981
2026-04-30,PRPO,,current,29.8,487245,981
2026-04-30,PRTA,,current,10.87,4316351,981
2026-04-30,PRTH,,current,5.14,1319000,981
2026-04-30,PSBD,,current,10.3425,636929,572
2026-04-30,PSFE,,current,8.97,2853644,981
2026-04-30,PUSA,,current,3.87,1429507,304
2026-04-30,QCLS,,current,3.61,1288610,981
2026-04-30,QNCX,,current,24.6,2691776,981
2026-04-30,QNTM,,current,5.65,443681,981
2026-04-30,QTRX,,current,3.05,3375159,981
2026-04-30,QUAD,,current,6.8472,1363800,981
2026-04-30,QUIK,,current,14.1,1729529,981
2026-04-30,RAIL,,current,8.13,1552079,981
2026-04-30,RBB,,current,23.5655,1374010,981
2026-04-30,RCEL,,current,4.23,891383,981
2026-04-30,RCKY,,current,35.9152,1838022,981
2026-04-30,RCMT,,current,31.4,1091048,981
2026-04-30,RDCM,,current,15.52,647066,981
2026-04-30,RDNW,,current,7.26,329459,981
2026-04-30,RELL,,current,13.6549,1296849,981
2026-04-30,RFIL,,current,13.23,1836777,981
2026-04-30,RGC,,current,28.95,2633926,981
2026-04-30,RGP,,current,3.9623,1146147,981
2026-04-30,RICK,,current,25.1462,1369190,981
2026-04-30,RJET,,current,17.12,1954828,981
2026-04-30,RLGT,,current,8.37,991523,981
2026-04-30,RLYB,,current,8.88,625855,981
2026-04-30,RM,,current,37.8426,1958352,981
2026-04-30,RMNI,,current,3.39,1048660,981
2026-04-30,RMR,,current,16.9815,2458023,981
2026-04-30,RNAC,,current,6.47,927060,981
2026-04-30,RNGR,,current,17.4876,2810254,981
2026-04-30,ROLR,,current,9.4,777322,379
2026-04-30,RPAY,,current,3.77,3857015,981
2026-04-30,RRGB,,current,3.58,855769,981
2026-04-30,RSVR,,current,9.81,653026,981
2026-04-30,RTAC,,current,10.34,1104411,224
2026-04-30,RWAY,,current,5.8829,3306001,981
2026-04-30,RXST,,current,6.81,4987176,981
2026-04-30,SABS,,current,3.48,1391499,981
2026-04-30,SAMG,,current,12.9578,347862,981
2026-04-30,SAR,,current,21.3619,2402039,981
2026-04-30,SBSI,,current,31.8636,3242638,981
2026-04-30,SCM,,current,9.0188,1955118,981
2026-04-30,SCYX,,current,7.472,287220,981
2026-04-30,SCZM,,current,7.73,4291451,981
2026-04-30,SDHC,,current,13.33,1658934,576
2026-04-30,SEAT,,current,6.24,705153,981
2026-04-30,SEG,,current,22.32,1316455,439
2026-04-30,SEGG,,current,8.26,536138,720
2026-04-30,SENS,,current,6.425,2542784,981
2026-04-30,SGC,,current,11.0674,331342,981
2026-04-30,SGHT,,current,3.97,1092549,981
2026-04-30,SHBI,,current,18.8747,4541940,981
2026-04-30,SHIP,,current,14.4529,3124639,981
2026-04-30,SHMD,,current,5.94,3499771,500
2026-04-30,SIF,,current,15.08,881750,981
2026-04-30,SIGA,,current,4.53,2851971,981
2026-04-30,SKIL,,current,6.77,777580,981
2026-04-30,SKYH,,current,10.39,1141188,981
2026-04-30,SLGL,,current,71.4,2676333,981
2026-04-30,SLP,,current,13.99,3376496,981
2026-04-30,SLRC,,current,15.2647,4362120,981
2026-04-30,SLSR,,current,9.84,1170047,981
2026-04-30,SMC,,current,30.82,1493967,981
2026-04-30,SMHI,,current,7.46,654941,981
2026-04-30,SMP,,current,36.2742,4413932,981
2026-04-30,SMTI,,current,18.2,1033307,981
2026-04-30,SNBRQ,827187,roster,3.03,4848699,981
2026-04-30,SND,,current,5.2269,1541038,981
2026-04-30,SNWV,,current,16.61,1256081,382
2026-04-30,SOPH,,current,5.28,499024,981
2026-04-30,SPAI,,current,4.15,858470,418
2026-04-30,SPCB,,current,9.0,363378,981
2026-04-30,SPOK,,current,10.4282,1713207,981
2026-04-30,SPRB,,current,55.52,2498158,981
2026-04-30,SRBK,,current,19.1307,614489,654
2026-04-30,SRG,,current,2.55,606743,981
2026-04-30,SRI,,current,6.41,1374314,981
2026-04-30,SRZN,,current,31.56,2096232,981
2026-04-30,SSP,,current,4.46,2178616,981
2026-04-30,SSTI,,current,6.87,856645,981
2026-04-30,STEM,,current,10.34,1357559,981
2026-04-30,STI,,current,4.7,314736,981
2026-04-30,STRZ,,current,17.47,1714575,246
2026-04-30,SUPX,,current,7.94,2788739,510
2026-04-30,SVCO,,current,9.87,1545942,494
2026-04-30,SWIM,,current,5.84,3556043,981
2026-04-30,TAOX,,current,4.83,617843,981
2026-04-30,TARA,,current,5.17,3646205,981
2026-04-30,TASK,,current,6.31,3518548,981
2026-04-30,TAYD,,current,54.92,3165885,981
2026-04-30,TBCH,,current,11.24,2785870,981
2026-04-30,TBI,,current,4.92,1050593,981
2026-04-30,TBN,,current,35.5,2724635,461
2026-04-30,TCBX,,current,37.26,2862640,981
2026-04-30,TCPC,,current,3.9731,4401573,981
2026-04-30,TCX,,current,15.66,488594,981
2026-04-30,TG,,current,9.43,1240000,981
2026-04-30,TGEN,,current,4.04,950231,981
2026-04-30,THM,,current,2.26,3223762,981
2026-04-30,TII,,current,2.51,941099,981
2026-04-30,TIPT,,current,16.9816,3871695,981
2026-04-30,TITN,,current,20.27,2714723,981
2026-04-30,TKNO,,current,3.23,363536,981
2026-04-30,TLS,,current,4.37,2551991,981
2026-04-30,TLSI,,current,4.26,616207,981
2026-04-30,TLYS,,current,3.93,1161374,981
2026-04-30,TONX,,current,2.06,835127,981
2026-04-30,TOYO,,current,11.26,835346,981
2026-04-30,TPVG,,current,4.9877,2242682,981
2026-04-30,TRAK,,current,8.8507,909496,981
2026-04-30,TRC,,current,19.66,1550444,981
2026-04-30,TRDA,,current,12.72,2057904,981
2026-04-30,TROO,,current,3.79,569880,981
2026-04-30,TRT,,current,11.14,335309,981
2026-04-30,TSBK,,current,40.0385,1017095,981
2026-04-30,TSQ,,current,6.0519,866052,981
2026-04-30,TTAM,,current,16.0335,4193867,307
2026-04-30,TTGT,,current,5.66,2084484,981
2026-04-30,TUSK,,current,2.86,490657,981
2026-04-30,TWFG,,current,18.9,4887263,447
2026-04-30,TWIN,,current,16.2304,756527,981
2026-04-30,TZOO,,current,9.74,894395,981
2026-04-30,UIS,,current,2.61,1653317,981
2026-04-30,ULH,,current,23.8064,991800,981
2026-04-30,UNTY,,current,51.8912,2468767,981
2026-04-30,UP,,current,5.11,1017936,981
2026-04-30,USAU,,current,15.88,4563121,981
2026-04-30,USCB,,current,18.1828,785635,981
2026-04-30,USGO,,current,12.96,734159,759
2026-04-30,USNA,,current,18.72,2225624,981
2026-04-30,UTMD,,current,64.7312,792673,981
2026-04-30,VBNK,,current,17.7255,678587,981
2026-04-30,VEEE,,current,6.29,538850,981
2026-04-30,VEL,,current,19.16,1950496,981
2026-04-30,VFF,,current,2.82,2934782,981
2026-04-30,VFS,,current,4.07,1438119,981
2026-04-30,VGZ,,current,2.04,3574165,981
2026-04-30,VINP,,current,10.474,661887,981
2026-04-30,VIVO,,current,3.09,1140510,981
2026-04-30,VLGEA,,current,42.0918,2016539,981
2026-04-30,VMD,,current,9.89,2163467,981
2026-04-30,VOXR,,current,5.1737,2572248,981
2026-04-30,VRA,,current,4.05,614797,981
2026-04-30,VREX,,current,11.03,3401431,981
2026-04-30,VTEX,,current,3.85,4112595,981
2026-04-30,VTVT,,current,31.27,1720201,981
2026-04-30,VUZI,,current,2.38,2075691,981
2026-04-30,VYGR,,current,3.64,2039300,981
2026-04-30,WBTN,,current,12.27,3215841,461
2026-04-30,WEST,,current,5.67,1469061,981
2026-04-30,WEYS,,current,33.0378,310851,981
2026-04-30,WHF,,current,7.3111,726757,981
2026-04-30,WHWK,,current,4.04,603429,981
2026-04-30,WKHS,,current,2.34,280641,981
2026-04-30,WNEB,,current,13.8474,774712,981
2026-04-30,WOOF,,current,2.8,4659303,981
2026-04-30,WSBF,,current,17.768,1043577,981
2026-04-30,WTBA,,current,23.5439,973882,981
2026-04-30,WW,,current,10.13,3960409,211
2026-04-30,XFOR,,current,4.1,1598469,981
2026-04-30,XGN,,current,2.76,735153,981
2026-04-30,XPER,,current,6.61,1963456,905
2026-04-30,XPOF,,current,6.35,2645694,981
2026-04-30,XRPN,,current,10.34,588252,214
2026-04-30,YORW,,current,28.8848,3700388,981
2026-04-30,ZIP,,current,2.86,2630158,981
2026-04-30,ZNTL,,current,3.96,1520665,981
2026-04-30,ZSQR,,current,15.7,605434,981
2026-04-30,ZUMZ,,current,23.96,3203635,981
2026-04-30,ZURA,,current,5.01,3144323,780
2026-05-31,AARD,,current,4.11,871390,324
2026-05-31,ABOS,,current,2.6,958605,1002
2026-05-31,ACB,,current,3.6,2253772,1002
2026-05-31,ACCO,,current,3.8898,3360707,1002
2026-05-31,ACEL,,current,11.89,3580698,1002
2026-05-31,ACET,,current,9.31,760175,1002
2026-05-31,ACIC,,current,10.45,2046396,1002
2026-05-31,ACIU,,current,2.66,693254,1002
2026-05-31,ACNB,,current,53.0251,2845455,1002
2026-05-31,ACNT,,current,13.55,1242420,1002
2026-05-31,ACTG,,current,4.65,1163751,1002
2026-05-31,ACU,,current,42.0611,886982,1002
2026-05-31,ADV,,current,37.42,2256302,1002
2026-05-31,AEBI,,current,12.4293,3439403,229
2026-05-31,AEHL,,current,19.52,515871,1002
2026-05-31,AEYE,,current,7.68,920992,1002
2026-05-31,AFCG,,current,3.6724,579028,1002
2026-05-31,AFYA,,current,14.01,1190158,1002
2026-05-31,AGPU,,current,6.97,1669395,1002
2026-05-31,AII,,current,16.36,1584449,266
2026-05-31,AIIO,,current,2.37,368197,1002
2026-05-31,AIOT,,current,3.91,4617750,1002
2026-05-31,AIRG,,current,6.97,528598,1002
2026-05-31,AIRO,,current,8.98,4204603,241
2026-05-31,AIRS,,current,5.38,4137003,1002
2026-05-31,AISP,,current,3.02,1110247,1002
2026-05-31,AKAN,,current,21.99,267222,1002
2026-05-31,ALCO,,current,40.601,927322,1002
2026-05-31,ALEC,,current,2.16,1179949,1002
2026-05-31,ALGS,,current,5.7,507443,1002
2026-05-31,ALLT,,current,8.16,2508501,1002
2026-05-31,ALTG,,current,6.16,1471133,1002
2026-05-31,ALTI,,current,3.3,523942,1002
2026-05-31,ALVO,,current,3.36,1516538,991
2026-05-31,AMBP,1845097,roster,3.9305,4719070,1002
2026-05-31,AMCI,,current,4.8,278258,839
2026-05-31,AMWL,,current,9.83,283711,1002
2026-05-31,ANIK,,current,14.53,1526123,1002
2026-05-31,ANIX,,current,2.7,295460,1002
2026-05-31,ANNA,,current,3.02,3331494,1002
2026-05-31,ANTX,,current,4.33,1147934,1002
2026-05-31,AOUT,,current,10.135,329321,1002
2026-05-31,AP,,current,11.32,1430327,1002
2026-05-31,APYX,,current,3.995,478028,1002
2026-05-31,ARCT,,current,7.92,3469203,1002
2026-05-31,ARDT,,current,9.23,3315980,468
2026-05-31,ARMP,,current,8.17,468933,1002
2026-05-31,AROW,,current,36.4172,2807580,1002
2026-05-31,ARQ,,current,2.76,1002710,1002
2026-05-31,ARTNA,,current,32.2292,1487079,1002
2026-05-31,ARTV,,current,7.93,1881486,467
2026-05-31,ASBP,,current,5.49,601860,1002
2026-05-31,ASIC,,current,19.51,1395175,243
2026-05-31,ASLE,,current,6.59,1726621,1002
2026-05-31,ASTI,,current,7.43,4052187,944
2026-05-31,ASUR,,current,9.25,660597,1002
2026-05-31,ATII,,current,11.22,287132,290
2026-05-31,ATLO,,current,28.2828,1539118,1002
2026-05-31,ATLX,,current,4.22,2420652,1002
2026-05-31,ATNI,,current,27.8651,1933231,1002
2026-05-31,ATRA,,current,10.51,470954,1002
2026-05-31,ATS,,current,30.92,4501051,1002
2026-05-31,AUDC,,current,9.6394,728458,1002
2026-05-31,AUNA,,current,4.15,1442979,548
2026-05-31,AURA,,current,7.47,2136313,1002
2026-05-31,AVBC,,current,19.009,1084179,208
2026-05-31,AVBH,,current,30.78,1974870,1002
2026-05-31,AVD,,current,2.58,786032,1002
2026-05-31,AVIR,,current,4.67,1747591,1002
2026-05-31,AVNW,,current,17.77,3559151,1002
2026-05-31,AVXL,,current,3.03,3466002,1002
2026-05-31,AXG,,current,3.47,782840,684
2026-05-31,AZ,,current,7.03,2498323,1002
2026-05-31,BALY,,current,14.18,667225,369
2026-05-31,BARK,,current,10.09,497333,1002
2026-05-31,BATRA,,current,53.6,2670759,1002
2026-05-31,BBCP,,current,7.82,845337,1002
2026-05-31,BBGI,,current,14.9,361869,1002
2026-05-31,BBOT,,current,8.97,2679155,577
2026-05-31,BCAL,,current,18.8837,3073575,1002
2026-05-31,BCBP,,current,10.44,759999,1002
2026-05-31,BCIC,,current,7.2515,719827,1002
2026-05-31,BCML,,current,30.514,1001354,1002
2026-05-31,BCSF,,current,12.8767,4906855,1002
2026-05-31,BCTX,,current,3.64,656651,1002
2026-05-31,BDSX,,current,16.32,886442,1002
2026-05-31,BDTX,,current,2.22,2050383,1002
2026-05-31,BGDE,,current,7.23,577701,1002
2026-05-31,BHB,,current,34.6391,3392217,1002
2026-05-31,BIRD,,current,3.6029,1572216,1002
2026-05-31,BIYA,,current,8.97,358206,299
2026-05-31,BKTI,,current,82.55,4266785,1002
2026-05-31,BMRC,,current,25.6183,2332602,1002
2026-05-31,BNC,,current,2.92,645793,1002
2026-05-31,BNED,,current,10.2948,2124391,1002
2026-05-31,BNT,,current,45.5093,1050952,1002
2026-05-31,BNTC,,current,11.56,1187708,1002
2026-05-31,BOC,,current,12.88,2015272,1002
2026-05-31,BODI,,current,10.94,869631,1002
2026-05-31,BOOM,,current,6.81,1498203,1002
2026-05-31,BPRN,,current,35.7414,307828,1002
2026-05-31,BRBS,,current,3.3,769507,1002
2026-05-31,BRCC,,current,16.4,640895,1002
2026-05-31,BRR,,current,2.15,1522830,245
2026-05-31,BSET,,current,14.8076,407180,1002
2026-05-31,BSRR,,current,37.7284,1612710,1002
2026-05-31,BSVN,,current,43.9984,453840,1002
2026-05-31,BURU,1814215,roster,7.1,3993797,834
2026-05-31,BVFL,,current,19.63,259284,1002
2026-05-31,BWB,,current,18.86,1133849,1002
2026-05-31,BWEN,,current,3.51,326589,1002
2026-05-31,BWFG,,current,52.1636,1922708,1002
2026-05-31,BWMN,,current,31.53,3894011,1002
2026-05-31,BWMX,,current,16.9467,1331531,1002
2026-05-31,BXBL,,current,10.37,266729,326
2026-05-31,BYRN,,current,6.24,3192676,1002
2026-05-31,CAC,,current,49.6397,4546626,1002
2026-05-31,CAMP,,current,4.39,351791,408
2026-05-31,CARL,,current,11.42,1168305,215
2026-05-31,CASS,,current,45.456,3179233,1002
2026-05-31,CATX,,current,3.94,4937213,1002
2026-05-31,CBAN,,current,19.6928,3731436,1002
2026-05-31,CBIO,,current,20.65,4514467,1002
2026-05-31,CBNK,,current,31.8017,1868003,1002
2026-05-31,CCAP,,current,11.0328,2302439,1002
2026-05-31,CCBG,,current,45.37,3570211,1002
2026-05-31,CCLD,,current,2.35,1453627,1002
2026-05-31,CD,,current,8.23,461370,1002
2026-05-31,CDZI,,current,4.88,3032229,1002
2026-05-31,CENT,,current,38.48,2257362,1002
2026-05-31,CETX,1435064,roster,9.3,358022,1002
2026-05-31,CFBK,,current,28.4391,784150,1002
2026-05-31,CFFI,,current,73.2915,298074,1002
2026-05-31,CGEN,,current,2.63,978984,1002
2026-05-31,CGNT,,current,11.57,4102914,1002
2026-05-31,CHMG,,current,68.3523,637484,1002
2026-05-31,CHPT,,current,7.59,2730131,1002
2026-05-31,CHRN,,current,18.36,853552,1002
2026-05-31,CIA,,current,5.19,488886,1002
2026-05-31,CING,,current,4.16,2435594,1002
2026-05-31,CINT,,current,3.64,409045,1002
2026-05-31,CION,,current,6.4654,3773704,1002
2026-05-31,CIVB,,current,25.7403,1754320,1002
2026-05-31,CLAR,,current,3.049,634342,1002
2026-05-31,CLDI,1855485,roster,2.96,296785,1002
2026-05-31,CLMB,,current,21.65,3628547,1002
2026-05-31,CLNN,,current,6.56,591916,1002
2026-05-31,CLW,,current,16.3,2404367,1002
2026-05-31,CMCL,,current,23.6265,4320184,1002
2026-05-31,CMDB,,current,16.14,720487,271
2026-05-31,CMRC,,current,3.13,1700397,1002
2026-05-31,CMT,,current,23.69,762391,1002
2026-05-31,CMTV,,current,35.8593,898602,1002
2026-05-31,CNL,,current,16.28,1048483,1002
2026-05-31,CNSY,,current,5.82,943954,1002
2026-05-31,CNTB,,current,2.49,553767,1002
2026-05-31,CNTN,,current,3.1,1672731,1002
2026-05-31,CNVS,,current,2.43,299764,1002
2026-05-31,CODA,,current,12.54,1653498,1002
2026-05-31,COFS,,current,31.1204,2038739,1002
2026-05-31,COOK,,current,69.56,548863,1002
2026-05-31,COSO,,current,25.484,1770000,266
2026-05-31,COYA,,current,4.82,590371,856
2026-05-31,CPS,,current,30.33,4710404,1002
2026-05-31,CPSH,,current,9.02,1322677,1002
2026-05-31,CRBP,,current,7.91,2647990,1002
2026-05-31,CRCT,,current,4.0561,1905056,1002
2026-05-31,CRMT,,current,12.29,1463601,1002
2026-05-31,CRNT,,current,2.89,1063721,1002
2026-05-31,CRON,,current,2.84,2638806,1002
2026-05-31,CSV,,current,41.0747,3858477,1002
2026-05-31,CTEV,,current,25.12,2116285,1002
2026-05-31,CTKB,,current,4.19,2876174,1002
2026-05-31,CTNM,,current,13.49,2395721,539
2026-05-31,CUE,,current,21.9,2771492,1002
2026-05-31,CURI,,current,2.7031,1085365,1002
2026-05-31,CURR,,current,3.14,415654,436
2026-05-31,CV,,current,6.78,863483,229
2026-05-31,CVEO,,current,34.15,1921329,1002
2026-05-31,CVGI,,current,5.15,2008286,1002
2026-05-31,CVRX,,current,5.58,1784424,1002
2026-05-31,CVU,,current,5.23,296241,1002
2026-05-31,CVV,,current,5.96,654896,1002
2026-05-31,CWCO,,current,30.0368,3504542,1002
2026-05-31,CXAI,,current,10.4,823880,1002
2026-05-31,CXDO,,current,9.88,1211807,1002
2026-05-31,CYCU,,current,6.968,480552,322
2026-05-31,CYH,,current,2.72,4015952,1002
2026-05-31,CZFS,,current,64.5403,358269,1002
2026-05-31,CZNC,,current,20.8277,831216,1002
2026-05-31,CZWI,,current,20.3012,495597,1002
2026-05-31,DBGI,,current,19.36,786995,1002
2026-05-31,DBI,,current,7.6584,3618794,1002
2026-05-31,DCBO,,current,18.28,2654960,1002
2026-05-31,DERM,,current,6.31,1196837,1002
2026-05-31,DFDV,,current,3.89,3783058,715
2026-05-31,DGICA,,current,16.8042,1875870,1002
2026-05-31,DHX,,current,3.53,667981,1002
2026-05-31,DIBS,,current,4.52,804917,1002
2026-05-31,DMAC,,current,5.99,1163512,1002
2026-05-31,DMRC,,current,14.7,1411227,1002
2026-05-31,DOMO,,current,4.17,3383680,1002
2026-05-31,DSGR,,current,27.0,2664219,1002
2026-05-31,DSP,,current,12.72,2218472,1002
2026-05-31,DSX,,current,2.341,1470233,1002
2026-05-31,DTCX,,current,2.31,798478,1002
2026-05-31,DTI,,current,2.78,1048906,1002
2026-05-31,DTIL,,current,6.97,1616067,1002
2026-05-31,DWSN,,current,3.89,400085,1002
2026-05-31,DYNC,,current,10.79,1152345,368
2026-05-31,EAF,,current,9.98,1818221,1002
2026-05-31,EBF,,current,20.2188,2814295,1002
2026-05-31,EBMT,,current,22.0519,1055714,1002
2026-05-31,ECOR,,current,9.76,343823,1002
2026-05-31,EDRY,,current,22.99,571034,1002
2026-05-31,EDSA,,current,7.22,3865531,1002
2026-05-31,EFSI,,current,39.1583,452231,1002
2026-05-31,EGAN,,current,7.43,1432787,1002
2026-05-31,ELA,,current,25.46,1417430,1002
2026-05-31,ELAB,,current,17.7,1272615,631
2026-05-31,ELDN,,current,3.81,4111608,1002
2026-05-31,ELE,,current,17.8072,4368974,1002
2026-05-31,ELMD,,current,37.72,1034128,1002
2026-05-31,ELPW,,current,36.0,1832830,773
2026-05-31,ELTX,,current,11.44,1184350,1002
2026-05-31,ELVA,,current,11.69,3225922,1002
2026-05-31,EML,,current,21.4377,324378,1002
2026-05-31,EMPD,,current,4.5,2236557,1002
2026-05-31,ENTA,,current,13.16,1882574,1002
2026-05-31,EOLS,,current,6.56,3859750,1002
2026-05-31,EPM,,current,4.1177,1626393,1002
2026-05-31,EPRX,,current,7.09,1213896,539
2026-05-31,EPSN,,current,5.5966,1343906,1002
2026-05-31,EQ,,current,2.9,670379,1002
2026-05-31,ESCA,,current,18.6193,672781,1002
2026-05-31,ESEA,,current,62.9384,4897955,1002
2026-05-31,ESOA,,current,14.8987,1865829,1002
2026-05-31,ESP,,current,57.7055,1438495,1002
2026-05-31,EVCM,,current,11.25,1320788,1002
2026-05-31,EVEX,,current,3.45,3512650,1002
2026-05-31,EVI,,current,17.46,561683,1002
2026-05-31,EXOD,,current,7.12,493894,1002
2026-05-31,FABC,,current,5.35,316918,1002
2026-05-31,FAC,,current,12.53,860568,235
2026-05-31,FATN,,current,7.96,280634,287
2026-05-31,FBIO,,current,2.8,962205,1002
2026-05-31,FBIZ,,current,57.246,2002149,1002
2026-05-31,FBLA,,current,13.94,1506241,400
2026-05-31,FBYD,,current,15.5,904499,663
2026-05-31,FC,,current,23.72,1802906,1002
2026-05-31,FCBC,,current,42.8169,3135712,1002
2026-05-31,FCCO,,current,29.9121,1975367,1002
2026-05-31,FDBC,,current,46.346,274129,1002
2026-05-31,FENC,,current,9.93,1193055,1002
2026-05-31,FF,,current,4.1225,1765056,1002
2026-05-31,FGNX,,current,8.71,475421,1002
2026-05-31,FHTX,,current,4.28,664344,1002
2026-05-31,FIP,,current,4.425,4409730,969
2026-05-31,FIRY,,current,9.37,443284,1002
2026-05-31,FLL,,current,2.5,311303,1002
2026-05-31,FLWS,,current,4.57,1619536,1002
2026-05-31,FLXS,,current,57.4038,2243981,1002
2026-05-31,FMAO,,current,27.7154,1433183,1002
2026-05-31,FNKO,,current,5.68,2710553,1002
2026-05-31,FNLC,,current,28.7957,436532,1002
2026-05-31,FNWB,,current,9.97,281379,1002
2026-05-31,FOA,,current,19.92,1306178,1002
2026-05-31,FOR,,current,27.47,3758160,1002
2026-05-31,FORR,,current,7.05,548354,1002
2026-05-31,FOSL,,current,4.38,2928885,1002
2026-05-31,FPH,,current,5.03,893458,1002
2026-05-31,FRAF,,current,57.8165,1345376,1002
2026-05-31,FRBA,,current,15.5651,1035332,1002
2026-05-31,FRD,,current,23.3533,471119,1002
2026-05-31,FRMM,,current,4.43,1204328,1002
2026-05-31,FRPH,,current,23.11,1388000,1002
2026-05-31,FRST,,current,14.3414,2307116,1002
2026-05-31,FSBW,,current,40.4372,431843,1002
2026-05-31,FSTR,,current,41.14,2777891,1002
2026-05-31,FTCI,,current,5.5,609213,1002
2026-05-31,FTW,,current,11.621,957597,418
2026-05-31,FUNC,,current,39.3133,387198,1002
2026-05-31,FVCB,,current,15.7186,1869767,1002
2026-05-31,FWDI,,current,4.7,4031003,1002
2026-05-31,FXNC,,current,27.6479,1931045,1002
2026-05-31,GALT,,current,2.52,774406,1002
2026-05-31,GAME,,current,3.288,599011,1002
2026-05-31,GASS,,current,9.18,1264112,1002
2026-05-31,GBFH,,current,29.79,1481136,475
2026-05-31,GDRX,,current,2.92,3333121,1002
2026-05-31,GECC,,current,5.862,400643,1002
2026-05-31,GENC,,current,14.11,337998,1002
2026-05-31,GEOS,,current,8.3,1939660,1002
2026-05-31,GFR,,current,5.63,1084811,1002
2026-05-31,GIC,,current,30.1815,2852960,1002
2026-05-31,GLAD,,current,18.9138,3557712,1002
2026-05-31,GLAS,,current,11.09,1277597,1002
2026-05-31,GLIBA,,current,22.31,1426250,223
2026-05-31,GLRE,,current,15.67,3586558,1002
2026-05-31,GLSI,,current,26.175,3234131,1002
2026-05-31,GNE,,current,13.809,761645,1002
2026-05-31,GNLX,,current,3.05,403233,838
2026-05-31,GORO,,current,4.76,303279,1002
2026-05-31,GRCE,,current,2.57,1639693,1002
2026-05-31,GRML,,current,17.8,1212589,1002
2026-05-31,GRNT,,current,4.7539,4894471,1002
2026-05-31,GRO,,current,2.49,2202921,375
2026-05-31,GTE,,current,7.77,4081991,1002
2026-05-31,GWRS,,current,7.2184,593436,1002
2026-05-31,GYRE,,current,5.91,583191,1002
2026-05-31,HBB,,current,20.0947,344861,1002
2026-05-31,HBT,,current,28.4308,1881005,1002
2026-05-31,HCKT,,current,11.397,3954761,1002
2026-05-31,HDSN,,current,5.32,2278477,1002
2026-05-31,HGTY,,current,10.22,1790222,1002
2026-05-31,HIPO,,current,25.87,2662501,1002
2026-05-31,HITI,,current,2.45,823165,1002
2026-05-31,HLLY,,current,2.73,2427191,1002
2026-05-31,HOFT,,current,11.8794,405931,1002
2026-05-31,HRZN,,current,4.142,3115350,1002
2026-05-31,HSHP,,current,14.1116,3700495,793
2026-05-31,HTCO,,current,2.62,2746124,1002
2026-05-31,HURA,,current,2.26,1493517,1002
2026-05-31,HURC,,current,17.17,271243,1002
2026-05-31,HVT,,current,22.5865,2165631,1002
2026-05-31,HY,,current,35.5674,2784887,1002
2026-05-31,HYPD,,current,3.5,1458639,1002
2026-05-31,IBEX,,current,31.64,3094002,1002
2026-05-31,IDN,,current,4.42,2536535,1002
2026-05-31,IFRX,,current,2.4,1417697,1002
2026-05-31,IGIC,,current,24.3402,1338271,1002
2026-05-31,IHRT,,current,4.31,3566318,1002
2026-05-31,III,,current,4.4241,926986,1002
2026-05-31,IMDX,,current,6.21,1245225,1002
2026-05-31,IMMR,,current,6.4068,2893716,1002
2026-05-31,IMPP,,current,5.11,2594539,1002
2026-05-31,IMRX,,current,5.77,4324503,1002
2026-05-31,IMTX,,current,11.51,3948465,1002
2026-05-31,IMUX,,current,14.96,3105490,1002
2026-05-31,INBK,,current,24.1077,1196368,1002
2026-05-31,INDO,,current,2.87,3197407,1002
2026-05-31,INFU,,current,9.07,1070998,1002
2026-05-31,INGN,,current,6.49,1778625,1002
2026-05-31,INNV,,current,7.59,2159477,1002
2026-05-31,INSE,,current,7.7,824609,1002
2026-05-31,INSG,,current,13.12,2025278,1002
2026-05-31,INTG,,current,38.76,1034918,1002
2026-05-31,INTT,,current,16.84,3799342,1002
2026-05-31,INVE,,current,4.1,467700,1002
2026-05-31,IPSC,,current,2.45,2355940,1002
2026-05-31,IPWR,,current,7.44,315288,1002
2026-05-31,IRD,,current,4.36,3876704,1002
2026-05-31,ISBA,,current,40.4935,1158753,1002
2026-05-31,ISOU,,current,11.65,1193776,1002
2026-05-31,ISTR,,current,28.1465,3519265,1002
2026-05-31,IXHL,,current,3.35,1488116,1002
2026-05-31,JAKK,,current,21.8743,1286706,1002
2026-05-31,JELD,,current,2.16,2707876,1002
2026-05-31,JFB,,current,5.77,1377339,310
2026-05-31,JILL,,current,12.5916,735788,1002
2026-05-31,JLHL,,current,19.59,315788,233
2026-05-31,JMSB,,current,21.1807,568517,1002
2026-05-31,JOUT,,current,44.4386,3426053,1002
2026-05-31,JRVR,,current,3.9001,1564044,1002
2026-05-31,JYNT,,current,8.9,438335,1002
2026-05-31,KAZR,,current,3.43,493442,320
2026-05-31,KBDC,,current,14.3662,3823836,506
2026-05-31,KE,,current,25.93,3402431,1002
2026-05-31,KELYA,,current,11.5672,3542214,1002
2026-05-31,KEN,,current,90.77,1846089,1002
2026-05-31,KGEI,,current,5.12,1162610,1002
2026-05-31,KIDS,,current,17.17,2797697,1002
2026-05-31,KIDZ,,current,60.3,633117,288
2026-05-31,KINS,,current,14.8235,1641468,1002
2026-05-31,KLC,,current,3.84,3421544,410
2026-05-31,KLRS,,current,5.27,433902,1002
2026-05-31,KMDA,,current,7.6516,399233,1002
2026-05-31,KNOP,,current,10.9197,838553,1002
2026-05-31,KRMD,,current,4.06,476387,1002
2026-05-31,KRNT,,current,16.13,3846597,1002
2026-05-31,KRNY,,current,8.1449,2254048,1002
2026-05-31,KRO,,current,7.0983,2252593,1002
2026-05-31,KROS,,current,11.25,4254642,1002
2026-05-31,KRRO,,current,13.41,1429770,1002
2026-05-31,KULR,,current,4.78,3161575,1002
2026-05-31,KVHI,,current,9.28,1224207,1002
2026-05-31,KWY,,current,9.99,762352,1002
2026-05-31,LAKE,,current,10.82,771248,1002
2026-05-31,LAW,,current,3.99,1109714,1002
2026-05-31,LCNB,,current,16.6286,343021,1002
2026-05-31,LCUT,,current,8.5062,932310,1002
2026-05-31,LE,,current,11.75,3371754,1002
2026-05-31,LEE,,current,10.91,505022,1002
2026-05-31,LEGH,,current,24.01,1826950,1002
2026-05-31,LFCR,,current,5.02,1212583,1002
2026-05-31,LFMD,,current,4.28,4236993,1002
2026-05-31,LFVN,,current,7.7582,589549,1002
2026-05-31,LGCY,,current,11.11,596164,419
2026-05-31,LIEN,,current,9.6731,490051,1002
2026-05-31,LILA,,current,5.4823,2346138,1002
2026-05-31,LMNR,,current,12.72,926446,1002
2026-05-31,LNSR,,current,5.8,402193,1002
2026-05-31,LNZA,,current,6.16,616710,1002
2026-05-31,LOCO,,current,14.87,3518212,1002
2026-05-31,LODE,,current,4.15,3202202,1002
2026-05-31,LOVE,,current,15.38,2907335,1002
2026-05-31,LSAK,,current,4.89,388337,1002
2026-05-31,LTRN,,current,3.59,510581,1002
2026-05-31,LUCK,,current,8.19,557120,1002
2026-05-31,LWAY,,current,23.83,1435731,1002
2026-05-31,LXEO,,current,5.14,4444868,643
2026-05-31,LXFR,,current,16.9009,1913108,1002
2026-05-31,LYEL,,current,17.33,1630636,1002
2026-05-31,LZM,,current,5.25,2174690,1002
2026-05-31,MAAS,,current,11.89,315332,1002
2026-05-31,MAGN,,current,11.37,4005699,1002
2026-05-31,MAKO,,current,8.7,1025271,1002
2026-05-31,MASS,,current,8.41,1649078,1002
2026-05-31,MATV,,current,8.8071,3626503,1002
2026-05-31,MBI,,current,5.87,1542014,1002
2026-05-31,MCBS,,current,32.3955,2603171,1002
2026-05-31,MCFT,,current,23.29,3167805,1002
2026-05-31,MCGA,,current,10.22,271049,213
2026-05-31,MCRB,,current,7.32,326096,1002
2026-05-31,MDWD,,current,14.33,1181604,1002
2026-05-31,MDXG,,current,3.68,4718972,1002
2026-05-31,MED,,current,12.53,2016494,1002
2026-05-31,METCB,,current,11.3735,305222,740
2026-05-31,MFIN,,current,9.6113,495907,1002
2026-05-31,MG,,current,17.58,2792772,1002
2026-05-31,MGNX,,current,4.16,2594406,1002
2026-05-31,MGPI,,current,17.5333,3831916,1002
2026-05-31,MGRT,,current,82.98,2314619,220
2026-05-31,MIND,,current,6.75,923947,1002
2026-05-31,MLR,,current,47.7,3682802,1002
2026-05-31,MNSB,,current,22.7921,896079,1002
2026-05-31,MOB,,current,7.19,1339391,943
2026-05-31,MOVE,,current,19.0,747938,1002
2026-05-31,MPAA,,current,11.06,685118,1002
2026-05-31,MRBK,,current,17.8522,1674289,1002
2026-05-31,MRDN,,current,11.63,254014,1002
2026-05-31,MSIF,,current,11.8821,3468274,335
2026-05-31,MSLE,,current,7.3,390372,1002
2026-05-31,MTA,,current,7.86,2939051,1002
2026-05-31,MTRX,,current,13.13,2774909,1002
2026-05-31,MTW,,current,11.83,2527815,1002
2026-05-31,MVBF,,current,26.4307,878772,1002
2026-05-31,MX,,current,8.8,1946069,1002
2026-05-31,MYFW,,current,29.17,696166,1002
2026-05-31,NAGE,,current,3.86,4142244,1002
2026-05-31,NAKA,,current,6.26,1021814,500
2026-05-31,NATH,,current,100.4037,1857311,1002
2026-05-31,NATR,,current,21.28,2406016,1002
2026-05-31,NC,,current,50.0296,500412,1002
2026-05-31,NCDL,,current,12.6782,2584970,588
2026-05-31,NCI,,current,10.1,1905153,527
2026-05-31,NCMI,,current,3.14,1099262,1002
2026-05-31,NCSM,,current,42.38,1801815,1002
2026-05-31,NDLS,,current,12.6,434109,1002
2026-05-31,NECB,,current,24.0211,765053,1002
2026-05-31,NEGG,,current,18.57,2621991,1002
2026-05-31,NERV,,current,4.91,1060979,1002
2026-05-31,NEWP,,current,4.94,4185289,1002
2026-05-31,NEWT,,current,13.6935,2289911,1002
2026-05-31,NEXN,,current,8.4,1891674,1002
2026-05-31,NGEN,,current,2.07,538776,1002
2026-05-31,NGS,,current,39.1432,3615958,1002
2026-05-31,NGVC,,current,29.2034,3363225,1002
2026-05-31,NKSH,,current,35.19,1325082,1002
2026-05-31,NKTX,,current,3.25,1740845,1002
2026-05-31,NNBR,,current,2.97,1098367,1002
2026-05-31,NNNN,,current,34.41,679395,321
2026-05-31,NOA,,current,13.6551,1520374,1002
2026-05-31,NPB,,current,17.0571,2598732,322
2026-05-31,NPCE,,current,16.54,2818797,1002
2026-05-31,NRC,,current,19.3779,1574982,1002
2026-05-31,NRDY,,current,12.345,344048,1002
2026-05-31,NRIM,,current,24.5544,2854045,1002
2026-05-31,NRXP,,current,4.42,2268790,1002
2026-05-31,NRXS,,current,7.41,1026629,704
2026-05-31,NSLR,,current,13.88,3427963,1002
2026-05-31,NTHI,,current,4.64,295490,296
2026-05-31,NUS,,current,5.7175,3393237,1002
2026-05-31,NVA,,current,6.72,2878956,464
2026-05-31,NVCT,,current,9.75,578595,1002
2026-05-31,NWFL,,current,29.9221,573603,1002
2026-05-31,NXDR,,current,2.11,4360324,1002
2026-05-31,NXTC,,current,6.2,424095,1002
2026-05-31,NYAX,,current,75.81,719154,925
2026-05-31,OABI,,current,2.7,716111,1002
2026-05-31,OBIO,,current,3.91,755216,1002
2026-05-31,OBT,,current,33.7772,1417760,1002
2026-05-31,OCC,,current,13.9,2310840,1002
2026-05-31,OEC,,current,7.59,3371747,1002
2026-05-31,OESX,,current,9.5,293479,1002
2026-05-31,OFIX,,current,9.27,3121723,1002
2026-05-31,OFLX,,current,29.8919,1050568,1002
2026-05-31,OKUR,,current,4.2,704318,1002
2026-05-31,OM,,current,4.89,597284,1002
2026-05-31,ONEW,,current,11.01,1217519,1002
2026-05-31,ONIT,,current,34.54,2418211,1002
2026-05-31,OPBK,,current,13.935,433790,1002
2026-05-31,OPFI,,current,8.49,3912842,1002
2026-05-31,OPRT,,current,5.42,2186724,1002
2026-05-31,OPRX,,current,5.19,2653346,1002
2026-05-31,OPXS,,current,11.36,348439,1002
2026-05-31,ORMP,,current,3.97,418241,1002
2026-05-31,ORN,,current,13.76,4631637,1002
2026-05-31,ORRF,,current,36.8751,4325813,1002
2026-05-31,OSG,,current,5.48,2322690,1002
2026-05-31,OSUR,,current,4.3,1397805,1002
2026-05-31,OVBC,,current,47.765,550609,1002
2026-05-31,OVLY,,current,32.5456,824622,1002
2026-05-31,OWLT,,current,5.53,1154244,1002
2026-05-31,OZ,,current,48.0,554473,1002
2026-05-31,PACK,,current,6.9,2213879,1002
2026-05-31,PAL,,current,5.47,1579777,515
2026-05-31,PANL,,current,7.4274,3971062,1002
2026-05-31,PAYS,,current,7.27,4002799,1002
2026-05-31,PBYI,,current,7.17,1653113,1002
2026-05-31,PCB,,current,24.3778,566940,1002
2026-05-31,PCYO,,current,10.35,497386,1002
2026-05-31,PDEX,,current,64.77,1428586,1002
2026-05-31,PDLB,,current,18.88,933130,1002
2026-05-31,PEBK,,current,41.6898,1144505,1002
2026-05-31,PED,,current,12.85,514829,1002
2026-05-31,PERI,,current,8.49,3141853,1002
2026-05-31,PEW,,current,2.72,673576,597
2026-05-31,PFIS,,current,58.8767,2718602,1002
2026-05-31,PKBK,,current,30.5485,2369021,1002
2026-05-31,PKOH,,current,32.4568,1155489,1002
2026-05-31,PLBC,,current,52.3467,1923570,1002
2026-05-31,PLCE,,current,4.18,757362,1002
2026-05-31,PLRZ,,current,17.17,478865,396
2026-05-31,PLTK,,current,3.77,3803446,1002
2026-05-31,PLX,,current,2.11,1738161,1002
2026-05-31,PMN,,current,10.81,381084,1002
2026-05-31,PMTS,,current,16.97,680911,1002
2026-05-31,PNNT,,current,3.6596,2980181,1002
2026-05-31,POWW,,current,2.06,888341,1002
2026-05-31,PPIH,,current,30.69,2400631,1002
2026-05-31,PRE,,current,21.1,3287199,1002
2026-05-31,PRLD,,current,3.92,1410722,1002
2026-05-31,PROF,,current,6.81,617021,1002
2026-05-31,PRPO,,current,22.8,739965,1002
2026-05-31,PRTA,,current,10.18,4817972,1002
2026-05-31,PRTH,,current,6.39,1080755,1002
2026-05-31,PSBD,,current,10.4582,835023,593
2026-05-31,PSFE,,current,7.73,2576338,1002
2026-05-31,PTHS,,current,26.47,278004,572
2026-05-31,PUSA,,current,4.2,2312645,325
2026-05-31,QCLS,,current,4.37,1354667,1002
2026-05-31,QNCX,,current,23.0,1555829,1002
2026-05-31,QNTM,,current,6.86,1191875,1002
2026-05-31,QTRX,,current,3.06,3490739,1002
2026-05-31,QUAD,,current,7.3751,1284686,1002
2026-05-31,QUIK,,current,20.73,3004607,1002
2026-05-31,RAIL,,current,7.6,1289898,1002
2026-05-31,RBB,,current,23.7743,1283218,1002
2026-05-31,RCEL,,current,4.33,884928,1002
2026-05-31,RCKY,,current,38.3453,2211931,1002
2026-05-31,RCMT,,current,21.61,1550950,1002
2026-05-31,RDCM,,current,14.91,772402,1002
2026-05-31,RDNW,,current,8.07,343747,1002
2026-05-31,RELL,,current,16.9309,1269966,1002
2026-05-31,RFIL,,current,17.69,2533487,1002
2026-05-31,RGC,,current,23.9,2301968,1002
2026-05-31,RGP,,current,4.4491,1085523,1002
2026-05-31,RICK,,current,25.2958,1236789,1002
2026-05-31,RJET,,current,20.35,2328401,1002
2026-05-31,RLGT,,current,8.49,976074,1002
2026-05-31,RLYB,,current,14.46,829634,1002
2026-05-31,RM,,current,36.4355,1910631,1002
2026-05-31,RMBI,,current,14.2362,415747,1002
2026-05-31,RMNI,,current,3.91,1088356,1002
2026-05-31,RMR,,current,19.515,2417215,1002
2026-05-31,RNAC,,current,7.54,1045880,1002
2026-05-31,RNGR,,current,15.4022,3628963,1002
2026-05-31,ROLR,,current,5.47,1077463,400
2026-05-31,RPAY,,current,3.88,3093527,1002
2026-05-31,RPC,,current,8.2418,4330943,1002
2026-05-31,RRGB,,current,5.06,992879,1002
2026-05-31,RSVR,,current,10.32,707162,1002
2026-05-31,RTAC,,current,10.43,1092189,245
2026-05-31,RWAY,,current,6.1615,3407067,1002
2026-05-31,RXST,,current,5.33,3848855,1002
2026-05-31,SABS,,current,3.6,1770438,1002
2026-05-31,SAMG,,current,11.1137,349522,1002
2026-05-31,SAR,,current,21.4355,2112812,1002
2026-05-31,SBSI,,current,32.3848,2672169,1002
2026-05-31,SCLX,,current,5.5417,265088,1002
2026-05-31,SCM,,current,8.67,1530355,1002
2026-05-31,SCYX,,current,5.64,333496,1002
2026-05-31,SCZM,,current,8.15,4034852,1002
2026-05-31,SDHC,,current,11.96,1398020,597
2026-05-31,SEAT,,current,8.67,711735,1002
2026-05-31,SEG,,current,25.25,1245662,460
2026-05-31,SEGG,,current,11.83,581734,741
2026-05-31,SENS,,current,6.79,2611514,1002
2026-05-31,SGC,,current,12.6538,372294,1002
2026-05-31,SGHT,,current,4.86,914749,1002
2026-05-31,SHBI,,current,20.395,4184772,1002
2026-05-31,SHIM,,current,3.54,623230,636
2026-05-31,SHIP,,current,15.2811,3168759,1002
2026-05-31,SI,,current,14.7,1011219,209
2026-05-31,SIF,,current,20.27,1044936,1002
2026-05-31,SIGA,,current,4.68,2904145,1002
2026-05-31,SKIL,,current,7.29,577479,1002
2026-05-31,SKYH,,current,9.39,1264680,1002
2026-05-31,SLGL,,current,73.86,2721403,1002
2026-05-31,SLP,,current,17.11,3316536,1002
2026-05-31,SLRC,,current,12.7662,4554407,1002
2026-05-31,SLSR,,current,10.2,1095353,1002
2026-05-31,SMC,,current,26.65,1905212,1002
2026-05-31,SMHI,,current,7.55,553324,1002
2026-05-31,SMP,,current,38.8581,4039095,1002
2026-05-31,SMTI,,current,22.79,823653,1002
2026-05-31,SMX,,current,16.0183,4684646,1002
2026-05-31,SNAL,,current,4.52,257432,889
2026-05-31,SND,,current,4.1991,1332885,1002
2026-05-31,SNWV,,current,16.47,1434888,403
2026-05-31,SOPH,,current,5.05,444850,1002
2026-05-31,SPAI,,current,6.15,798769,439
2026-05-31,SPCB,,current,11.81,393045,1002
2026-05-31,SPOK,,current,10.2878,1649221,1002
2026-05-31,SPRB,,current,51.27,2630657,1002
2026-05-31,SRBK,,current,18.7319,698475,675
2026-05-31,SRG,,current,2.57,609189,1002
2026-05-31,SRI,,current,7.47,1370054,1002
2026-05-31,SRZN,,current,26.21,2400132,1002
2026-05-31,SSP,,current,3.39,2477118,1002
2026-05-31,SST,1805833,roster,2.99,1338301,1002
2026-05-31,SSTI,,current,7.51,645960,1002
2026-05-31,STEM,,current,9.72,1317356,1002
2026-05-31,STI,,current,4.65,266405,1002
2026-05-31,STRZ,,current,23.38,2334253,267
2026-05-31,SUPX,,current,9.48,2648680,531
2026-05-31,SVCO,,current,9.66,3041865,515
2026-05-31,SWIM,,current,5.28,3865450,1002
2026-05-31,TAOX,,current,4.2,843304,1002
2026-05-31,TARA,,current,4.65,3234457,1002
2026-05-31,TASK,,current,6.33,3683996,1002
2026-05-31,TAYD,,current,51.0,2157640,1002
2026-05-31,TBCH,,current,13.04,3277922,1002
2026-05-31,TBI,,current,6.21,1414217,1002
2026-05-31,TBN,,current,33.61,4847454,482
2026-05-31,TCBX,,current,38.26,2924189,1002
2026-05-31,TCPC,,current,3.6682,3443592,1002
2026-05-31,TCX,,current,15.16,394429,1002
2026-05-31,TG,,current,7.81,1339112,1002
2026-05-31,TGEN,,current,6.21,1762383,1002
2026-05-31,THM,,current,2.71,2750657,1002
2026-05-31,TII,,current,2.34,619651,1002
2026-05-31,TIPT,,current,18.1794,4113021,1002
2026-05-31,TITN,,current,21.82,2615617,1002
2026-05-31,TKNO,,current,5.4,335900,1002
2026-05-31,TLS,,current,4.79,2501054,1002
2026-05-31,TLSI,,current,3.41,693325,1002
2026-05-31,TLYS,,current,4.46,1298911,1002
2026-05-31,TMCI,,current,3.46,776030,1002
2026-05-31,TONX,,current,3.98,1049476,1002
2026-05-31,TOYO,,current,14.51,2443172,1002
2026-05-31,TPVG,,current,5.2845,2059794,1002
2026-05-31,TRAK,,current,10.3076,1028918,1002
2026-05-31,TRC,,current,19.33,1745434,1002
2026-05-31,TRDA,,current,7.07,2385291,1002
2026-05-31,TROO,,current,4.16,649837,1002
2026-05-31,TRT,,current,12.71,665795,1002
2026-05-31,TSBK,,current,40.3108,1022630,1002
2026-05-31,TSQ,,current,6.3908,654882,1002
2026-05-31,TTAM,,current,16.233,3506718,328
2026-05-31,TTGT,,current,4.59,2036940,1002
2026-05-31,TUSK,,current,3.35,628880,1002
2026-05-31,TWFG,,current,18.77,4638091,468
2026-05-31,TWIN,,current,16.6469,766456,1002
2026-05-31,TZOO,,current,10.71,823875,1002
2026-05-31,UIS,,current,4.59,1605196,1002
2026-05-31,ULH,,current,15.7162,1220645,1002
2026-05-31,UNTY,,current,55.5296,2238534,1002
2026-05-31,UP,,current,8.82,955378,1002
2026-05-31,USAU,,current,16.14,3685683,1002
2026-05-31,USCB,,current,18.4369,777432,1002
2026-05-31,USGO,,current,10.2,719617,780
2026-05-31,USNA,,current,18.3,2238019,1002
2026-05-31,UTMD,,current,66.1447,664735,1002
2026-05-31,VATE,,current,15.23,489974,1002
2026-05-31,VBNK,,current,18.0252,741711,1002
2026-05-31,VEEE,,current,7.19,562557,1002
2026-05-31,VEL,,current,17.5,1542014,1002
2026-05-31,VFF,,current,2.53,2626993,1002
2026-05-31,VFS,,current,3.49,2061788,1002
2026-05-31,VGZ,,current,2.41,2719346,1002
2026-05-31,VINP,,current,9.9517,756696,1002
2026-05-31,VIVO,,current,6.24,1942299,1002
2026-05-31,VLGEA,,current,46.1877,2041715,1002
2026-05-31,VLN,1863006,roster,3.53,1279408,1002
2026-05-31,VMD,,current,9.84,2411006,1002
2026-05-31,VNCE,,current,4.41,432794,1002
2026-05-31,VOXR,,current,5.8216,2298817,1002
2026-05-31,VRA,,current,3.31,655015,1002
2026-05-31,VREX,,current,10.23,3277487,1002
2026-05-31,VTEX,,current,3.77,4928555,1002
2026-05-31,VTVT,,current,33.35,1624854,1002
2026-05-31,VUZI,,current,4.6,2510997,1002
2026-05-31,VYGR,,current,3.87,2039300,1002
2026-05-31,WBTN,,current,12.29,3558806,482
2026-05-31,WEST,,current,8.03,2049996,1002
2026-05-31,WEYS,,current,35.0742,461412,1002
2026-05-31,WHF,,current,6.69,702795,1002
2026-05-31,WHWK,,current,4.72,781633,1002
2026-05-31,WKHS,,current,3.83,366006,1002
2026-05-31,WNEB,,current,13.2037,618810,1002
2026-05-31,WNW,,current,3.8,748332,1002
2026-05-31,WOOF,,current,3.01,4761757,1002
2026-05-31,WRN,,current,2.98,4910422,1002
2026-05-31,WSBF,,current,18.353,1103401,1002
2026-05-31,WTBA,,current,23.7224,826628,1002
2026-05-31,WW,,current,16.62,3941549,232
2026-05-31,WYY,,current,11.29,285679,1002
2026-05-31,XFOR,,current,4.31,1395074,1002
2026-05-31,XGN,,current,4.98,773937,1002
2026-05-31,XPER,,current,7.95,2009898,926
2026-05-31,XPOF,,current,5.49,2883612,1002
2026-05-31,XRPN,,current,10.39,461663,235
2026-05-31,YORW,,current,29.6789,4021337,1002
2026-05-31,ZIP,,current,3.24,2395094,1002
2026-05-31,ZNTL,,current,4.0,2751685,1002
2026-05-31,ZSQR,,current,9.31,1111041,1002
2026-05-31,ZUMZ,,current,24.63,2828848,1002
2026-05-31,ZURA,,current,4.3,3101809,801
2026-06-30,AARD,,current,5.18,624902,344
2026-06-30,ABOS,,current,2.77,837421,1022
2026-06-30,ACB,,current,2.88,2738368,1022
2026-06-30,ACCO,,current,4.1943,3158028,1022
2026-06-30,ACEL,,current,12.95,3487292,1022
2026-06-30,ACET,,current,8.56,760175,1022
2026-06-30,ACIC,,current,11.1,2612092,1022
2026-06-30,ACIU,,current,2.66,668698,1022
2026-06-30,ACNB,,current,59.5427,3016974,1022
2026-06-30,ACNT,,current,14.49,921732,1022
2026-06-30,ACTG,,current,4.66,1084219,1022
2026-06-30,ACU,,current,48.0712,707346,1022
2026-06-30,ADV,,current,46.82,2955878,1022
2026-06-30,AEBI,,current,12.6645,3119252,249
2026-06-30,AEHL,,current,16.32,329380,1022
2026-06-30,AEYE,,current,5.64,784387,1022
2026-06-30,AFCG,,current,3.19,414586,1022
2026-06-30,AFYA,,current,14.87,1159062,1022
2026-06-30,AGPU,,current,7.54,1987540,1022
2026-06-30,AII,,current,19.11,1636062,286
2026-06-30,AIIO,,current,5.49,4778835,1022
2026-06-30,AIOS,,current,12.3,408584,1022
2026-06-30,AIOT,,current,3.76,4898810,1022
2026-06-30,AIRG,,current,6.23,572681,1022
2026-06-30,AIRO,,current,6.86,3714334,261
2026-06-30,AIRS,,current,4.52,3858073,1022
2026-06-30,AISP,,current,2.32,1309509,1022
2026-06-30,AKAN,,current,13.66,1389195,1022
2026-06-30,ALCO,,current,41.1004,790737,1022
2026-06-30,ALEC,,current,2.08,1095835,1022
2026-06-30,ALGS,,current,5.43,594564,1022
2026-06-30,ALLT,,current,8.67,2672773,1022
2026-06-30,ALTG,,current,6.76,1646022,1022
2026-06-30,ALTI,,current,3.61,559319,1022
2026-06-30,ALVO,,current,3.72,1740494,1011
2026-06-30,AMBP,1845097,roster,4.59,4688242,1022
2026-06-30,AMPY,,current,4.03,3652165,1022
2026-06-30,AMWL,,current,9.3,477672,1022
2026-06-30,ANGX,,current,3.56,3470010,200
2026-06-30,ANIK,,current,15.01,1305667,1022
2026-06-30,ANIX,,current,2.85,327414,1022
2026-06-30,ANNA,,current,2.86,1829289,1022
2026-06-30,ANTX,,current,5.03,948579,1022
2026-06-30,ANY,,current,2.71,303511,1022
2026-06-30,AOUT,,current,13.48,321048,1022
2026-06-30,AP,,current,8.79,1356788,1022
2026-06-30,APYX,,current,4.69,554237,1022
2026-06-30,ARCT,,current,6.82,2980949,1022
2026-06-30,ARDT,,current,9.93,3830984,488
2026-06-30,ARMP,,current,6.46,564061,1022
2026-06-30,AROW,,current,40.813,2865606,1022
2026-06-30,ARQ,,current,2.5,826580,1022
2026-06-30,ARTNA,,current,33.7157,1237675,1022
2026-06-30,ARTV,,current,9.58,4032779,487
2026-06-30,ASBP,,current,6.14,906497,1022
2026-06-30,ASIC,,current,24.56,1231864,263
2026-06-30,ASLE,,current,6.33,1974785,1022
2026-06-30,ASTC,,current,12.18,443236,1022
2026-06-30,ASTL,,current,4.01,4368472,1022
2026-06-30,ASUR,,current,7.78,671274,1022
2026-06-30,ATII,,current,10.81,1806891,310
2026-06-30,ATLO,,current,29.6324,1879035,1022
2026-06-30,ATLX,,current,3.74,2922674,1022
2026-06-30,ATNI,,current,27.4,1846439,1022
2026-06-30,ATRA,,current,11.17,668019,1022
2026-06-30,ATS,,current,27.57,4432266,1022
2026-06-30,AUDC,,current,9.2671,827737,1022
2026-06-30,AUNA,,current,5.01,1244906,568
2026-06-30,AURA,,current,6.88,2894704,1022
2026-06-30,AVBC,,current,21.0934,1145687,228
2026-06-30,AVBH,,current,32.69,2389111,1022
2026-06-30,AVD,,current,2.71,748042,1022
2026-06-30,AVIR,,current,4.61,1401689,1022
2026-06-30,AVNW,,current,20.73,3840806,1022
2026-06-30,AVXL,,current,2.6,2805388,1022
2026-06-30,AXG,,current,3.27,452243,704
2026-06-30,AZ,,current,5.52,2394848,1022
2026-06-30,BALY,,current,13.39,591618,389
2026-06-30,BARK,,current,9.58,553971,1022
2026-06-30,BATRA,,current,56.47,2709343,1022
2026-06-30,BBCP,,current,11.86,927477,1022
2026-06-30,BBGI,,current,26.51,694732,1022
2026-06-30,BBOT,,current,7.66,3513760,597
2026-06-30,BCAL,,current,20.87,3388889,1022
2026-06-30,BCBP,,current,10.72,1173637,1022
2026-06-30,BCIC,,current,6.9106,567216,1022
2026-06-30,BCML,,current,32.7,1583428,1022
2026-06-30,BCSF,,current,12.5,4422255,1022
2026-06-30,BCTX,,current,3.1,524335,1022
2026-06-30,BDSX,,current,23.81,670521,1022
2026-06-30,BESS,,current,3.87,349486,1022
2026-06-30,BGDE,,current,9.01,1008094,1022
2026-06-30,BHB,,current,38.0197,3294019,1022
2026-06-30,BIRD,,current,3.7516,2181910,1022
2026-06-30,BIYA,,current,2.82,916530,319
2026-06-30,BKTI,,current,84.99,3882325,1022
2026-06-30,BMRC,,current,27.3533,2595005,1022
2026-06-30,BNC,,current,2.96,842579,1022
2026-06-30,BNED,,current,13.4747,2309285,1022
2026-06-30,BNT,,current,42.14,998323,1022
2026-06-30,BNTC,,current,12.7,1057304,1022
2026-06-30,BOC,,current,13.41,2510914,1022
2026-06-30,BODI,,current,10.25,597865,1022
2026-06-30,BOOM,,current,5.91,1544286,1022
2026-06-30,BOTJ,,current,24.609,291788,1022
2026-06-30,BPRN,,current,37.5562,328973,1022
2026-06-30,BRBS,,current,3.56,817775,1022
2026-06-30,BRCC,,current,12.0,1028989,1022
2026-06-30,BSET,,current,18.0542,430809,1022
2026-06-30,BSRR,,current,40.3907,1965833,1022
2026-06-30,BSVN,,current,48.91,493577,1022
2026-06-30,BURU,1814215,roster,5.56,3704204,854
2026-06-30,BVFL,,current,21.33,282371,1022
2026-06-30,BWB,,current,21.07,1331756,1022
2026-06-30,BWEN,,current,4.72,1244482,1022
2026-06-30,BWFG,,current,59.6312,2629732,1022
2026-06-30,BWMN,,current,29.6,3331187,1022
2026-06-30,BWMX,,current,17.7789,1217189,1022
2026-06-30,BXBL,,current,10.6,501983,346
2026-06-30,BYRN,,current,6.24,2532030,1022
2026-06-30,CAC,,current,53.5391,4904507,1022
2026-06-30,CAMP,,current,4.44,314701,428
2026-06-30,CARL,,current,11.12,1194477,235
2026-06-30,CASS,,current,51.0269,3738118,1022
2026-06-30,CATX,,current,3.55,4438162,1022
2026-06-30,CBAN,,current,20.1503,4654558,1022
2026-06-30,CBIO,,current,18.0,4568483,1022
2026-06-30,CBNK,,current,34.9899,2036288,1022
2026-06-30,CCAP,,current,10.849,2297247,1022
2026-06-30,CCBG,,current,49.66,3570211,1022
2026-06-30,CCLD,,current,2.16,1038069,1022
2026-06-30,CD,,current,4.8,885960,1022
2026-06-30,CDZI,,current,3.88,3269908,1022
2026-06-30,CENT,,current,44.6,2324361,1022
2026-06-30,CETX,1435064,roster,3.03,342491,1022
2026-06-30,CFBK,,current,31.3209,860558,1022
2026-06-30,CFFI,,current,83.31,331648,1022
2026-06-30,CGEN,,current,2.16,1095465,1022
2026-06-30,CHMG,,current,74.6,2302499,1022
2026-06-30,CHPT,,current,6.1,3151125,1022
2026-06-30,CHRN,,current,22.86,4083623,1022
2026-06-30,CIA,,current,6.18,435511,1022
2026-06-30,CING,,current,5.32,2128663,1022
2026-06-30,CINT,,current,3.33,455019,1022
2026-06-30,CION,,current,6.0927,3375816,1022
2026-06-30,CIVB,,current,28.2547,1957331,1022
2026-06-30,CLAR,,current,3.2178,600373,1022
2026-06-30,CLDI,1855485,roster,2.576,502136,1022
2026-06-30,CLMB,,current,22.47,3178067,1022
2026-06-30,CLNN,,current,6.34,628586,1022
2026-06-30,CLW,,current,16.03,2507922,1022
2026-06-30,CMCL,,current,19.3208,4014610,1022
2026-06-30,CMDB,,current,17.99,745769,291
2026-06-30,CMRC,,current,3.03,1771496,1022
2026-06-30,CMT,,current,23.45,722254,1022
2026-06-30,CMTV,,current,38.5023,704701,1022
2026-06-30,CNL,,current,12.53,910797,1022
2026-06-30,CNSY,,current,4.29,917823,1022
2026-06-30,CNTB,,current,2.38,565423,1022
2026-06-30,CNTN,,current,2.78,2146280,1022
2026-06-30,CNVS,,current,2.88,288987,1022
2026-06-30,CODA,,current,9.55,1343601,1022
2026-06-30,COFS,,current,33.86,2315765,1022
2026-06-30,COOK,,current,82.0,946287,1022
2026-06-30,COSO,,current,26.7717,2335020,286
2026-06-30,COYA,,current,6.07,666298,876
2026-06-30,CPIX,,current,5.3041,269572,1022
2026-06-30,CPS,,current,25.95,4295546,1022
2026-06-30,CPSH,,current,5.57,2885440,1022
2026-06-30,CRBP,,current,8.98,2804245,1022
2026-06-30,CRCT,,current,4.3395,1832120,1022
2026-06-30,CRMT,,current,2.56,1524674,1022
2026-06-30,CRNT,,current,2.47,1396093,1022
2026-06-30,CRON,,current,2.85,2835351,1022
2026-06-30,CSV,,current,38.482,4231811,1022
2026-06-30,CTEV,,current,33.82,2721986,1022
2026-06-30,CTKB,,current,4.34,3413119,1022
2026-06-30,CTNM,,current,15.0,2298333,559
2026-06-30,CUE,,current,30.43,3335802,1022
2026-06-30,CURI,,current,2.6112,1043237,1022
2026-06-30,CURR,,current,2.68,528657,456
2026-06-30,CV,,current,7.54,703788,249
2026-06-30,CVEO,,current,34.64,2181641,1022
2026-06-30,CVGI,,current,4.62,1994634,1022
2026-06-30,CVRX,,current,5.94,1745583,1022
2026-06-30,CVU,,current,5.3,275767,1022
2026-06-30,CVV,,current,6.79,684262,1022
2026-06-30,CWCO,,current,29.1809,3206205,1022
2026-06-30,CXAI,,current,9.25,1373136,1022
2026-06-30,CXDO,,current,7.47,4012048,1022
2026-06-30,CYCU,,current,4.808,538324,342
2026-06-30,CYH,,current,3.39,3600297,1022
2026-06-30,CZFS,,current,71.52,367269,1022
2026-06-30,CZNC,,current,23.1123,860134,1022
2026-06-30,CZWI,,current,23.3065,484600,1022
2026-06-30,DBGI,,current,29.28,825779,1022
2026-06-30,DBI,,current,6.03,4083812,1022
2026-06-30,DCBO,,current,17.37,2127202,1022
2026-06-30,DERM,,current,6.79,1091360,1022
2026-06-30,DFDV,,current,3.02,3222948,735
2026-06-30,DGICA,,current,18.6461,1890406,1022
2026-06-30,DHX,,current,3.81,636804,1022
2026-06-30,DIBS,,current,5.44,669254,1022
2026-06-30,DLTH,,current,4.65,273973,1022
2026-06-30,DMAC,,current,7.22,969505,1022
2026-06-30,DMRC,,current,7.88,1736928,1022
2026-06-30,DOMO,,current,2.85,3071858,1022
2026-06-30,DSGR,,current,27.0,1982701,1022
2026-06-30,DSP,,current,13.11,2498415,1022
2026-06-30,DSX,,current,2.0024,1507872,1022
2026-06-30,DTIL,,current,7.92,1685114,1022
2026-06-30,DWSN,,current,5.66,256042,1022
2026-06-30,DYNC,,current,10.79,910562,388
2026-06-30,EAF,,current,5.79,1852719,1022
2026-06-30,EBF,,current,21.4047,2743536,1022
2026-06-30,EBMT,,current,23.5127,1236780,1022
2026-06-30,ECOR,,current,8.12,532935,1022
2026-06-30,EDRY,,current,22.14,542689,1022
2026-06-30,EDSA,,current,7.67,1773750,1022
2026-06-30,EFSI,,current,40.7461,815431,1022
2026-06-30,EGAN,,current,6.4,1734509,1022
2026-06-30,ELA,,current,28.62,1948360,1022
2026-06-30,ELAB,,current,12.1,1306730,651
2026-06-30,ELDN,,current,3.88,4283526,1022
2026-06-30,ELE,,current,16.31,4285152,1022
2026-06-30,ELMD,,current,42.23,1689719,1022
2026-06-30,ELPW,,current,45.0,1385712,793
2026-06-30,ELTX,,current,4.0,1389652,1022
2026-06-30,ELVA,,current,10.24,3592752,1022
2026-06-30,EML,,current,25.8786,392150,1022
2026-06-30,EMPD,,current,3.71,1050241,1022
2026-06-30,ENGS,,current,2.66,389040,312
2026-06-30,ENTA,,current,14.51,2242183,1022
2026-06-30,EOLS,,current,7.13,4155708,1022
2026-06-30,EPM,,current,3.72,1383694,1022
2026-06-30,EPRX,,current,6.59,1385164,559
2026-06-30,EPSN,,current,5.49,1030477,1022
2026-06-30,EQ,,current,3.08,848118,1022
2026-06-30,ESCA,,current,18.7483,572185,1022
2026-06-30,ESEA,,current,66.5,4158021,1022
2026-06-30,ESOA,,current,19.07,1693227,1022
2026-06-30,ESP,,current,66.48,1736578,1022
2026-06-30,EVCM,,current,9.69,1253647,1022
2026-06-30,EVEX,,current,2.44,3209579,1022
2026-06-30,EVI,,current,14.82,645133,1022
2026-06-30,EXOD,,current,5.26,434022,1022
2026-06-30,FABC,,current,4.04,2734857,1022
2026-06-30,FAC,,current,9.9,1415545,255
2026-06-30,FATN,,current,6.31,903215,307
2026-06-30,FBIO,,current,2.95,992393,1022
2026-06-30,FBIZ,,current,62.9089,2302670,1022
2026-06-30,FBLA,,current,15.14,1249234,420
2026-06-30,FBYD,,current,16.9,917152,683
2026-06-30,FC,,current,25.55,1791472,1022
2026-06-30,FCBC,,current,44.406,3158196,1022
2026-06-30,FCCO,,current,32.5291,2508992,1022
2026-06-30,FDBC,,current,50.9995,323311,1022
2026-06-30,FENC,,current,11.03,1474517,1022
2026-06-30,FF,,current,4.6213,1387225,1022
2026-06-30,FFAI,,current,38.85,4560421,1022
2026-06-30,FGNX,,current,5.52,607573,1022
2026-06-30,FHTX,,current,4.86,594996,1022
2026-06-30,FIP,,current,4.3258,4111070,989
2026-06-30,FIRY,,current,10.25,2531704,1022
2026-06-30,FLL,,current,2.84,399790,1022
2026-06-30,FLWS,,current,3.57,1785751,1022
2026-06-30,FLXS,,current,73.05,2848338,1022
2026-06-30,FMAO,,current,30.3252,2039049,1022
2026-06-30,FNKO,,current,5.88,2729236,1022
2026-06-30,FNLC,,current,34.5528,479185,1022
2026-06-30,FNRN,,current,17.67,944329,1022
2026-06-30,FNWB,,current,10.5,269781,1022
2026-06-30,FNWD,,current,36.05,284688,1022
2026-06-30,FOA,,current,27.4,1091732,1022
2026-06-30,FOR,,current,31.98,3791634,1022
2026-06-30,FORR,,current,8.42,503700,1022
2026-06-30,FOSL,,current,4.29,2906014,1022
2026-06-30,FPH,,current,5.47,835129,1022
2026-06-30,FRAF,,current,63.6548,1387093,1022
2026-06-30,FRBA,,current,17.3764,1072826,1022
2026-06-30,FRD,,current,32.393,615334,1022
2026-06-30,FRMM,,current,5.78,1672657,1022
2026-06-30,FRPH,,current,25.56,1265043,1022
2026-06-30,FRST,,current,16.4583,3055416,1022
2026-06-30,FSBW,,current,42.8707,467186,1022
2026-06-30,FSTR,,current,44.94,3800100,1022
2026-06-30,FTCI,,current,4.89,483555,1022
2026-06-30,FTW,,current,11.6501,759318,438
2026-06-30,FUNC,,current,44.6426,481337,1022
2026-06-30,FVCB,,current,17.3921,2847953,1022
2026-06-30,FWDI,,current,4.25,3964350,1022
2026-06-30,FXNC,,current,29.8657,2155984,1022
2026-06-30,GAIN,,current,15.2283,4095598,1022
2026-06-30,GALT,,current,4.97,727054,1022
2026-06-30,GAME,,current,3.208,700960,1022
2026-06-30,GASS,,current,8.01,1237949,1022
2026-06-30,GBFH,,current,30.52,1691572,495
2026-06-30,GCBC,,current,32.9958,287328,1022
2026-06-30,GDRX,,current,2.85,3299270,1022
2026-06-30,GECC,,current,5.45,438879,1022
2026-06-30,GENC,,current,15.05,383034,1022
2026-06-30,GEOS,,current,6.55,1650783,1022
2026-06-30,GFR,,current,5.74,948216,1022
2026-06-30,GIC,,current,33.6167,2604975,1022
2026-06-30,GLAD,,current,19.1475,3095881,1022
2026-06-30,GLAS,,current,12.34,2272962,1022
2026-06-30,GLIBA,,current,21.91,1658844,243
2026-06-30,GLRE,,current,16.66,3277743,1022
2026-06-30,GLSI,,current,23.25,2835304,1022
2026-06-30,GNE,,current,14.4059,819421,1022
2026-06-30,GNLX,,current,2.9,425145,858
2026-06-30,GORO,,current,4.52,315350,1022
2026-06-30,GRCE,,current,2.3,895117,1022
2026-06-30,GRDX,,current,4.46,296969,1022
2026-06-30,GRML,,current,12.95,1199959,1022
2026-06-30,GRNT,,current,4.3431,4719830,1022
2026-06-30,GRO,,current,2.2,1371467,395
2026-06-30,GTE,,current,6.21,2924743,1022
2026-06-30,GWRS,,current,7.2044,643269,1022
2026-06-30,GYRE,,current,6.45,479927,1022
2026-06-30,HBB,,current,21.6535,396727,1022
2026-06-30,HBT,,current,31.6285,2510473,1022
2026-06-30,HCKT,,current,10.99,3541558,1022
2026-06-30,HCWB,,current,5.256,426872,1022
2026-06-30,HDSN,,current,5.48,2221457,1022
2026-06-30,HGTY,,current,11.76,1706199,1022
2026-06-30,HIPO,,current,27.08,2627191,1022
2026-06-30,HITI,,current,2.28,832946,1022
2026-06-30,HKIT,,current,7.6,487527,813
2026-06-30,HLLY,,current,2.6,1914583,1022
2026-06-30,HNVR,,current,23.2241,675453,1022
2026-06-30,HOFT,,current,17.03,548398,1022
2026-06-30,HRZN,,current,4.4892,3350149,1022
2026-06-30,HSHP,,current,12.8907,3443809,813
2026-06-30,HTCO,,current,4.1,2898010,1022
2026-06-30,HURA,,current,2.29,1457899,1022
2026-06-30,HURC,,current,22.89,317330,1022
2026-06-30,HVT,,current,25.1751,1972694,1022
2026-06-30,HWBK,,current,38.67,266054,1022
2026-06-30,HY,,current,33.861,2731074,1022
2026-06-30,HYPD,,current,3.18,1770484,1022
2026-06-30,IBEX,,current,30.13,3070821,1022
2026-06-30,IDN,,current,4.28,2312902,1022
2026-06-30,IFRX,,current,2.28,2195257,1022
2026-06-30,IGIC,,current,25.8758,1278220,1022
2026-06-30,IHRT,,current,4.49,4734000,1022
2026-06-30,III,,current,4.0541,817302,1022
2026-06-30,IMDX,,current,5.42,1504081,1022
2026-06-30,IMMR,,current,6.7627,3336221,1022
2026-06-30,IMPP,,current,4.77,2222179,1022
2026-06-30,IMRX,,current,5.05,4704113,1022
2026-06-30,IMTX,,current,9.56,4034458,1022
2026-06-30,IMUX,,current,15.41,3220776,1022
2026-06-30,INBK,,current,27.65,1053980,1022
2026-06-30,INDO,,current,2.8,2075577,1022
2026-06-30,INFU,,current,9.88,1271120,1022
2026-06-30,INGN,,current,6.93,1898213,1022
2026-06-30,INNV,,current,11.61,2271572,1022
2026-06-30,INSE,,current,8.06,812955,1022
2026-06-30,INSG,,current,9.91,3161055,1022
2026-06-30,INTG,,current,48.92,1569054,1022
2026-06-30,INTT,,current,16.99,4412600,1022
2026-06-30,INVE,,current,2.6,483665,1022
2026-06-30,IPSC,,current,2.41,1825706,1022
2026-06-30,IPWR,,current,5.31,2179833,1022
2026-06-30,IRD,,current,4.06,3730552,1022
2026-06-30,ISBA,,current,40.77,1578404,1022
2026-06-30,ISOU,,current,10.08,1221582,1022
2026-06-30,ISTR,,current,29.77,4035062,1022
2026-06-30,IXHL,,current,3.62,1244456,1022
2026-06-30,JAKK,,current,23.4983,1041123,1022
2026-06-30,JFB,,current,4.69,1400010,330
2026-06-30,JILL,,current,15.97,736568,1022
2026-06-30,JLHL,,current,16.11,852369,253
2026-06-30,JMSB,,current,21.7781,761903,1022
2026-06-30,JOUT,,current,45.4711,3385165,1022
2026-06-30,JRSH,,current,4.8538,337631,1022
2026-06-30,JRVR,,current,4.45,1473524,1022
2026-06-30,JYNT,,current,8.33,501397,1022
2026-06-30,KAZR,,current,2.98,582506,340
2026-06-30,KBDC,,current,13.56,3611295,526
2026-06-30,KE,,current,24.9,3730162,1022
2026-06-30,KELYA,,current,12.7916,4017624,1022
2026-06-30,KEN,,current,67.61,2134894,1022
2026-06-30,KGEI,,current,4.81,1092737,1022
2026-06-30,KIDS,,current,20.08,2639308,1022
2026-06-30,KIDZ,,current,10.77,784011,308
2026-06-30,KINS,,current,19.2047,1641468,1022
2026-06-30,KLC,,current,4.31,3208868,430
2026-06-30,KLRS,,current,4.215,406312,1022
2026-06-30,KMDA,,current,7.2107,315946,1022
2026-06-30,KNOP,,current,9.8377,841767,1022
2026-06-30,KRMD,,current,4.37,430087,1022
2026-06-30,KRNT,,current,16.11,3263257,1022
2026-06-30,KRNY,,current,9.163,2425205,1022
2026-06-30,KRO,,current,6.2938,1860082,1022
2026-06-30,KROS,,current,10.93,3300305,1022
2026-06-30,KRRO,,current,13.195,1429370,1022
2026-06-30,KVHI,,current,9.6,1654780,1022
2026-06-30,KWY,,current,10.31,626784,1022
2026-06-30,LAKE,,current,10.9,891180,1022
2026-06-30,LAW,,current,3.78,935044,1022
2026-06-30,LCNB,,current,17.5381,323418,1022
2026-06-30,LCUT,,current,8.934,1204118,1022
2026-06-30,LE,,current,11.4,2688851,1022
2026-06-30,LEE,,current,9.43,471255,1022
2026-06-30,LEGH,,current,26.39,1584832,1022
2026-06-30,LFCR,,current,4.96,955531,1022
2026-06-30,LFMD,,current,4.2,4302413,1022
2026-06-30,LFVN,,current,6.151,1137004,1022
2026-06-30,LGCY,,current,11.96,569280,439
2026-06-30,LIEN,,current,9.88,586319,1022
2026-06-30,LILA,,current,7.73,2626617,1022
2026-06-30,LMNR,,current,13.09,975670,1022
2026-06-30,LNSR,,current,5.72,336956,1022
2026-06-30,LNZA,,current,7.91,765155,1022
2026-06-30,LOCO,,current,16.53,3601546,1022
2026-06-30,LODE,,current,4.22,4478774,1022
2026-06-30,LOVE,,current,16.76,3074102,1022
2026-06-30,LSAK,,current,4.78,399464,1022
2026-06-30,LTRN,,current,4.07,651482,1022
2026-06-30,LUCK,,current,7.77,604600,1022
2026-06-30,LWAY,,current,29.92,2159652,1022
2026-06-30,LXEO,,current,4.81,3927211,663
2026-06-30,LXFR,,current,18.062,2017788,1022
2026-06-30,LYEL,,current,12.75,1624537,1022
2026-06-30,LZM,,current,3.79,2752937,1022
2026-06-30,MAAS,,current,12.58,747961,1022
2026-06-30,MAGN,,current,11.85,3626791,1022
2026-06-30,MAKO,,current,7.36,1299405,1022
2026-06-30,MASS,,current,8.81,1789302,1022
2026-06-30,MATV,,current,7.5971,3337446,1022
2026-06-30,MBI,,current,6.62,1491819,1022
2026-06-30,MCBS,,current,35.401,2507879,1022
2026-06-30,MCFT,,current,25.58,3013998,1022
2026-06-30,MCGA,,current,10.21,254634,233
2026-06-30,MCRB,,current,7.79,370996,1022
2026-06-30,MDWD,,current,15.08,1154262,1022
2026-06-30,MDXG,,current,3.91,4787521,1022
2026-06-30,MED,,current,10.7,1912408,1022
2026-06-30,METCB,,current,8.7,299892,760
2026-06-30,MF,,current,7.5,345229,564
2026-06-30,MFIN,,current,10.1744,518607,1022
2026-06-30,MG,,current,18.23,3065676,1022
2026-06-30,MGNX,,current,4.86,2600433,1022
2026-06-30,MGPI,,current,16.6293,3441345,1022
2026-06-30,MGRT,,current,75.24,2218809,240
2026-06-30,MIND,,current,4.89,696425,1022
2026-06-30,MLR,,current,52.38,3716721,1022
2026-06-30,MNSB,,current,24.5446,918007,1022
2026-06-30,MOB,,current,5.0,972458,963
2026-06-30,MOVE,,current,20.54,926123,1022
2026-06-30,MPAA,,current,15.19,616453,1022
2026-06-30,MRBK,,current,19.8976,2109476,1022
2026-06-30,MRDN,,current,14.35,509303,1022
2026-06-30,MSIF,,current,11.4057,3153897,355
2026-06-30,MTA,,current,7.53,2980705,1022
2026-06-30,MTRX,,current,13.71,2825931,1022
2026-06-30,MTW,,current,14.15,2774028,1022
2026-06-30,MVBF,,current,28.9962,1056852,1022
2026-06-30,MYFW,,current,32.18,876427,1022
2026-06-30,MYSE,,current,2.47,364003,1022
2026-06-30,NAGE,,current,3.3,2797399,1022
2026-06-30,NAKA,,current,4.2,1067571,520
2026-06-30,NATH,,current,100.91,1858078,1022
2026-06-30,NATR,,current,21.56,2406016,1022
2026-06-30,NC,,current,49.8437,500412,1022
2026-06-30,NCDL,,current,12.62,2544746,608
2026-06-30,NCI,,current,11.435,544371,547
2026-06-30,NCMI,,current,3.81,1117680,1022
2026-06-30,NCSM,,current,43.86,1329617,1022
2026-06-30,NDLS,,current,15.24,472914,1022
2026-06-30,NECB,,current,27.4895,829742,1022
2026-06-30,NEGG,,current,16.94,2215061,1022
2026-06-30,NEOV,,current,2.35,1534045,1022
2026-06-30,NERV,,current,5.43,736067,1022
2026-06-30,NEWP,,current,4.07,4522659,1022
2026-06-30,NEWT,,current,15.22,2262018,1022
2026-06-30,NEXN,,current,9.09,1852621,1022
2026-06-30,NGS,,current,42.5993,3687891,1022
2026-06-30,NGVC,,current,31.2922,3593393,1022
2026-06-30,NKSH,,current,36.72,1273282,1022
2026-06-30,NKTX,,current,2.85,1685315,1022
2026-06-30,NMAD,,current,8.04,504128,1022
2026-06-30,NMFC,,current,7.17,4794814,1022
2026-06-30,NNBR,,current,3.62,1593702,1022
2026-06-30,NNNN,,current,13.55,667723,341
2026-06-30,NOA,,current,13.304,1421041,1022
2026-06-30,NPB,,current,19.1343,2476330,342
2026-06-30,NPCE,,current,16.53,2484939,1022
2026-06-30,NRC,,current,21.64,1719500,1022
2026-06-30,NRDY,,current,13.65,355888,1022
2026-06-30,NRIM,,current,27.88,2832566,1022
2026-06-30,NRXP,,current,4.0,3143180,1022
2026-06-30,NRXS,,current,7.14,963912,724
2026-06-30,NSLR,,current,12.77,3891450,1022
2026-06-30,NSYS,,current,16.25,328518,1022
2026-06-30,NTHI,,current,4.43,320351,316
2026-06-30,NUS,,current,5.204,3533440,1022
2026-06-30,NVA,,current,4.35,2414516,484
2026-06-30,NVCT,,current,28.53,837329,1022
2026-06-30,NWFL,,current,31.9611,602968,1022
2026-06-30,NYAX,,current,64.07,740751,945
2026-06-30,OABI,,current,2.57,1133555,1022
2026-06-30,OBIO,,current,4.75,756318,1022
2026-06-30,OBT,,current,37.0654,1761049,1022
2026-06-30,OCC,,current,20.15,4086794,1022
2026-06-30,OEC,,current,6.795,3297531,1022
2026-06-30,OESX,,current,11.85,375541,1022
2026-06-30,OFIX,,current,9.68,3297758,1022
2026-06-30,OFLX,,current,31.35,1080225,1022
2026-06-30,OKUR,,current,4.5,752803,1022
2026-06-30,OM,,current,4.33,655182,1022
2026-06-30,ONEW,,current,11.45,1000500,1022
2026-06-30,ONIT,,current,39.44,2567093,1022
2026-06-30,OPAD,,current,4.62,382618,1022
2026-06-30,OPBK,,current,14.8468,448799,1022
2026-06-30,OPFI,,current,9.42,4899957,1022
2026-06-30,OPRT,,current,5.73,2122377,1022
2026-06-30,OPRX,,current,5.43,2188965,1022
2026-06-30,OPXS,,current,13.56,413727,1022
2026-06-30,ORMP,,current,4.64,599689,1022
2026-06-30,ORN,,current,17.14,4856843,1022
2026-06-30,ORRF,,current,40.4504,4273944,1022
2026-06-30,OSG,,current,6.36,2349159,1022
2026-06-30,OSUR,,current,4.5,2208440,1022
2026-06-30,OVBC,,current,43.6496,875261,1022
2026-06-30,OVID,,current,2.72,4992040,1022
2026-06-30,OVLY,,current,33.1687,1242267,1022
2026-06-30,OWLT,,current,5.73,1110758,1022
2026-06-30,OZ,,current,44.49,392665,1022
2026-06-30,PACK,,current,7.17,3081330,1022
2026-06-30,PAL,,current,7.05,1977748,535
2026-06-30,PANL,,current,6.6916,3796359,1022
2026-06-30,PAYS,,current,8.32,4017535,1022
2026-06-30,PBYI,,current,8.19,1679823,1022
2026-06-30,PCB,,current,27.8107,605756,1022
2026-06-30,PCYO,,current,10.93,543551,1022
2026-06-30,PDEX,,current,58.4,2083653,1022
2026-06-30,PDLB,,current,19.98,1090408,1022
2026-06-30,PEBK,,current,43.1525,1407574,1022
2026-06-30,PED,,current,14.99,306788,1022
2026-06-30,PERI,,current,9.44,3478658,1022
2026-06-30,PEW,,current,2.33,629508,617
2026-06-30,PFIS,,current,65.695,3165414,1022
2026-06-30,PKBK,,current,32.994,2394736,1022
2026-06-30,PKOH,,current,38.0989,2074763,1022
2026-06-30,PLBC,,current,57.8271,2630616,1022
2026-06-30,PLCE,,current,3.01,808164,1022
2026-06-30,PLRZ,,current,12.75,455768,416
2026-06-30,PLTK,,current,3.91,4173451,1022
2026-06-30,PLX,,current,2.35,1257544,1022
2026-06-30,PMI,,current,7.8,672628,208
2026-06-30,PMN,,current,10.75,288845,1022
2026-06-30,PMTS,,current,20.57,702782,1022
2026-06-30,PNNT,,current,3.288,2614629,1022
2026-06-30,PODC,,current,4.59,444755,703
2026-06-30,POWW,,current,2.36,858094,1022
2026-06-30,PPIH,,current,27.32,2707575,1022
2026-06-30,PRE,,current,18.58,3309764,1022
2026-06-30,PRLD,,current,4.93,1631423,1022
2026-06-30,PROF,,current,6.59,397385,1022
2026-06-30,PRPO,,current,24.28,774321,1022
2026-06-30,PRTA,,current,9.97,4669559,1022
2026-06-30,PRTH,,current,7.14,1280417,1022
2026-06-30,PSBD,,current,10.46,1049038,613
2026-06-30,PSFE,,current,7.37,2459148,1022
2026-06-30,PTHS,,current,27.55,375739,592
2026-06-30,PUSA,,current,4.05,2503510,345
2026-06-30,PYPD,,current,4.97,307440,1022
2026-06-30,PYXS,,current,2.86,867471,1022
2026-06-30,QCLS,,current,3.7,1233462,1022
2026-06-30,QNCX,,current,18.42,1134775,1022
2026-06-30,QNTM,,current,3.7,1023740,1022
2026-06-30,QTRX,,current,4.54,3525144,1022
2026-06-30,QUAD,,current,8.3353,1216610,1022
2026-06-30,RAIL,,current,9.76,1268729,1022
2026-06-30,RBB,,current,27.1734,2073349,1022
2026-06-30,RCEL,,current,4.25,941622,1022
2026-06-30,RCKY,,current,41.334,1934975,1022
2026-06-30,RCMT,,current,28.19,1936323,1022
2026-06-30,RDCM,,current,13.87,2306966,1022
2026-06-30,RDNW,,current,7.08,485634,1022
2026-06-30,RELL,,current,18.2969,2540399,1022
2026-06-30,RFIL,,current,21.32,3712274,1022
2026-06-30,RGC,,current,6.19,2533489,1022
2026-06-30,RGP,,current,4.3014,1389496,1022
2026-06-30,RGR,,current,37.6784,4727788,1022
2026-06-30,RICK,,current,27.36,1067055,1022
2026-06-30,RJET,,current,18.6,2289321,1022
2026-06-30,RLGT,,current,9.38,1118754,1022
2026-06-30,RLYB,,current,16.06,676525,1022
2026-06-30,RM,,current,41.1733,1996657,1022
2026-06-30,RMBI,,current,15.9976,516511,1022
2026-06-30,RMNI,,current,4.24,1409332,1022
2026-06-30,RMR,,current,20.2878,2676165,1022
2026-06-30,RNAC,,current,9.64,1223502,1022
2026-06-30,RNGR,,current,15.6612,3423712,1022
2026-06-30,ROLR,,current,6.07,1524259,420
2026-06-30,RPAY,,current,4.26,2588802,1022
2026-06-30,RPC,,current,7.5649,3380002,1022
2026-06-30,RRGB,,current,7.77,1078474,1022
2026-06-30,RSVR,,current,10.2,598779,1022
2026-06-30,RTAC,,current,10.47,986885,265
2026-06-30,RWAY,,current,5.2187,3299449,1022
2026-06-30,RXST,,current,5.1,4038271,1022
2026-06-30,SABS,,current,3.9,1611731,1022
2026-06-30,SAMG,,current,10.3,374751,1022
2026-06-30,SAR,,current,21.4462,1868256,1022
2026-06-30,SBC,,current,3.15,298040,942
2026-06-30,SBSI,,current,34.5003,2844281,1022
2026-06-30,SCLX,,current,7.8,444085,1022
2026-06-30,SCM,,current,8.2834,1438584,1022
2026-06-30,SCYX,,current,3.87,321350,1022
2026-06-30,SCZM,,current,6.51,3701489,1022
2026-06-30,SD,,current,13.675,4561034,1022
2026-06-30,SDHC,,current,14.99,964963,617
2026-06-30,SEAT,,current,6.46,709075,1022
2026-06-30,SEG,,current,27.16,1236818,480
2026-06-30,SEGG,,current,6.3,2032774,761
2026-06-30,SENS,,current,5.94,3453947,1022
2026-06-30,SGC,,current,13.099,397365,1022
2026-06-30,SGHT,,current,5.84,738793,1022
2026-06-30,SHBI,,current,22.8783,4408351,1022
2026-06-30,SHIM,,current,4.28,659672,656
2026-06-30,SHIP,,current,13.61,2989338,1022
2026-06-30,SI,,current,21.09,977713,229
2026-06-30,SIF,,current,21.89,1319385,1022
2026-06-30,SIGA,,current,3.61,1982209,1022
2026-06-30,SKIL,,current,6.01,716734,1022
2026-06-30,SKYH,,current,9.75,1234444,1022
2026-06-30,SLGL,,current,74.41,2326955,1022
2026-06-30,SLP,,current,18.38,4250335,1022
2026-06-30,SLRC,,current,12.47,4717651,1022
2026-06-30,SLSR,,current,8.4,1156273,1022
2026-06-30,SMC,,current,28.31,1535107,1022
2026-06-30,SMHI,,current,8.02,521945,1022
2026-06-30,SMID,,current,29.52,309198,1022
2026-06-30,SMP,,current,38.6796,4135479,1022
2026-06-30,SMTI,,current,24.58,913067,1022
2026-06-30,SMX,,current,13.61,3217415,1022
2026-06-30,SNAL,,current,3.175,441617,909
2026-06-30,SND,,current,4.8941,1346472,1022
2026-06-30,SNWV,,current,9.85,1266093,423
2026-06-30,SOPH,,current,5.98,466771,1022
2026-06-30,SPAI,,current,4.23,786331,459
2026-06-30,SPCB,,current,11.04,484324,1022
2026-06-30,SPKL,,current,12.56,299334,648
2026-06-30,SPOK,,current,10.1518,1619673,1022
2026-06-30,SPPL,,current,3.89,2172234,700
2026-06-30,SPRB,,current,55.88,2941432,1022
2026-06-30,SRBK,,current,19.36,871590,695
2026-06-30,SRG,,current,2.6,591014,1022
2026-06-30,SRI,,current,7.58,1218465,1022
2026-06-30,SRZN,,current,25.72,2553570,1022
2026-06-30,SSP,,current,2.85,2193645,1022
2026-06-30,SST,1805833,roster,2.42,781965,1022
2026-06-30,SSTI,,current,8.81,671741,1022
2026-06-30,STEM,,current,7.48,1182418,1022
2026-06-30,STI,,current,9.61,444159,1022
2026-06-30,STRZ,,current,29.27,2719666,287
2026-06-30,SUNE,,current,2.26,355019,1022
2026-06-30,SUPX,,current,7.6,2534032,551
2026-06-30,SVCO,,current,12.4,4609971,535
2026-06-30,SWIM,,current,6.39,3694957,1022
2026-06-30,TACO,,current,10.46,336589,267
2026-06-30,TAOX,,current,3.81,632159,1022
2026-06-30,TARA,,current,4.16,2772803,1022
2026-06-30,TASK,,current,4.79,2996309,1022
2026-06-30,TAYD,,current,57.06,1586653,1022
2026-06-30,TBCH,,current,12.33,3392208,1022
2026-06-30,TBI,,current,6.96,1603074,1022
2026-06-30,TCBX,,current,40.31,3159666,1022
2026-06-30,TCPC,,current,3.35,2947426,1022
2026-06-30,TCX,,current,13.88,351331,1022
2026-06-30,TDIC,,current,5.9,1864895,235
2026-06-30,TG,,current,7.89,1431533,1022
2026-06-30,TGEN,,current,5.23,1969813,1022
2026-06-30,THM,,current,2.02,2318507,1022
2026-06-30,TII,,current,2.11,521057,1022
2026-06-30,TIPT,,current,17.7608,4000779,1022
2026-06-30,TITN,,current,20.94,3136748,1022
2026-06-30,TKNO,,current,5.67,517150,1022
2026-06-30,TLS,,current,4.51,2667257,1022
2026-06-30,TLSI,,current,4.74,776099,1022
2026-06-30,TLYS,,current,3.89,1020761,1022
2026-06-30,TMCI,,current,4.27,1638093,1022
2026-06-30,TMS,,current,8.73,335636,299
2026-06-30,TONX,,current,2.62,1020898,1022
2026-06-30,TOYO,,current,7.17,4713073,1022
2026-06-30,TPVG,,current,4.83,1449456,1022
2026-06-30,TRAK,,current,9.19,809755,1022
2026-06-30,TRC,,current,18.91,1709688,1022
2026-06-30,TRDA,,current,7.71,2091318,1022
2026-06-30,TROO,,current,2.59,966392,1022
2026-06-30,TSBK,,current,44.3339,1100895,1022
2026-06-30,TSQ,,current,6.7394,415146,1022
2026-06-30,TTAM,,current,18.58,3425480,348
2026-06-30,TTGT,,current,3.92,2069900,1022
2026-06-30,TUSK,,current,2.91,765581,1022
2026-06-30,TWFG,,current,24.11,4520699,488
2026-06-30,TWI,,current,7.85,4227222,1022
2026-06-30,TWIN,,current,23.4932,1196833,1022
2026-06-30,TZOO,,current,11.59,902895,1022
2026-06-30,UIS,,current,3.79,2354570,1022
2026-06-30,ULH,,current,14.8262,1128787,1022
2026-06-30,UNTY,,current,58.5303,2557613,1022
2026-06-30,UP,,current,8.19,1026212,1022
2026-06-30,UPB,,current,6.93,4774414,428
2026-06-30,USAU,,current,14.99,3449841,1022
2026-06-30,USCB,,current,20.1374,846131,1022
2026-06-30,USGO,,current,8.45,608577,800
2026-06-30,USNA,,current,21.01,1978979,1022
2026-06-30,UTMD,,current,73.07,633618,1022
2026-06-30,VATE,,current,18.32,817148,1022
2026-06-30,VBNK,,current,20.4433,1059932,1022
2026-06-30,VEEE,,current,4.98,319054,1022
2026-06-30,VEL,,current,18.01,1379445,1022
2026-06-30,VFS,,current,3.03,2061788,1022
2026-06-30,VINP,,current,9.4998,669660,1022
2026-06-30,VLGEA,,current,41.9626,2099646,1022
2026-06-30,VMAR,,current,19.6,278898,1022
2026-06-30,VMD,,current,11.39,2254952,1022
2026-06-30,VNCE,,current,7.79,903724,1022
2026-06-30,VOXR,,current,4.755,2153306,1022
2026-06-30,VRA,,current,3.98,647389,1022
2026-06-30,VREX,,current,9.98,3337126,1022
2026-06-30,VTEX,,current,4.21,4633397,1022
2026-06-30,VTVT,,current,36.27,1577545,1022
2026-06-30,VUZI,,current,2.73,4308086,1022
2026-06-30,VYGR,,current,3.58,1872575,1022
2026-06-30,WBTN,,current,12.04,3204895,502
2026-06-30,WEST,,current,8.19,3543093,1022
2026-06-30,WEYS,,current,38.9007,531699,1022
2026-06-30,WHF,,current,6.7,507809,1022
2026-06-30,WHWK,,current,4.41,936412,1022
2026-06-30,WKHS,,current,3.04,424824,1022
2026-06-30,WNEB,,current,14.2185,592322,1022
2026-06-30,WNW,,current,3.88,529333,1022
2026-06-30,WOK,,current,2.12,1218297,462
2026-06-30,WOOF,,current,2.75,4751593,1022
2026-06-30,WSBF,,current,20.4252,1066635,1022
2026-06-30,WTBA,,current,26.3979,1013663,1022
2026-06-30,WW,,current,16.4,3705848,252
2026-06-30,WYY,,current,16.79,962254,1022
2026-06-30,XFOR,,current,4.23,1607937,1022
2026-06-30,XGN,,current,4.75,793517,1022
2026-06-30,XPER,,current,8.25,2475183,946
2026-06-30,XPOF,,current,7.15,3079010,1022
2026-06-30,XRPN,,current,10.42,448632,255
2026-06-30,YORW,,current,30.602,3666060,1022
2026-06-30,ZIP,,current,3.87,2107422,1022
2026-06-30,ZNTL,,current,4.61,3503668,1022
2026-06-30,ZSQR,,current,11.67,2300409,1022
2026-06-30,ZUMZ,,current,17.73,2885846,1022
2026-06-30,ZURA,,current,5.63,2870272,821
2026-07-31,AARD,,current,6.4,855385,366
2026-07-31,ABOS,,current,2.17,791783,1044
2026-07-31,ACB,,current,2.83,2840123,1044
2026-07-31,ACCO,,current,4.155,2899097,1044
2026-07-31,ACEL,,current,11.96,3406630,1044
2026-07-31,ACET,,current,9.06,764015,1044
2026-07-31,ACIC,,current,10.62,2917202,1044
2026-07-31,ACIU,,current,2.37,614057,1044
2026-07-31,ACNB,,current,63.4175,3342735,1044
2026-07-31,ACNT,,current,15.52,774879,1044
2026-07-31,ACOG,,current,8.73,270654,428
2026-07-31,ACTG,,current,4.41,1029324,1044
2026-07-31,ACU,,current,56.23,618867,1044
2026-07-31,ADV,,current,40.59,4502229,1044
2026-07-31,AEBI,,current,12.9439,3183652,271
2026-07-31,AEHL,,current,8.16,320624,1044
2026-07-31,AEXA,,current,11.3,1119807,211
2026-07-31,AEYE,,current,5.83,606964,1044
2026-07-31,AFCG,,current,2.68,357478,1044
2026-07-31,AFYA,,current,14.29,1206987,1044
2026-07-31,AGPU,,current,8.5,1992783,1044
2026-07-31,AII,,current,20.26,1717225,308
2026-07-31,AIOS,,current,11.99,476323,1044
2026-07-31,AIOT,,current,3.91,4861092,1044
2026-07-31,AIRG,,current,5.74,529569,1044
2026-07-31,AIRO,,current,6.55,3064484,283
2026-07-31,AIRS,,current,4.85,2787077,1044
2026-07-31,AKAN,,current,6.39,887158,1044
2026-07-31,ALCO,,current,38.18,696638,1044
2026-07-31,ALGS,,current,4.32,573787,1044
2026-07-31,ALLT,,current,7.51,2786754,1044
2026-07-31,ALTG,,current,6.07,1500604,1044
2026-07-31,ALTI,,current,3.6,488152,1044
2026-07-31,ALVO,,current,3.57,2246229,1033
2026-07-31,AMPY,,current,3.75,2861058,1044
2026-07-31,AMWL,,current,10.84,740265,1044
2026-07-31,ANGX,,current,4.09,4132351,222
2026-07-31,ANIK,,current,18.07,899805,1044
2026-07-31,ANIX,,current,3.56,436027,1044
2026-07-31,ANNA,,current,2.8,963626,1044
2026-07-31,ANTX,,current,5.33,859796,1044
2026-07-31,ANY,,current,2.35,607425,1044
2026-07-31,AOUT,,current,12.65,574201,1044
2026-07-31,AP,,current,8.32,1399259,1044
2026-07-31,APYX,,current,4.12,427973,1044
2026-07-31,ARCT,,current,5.92,2983951,1044
2026-07-31,ARDT,,current,10.73,4744875,510
2026-07-31,ARMP,,current,4.78,587281,1044
2026-07-31,AROW,,current,39.6322,3089918,1044
2026-07-31,ARQ,,current,2.06,649537,1044
2026-07-31,ARTNA,,current,34.1122,1125038,1044
2026-07-31,ARTV,,current,10.43,4298392,509
2026-07-31,ASBP,,current,6.72,601860,1044
2026-07-31,ASIC,,current,23.85,1403804,285
2026-07-31,ASIX,,current,20.4028,4595105,1044
2026-07-31,ASLE,,current,6.15,2428139,1044
2026-07-31,ASTC,,current,6.27,761043,1044
2026-07-31,ASTI,,current,3.06,3669044,986
2026-07-31,ASTL,,current,3.835,4093290,1044
2026-07-31,ASUR,,current,8.37,748774,1044
2026-07-31,ATII,,current,10.65,2360204,332
2026-07-31,ATLO,,current,30.1584,1614471,1044
2026-07-31,ATLX,,current,2.72,2120826,1044
2026-07-31,ATNI,,current,23.5,1716089,1044
2026-07-31,ATRA,,current,8.17,839262,1044
2026-07-31,ATS,,current,26.79,4363625,1044
2026-07-31,AUDC,,current,9.0614,933191,1044
2026-07-31,AUNA,,current,5.19,1072500,590
2026-07-31,AURA,,current,7.11,3362226,1044
2026-07-31,AVBC,,current,22.35,1181464,250
2026-07-31,AVBH,,current,32.86,3163264,1044
2026-07-31,AVD,,current,2.46,710117,1044
2026-07-31,AVIR,,current,4.74,1471878,1044
2026-07-31,AVNW,,current,20.95,2841124,1044
2026-07-31,AVXL,,current,2.7,2546180,1044
2026-07-31,AXG,,current,3.04,270194,726
2026-07-31,AXIN,,current,10.29,305086,250
2026-07-31,AZ,,current,5.62,1606639,1044
2026-07-31,BACC,,current,10.49,538406,249
2026-07-31,BALY,,current,14.31,671556,411
2026-07-31,BARK,,current,8.83,428565,1044
2026-07-31,BATRA,,current,54.36,2680012,1044
2026-07-31,BBCP,,current,9.84,1805776,1044
2026-07-31,BBGI,,current,20.09,507799,1044
2026-07-31,BBOT,,current,8.5,2974791,619
2026-07-31,BCAL,,current,21.16,3616108,1044
2026-07-31,BCBP,,current,10.21,1380319,1044
2026-07-31,BCIC,,current,7.1549,407222,1044
2026-07-31,BCML,,current,30.21,1662460,1044
2026-07-31,BCSF,,current,12.49,3960278,1044
2026-07-31,BCTX,,current,3.63,495160,1044
2026-07-31,BDSX,,current,21.335,1050747,1044
2026-07-31,BESS,,current,2.63,574063,1044
2026-07-31,BGDE,,current,5.64,743575,1044
2026-07-31,BHB,,current,39.0805,3486010,1044
2026-07-31,BIRD,,current,2.0113,1340965,1044
2026-07-31,BIYA,,current,3.61,1418307,341
2026-07-31,BKTI,,current,79.87,3345263,1044
2026-07-31,BMRC,,current,28.4538,2946169,1044
2026-07-31,BNAI,,current,11.95,4316552,1044
2026-07-31,BNC,,current,2.67,713757,1044
2026-07-31,BNED,,current,12.42,3355771,1044
2026-07-31,BNT,,current,42.75,972744,1044
2026-07-31,BNTC,,current,11.86,959723,1044
2026-07-31,BOC,,current,14.05,2441161,1044
2026-07-31,BODI,,current,9.99,345598,1044
2026-07-31,BOOM,,current,6.26,1383433,1044
2026-07-31,BOTJ,,current,27.5083,453495,1044
2026-07-31,BPRN,,current,40.8289,400724,1044
2026-07-31,BRBS,,current,3.5,747892,1044
2026-07-31,BRCB,,current,7.97,3522785,221
2026-07-31,BRCC,,current,10.2,1028989,1044
2026-07-31,BRNX,,current,3.072,356663,1044
2026-07-31,BSET,,current,19.1727,596692,1044
2026-07-31,BSRR,,current,40.3907,2338585,1044
2026-07-31,BSVN,,current,50.0,766389,1044
2026-07-31,BUUU,,current,21.65,547234,241
2026-07-31,BVFL,,current,20.74,297559,1044
2026-07-31,BWB,,current,20.5,2899445,1044
2026-07-31,BWEN,,current,3.9,1798237,1044
2026-07-31,BWFG,,current,67.5076,3735933,1044
2026-07-31,BWMN,,current,25.85,3676412,1044
2026-07-31,BWMX,,current,17.2208,1049302,1044
2026-07-31,BXBL,,current,4.67,783215,368
2026-07-31,BYRN,,current,4.56,2296680,1044
2026-07-31,CAC,,current,57.85,4918809,1044
2026-07-31,CAMP,,current,3.47,456704,450
2026-07-31,CARL,,current,12.66,1505024,257
2026-07-31,CASS,,current,55.4415,3632232,1044
2026-07-31,CATX,,current,2.99,4438162,1044
2026-07-31,CBAN,,current,21.6323,4660148,1044
2026-07-31,CBIO,,current,15.02,4496250,1044
2026-07-31,CBK,,current,34.13,2158801,207
2026-07-31,CBNA,,current,45.65,331767,455
2026-07-31,CBNK,,current,36.8928,2010705,1044
2026-07-31,CCAP,,current,10.8191,2253027,1044
2026-07-31,CCBG,,current,51.58,3879258,1044
2026-07-31,CCLD,,current,2.41,613605,1044
2026-07-31,CD,,current,2.83,953563,1044
2026-07-31,CDZI,,current,3.14,3346685,1044
2026-07-31,CENT,,current,43.28,2960874,1044
2026-07-31,CEPO,,current,10.67,414615,391
2026-07-31,CETX,1435064,roster,2.5,277819,1044
2026-07-31,CFBK,,current,35.82,1733914,1044
2026-07-31,CFFI,,current,83.66,394997,1044
2026-07-31,CGEN,,current,2.34,710942,1044
2026-07-31,CHCI,,current,14.7,318540,1044
2026-07-31,CHMG,,current,81.11,3579630,1044
2026-07-31,CHPT,,current,5.49,3265567,1044
2026-07-31,CIA,,current,4.86,483623,1044
2026-07-31,CING,,current,4.76,1628628,1044
2026-07-31,CINT,,current,3.22,459498,1044
2026-07-31,CION,,current,5.833,3109822,1044
2026-07-31,CIVB,,current,28.7218,2840208,1044
2026-07-31,CLAR,,current,3.188,593383,1044
2026-07-31,CLMB,,current,26.74,3344438,1044
2026-07-31,CLNN,,current,5.04,527825,1044
2026-07-31,CLW,,current,21.15,2743044,1044
2026-07-31,CMCL,,current,18.7639,4342156,1044
2026-07-31,CMDB,,current,19.41,938086,313
2026-07-31,CMRC,,current,3.16,1837372,1044
2026-07-31,CMT,,current,23.33,589274,1044
2026-07-31,CMTV,,current,39.6,817192,1044
2026-07-31,CNL,,current,13.15,811565,1044
2026-07-31,CNSY,,current,3.65,670093,1044
2026-07-31,CNTB,,current,2.09,604327,1044
2026-07-31,CNVS,,current,2.39,284812,1044
2026-07-31,CODA,,current,10.19,1075370,1044
2026-07-31,COFS,,current,33.83,2656049,1044
2026-07-31,COOK,,current,61.43,2768162,1044
2026-07-31,COSO,,current,27.0312,2071833,308
2026-07-31,COYA,,current,4.08,786335,898
2026-07-31,CPIX,,current,5.2188,390028,1044
2026-07-31,CPS,,current,28.97,4036497,1044
2026-07-31,CPSH,,current,4.01,2911852,1044
2026-07-31,CRBP,,current,9.05,2853197,1044
2026-07-31,CRCT,,current,4.65,1907917,1044
2026-07-31,CRMT,,current,3.21,1251051,1044
2026-07-31,CRNT,,current,2.17,1468085,1044
2026-07-31,CRON,,current,2.89,2668437,1044
2026-07-31,CRVO,,current,2.52,597389,1044
2026-07-31,CSV,,current,40.0077,4261647,1044
2026-07-31,CTEV,,current,23.58,2925788,1044
2026-07-31,CTKB,,current,4.31,4037639,1044
2026-07-31,CTNM,,current,15.75,2640418,581
2026-07-31,CUE,,current,30.4,3684758,1044
2026-07-31,CURI,,current,2.3491,1041299,1044
2026-07-31,CURR,,current,3.25,439692,478
2026-07-31,CURV,,current,2.61,509800,1044
2026-07-31,CV,,current,6.7,702701,271
2026-07-31,CVEO,,current,32.01,3097115,1044
2026-07-31,CVGI,,current,4.34,1919556,1044
2026-07-31,CVRX,,current,5.38,1435761,1044
2026-07-31,CVU,,current,4.85,373564,1044
2026-07-31,CVV,,current,6.51,660811,1044
2026-07-31,CWCO,,current,29.61,2775051,1044
2026-07-31,CXAI,,current,6.25,1087190,1044
2026-07-31,CXDO,,current,6.81,4128617,1044
2026-07-31,CYCU,,current,12.88,393281,364
2026-07-31,CYH,,current,2.77,4055165,1044
2026-07-31,CZFS,,current,76.38,564126,1044
2026-07-31,CZNC,,current,25.1496,1227543,1044
2026-07-31,CZWI,,current,21.7242,1118199,1044
2026-07-31,DBGI,,current,14.19,918656,1044
2026-07-31,DBI,,current,6.19,3367832,1044
2026-07-31,DCBO,,current,20.81,1600012,1044
2026-07-31,DERM,,current,6.45,1198752,1044
2026-07-31,DFDV,,current,2.66,2853303,757
2026-07-31,DGICA,,current,19.567,2032628,1044
2026-07-31,DHX,,current,4.08,638929,1044
2026-07-31,DIBS,,current,4.17,562763,1044
2026-07-31,DLTH,,current,4.06,333034,1044
2026-07-31,DMAC,,current,6.51,1157032,1044
2026-07-31,DMRC,,current,6.52,1694804,1044
2026-07-31,DOMO,,current,3.7,3147116,1044
2026-07-31,DSGR,,current,34.56,1783769,1044
2026-07-31,DSP,,current,11.42,2682460,1044
2026-07-31,DSX,,current,2.2913,1396621,1044
2026-07-31,DTI,,current,2.32,616924,1044
2026-07-31,DTIL,,current,7.0,2159380,1044
2026-07-31,DWSN,,current,4.61,438341,1044
2026-07-31,DYNC,,current,10.85,641770,410
2026-07-31,EAF,,current,6.49,1944176,1044
2026-07-31,EBF,,current,21.66,2577723,1044
2026-07-31,EBMT,,current,23.4929,1173153,1044
2026-07-31,ECOR,,current,6.29,527742,1044
2026-07-31,EDRY,,current,25.51,674522,1044
2026-07-31,EDSA,,current,5.25,1030274,1044
2026-07-31,EFSI,,current,40.7064,1647536,1044
2026-07-31,EGAN,,current,6.68,1780488,1044
2026-07-31,ELA,,current,21.68,2884985,1044
2026-07-31,ELAB,,current,9.49,1092764,673
2026-07-31,ELDN,,current,3.41,4237554,1044
2026-07-31,ELE,,current,16.11,4656488,1044
2026-07-31,ELMD,,current,40.27,2587360,1044
2026-07-31,ELPW,,current,8.865,946748,815
2026-07-31,ELTX,,current,2.91,1725282,1044
2026-07-31,ELVA,,current,8.56,3933104,1044
2026-07-31,EML,,current,23.9768,459524,1044
2026-07-31,EMPD,,current,3.08,1014704,1044
2026-07-31,ENGS,,current,2.62,898463,334
2026-07-31,ENTA,,current,13.0,2450958,1044
2026-07-31,EOLS,,current,6.01,4418261,1044
2026-07-31,EPM,,current,3.65,1310259,1044
2026-07-31,EPRX,,current,6.55,1706149,581
2026-07-31,EPSN,,current,5.5,855054,1044
2026-07-31,EQ,,current,2.32,1118945,1044
2026-07-31,ESCA,,current,20.88,551458,1044
2026-07-31,ESEA,,current,79.39,3587629,1044
2026-07-31,ESOA,,current,14.2,1840056,1044
2026-07-31,ESP,,current,58.4,2230452,1044
2026-07-31,EVCM,,current,12.14,1413377,1044
2026-07-31,EVEX,,current,2.33,2829902,1044
2026-07-31,EVI,,current,14.64,740707,1044
2026-07-31,EXOD,,current,5.34,363398,1044
2026-07-31,FABC,,current,2.56,2456817,1044
2026-07-31,FAC,,current,5.31,1775011,277
2026-07-31,FATN,,current,5.12,751296,329
2026-07-31,FBIO,,current,3.29,1287986,1044
2026-07-31,FBIZ,,current,66.9396,2533055,1044
2026-07-31,FBLA,,current,15.44,1028924,442
2026-07-31,FBYD,,current,9.91,1162893,705
2026-07-31,FC,,current,21.52,1838160,1044
2026-07-31,FCAP,,current,63.05,378246,1044
2026-07-31,FCBC,,current,47.3062,3231992,1044
2026-07-31,FCCO,,current,33.9422,2246188,1044
2026-07-31,FDBC,,current,52.0512,429303,1044
2026-07-31,FENC,,current,9.91,1853089,1044
2026-07-31,FERA,,current,10.44,296813,321
2026-07-31,FF,,current,4.9606,1201270,1044
2026-07-31,FFAI,,current,5.35,4295989,1044
2026-07-31,FGNX,,current,7.62,761755,1044
2026-07-31,FHTX,,current,4.74,810804,1044
2026-07-31,FINW,,current,13.71,295175,1044
2026-07-31,FIP,,current,3.9686,4125772,1011
2026-07-31,FIRY,,current,9.77,2248412,1044
2026-07-31,FLL,,current,2.19,388866,1044
2026-07-31,FLWS,,current,3.84,1477196,1044
2026-07-31,FLXS,,current,73.97,2915014,1044
2026-07-31,FMAO,,current,33.34,2377144,1044
2026-07-31,FNKO,,current,6.05,3280973,1044
2026-07-31,FNLC,,current,34.94,773100,1044
2026-07-31,FNRN,,current,18.24,2308352,1044
2026-07-31,FNWB,,current,11.81,264572,1044
2026-07-31,FNWD,,current,44.36,353453,1044
2026-07-31,FOA,,current,23.18,1039010,1044
2026-07-31,FOR,,current,28.77,3936924,1044
2026-07-31,FORR,,current,9.74,777224,1044
2026-07-31,FOSL,,current,4.87,2774782,1044
2026-07-31,FPH,,current,5.29,787237,1044
2026-07-31,FRAF,,current,62.7696,1669604,1044
2026-07-31,FRBA,,current,18.3318,1319654,1044
2026-07-31,FRD,,current,33.58,1752183,1044
2026-07-31,FRMM,,current,5.37,1408452,1044
2026-07-31,FRPH,,current,22.61,1415877,1044
2026-07-31,FRST,,current,15.8024,2858095,1044
2026-07-31,FSBW,,current,42.5628,559338,1044
2026-07-31,FSTR,,current,41.19,3476811,1044
2026-07-31,FTCI,,current,2.63,548748,1044
2026-07-31,FTW,,current,11.0099,803766,460
2026-07-31,FUNC,,current,43.84,835850,1044
2026-07-31,FVCB,,current,18.4,2521788,1044
2026-07-31,FWDI,,current,4.12,4690359,1044
2026-07-31,FXHO,,current,12.04,413360,1044
2026-07-31,FXNC,,current,31.4669,1544430,1044
2026-07-31,GAIN,,current,16.1406,3223213,1044
2026-07-31,GALT,,current,3.23,1017366,1044
2026-07-31,GAME,,current,2.888,465339,1044
2026-07-31,GASS,,current,8.84,1157291,1044
2026-07-31,GBFH,,current,21.02,1793380,517
2026-07-31,GCBC,,current,33.3348,856613,1044
2026-07-31,GDRX,,current,3.17,3383482,1044
2026-07-31,GECC,,current,5.19,441665,1044
2026-07-31,GENC,,current,14.41,390964,1044
2026-07-31,GEOS,,current,7.2,1032177,1044
2026-07-31,GFR,,current,6.33,904765,1044
2026-07-31,GFUZ,,current,9.38,2085159,209
2026-07-31,GIC,,current,34.957,3231462,1044
2026-07-31,GLAD,,current,18.7147,2928257,1044
2026-07-31,GLAS,,current,9.9,2965455,1044
2026-07-31,GLBS,,current,2.96,257457,1044
2026-07-31,GLIBA,,current,23.42,1804226,265
2026-07-31,GLRE,,current,16.65,2643800,1044
2026-07-31,GLSI,,current,14.02,2681495,1044
2026-07-31,GMM,,current,2.86,1366538,704
2026-07-31,GNE,,current,14.0478,961654,1044
2026-07-31,GNLX,,current,3.05,471830,880
2026-07-31,GORO,,current,2.23,387291,1044
2026-07-31,GPRK,,current,9.5665,4693695,1044
2026-07-31,GRCE,,current,2.07,584576,1044
2026-07-31,GRDX,,current,3.05,296969,1044
2026-07-31,GRML,,current,9.8,1078806,1044
2026-07-31,GRNT,,current,4.5583,4443611,1044
2026-07-31,GRO,,current,2.05,708337,417
2026-07-31,GTE,,current,6.69,2250018,1044
2026-07-31,GWRS,,current,7.2289,717903,1044
2026-07-31,GYRE,,current,5.81,475274,1044
2026-07-31,HAO,,current,3.0,458430,629
2026-07-31,HBB,,current,23.0678,500390,1044
2026-07-31,HBT,,current,35.6106,4248437,1044
2026-07-31,HCKT,,current,10.67,3776841,1044
2026-07-31,HCWB,,current,3.15,406017,1044
2026-07-31,HDSN,,current,5.8,2582423,1044
2026-07-31,HGTY,,current,11.52,1671229,1044
2026-07-31,HIPO,,current,31.88,3217755,1044
2026-07-31,HITI,,current,2.14,774909,1044
2026-07-31,HKIT,,current,3.19,635763,835
2026-07-31,HLLY,,current,2.71,2110368,1044
2026-07-31,HNVR,,current,26.4472,1269812,1044
2026-07-31,HOFT,,current,14.01,657305,1044
2026-07-31,HPK,,current,6.63,4701430,1044
2026-07-31,HRZN,,current,4.321,2948436,1044
2026-07-31,HSHP,,current,15.3266,3879810,835
2026-07-31,HTCO,,current,3.38,1197074,1044
2026-07-31,HURA,,current,2.17,1034421,1044
2026-07-31,HURC,,current,21.2,602851,1044
2026-07-31,HVT,,current,24.7305,2041476,1044
2026-07-31,HWBK,,current,38.65,332734,1044
2026-07-31,HY,,current,33.1389,2892166,1044
2026-07-31,HYPD,,current,2.66,1458115,1044
2026-07-31,IBEX,,current,35.465,3099005,1044
2026-07-31,ICCC,,current,11.06,267619,1044
2026-07-31,ICCM,,current,2.89,324804,1044
2026-07-31,IDN,,current,3.68,1379064,1044
2026-07-31,IGIC,,current,27.4912,1918636,1044
2026-07-31,IHRT,,current,3.5,3658764,1044
2026-07-31,III,,current,4.0839,823546,1044
2026-07-31,IKT,,current,2.28,1183414,1044
2026-07-31,IMDX,,current,4.6,1309139,1044
2026-07-31,IMMR,,current,7.41,3316458,1044
2026-07-31,IMPP,,current,4.68,1760771,1044
2026-07-31,IMRX,,current,4.23,4763226,1044
2026-07-31,IMTX,,current,9.2,4281904,1044
2026-07-31,IMUX,,current,13.99,2706429,1044
2026-07-31,INBK,,current,26.29,946055,1044
2026-07-31,INDO,,current,2.87,1234202,1044
2026-07-31,INFU,,current,9.19,1417992,1044
2026-07-31,INGN,,current,6.42,1738650,1044
2026-07-31,INLF,,current,5.18,790093,394
2026-07-31,INNV,,current,11.6,2938508,1044
2026-07-31,INSE,,current,6.83,845347,1044
2026-07-31,INSG,,current,6.81,2702153,1044
2026-07-31,INTG,,current,27.46,2179321,1044
2026-07-31,INTT,,current,12.35,3839565,1044
2026-07-31,INVE,,current,2.7,430320,1044
2026-07-31,IPSC,,current,2.19,1929668,1044
2026-07-31,IPWR,,current,3.71,1944725,1044
2026-07-31,IRD,,current,3.84,3506698,1044
2026-07-31,ISBA,,current,39.8,1521784,1044
2026-07-31,ISOU,,current,9.76,961558,1044
2026-07-31,ISTR,,current,29.83,4645347,1044
2026-07-31,IXHL,,current,2.93,817862,1044
2026-07-31,JAKK,,current,26.1323,1151028,1044
2026-07-31,JEM,,current,5.76,537732,287
2026-07-31,JFB,,current,3.963,1593559,343
2026-07-31,JILL,,current,17.71,925313,1044
2026-07-31,JLHL,,current,7.0,1302997,275
2026-07-31,JMSB,,current,22.9731,735185,1044
2026-07-31,JOUT,,current,47.06,2732637,1044
2026-07-31,JRSH,,current,4.5566,378070,1044
2026-07-31,JRVR,,current,4.47,1473524,1044
2026-07-31,JUNS,,current,7.35,351910,414
2026-07-31,JYNT,,current,8.37,664874,1044
2026-07-31,KBDC,,current,13.47,3683681,548
2026-07-31,KE,,current,24.58,4236343,1044
2026-07-31,KELYA,,current,14.9517,4818698,1044
2026-07-31,KEN,,current,66.67,1849474,1044
2026-07-31,KGEI,,current,5.07,919095,1044
2026-07-31,KIDS,,current,20.11,2720340,1044
2026-07-31,KIDZ,,current,9.09,744636,330
2026-07-31,KINS,,current,20.1667,2064014,1044
2026-07-31,KLC,,current,5.38,3002494,452
2026-07-31,KLRS,,current,3.48,330230,1044
2026-07-31,KMDA,,current,6.956,265836,1044
2026-07-31,KNOP,,current,10.37,708333,1044
2026-07-31,KRMD,,current,4.11,451550,1044
2026-07-31,KRNT,,current,15.0,3011022,1044
2026-07-31,KRNY,,current,9.5188,3786080,1044
2026-07-31,KRO,,current,6.1944,1842208,1044
2026-07-31,KROS,,current,10.22,2660703,1044
2026-07-31,KRRO,,current,10.45,1681259,1044
2026-07-31,KVHI,,current,9.27,2176794,1044
2026-07-31,KWY,,current,8.94,582916,1044
2026-07-31,LAKE,,current,11.04,891180,1044
2026-07-31,LARK,,current,31.6625,256320,1044
2026-07-31,LAW,,current,3.96,938664,1044
2026-07-31,LCNB,,current,19.8317,370607,1044
2026-07-31,LCUT,,current,8.357,1232994,1044
2026-07-31,LE,,current,12.01,2849623,1044
2026-07-31,LEE,,current,7.64,550718,1044
2026-07-31,LEGH,,current,26.25,2026528,1044
2026-07-31,LFCR,,current,4.36,801810,1044
2026-07-31,LFMD,,current,3.64,4010318,1044
2026-07-31,LFVN,,current,6.2403,1164081,1044
2026-07-31,LGCY,,current,12.11,523569,461
2026-07-31,LIEN,,current,9.34,568115,1044
2026-07-31,LILA,,current,8.1,4130501,1044
2026-07-31,LIMN,,current,5.1,347535,312
2026-07-31,LMNR,,current,13.27,975670,1044
2026-07-31,LNSR,,current,5.17,263410,1044
2026-07-31,LNZA,,current,5.36,710749,1044
2026-07-31,LOCO,,current,16.48,3692354,1044
2026-07-31,LODE,,current,2.79,4744332,1044
2026-07-31,LOVE,,current,16.14,3011185,1044
2026-07-31,LSAK,,current,4.65,437165,1044
2026-07-31,LTRN,,current,2.65,579172,1044
2026-07-31,LUCK,,current,7.03,743339,1044
2026-07-31,LWAY,,current,30.97,3352150,1044
2026-07-31,LXEO,,current,4.35,3623219,685
2026-07-31,LXFR,,current,17.02,2272416,1044
2026-07-31,LYEL,,current,13.72,1885105,1044
2026-07-31,LZM,,current,3.3,2404819,1044
2026-07-31,MAAS,,current,18.16,781347,1044
2026-07-31,MAGN,,current,13.33,4032560,1044
2026-07-31,MAKO,,current,7.44,1034722,1044
2026-07-31,MASS,,current,7.64,1882312,1044
2026-07-31,MATV,,current,8.4897,3355173,1044
2026-07-31,MBI,,current,5.37,1835125,1044
2026-07-31,MCBS,,current,34.98,2557956,1044
2026-07-31,MCFT,,current,24.66,3245866,1044
2026-07-31,MCRB,,current,4.78,364943,1044
2026-07-31,MDWD,,current,14.1,1065245,1044
2026-07-31,MDXG,,current,4.27,4504026,1044
2026-07-31,MED,,current,9.91,1896107,1044
2026-07-31,METCB,,current,6.6,361426,782
2026-07-31,MF,,current,8.96,1636141,586
2026-07-31,MFIN,,current,9.9768,452061,1044
2026-07-31,MG,,current,15.17,2965294,1044
2026-07-31,MGNX,,current,3.78,3245638,1044
2026-07-31,MGPI,,current,17.6227,3056739,1044
2026-07-31,MGRT,,current,95.71,957144,262
2026-07-31,MIND,,current,4.95,540735,1044
2026-07-31,MLR,,current,49.93,3420050,1044
2026-07-31,MNSB,,current,22.8121,796009,1044
2026-07-31,MOB,,current,4.7,567447,985
2026-07-31,MOVE,,current,10.965,759475,1044
2026-07-31,MPAA,,current,13.76,1141542,1044
2026-07-31,MRBK,,current,19.8976,1786809,1044
2026-07-31,MRDN,,current,11.155,782916,1044
2026-07-31,MSIF,,current,11.0128,3224975,377
2026-07-31,MSLE,,current,9.66,259377,1044
2026-07-31,MTA,,current,7.62,3223525,1044
2026-07-31,MTRX,,current,11.38,2938165,1044
2026-07-31,MTW,,current,13.83,2910478,1044
2026-07-31,MVBF,,current,30.2989,1081571,1044
2026-07-31,MYFW,,current,31.78,1456417,1044
2026-07-31,MYSE,,current,2.39,299744,1044
2026-07-31,NAGE,,current,3.32,2666146,1044
2026-07-31,NAKA,,current,4.95,990681,542
2026-07-31,NATH,,current,98.5,2115899,1044
2026-07-31,NATR,,current,20.29,2346384,1044
2026-07-31,NC,,current,46.8918,563866,1044
2026-07-31,NCDL,,current,12.19,2247186,630
2026-07-31,NCI,,current,12.06,1688156,569
2026-07-31,NCMI,,current,4.0,1091185,1044
2026-07-31,NCSM,,current,43.59,907463,1035
2026-07-31,NCT,,current,3.4,521980,336
2026-07-31,NDLS,,current,17.58,467898,1044
2026-07-31,NECB,,current,26.55,940451,1044
2026-07-31,NEGG,,current,12.87,1129535,1044
2026-07-31,NEOV,,current,2.13,2407483,1044
2026-07-31,NERV,,current,4.02,686615,1044
2026-07-31,NEWP,,current,4.76,3621149,1044
2026-07-31,NEWT,,current,14.63,2554316,1044
2026-07-31,NEXN,,current,10.48,2994271,1044
2026-07-31,NGS,,current,35.7468,4298701,1044
2026-07-31,NGVC,,current,32.0084,3665610,1044
2026-07-31,NHIC,,current,10.795,273528,322
2026-07-31,NKLR,,current,5.23,1548246,205
2026-07-31,NKSH,,current,39.72,939768,1044
2026-07-31,NKTX,,current,2.15,1642966,1044
2026-07-31,NMAD,,current,4.17,1634133,1044
2026-07-31,NMFC,,current,6.91,3958725,1044
2026-07-31,NNBR,,current,3.34,3124849,1044
2026-07-31,NNNN,,current,10.75,518307,363
2026-07-31,NOA,,current,13.3835,1042917,1044
2026-07-31,NODK,,current,15.34,250035,1044
2026-07-31,NPB,,current,17.28,2511066,364
2026-07-31,NPCE,,current,13.75,2613451,1044
2026-07-31,NRC,,current,18.91,1872429,1044
2026-07-31,NRDY,,current,12.675,351452,1044
2026-07-31,NRIM,,current,26.33,3405479,1044
2026-07-31,NRXP,,current,3.12,3379485,1044
2026-07-31,NRXS,,current,6.28,707622,746
2026-07-31,NSLR,,current,10.19,3382167,1044
2026-07-31,NSYS,,current,13.5,272116,1044
2026-07-31,NTHI,,current,3.49,292256,338
2026-07-31,NUS,,current,5.1645,3639607,1044
2026-07-31,NVA,,current,4.59,1808247,506
2026-07-31,NVCT,,current,22.76,2123802,1044
2026-07-31,NWFL,,current,33.7,795925,1044
2026-07-31,NXTC,,current,5.03,310802,1044
2026-07-31,NYAX,,current,66.63,863333,967
2026-07-31,OBIO,,current,3.99,797394,1044
2026-07-31,OBT,,current,37.593,1766231,1044
2026-07-31,OCC,,current,14.18,4401364,1044
2026-07-31,OEC,,current,6.76,3571597,1044
2026-07-31,OESX,,current,9.93,375541,1044
2026-07-31,OFIX,,current,11.79,3770128,1044
2026-07-31,OFLX,,current,28.96,1213972,1044
2026-07-31,OKUR,,current,4.0,759838,1044
2026-07-31,OM,,current,4.75,758548,1044
2026-07-31,ONEW,,current,12.4,956037,1044
2026-07-31,ONIT,,current,37.41,2519734,1044
2026-07-31,OPAD,,current,4.15,332627,1044
2026-07-31,OPBK,,current,15.6199,463430,1044
2026-07-31,OPRT,,current,5.63,2159368,1044
2026-07-31,OPRX,,current,6.27,1839024,1044
2026-07-31,OPXS,,current,11.15,332966,1044
2026-07-31,ORMP,,current,4.12,691420,1044
2026-07-31,ORRF,,current,42.4963,4497407,1044
2026-07-31,OSG,,current,5.55,2333872,1044
2026-07-31,OSUR,,current,3.97,2344383,1044
2026-07-31,OVBC,,current,42.12,1273933,1044
2026-07-31,OVID,,current,2.37,3802210,1044
2026-07-31,OVLY,,current,33.0401,1132590,1044
2026-07-31,OWLT,,current,5.25,1077991,1044
2026-07-31,OZ,,current,45.06,288000,1044
2026-07-31,PACK,,current,5.17,3487464,1044
2026-07-31,PAL,,current,6.73,1770628,557
2026-07-31,PANL,,current,7.4471,3323773,1044
2026-07-31,PAVS,,current,4.87,298004,1044
2026-07-31,PAYS,,current,9.16,3947343,1044
2026-07-31,PBYI,,current,7.89,1884933,1044
2026-07-31,PCB,,current,27.4535,835189,1044
2026-07-31,PCYO,,current,10.71,574077,1044
2026-07-31,PDEX,,current,56.65,3714234,1044
2026-07-31,PDLB,,current,20.1,1323042,1044
2026-07-31,PEBK,,current,42.7942,1227327,1044
2026-07-31,PED,,current,10.36,318312,1044
2026-07-31,PERI,,current,9.58,3518042,1044
2026-07-31,PEW,,current,2.51,822534,639
2026-07-31,PFIS,,current,70.4717,3281744,1044
2026-07-31,PHOE,,current,23.29,419823,317
2026-07-31,PIII,,current,10.22,357921,1044
2026-07-31,PKBK,,current,33.77,1848375,1044
2026-07-31,PKOH,,current,39.325,2493570,1044
2026-07-31,PLBC,,current,60.8507,3288034,1044
2026-07-31,PLBL,,current,5.11,1027089,245
2026-07-31,PLCE,,current,2.44,746873,1044
2026-07-31,PLRZ,,current,11.62,415555,438
2026-07-31,PLTK,,current,3.97,4372740,1044
2026-07-31,PLX,,current,2.27,1287742,1044
2026-07-31,PMI,,current,4.4,883003,230
2026-07-31,PMN,,current,14.92,325075,1044
2026-07-31,PMTS,,current,20.58,723887,1044
2026-07-31,PNNT,,current,3.2603,2411594,1044
2026-07-31,PODC,,current,3.48,404746,725
2026-07-31,POWW,,current,2.13,1119891,1044
2026-07-31,PPIH,,current,24.26,2406947,1044
2026-07-31,PRE,,current,19.24,3416457,1044
2026-07-31,PRLD,,current,5.05,1442423,1044
2026-07-31,PROF,,current,7.25,402497,1044
2026-07-31,PRPO,,current,21.19,946611,1044
2026-07-31,PRTA,,current,8.41,4669559,1044
2026-07-31,PRTH,,current,6.61,1832022,1044
2026-07-31,PSBD,,current,9.6,1198633,635
2026-07-31,PSFE,,current,8.47,2159665,1044
2026-07-31,PTHS,,current,26.25,683089,614
2026-07-31,PUSA,,current,3.0,2041254,367
2026-07-31,PXED,,current,29.63,3067310,202
2026-07-31,PYPD,,current,4.37,894137,1044
2026-07-31,PYXS,,current,2.87,1453274,1044
2026-07-31,QCLS,,current,2.71,1003439,1044
2026-07-31,QNCX,,current,23.03,732040,1044
2026-07-31,QNTM,,current,2.84,654767,1044
2026-07-31,QTRX,,current,3.52,2574569,1044
2026-07-31,QUAD,,current,9.7806,1138202,1044
2026-07-31,QXL,,current,4.5,325381,1044
2026-07-31,RAIL,,current,7.97,1497831,1044
2026-07-31,RBB,,current,26.1,4539797,1044
2026-07-31,RBKB,,current,12.48,275091,1044
2026-07-31,RCEL,,current,4.49,978416,1044
2026-07-31,RCKY,,current,48.746,1945775,1044
2026-07-31,RCMT,,current,28.48,1463651,1044
2026-07-31,RDCM,,current,10.03,2088355,1044
2026-07-31,RDNW,,current,6.43,545440,1044
2026-07-31,RELL,,current,18.0775,3134475,1044
2026-07-31,RFIL,,current,11.97,4185935,1044
2026-07-31,RGC,,current,5.94,2440405,1044
2026-07-31,RGP,,current,4.203,1710349,1044
2026-07-31,RGR,,current,38.8418,4146572,1044
2026-07-31,RICK,,current,25.72,1036455,1044
2026-07-31,RJET,,current,21.77,2258370,1044
2026-07-31,RLGT,,current,8.29,1135451,1044
2026-07-31,RLYB,,current,16.07,671104,1044
2026-07-31,RM,,current,31.9752,2139051,1044
2026-07-31,RMBI,,current,15.3736,576138,1044
2026-07-31,RMNI,,current,4.91,1508027,1044
2026-07-31,RMR,,current,19.46,2944424,1044
2026-07-31,RNAC,,current,7.73,1279673,1044
2026-07-31,RNGR,,current,15.4719,3013780,1044
2026-07-31,ROLR,,current,5.75,870377,442
2026-07-31,RPAY,,current,3.96,1569843,1044
2026-07-31,RPC,,current,8.5105,3361020,1044
2026-07-31,RRGB,,current,7.81,1189673,1044
2026-07-31,RSVR,,current,10.77,507449,1044
2026-07-31,RTAC,,current,10.44,814366,287
2026-07-31,RTB,,current,16.57,662894,1044
2026-07-31,RVSB,,current,5.29,286771,1044
2026-07-31,RWAY,,current,5.2568,2966172,1044
2026-07-31,RXST,,current,6.08,4527875,1044
2026-07-31,SABS,,current,3.56,1718496,1044
2026-07-31,SAMG,,current,9.9,451428,1044
2026-07-31,SAR,,current,18.3579,2062452,1044
2026-07-31,SBC,,current,3.04,252384,964
2026-07-31,SBFG,,current,26.4443,448181,1044
2026-07-31,SBSI,,current,31.8906,3404834,1044
2026-07-31,SCLX,,current,6.6,639648,1044
2026-07-31,SCM,,current,7.3069,1571760,1044
2026-07-31,SCYX,,current,3.73,312190,1044
2026-07-31,SCZM,,current,6.78,3350080,1044
2026-07-31,SD,,current,13.4471,4267157,1044
2026-07-31,SDHC,,current,14.95,836798,639
2026-07-31,SEAT,,current,7.57,670107,1044
2026-07-31,SEG,,current,26.34,1314881,502
2026-07-31,SEGG,,current,3.038,1302716,783
2026-07-31,SENS,,current,5.07,3606439,1044
2026-07-31,SGC,,current,12.1196,497217,1044
2026-07-31,SGHT,,current,5.26,754509,1044
2026-07-31,SHBI,,current,24.2995,4263211,1044
2026-07-31,SHIM,,current,3.85,471010,678
2026-07-31,SHIP,,current,17.82,3066774,1044
2026-07-31,SHMD,,current,4.04,4621846,563
2026-07-31,SHPH,,current,3.09,360184,981
2026-07-31,SI,,current,23.19,1621586,251
2026-07-31,SIF,,current,25.64,1909312,1044
2026-07-31,SIGA,,current,3.25,2056953,1044
2026-07-31,SKIL,,current,7.31,630623,1044
2026-07-31,SKYH,,current,10.48,1391540,1044
2026-07-31,SLGL,,current,85.19,2208132,1044
2026-07-31,SLRC,,current,12.76,4271416,1044
2026-07-31,SLSR,,current,7.72,1346463,1044
2026-07-31,SMC,,current,30.5,1561462,1044
2026-07-31,SMHI,,current,9.54,693720,1044
2026-07-31,SMID,,current,28.46,358842,1044
2026-07-31,SMP,,current,38.3425,4345010,1044
2026-07-31,SMTI,,current,34.06,1175907,1044
2026-07-31,SMX,,current,16.39,1118941,1044
2026-07-31,SNAL,,current,4.72,619867,931
2026-07-31,SND,,current,4.17,1365919,1044
2026-07-31,SNWV,,current,6.29,1266093,445
2026-07-31,SOPH,,current,5.76,1010670,1044
2026-07-31,SPAI,,current,3.9,714469,481
2026-07-31,SPCB,,current,10.69,810937,1044
2026-07-31,SPKL,,current,11.6,584486,670
2026-07-31,SPOK,,current,10.4433,1560944,1044
2026-07-31,SPPL,,current,3.32,1558820,722
2026-07-31,SPRB,,current,43.37,2806919,1044
2026-07-31,SRBK,,current,19.44,694292,717
2026-07-31,SRG,,current,2.43,515461,1044
2026-07-31,SRI,,current,7.07,1174678,1044
2026-07-31,SRZN,,current,20.83,2575545,1044
2026-07-31,SSP,,current,2.83,2072020,1044
2026-07-31,SSTI,,current,7.95,707643,1044
2026-07-31,STEM,,current,5.3,935024,1044
2026-07-31,STFS,,current,3.97,930461,450
2026-07-31,STI,,current,6.185,818396,1044
2026-07-31,STRZ,,current,27.26,3465485,309
2026-07-31,SUNE,,current,2.29,459110,1044
2026-07-31,SUPX,,current,6.35,1983397,573
2026-07-31,SWIM,,current,5.38,3918626,1044
2026-07-31,TACO,,current,10.44,486732,289
2026-07-31,TAOX,,current,3.38,429353,1044
2026-07-31,TARA,,current,4.03,2426057,1044
2026-07-31,TASK,,current,5.915,3479011,1044
2026-07-31,TAYD,,current,52.1,1439445,1044
2026-07-31,TBCH,,current,12.26,3534032,1044
2026-07-31,TBI,,current,7.3,1788256,1044
2026-07-31,TCBX,,current,43.7,3833478,1044
2026-07-31,TCPC,,current,3.25,2360822,1044
2026-07-31,TCX,,current,9.7,408368,1044
2026-07-31,TDIC,,current,2.56,1639463,257
2026-07-31,TG,,current,7.52,1245628,1044
2026-07-31,TGEN,,current,3.2,1364867,1044
2026-07-31,TII,,current,2.04,624618,1044
2026-07-31,TIPT,,current,17.5216,4086006,1044
2026-07-31,TITN,,current,17.73,3525643,1044
2026-07-31,TKNO,,current,5.05,628834,1044
2026-07-31,TLS,,current,4.335,2835279,1044
2026-07-31,TLSI,,current,4.56,963583,1044
2026-07-31,TLYS,,current,3.71,686205,1044
2026-07-31,TMCI,,current,4.38,2060258,1044
2026-07-31,TMS,,current,5.39,396765,321
2026-07-31,TONX,,current,3.1,1121574,1044
2026-07-31,TOP,,current,10.425,262401,1044
2026-07-31,TPVG,,current,4.55,1195288,1044
2026-07-31,TRAK,,current,8.64,660572,1044
2026-07-31,TRC,,current,17.05,1711598,1044
2026-07-31,TRDA,,current,6.77,2365191,1044
2026-07-31,TSBK,,current,44.5823,1092552,1044
2026-07-31,TSQ,,current,5.7,333153,1044
2026-07-31,TTAM,,current,15.91,3579441,370
2026-07-31,TTGT,,current,4.49,1710510,1044
2026-07-31,TTRX,,current,8.25,337899,203
2026-07-31,TUSK,,current,2.6,749780,1044
2026-07-31,TWFG,,current,26.91,3841162,510
2026-07-31,TWI,,current,7.36,3490150,1044
2026-07-31,TWIN,,current,22.7447,1905805,1044
2026-07-31,TZOO,,current,7.13,921280,1044
2026-07-31,UFI,,current,6.14,339287,1044
2026-07-31,UIS,,current,3.15,2908064,1044
2026-07-31,ULH,,current,13.3048,813281,1044
2026-07-31,UNTY,,current,58.5003,2977177,1044
2026-07-31,UP,,current,5.98,829480,1044
2026-07-31,UPB,,current,6.57,4150790,450
2026-07-31,USAU,,current,13.52,3462000,1044
2026-07-31,USCB,,current,21.7185,824626,1044
2026-07-31,USGO,,current,7.45,477972,822
2026-07-31,USNA,,current,22.17,2016900,1044
2026-07-31,UTMD,,current,69.57,731319,1044
2026-07-31,VATE,,current,8.12,983762,1044
2026-07-31,VBNK,,current,19.42,1582157,1044
2026-07-31,VEEE,,current,12.58,397730,1044
2026-07-31,VEL,,current,17.51,1485402,1044
2026-07-31,VERU,,current,2.22,542751,1044
2026-07-31,VFS,,current,3.1,1519326,1044
2026-07-31,VINP,,current,9.7258,449436,1044
2026-07-31,VLGEA,,current,43.98,1984200,1044
2026-07-31,VMAR,,current,8.15,760191,1044
2026-07-31,VMD,,current,11.76,2763220,1044
2026-07-31,VNCE,,current,6.28,681824,1044
2026-07-31,VOXR,,current,4.4,2237216,1044
2026-07-31,VRA,,current,3.49,498508,1044
2026-07-31,VREX,,current,11.07,3810372,1044
2026-07-31,VTEX,,current,4.37,4417229,1044
2026-07-31,VTVT,,current,32.68,1895404,1044
2026-07-31,VUZI,,current,2.33,4308086,1044
2026-07-31,VYGR,,current,3.13,1994557,1044
2026-07-31,WATR,,current,9.94,294198,282
2026-07-31,WBTN,,current,9.01,3133738,524
2026-07-31,WEST,,current,8.17,4897821,1044
2026-07-31,WEYS,,current,39.3181,607846,1044
2026-07-31,WHF,,current,6.4,444782,1044
2026-07-31,WHG,,current,19.0017,261146,1044
2026-07-31,WHWK,,current,3.85,1494865,1044
2026-07-31,WKHS,,current,3.17,364428,1044
2026-07-31,WNEB,,current,13.0246,537266,1044
2026-07-31,WNW,,current,2.47,324479,1044
2026-07-31,WOOF,,current,2.78,4541206,1044
2026-07-31,WRN,,current,2.11,4378137,1044
2026-07-31,WSBF,,current,20.47,1176671,1044
2026-07-31,WTBA,,current,27.5176,1251656,1044
2026-07-31,WW,,current,13.9,3039787,274
2026-07-31,WYY,,current,9.81,2066127,1044
2026-07-31,XFOR,,current,4.0,1878998,1044
2026-07-31,XGN,,current,4.67,1075549,1044
2026-07-31,XOS,,current,2.02,312004,1044
2026-07-31,XPER,,current,7.55,2741122,968
2026-07-31,XPOF,,current,6.53,3552142,1044
2026-07-31,XRPN,,current,10.45,410485,277
2026-07-31,YORW,,current,30.91,3666060,1044
2026-07-31,ZIP,,current,3.98,2120058,1044
2026-07-31,ZNTL,,current,4.92,3708259,1044
2026-07-31,ZSQR,,current,5.22,2671032,1044
2026-07-31,ZUMZ,,current,19.8,3583733,1044
2026-07-31,ZURA,,current,5.54,3599416,843
2026-08-31,AARD,,current,5.79,928260,387
2026-08-31,ABOS,,current,2.92,836975,1065
2026-08-31,ACB,,current,4.01,3591839,1065
2026-08-31,ACCO,,current,4.29,2765051,1065
2026-08-31,ACEL,,current,11.87,3400587,1065
2026-08-31,ACET,,current,9.06,668309,1065
2026-08-31,ACIC,,current,9.5,2678017,1065
2026-08-31,ACIU,,current,2.65,516361,1065
2026-08-31,ACNB,,current,64.0931,3540290,1065
2026-08-31,ACNT,,current,15.43,724151,1065
2026-08-31,ACOG,,current,9.16,457453,449
2026-08-31,ACRV,,current,2.06,487966,949
2026-08-31,ACTG,,current,4.47,1001573,1065
2026-08-31,ACU,,current,63.06,1038262,1065
2026-08-31,ADV,,current,34.505,4010933,1065
2026-08-31,ADVB,,current,9.7,394705,373
2026-08-31,AEBI,,current,12.35,3330633,292
2026-08-31,AEHL,,current,3.54,270901,1065
2026-08-31,AEXA,,current,11.5,736227,232
2026-08-31,AEYE,,current,7.16,517258,1065
2026-08-31,AFCG,,current,3.6,270434,1065
2026-08-31,AFYA,,current,14.59,1611930,1065
2026-08-31,AGCC,,current,14.85,620663,214
2026-08-31,AGPU,,current,9.92,1986913,1065
2026-08-31,AIFU,,current,21.35,251250,1065
2026-08-31,AII,,current,26.32,2173270,329
2026-08-31,AIIO,,current,2.27,3113331,1065
2026-08-31,AIOS,,current,16.65,268863,1065
2026-08-31,AIOT,,current,3.05,4981362,1065
2026-08-31,AIRG,,current,5.16,390656,1065
2026-08-31,AIRO,,current,7.76,2945827,304
2026-08-31,AIRS,,current,2.6,2246957,1065
2026-08-31,AISP,,current,2.09,835751,1065
2026-08-31,AKAN,,current,3.89,495308,1065
2026-08-31,ALCO,,current,40.42,684488,1065
2026-08-31,ALEC,,current,2.34,1064122,1065
2026-08-31,ALGS,,current,6.91,448022,1065
2026-08-31,ALLT,,current,7.79,2062846,1065
2026-08-31,ALTG,,current,5.89,1122526,1065
2026-08-31,ALTI,,current,4.01,482565,1065
2026-08-31,ALVO,,current,4.95,2850907,1054
2026-08-31,AMCI,,current,3.88,685104,902
2026-08-31,AMIX,,current,5.32,408129,649
2026-08-31,AMPY,,current,4.76,2675630,1065
2026-08-31,AMWL,,current,11.93,875067,1065
2026-08-31,ANGI,,current,5.04,3767420,1065
2026-08-31,ANGX,,current,4.35,4775476,243
2026-08-31,ANIK,,current,21.1,1368268,1065
2026-08-31,ANIX,,current,3.48,615523,1065
2026-08-31,ANNA,,current,2.76,565809,1065
2026-08-31,ANTX,,current,5.58,1150873,1065
2026-08-31,ANY,,current,2.2,685742,1065
2026-08-31,AOUT,,current,10.38,634915,1065
2026-08-31,AP,,current,8.86,1116058,1065
2026-08-31,APYX,,current,3.08,365152,1065
2026-08-31,ARCT,,current,15.19,3057485,1065
2026-08-31,ARDT,,current,10.96,4541036,531
2026-08-31,AREC,,current,2.4,4995854,1065
2026-08-31,ARMP,,current,5.37,532156,1065
2026-08-31,AROW,,current,38.16,3200556,1065
2026-08-31,ARQ,,current,2.16,498287,1065
2026-08-31,ARTNA,,current,35.63,1058897,1065
2026-08-31,ARTV,,current,11.09,4015825,530
2026-08-31,ASBP,,current,8.51,290448,1065
2026-08-31,ASIC,,current,26.59,1489337,306
2026-08-31,ASIX,,current,16.49,4354925,1065
2026-08-31,ASLE,,current,5.63,2270370,1065
2026-08-31,ASTC,,current,7.15,813200,1065
2026-08-31,ASTI,,current,2.92,1438732,1007
2026-08-31,ASTL,,current,4.18,3549349,1065
2026-08-31,ASUR,,current,9.07,831558,1065
2026-08-31,ATII,,current,10.67,1539796,353
2026-08-31,ATLO,,current,31.3592,1376603,1065
2026-08-31,ATLX,,current,3.15,1115301,1065
2026-08-31,ATNI,,current,30.06,1850807,1065
2026-08-31,ATOM,,current,4.2,3932096,1065
2026-08-31,ATRA,,current,9.2,543658,1065
2026-08-31,ATS,,current,19.21,4579812,1065
2026-08-31,AUDC,,current,10.04,947864,1065
2026-08-31,AUNA,,current,5.18,843085,611
2026-08-31,AURA,,current,7.4,3875430,1065
2026-08-31,AVBC,,current,22.1,1897453,271
2026-08-31,AVBH,,current,31.66,3128002,1065
2026-08-31,AVD,,current,2.19,643205,1065
2026-08-31,AVIR,,current,5.36,1221719,1065
2026-08-31,AVNW,,current,20.0,2609141,1065
2026-08-31,AVXL,,current,2.99,2330612,1065
2026-08-31,AXG,,current,2.23,291595,747
2026-08-31,AXIN,,current,10.33,258871,271
2026-08-31,AZ,,current,6.35,1457845,1065
2026-08-31,BACC,,current,10.48,310184,270
2026-08-31,BALY,,current,9.43,727691,432
2026-08-31,BARK,,current,10.92,448502,1065
2026-08-31,BATRA,,current,55.72,3023206,1065
2026-08-31,BBCP,,current,9.21,1877679,1065
2026-08-31,BBGI,,current,19.45,603839,1065
2026-08-31,BBOT,,current,8.74,2662909,640
2026-08-31,BCAL,,current,21.27,3675050,1065
2026-08-31,BCBP,,current,8.6,1451414,1065
2026-08-31,BCIC,,current,7.78,350500,1065
2026-08-31,BCML,,current,30.29,1684120,1065
2026-08-31,BCSF,,current,11.93,4127524,1065
2026-08-31,BCTX,,current,3.73,423508,1065
2026-08-31,BDL,,current,45.5,1038057,1065
2026-08-31,BDSX,,current,26.83,1784100,1065
2026-08-31,BDTX,,current,2.23,1534246,1065
2026-08-31,BESS,,current,2.93,359784,1065
2026-08-31,BGDE,,current,6.43,577269,1065
2026-08-31,BGSI,,current,86.01,3275365,206
2026-08-31,BHB,,current,39.4,3613751,1065
2026-08-31,BIRD,,current,2.54,869316,1065
2026-08-31,BIVI,,current,2.16,393043,1065
2026-08-31,BIYA,,current,2.23,1128457,362
2026-08-31,BKTI,,current,72.68,2851546,1065
2026-08-31,BMRC,,current,26.63,3931244,1065
2026-08-31,BNAI,,current,12.61,2329439,1065
2026-08-31,BNC,,current,3.01,653755,1065
2026-08-31,BNED,,current,11.97,3254310,1065
2026-08-31,BNT,,current,41.37,763854,1065
2026-08-31,BNTC,,current,12.47,1171709,1065
2026-08-31,BOC,,current,13.85,1700224,1065
2026-08-31,BODI,,current,5.84,291638,1065
2026-08-31,BOLD,,current,2.83,349505,607
2026-08-31,BOOM,,current,6.86,1209694,1065
2026-08-31,BOTJ,,current,27.01,669462,1065
2026-08-31,BPRN,,current,42.25,644494,1065
2026-08-31,BRBS,,current,3.93,975667,1065
2026-08-31,BRCB,,current,9.13,2830721,242
2026-08-31,BRCC,,current,8.44,916226,1065
2026-08-31,BRNX,,current,3.89,460195,1065
2026-08-31,BRR,,current,2.22,1174737,308
2026-08-31,BSET,,current,18.74,680938,1065
2026-08-31,BSRR,,current,39.84,2298518,1065
2026-08-31,BSVN,,current,52.21,1308127,1065
2026-08-31,BUUU,,current,28.7,995705,262
2026-08-31,BVFL,,current,21.35,284459,1065
2026-08-31,BWB,,current,21.32,3584922,1065
2026-08-31,BWEN,,current,4.37,1906562,1065
2026-08-31,BWFG,,current,66.56,4248566,1065
2026-08-31,BWMN,,current,42.58,4258643,1065
2026-08-31,BWMX,,current,15.77,1002458,1065
2026-08-31,BXBL,,current,4.01,898592,389
2026-08-31,BYAH,,current,2.75,428551,418
2026-08-31,BYRN,,current,3.59,2269116,1065
2026-08-31,CAC,,current,56.66,4803027,1065
2026-08-31,CAMP,,current,4.15,639957,471
2026-08-31,CARL,,current,16.88,1459466,278
2026-08-31,CASS,,current,56.3265,4027257,1065
2026-08-31,CATX,,current,3.11,3828040,1065
2026-08-31,CBAN,,current,21.34,4660148,1065
2026-08-31,CBIO,,current,17.75,3464167,1065
2026-08-31,CBK,,current,34.12,2177739,228
2026-08-31,CBNA,,current,45.71,730331,476
2026-08-31,CBNK,,current,36.54,2158555,1065
2026-08-31,CCAP,,current,10.51,2302622,1065
2026-08-31,CCBG,,current,51.34,3952650,1065
2026-08-31,CCLD,,current,2.49,572739,1065
2026-08-31,CD,,current,3.26,823569,1065
2026-08-31,CDZI,,current,3.99,2914927,1065
2026-08-31,CENT,,current,43.8,3741774,1065
2026-08-31,CEPO,,current,10.77,841583,412
2026-08-31,CFBK,,current,34.72,1885774,1065
2026-08-31,CFFI,,current,91.75,517326,1065
2026-08-31,CGEN,,current,2.6,574212,1065
2026-08-31,CGNT,,current,8.8,4950683,1065
2026-08-31,CHCI,,current,20.05,415546,1065
2026-08-31,CHMG,,current,81.6,4190975,1065
2026-08-31,CHPT,,current,5.57,2676818,1065
2026-08-31,CIA,,current,3.84,516403,1065
2026-08-31,CIIT,,current,3.07,320352,1065
2026-08-31,CING,,current,5.325,1066162,1065
2026-08-31,CINT,,current,3.43,373950,1065
2026-08-31,CION,,current,7.38,3219026,1065
2026-08-31,CIVB,,current,27.48,3462564,1065
2026-08-31,CJMB,,current,2.15,309136,393
2026-08-31,CLAR,,current,3.8,422947,1065
2026-08-31,CLMB,,current,28.3,3511774,1065
2026-08-31,CLNN,,current,4.23,337306,1065
2026-08-31,CLRO,,current,5.36,276290,1065
2026-08-31,CLW,,current,20.82,3111545,1065
2026-08-31,CMCL,,current,25.63,4442404,1065
2026-08-31,CMDB,,current,20.52,1133053,334
2026-08-31,CMRC,,current,2.5,1755676,1065
2026-08-31,CMT,,current,25.0,591622,1065
2026-08-31,CMTV,,current,40.92,1146287,1065
2026-08-31,CNL,,current,15.24,859805,1065
2026-08-31,CNSY,,current,3.05,356018,1065
2026-08-31,CNTB,,current,2.23,767139,1065
2026-08-31,CNTN,,current,2.22,1774932,1065
2026-08-31,CNVS,,current,2.41,303038,1065
2026-08-31,CODA,,current,10.0,927437,1065
2026-08-31,COFS,,current,33.36,2712238,1065
2026-08-31,COOK,,current,55.86,2990600,1065
2026-08-31,COSO,,current,27.49,2248686,329
2026-08-31,COYA,,current,4.59,730712,919
2026-08-31,CPIX,,current,8.46,390028,1065
2026-08-31,CPS,,current,26.64,4386187,1065
2026-08-31,CPSH,,current,3.8,1432475,1065
2026-08-31,CRBP,,current,10.91,3055342,1065
2026-08-31,CRCT,,current,5.8,2301289,1065
2026-08-31,CRMT,,current,2.38,1187914,1065
2026-08-31,CRNT,,current,2.09,1181831,1065
2026-08-31,CRON,,current,3.38,2969406,1065
2026-08-31,CRVO,,current,2.6,1010563,1065
2026-08-31,CSTE,,current,3.14,251268,1065
2026-08-31,CSV,,current,34.09,4525162,1065
2026-08-31,CTEV,,current,39.39,2890463,1065
2026-08-31,CTKB,,current,4.68,4077891,1065
2026-08-31,CTNM,,current,17.05,4525037,602
2026-08-31,CUB,,current,10.88,360051,514
2026-08-31,CUE,,current,27.88,4135355,1065
2026-08-31,CURI,,current,2.5335,894015,1065
2026-08-31,CURR,,current,3.37,440478,499
2026-08-31,CURV,,current,2.28,532608,1065
2026-08-31,CV,,current,5.93,714318,292
2026-08-31,CVEO,,current,33.12,3454092,1065
2026-08-31,CVGI,,current,3.12,1706710,1065
2026-08-31,CVRX,,current,2.95,1554775,1065
2026-08-31,CVU,,current,5.41,318886,1065
2026-08-31,CVV,,current,6.98,647789,1065
2026-08-31,CWCO,,current,29.75,2528333,1065
2026-08-31,CXAI,,current,3.61,954233,1065
2026-08-31,CXDO,,current,6.27,3095358,1065
2026-08-31,CYCU,,current,3.85,470301,385
2026-08-31,CYH,,current,2.93,3953070,1065
2026-08-31,CZFS,,current,80.98,1203445,1065
2026-08-31,CZNC,,current,25.54,1518835,1065
2026-08-31,CZWI,,current,21.02,1156818,1065
2026-08-31,DAIC,,current,4.64,296318,299
2026-08-31,DBGI,,current,6.73,1108872,1065
2026-08-31,DBI,,current,5.49,3178148,1065
2026-08-31,DCBO,,current,25.59,1243768,1065
2026-08-31,DERM,,current,7.47,1192556,1065
2026-08-31,DFDV,,current,4.98,2361841,778
2026-08-31,DGICA,,current,19.24,2076603,1065
2026-08-31,DHX,,current,4.05,623875,1065
2026-08-31,DIBS,,current,4.46,453374,1065
2026-08-31,DLTH,,current,3.68,259817,1065
2026-08-31,DMAC,,current,6.39,1104205,1065
2026-08-31,DMRC,,current,6.01,1066101,1065
2026-08-31,DOMO,,current,3.86,3877957,1065
2026-08-31,DPRO,,current,4.465,3568620,1065
2026-08-31,DSGR,,current,34.79,4428913,1065
2026-08-31,DSP,,current,13.23,2683056,1065
2026-08-31,DSX,,current,2.78,1435434,1065
2026-08-31,DTCX,,current,2.6,281830,1065
2026-08-31,DTI,,current,2.54,492866,1065
2026-08-31,DTIL,,current,7.78,2337414,1065
2026-08-31,DWSN,,current,3.34,548027,1065
2026-08-31,DYNC,,current,10.875,270255,431
2026-08-31,EAF,,current,7.41,1794944,1065
2026-08-31,EBF,,current,21.52,2769408,1065
2026-08-31,EBMT,,current,22.7,1109164,1065
2026-08-31,ECOR,,current,9.625,653989,1065
2026-08-31,EDRY,,current,50.375,1103811,1065
2026-08-31,EDSA,,current,4.62,474737,1065
2026-08-31,EFSI,,current,41.53,2229742,1065
2026-08-31,EGAN,,current,7.4,945190,1065
2026-08-31,ELA,,current,13.79,2411184,1065
2026-08-31,ELAB,,current,5.31,694340,694
2026-08-31,ELDN,,current,3.2,3625771,1065
2026-08-31,ELE,,current,21.52,4917780,1065
2026-08-31,ELMD,,current,29.6,2888692,1065
2026-08-31,ELPW,,current,3.55,757937,836
2026-08-31,ELTX,,current,2.84,1548043,1065
2026-08-31,ELVA,,current,6.65,3879585,1065
2026-08-31,EML,,current,26.32,428705,1065
2026-08-31,EMPD,,current,2.975,953115,1065
2026-08-31,ENGS,,current,2.59,1450758,355
2026-08-31,ENTA,,current,13.6,2379272,1065
2026-08-31,ENTX,,current,3.03,693571,1065
2026-08-31,EOLS,,current,8.88,4900110,1065
2026-08-31,EPM,,current,3.64,1238985,1065
2026-08-31,EPRX,,current,6.675,1749866,602
2026-08-31,EPSN,,current,6.02,792067,1065
2026-08-31,EQ,,current,2.39,1164965,1065
2026-08-31,ESCA,,current,20.18,628009,1065
2026-08-31,ESEA,,current,76.63,3453232,1065
2026-08-31,ESOA,,current,11.5,1741482,1065
2026-08-31,ESP,,current,62.19,1963101,1065
2026-08-31,EVCM,,current,9.2,1488861,1065
2026-08-31,EVEX,,current,2.31,2325319,1065
2026-08-31,EVI,,current,14.35,936721,1065
2026-08-31,EXFY,,current,2.58,1948981,1065
2026-08-31,EXOD,,current,7.96,305939,1065
2026-08-31,FABC,,current,2.69,749293,1065
2026-08-31,FAC,,current,4.91,1783865,298
2026-08-31,FATN,,current,6.14,476726,350
2026-08-31,FBIO,,current,2.77,1538687,1065
2026-08-31,FBIZ,,current,70.85,3543715,1065
2026-08-31,FBLA,,current,15.74,1083394,463
2026-08-31,FBYD,,current,9.87,1021443,726
2026-08-31,FC,,current,20.37,1761348,1065
2026-08-31,FCAP,,current,62.38,792935,1065
2026-08-31,FCBC,,current,48.92,3645573,1065
2026-08-31,FCCO,,current,33.63,1771801,1065
2026-08-31,FCUV,,current,10.44,260903,1065
2026-08-31,FDBC,,current,53.7,432066,1065
2026-08-31,FENC,,current,12.27,1891548,1065
2026-08-31,FERA,,current,10.49,320507,342
2026-08-31,FF,,current,5.3299,1385740,1065
2026-08-31,FFAI,,current,2.21,3841179,1065
2026-08-31,FGNX,,current,8.13,703969,1065
2026-08-31,FHTX,,current,6.0,1288313,1065
2026-08-31,FINW,,current,14.11,340188,1065
2026-08-31,FIP,,current,3.57,4068215,1032
2026-08-31,FIRY,,current,9.84,1463063,1065
2026-08-31,FLGT,,current,19.61,4856532,1065
2026-08-31,FLL,,current,2.06,293581,1065
2026-08-31,FLWS,,current,3.73,832645,1065
2026-08-31,FLXS,,current,81.8,3506665,1065
2026-08-31,FMAO,,current,34.25,2347388,1065
2026-08-31,FNKO,,current,7.1,4425985,1065
2026-08-31,FNLC,,current,34.76,973075,1065
2026-08-31,FNRN,,current,17.12,2375140,1065
2026-08-31,FNWB,,current,11.36,262987,1065
2026-08-31,FNWD,,current,43.35,436005,1065
2026-08-31,FOA,,current,18.03,1086576,1065
2026-08-31,FOR,,current,28.63,3629769,1065
2026-08-31,FORR,,current,12.38,1096625,1065
2026-08-31,FOSL,,current,5.35,3373928,1065
2026-08-31,FPH,,current,5.11,790808,1065
2026-08-31,FRAF,,current,62.06,1918626,1065
2026-08-31,FRBA,,current,17.89,1628480,1065
2026-08-31,FRD,,current,43.72,2576385,1065
2026-08-31,FRMM,,current,5.86,1254517,1065
2026-08-31,FRPH,,current,22.18,1649042,1065
2026-08-31,FRST,,current,16.02,2858095,1065
2026-08-31,FSBW,,current,42.85,777336,1065
2026-08-31,FSTR,,current,37.36,2704757,1065
2026-08-31,FTCI,,current,2.55,512322,1065
2026-08-31,FTW,,current,10.942,771239,481
2026-08-31,FUNC,,current,43.16,852097,1065
2026-08-31,FVCB,,current,18.27,2125981,1065
2026-08-31,FVN,,current,10.81,375436,455
2026-08-31,FWDI,,current,5.89,4712986,1065
2026-08-31,FXHO,,current,10.38,771536,1065
2026-08-31,FXNC,,current,30.77,1274436,1065
2026-08-31,GAIN,,current,16.43,2908341,1065
2026-08-31,GALT,,current,4.02,1157842,1065
2026-08-31,GAME,,current,3.0,382332,1065
2026-08-31,GASS,,current,9.49,1059262,1065
2026-08-31,GBFH,,current,20.1,1894141,538
2026-08-31,GCBC,,current,34.86,1181199,1065
2026-08-31,GDRX,,current,3.53,3696233,1065
2026-08-31,GECC,,current,6.13,311944,1065
2026-08-31,GENC,,current,18.91,460125,1065
2026-08-31,GEOS,,current,5.28,788836,1065
2026-08-31,GFR,,current,6.06,1185177,1065
2026-08-31,GFUZ,,current,7.03,2120315,230
2026-08-31,GIC,,current,39.6,3641015,1065
2026-08-31,GLAD,,current,19.9,2928257,1065
2026-08-31,GLAS,,current,9.88,3203789,1065
2026-08-31,GLBS,,current,3.54,416823,1065
2026-08-31,GLIBA,,current,26.65,1397325,286
2026-08-31,GLRE,,current,15.37,2246414,1065
2026-08-31,GLSI,,current,15.67,2164032,1065
2026-08-31,GMM,,current,2.56,429414,725
2026-08-31,GNE,,current,14.86,972111,1065
2026-08-31,GNLX,,current,2.66,560460,901
2026-08-31,GORO,,current,3.65,1123006,1065
2026-08-31,GPRK,,current,9.83,3699651,1065
2026-08-31,GRCE,,current,2.12,372522,1065
2026-08-31,GRDX,,current,3.961,303548,1065
2026-08-31,GRML,,current,4.88,873138,1065
2026-08-31,GRNT,,current,5.06,3591860,1065
2026-08-31,GRO,,current,2.44,412803,438
2026-08-31,GSIT,,current,5.7,4583284,1065
2026-08-31,GTE,,current,9.87,2480284,1065
2026-08-31,GTN,,current,4.83,4810767,1065
2026-08-31,GWRS,,current,9.13,684624,1065
2026-08-31,GYRE,,current,6.59,404498,1065
2026-08-31,HAO,,current,3.07,420952,650
2026-08-31,HBB,,current,31.3248,729942,1065
2026-08-31,HBT,,current,35.79,4648932,1065
2026-08-31,HCKT,,current,11.34,3139941,1065
2026-08-31,HCWB,,current,3.43,285736,1065
2026-08-31,HDSN,,current,5.43,2906192,1065
2026-08-31,HGTY,,current,13.42,1645539,1065
2026-08-31,HIPO,,current,33.18,4407903,1065
2026-08-31,HITI,,current,2.51,828362,1065
2026-08-31,HKIT,,current,2.977,526791,856
2026-08-31,HLLY,,current,2.92,2157476,1065
2026-08-31,HNVR,,current,26.81,1235111,1065
2026-08-31,HOFT,,current,13.37,823252,1065
2026-08-31,HPK,,current,8.1,3201260,1065
2026-08-31,HRZN,,current,4.7,2877629,1065
2026-08-31,HSDT,,current,2.34,350851,1065
2026-08-31,HSHP,,current,16.7,3858023,856
2026-08-31,HTCO,,current,2.55,378250,1065
2026-08-31,HURA,,current,2.11,685248,1065
2026-08-31,HURC,,current,22.93,621665,1065
2026-08-31,HVT,,current,27.36,2541173,1065
2026-08-31,HWBK,,current,39.14,512830,1065
2026-08-31,HY,,current,33.6038,2966796,1065
2026-08-31,HYPD,,current,3.26,918451,1065
2026-08-31,IBEX,,current,38.12,3145844,1065
2026-08-31,ICCC,,current,9.94,265499,1065
2026-08-31,ICCM,,current,2.3,325628,1065
2026-08-31,IDN,,current,2.84,915569,1065
2026-08-31,IFRX,,current,2.23,1705008,1065
2026-08-31,IGIC,,current,26.6,2445234,1065
2026-08-31,IHRT,,current,2.75,2362880,1065
2026-08-31,III,,current,5.085,791931,1065
2026-08-31,IKT,,current,2.41,1164860,1065
2026-08-31,IMDX,,current,4.13,789301,1065
2026-08-31,IMMR,,current,7.65,3471069,1065
2026-08-31,IMPP,,current,5.19,1585319,1065
2026-08-31,IMRX,,current,4.99,4166732,1065
2026-08-31,IMTX,,current,9.45,3432815,1065
2026-08-31,IMUX,,current,15.4,2553901,1065
2026-08-31,IMXI,,current,14.47,4960129,1065
2026-08-31,INBK,,current,28.01,897900,1065
2026-08-31,INDO,,current,2.79,642113,1065
2026-08-31,INFU,,current,12.04,1302748,1065
2026-08-31,INGN,,current,5.5,1435125,1065
2026-08-31,INLF,,current,3.85,1554418,415
2026-08-31,INMB,,current,2.33,747342,1065
2026-08-31,INNV,,current,10.86,3103570,1065
2026-08-31,INR,,current,15.38,3914778,396
2026-08-31,INSE,,current,5.93,884150,1065
2026-08-31,INSG,,current,4.4,2085786,1065
2026-08-31,INTG,,current,35.4,2792917,1065
2026-08-31,INTT,,current,11.05,2473347,1065
2026-08-31,INVE,,current,2.76,426928,1065
2026-08-31,IPSC,,current,2.025,1565685,1065
2026-08-31,IPWR,,current,4.69,968568,1065
2026-08-31,IRD,,current,3.69,3276131,1065
2026-08-31,ISBA,,current,39.44,2148251,1065
2026-08-31,ISOU,,current,11.23,911602,1065
2026-08-31,ISTR,,current,30.29,4645347,1065
2026-08-31,IXHL,,current,3.64,354646,1065
2026-08-31,JAKK,,current,25.42,1599329,1065
2026-08-31,JELD,,current,2.53,2381179,1065
2026-08-31,JEM,,current,4.6,664982,308
2026-08-31,JILL,,current,19.8,1126021,1065
2026-08-31,JLHL,,current,6.28,1413064,296
2026-08-31,JMSB,,current,22.935,823194,1065
2026-08-31,JOUT,,current,45.93,2319705,1065
2026-08-31,JRSH,,current,5.42,375115,1065
2026-08-31,JRVR,,current,4.14,1095492,1065
2026-08-31,JUNS,,current,4.18,418805,435
2026-08-31,JYNT,,current,8.43,646920,1065
2026-08-31,KAZR,,current,2.2,336409,383
2026-08-31,KBDC,,current,13.4,4759988,569
2026-08-31,KDK,,current,3.9,4199368,233
2026-08-31,KE,,current,23.46,4743241,1065
2026-08-31,KELYA,,current,17.28,4818698,1065
2026-08-31,KEN,,current,67.23,1475089,1065
2026-08-31,KGEI,,current,5.84,750496,1065
2026-08-31,KIDS,,current,23.65,3266338,1065
2026-08-31,KIDZ,,current,4.685,871918,351
2026-08-31,KINS,,current,20.0,1810586,1065
2026-08-31,KLC,,current,2.6,2412648,473
2026-08-31,KLRS,,current,4.03,254527,1065
2026-08-31,KMDA,,current,8.29,308454,1065
2026-08-31,KNOP,,current,10.9,532934,1065
2026-08-31,KRMD,,current,3.23,532142,1065
2026-08-31,KRNT,,current,16.72,3066554,1065
2026-08-31,KRNY,,current,9.82,4861620,1065
2026-08-31,KRO,,current,8.7497,2107300,1065
2026-08-31,KROS,,current,11.03,2313294,1065
2026-08-31,KRRO,,current,12.91,1588610,1065
2026-08-31,KULR,,current,2.58,3548230,1065
2026-08-31,KVHI,,current,7.52,1674132,1065
2026-08-31,KWY,,current,10.24,529223,1065
2026-08-31,LAKE,,current,11.86,797639,1065
2026-08-31,LARK,,current,31.65,298385,1065
2026-08-31,LAW,,current,4.34,834562,1065
2026-08-31,LBGJ,,current,2.95,566492,463
2026-08-31,LCNB,,current,19.2089,620902,1065
2026-08-31,LCUT,,current,9.22,1291904,1065
2026-08-31,LE,,current,12.05,2753876,1065
2026-08-31,LEE,,current,8.37,417448,1065
2026-08-31,LEGH,,current,28.34,2328364,1065
2026-08-31,LENZ,,current,5.11,4000087,1065
2026-08-31,LFCR,,current,4.54,638381,1065
2026-08-31,LFMD,,current,3.14,3590153,1065
2026-08-31,LFVN,,current,6.3048,677463,1065
2026-08-31,LGCL,,current,4.875,391201,624
2026-08-31,LGCY,,current,11.16,437602,482
2026-08-31,LHSW,,current,4.16,337865,353
2026-08-31,LIEN,,current,10.2,540678,1065
2026-08-31,LILA,,current,8.56,4420725,1065
2026-08-31,LIMN,,current,4.23,373136,333
2026-08-31,LMNR,,current,13.78,892902,1065
2026-08-31,LNSR,,current,8.3,288408,1065
2026-08-31,LNZA,,current,6.17,520965,1065
2026-08-31,LOCO,,current,15.31,3564488,1065
2026-08-31,LODE,,current,3.4,4092119,1065
2026-08-31,LOVE,,current,15.99,3367641,1065
2026-08-31,LSAK,,current,4.61,390915,1065
2026-08-31,LTRN,,current,2.07,374955,1065
2026-08-31,LUCK,,current,6.48,606582,1065
2026-08-31,LUNG,,current,2.38,549796,1065
2026-08-31,LWAY,,current,26.35,3373168,1065
2026-08-31,LXEO,,current,4.86,3657661,706
2026-08-31,LXFR,,current,17.17,2701948,1065
2026-08-31,LYEL,,current,14.53,1956100,1065
2026-08-31,LZM,,current,4.34,1816049,1065
2026-08-31,MAAS,,current,16.55,1501276,1065
2026-08-31,MAGN,,current,12.4,4310780,1065
2026-08-31,MAKO,,current,10.19,1062096,1065
2026-08-31,MASS,,current,10.73,2295791,1065
2026-08-31,MATV,,current,12.13,4112585,1065
2026-08-31,MBI,,current,4.79,2185290,1065
2026-08-31,MCBS,,current,35.14,2578055,1065
2026-08-31,MCFT,,current,23.89,3444646,1065
2026-08-31,MCRB,,current,5.11,413819,1065
2026-08-31,MDWD,,current,12.66,978534,1065
2026-08-31,MDXG,,current,4.5,4472287,1065
2026-08-31,MED,,current,12.18,1678959,1065
2026-08-31,METCB,,current,7.36,439337,803
2026-08-31,MF,,current,19.49,1968721,607
2026-08-31,MFIN,,current,11.95,620608,1065
2026-08-31,MG,,current,18.49,2849681,1065
2026-08-31,MGNX,,current,4.13,2582159,1065
2026-08-31,MGPI,,current,16.85,2819703,1065
2026-08-31,MGRT,,current,99.5,1077192,283
2026-08-31,MIND,,current,4.34,447472,1065
2026-08-31,MLP,,current,15.76,293146,1065
2026-08-31,MLR,,current,56.73,3613939,1065
2026-08-31,MMI,,current,32.5,4241210,1065
2026-08-31,MNSB,,current,25.15,798741,1065
2026-08-31,MOB,,current,5.54,495020,1006
2026-08-31,MODD,,current,3.46,283388,1065
2026-08-31,MOVE,,current,11.49,723551,1065
2026-08-31,MPAA,,current,11.5,1437454,1065
2026-08-31,MRBK,,current,19.32,1808422,1065
2026-08-31,MRDN,,current,13.94,903360,1065
2026-08-31,MSIF,,current,12.5396,3161905,398
2026-08-31,MSLE,,current,8.66,275428,1065
2026-08-31,MTA,,current,10.54,3519582,1065
2026-08-31,MTRX,,current,10.83,2507946,1065
2026-08-31,MTW,,current,19.59,3342677,1065
2026-08-31,MVBF,,current,30.2591,1280851,1065
2026-08-31,MX,,current,3.14,4362815,1065
2026-08-31,MYFW,,current,30.73,1712382,1065
2026-08-31,MYSE,,current,2.73,298073,1065
2026-08-31,NAGE,,current,3.29,1952136,1065
2026-08-31,NAKA,,current,7.44,881777,563
2026-08-31,NATH,,current,98.47,2341170,1065
2026-08-31,NATR,,current,14.21,2679874,1065
2026-08-31,NC,,current,42.797,608378,1065
2026-08-31,NCDL,,current,12.31,1879909,651
2026-08-31,NCI,,current,12.57,2880785,590
2026-08-31,NCMI,,current,2.6,1385742,1065
2026-08-31,NCSM,,current,51.64,811782,1040
2026-08-31,NCT,,current,4.87,2760484,357
2026-08-31,NDLS,,current,14.78,548152,1065
2026-08-31,NECB,,current,26.43,1020090,1065
2026-08-31,NEGG,,current,16.7,985651,1065
2026-08-31,NEOV,,current,3.34,2937085,1065
2026-08-31,NERV,,current,4.84,662751,1065
2026-08-31,NEWP,,current,7.05,3310218,1065
2026-08-31,NEWT,,current,11.91,3107777,1065
2026-08-31,NEXN,,current,10.23,4217225,1065
2026-08-31,NGEN,,current,2.28,1123391,1065
2026-08-31,NGS,,current,34.69,4327904,1065
2026-08-31,NGVC,,current,27.48,3665610,1065
2026-08-31,NHIC,,current,10.6,403140,343
2026-08-31,NKLR,,current,5.64,1348936,226
2026-08-31,NKSH,,current,40.94,1101290,1065
2026-08-31,NKTX,,current,2.76,1470900,1065
2026-08-31,NMAD,,current,4.31,1686354,1065
2026-08-31,NMFC,,current,7.54,3849522,1065
2026-08-31,NNBR,,current,3.39,4770059,1065
2026-08-31,NNNN,,current,7.67,525930,384
2026-08-31,NOA,,current,13.13,930968,1065
2026-08-31,NODK,,current,15.21,265756,1065
2026-08-31,NPB,,current,17.04,2704147,385
2026-08-31,NPCE,,current,14.41,2529456,1065
2026-08-31,NRC,,current,21.85,2211095,1065
2026-08-31,NRDY,,current,10.32,402210,1065
2026-08-31,NRIM,,current,25.65,3771792,1065
2026-08-31,NRXP,,current,3.55,3168517,1065
2026-08-31,NRXS,,current,6.0,480422,767
2026-08-31,NSLR,,current,10.2,2973166,1065
2026-08-31,NSYS,,current,11.84,254962,1065
2026-08-31,NTHI,,current,4.69,308828,359
2026-08-31,NUS,,current,4.85,2878807,1065
2026-08-31,NVA,,current,5.51,1097844,527
2026-08-31,NVCT,,current,23.73,4443682,1065
2026-08-31,NWFL,,current,34.15,1050247,1065
2026-08-31,NXDR,,current,2.27,4943083,1065
2026-08-31,NXTC,,current,6.09,534306,1065
2026-08-31,NYAX,,current,51.05,687826,988
2026-08-31,OABI,,current,4.47,1252771,1065
2026-08-31,OBIO,,current,5.185,846733,1065
2026-08-31,OBT,,current,37.9214,2067524,1065
2026-08-31,OCC,,current,13.55,3996998,1065
2026-08-31,OCS,,current,12.21,4109323,1065
2026-08-31,OEC,,current,6.34,3292623,1065
2026-08-31,OESX,,current,26.5,547703,1065
2026-08-31,OFIX,,current,9.7,3271341,1065
2026-08-31,OFLX,,current,27.0,1168995,1065
2026-08-31,OGG,,current,3.07,4827408,1065
2026-08-31,OKUR,,current,3.79,737681,1065
2026-08-31,OM,,current,3.94,628926,1065
2026-08-31,OMH,,current,3.5,379438,863
2026-08-31,ONEW,,current,11.97,943031,1065
2026-08-31,ONIT,,current,35.42,2407215,1065
2026-08-31,OPAD,,current,4.405,263142,1065
2026-08-31,OPBK,,current,15.13,629390,1065
2026-08-31,OPFI,,current,7.07,4953893,1065
2026-08-31,OPHC,,current,8.98,312586,1065
2026-08-31,OPRT,,current,7.36,2213281,1065
2026-08-31,OPRX,,current,7.95,1566765,1065
2026-08-31,OPTX,,current,8.52,4011446,1065
2026-08-31,OPXS,,current,10.065,298588,1065
2026-08-31,ORMP,,current,5.03,755522,1065
2026-08-31,ORN,,current,9.27,4859353,1065
2026-08-31,ORRF,,current,41.96,4792317,1065
2026-08-31,OSG,,current,4.64,2171603,1065
2026-08-31,OSUR,,current,3.6,1980432,1065
2026-08-31,OVBC,,current,45.59,1738247,1065
2026-08-31,OVID,,current,2.8,3831484,1065
2026-08-31,OVLY,,current,33.98,1025679,1065
2026-08-31,OWLT,,current,4.99,999376,1065
2026-08-31,OZ,,current,47.86,354196,1065
2026-08-31,PACK,,current,4.9,2554430,1065
2026-08-31,PAL,,current,5.13,2191206,578
2026-08-31,PAMT,,current,12.02,267080,1065
2026-08-31,PANL,,current,7.9607,2846202,1065
2026-08-31,PAVS,,current,4.8,464620,1065
2026-08-31,PAYS,,current,12.89,4681175,1065
2026-08-31,PBAM,,current,88.7,335576,1065
2026-08-31,PBYI,,current,9.06,2398751,1065
2026-08-31,PCB,,current,27.49,960710,1065
2026-08-31,PCYO,,current,11.43,628225,1065
2026-08-31,PDEX,,current,62.56,4413163,1065
2026-08-31,PDLB,,current,20.45,1336093,1065
2026-08-31,PEBK,,current,43.5904,1288017,1065
2026-08-31,PED,,current,13.28,264083,1065
2026-08-31,PEPG,,current,3.08,1505486,1065
2026-08-31,PERI,,current,9.7,3003504,1065
2026-08-31,PEW,,current,2.34,695848,660
2026-08-31,PFIS,,current,69.005,3651935,1065
2026-08-31,PFSA,,current,2.93,345491,286
2026-08-31,PHOE,,current,20.74,334796,338
2026-08-31,PIII,,current,9.22,317713,1065
2026-08-31,PKBK,,current,33.99,1513434,1065
2026-08-31,PKOH,,current,45.76,2973443,1065
2026-08-31,PLBC,,current,61.83,3653986,1065
2026-08-31,PLBL,,current,5.62,1259327,266
2026-08-31,PLCE,,current,2.47,651855,1065
2026-08-31,PLRZ,,current,13.145,437711,459
2026-08-31,PLTK,,current,2.32,4493048,1065
2026-08-31,PLX,,current,2.54,1257758,1065
2026-08-31,PMI,,current,8.8,602220,251
2026-08-31,PMN,,current,13.79,453281,1065
2026-08-31,PMTS,,current,28.83,884722,1065
2026-08-31,PN,,current,2.73,331579,375
2026-08-31,PNNT,,current,3.7,1907390,1065
2026-08-31,PODC,,current,2.68,303408,746
2026-08-31,POWW,,current,2.18,1228086,1065
2026-08-31,PPIH,,current,26.64,1985265,1065
2026-08-31,PRE,,current,25.76,2747114,1065
2026-08-31,PRLD,,current,5.47,1505905,1065
2026-08-31,PROF,,current,6.85,503836,1065
2026-08-31,PRPO,,current,28.85,1439920,1065
2026-08-31,PRQR,,current,2.29,1260428,1065
2026-08-31,PRTA,,current,9.33,4405863,1065
2026-08-31,PRTH,,current,5.38,2150676,1065
2026-08-31,PSBD,,current,10.32,1060784,656
2026-08-31,PSFE,,current,6.79,1961132,1065
2026-08-31,PTHS,,current,24.73,916660,635
2026-08-31,PUSA,,current,3.78,1472008,388
2026-08-31,PXED,,current,29.33,2968449,223
2026-08-31,PYPD,,current,5.07,750588,1065
2026-08-31,PYXS,,current,3.23,2096949,1065
2026-08-31,QCLS,,current,2.35,545594,1065
2026-08-31,QNCX,,current,33.75,724597,1065
2026-08-31,QNTM,,current,3.075,427261,1065
2026-08-31,QTRX,,current,2.64,2044363,1065
2026-08-31,QUAD,,current,10.09,1532561,1065
2026-08-31,QUIK,,current,10.81,4748136,1065
2026-08-31,QXL,,current,4.78,304123,1065
2026-08-31,RAIL,,current,7.17,1523096,1065
2026-08-31,RBB,,current,26.275,4959386,1065
2026-08-31,RBKB,,current,12.6,806282,1065
2026-08-31,RCEL,,current,10.35,1465389,1065
2026-08-31,RCKY,,current,45.4783,1958645,1065
2026-08-31,RCMT,,current,41.84,1294828,1065
2026-08-31,RDCM,,current,10.22,1658930,1065
2026-08-31,RDNW,,current,5.67,448227,1065
2026-08-31,RELL,,current,17.71,3134475,1065
2026-08-31,RFIL,,current,10.4,3457240,1065
2026-08-31,RFL,,current,2.56,292240,1065
2026-08-31,RGC,,current,5.5,1612760,1065
2026-08-31,RGCO,,current,21.66,294799,1065
2026-08-31,RGP,,current,4.1833,1682952,1065
2026-08-31,RGR,,current,37.26,3954622,1065
2026-08-31,RICK,,current,30.18,1219089,1065
2026-08-31,RILY,,current,7.05,4316057,1065
2026-08-31,RJET,,current,18.4,1775837,1065
2026-08-31,RLGT,,current,8.72,1027041,1065
2026-08-31,RLYB,,current,16.81,407340,1065
2026-08-31,RM,,current,32.55,2723049,1065
2026-08-31,RMBI,,current,15.75,544630,1065
2026-08-31,RMNI,,current,5.65,1785087,1065
2026-08-31,RMR,,current,19.46,2791745,1065
2026-08-31,RNAC,,current,9.6,1243315,1065
2026-08-31,RNGR,,current,16.55,2797643,1065
2026-08-31,ROLR,,current,5.97,531642,463
2026-08-31,RPAY,,current,3.74,1404875,1065
2026-08-31,RPC,,current,8.62,3718795,1065
2026-08-31,RRGB,,current,9.31,1720513,1065
2026-08-31,RSVR,,current,9.66,434716,1065
2026-08-31,RTAC,,current,10.45,490818,308
2026-08-31,RTB,,current,12.99,841139,1065
2026-08-31,RVSB,,current,5.16,327594,1065
2026-08-31,RWAY,,current,6.59,2989105,1065
2026-08-31,RXST,,current,7.05,4643364,1065
2026-08-31,SABS,,current,3.79,1333043,1065
2026-08-31,SAMG,,current,10.09,558866,1065
2026-08-31,SAR,,current,17.9914,2071175,1065
2026-08-31,SBC,,current,4.05,255644,985
2026-08-31,SBFG,,current,27.66,528575,1065
2026-08-31,SBSI,,current,31.88,3918247,1065
2026-08-31,SCLX,,current,5.43,461672,1065
2026-08-31,SCM,,current,8.647,1540265,1065
2026-08-31,SCYX,,current,5.39,327934,1065
2026-08-31,SCZM,,current,9.52,3345601,1065
2026-08-31,SD,,current,13.96,4077300,1065
2026-08-31,SDHC,,current,12.34,674577,660
2026-08-31,SEAT,,current,6.02,504020,1065
2026-08-31,SEG,,current,26.79,1413418,523
2026-08-31,SEGG,,current,2.83,318456,804
2026-08-31,SENS,,current,9.33,3669606,1065
2026-08-31,SEV,,current,2.33,424596,218
2026-08-31,SFBC,,current,46.8,258025,1065
2026-08-31,SGC,,current,12.18,507593,1065
2026-08-31,SGHT,,current,8.55,1015887,1065
2026-08-31,SHBI,,current,22.9976,4566133,1065
2026-08-31,SHIM,,current,3.99,369303,699
2026-08-31,SHIP,,current,17.79,3306692,1065
2026-08-31,SHMD,,current,3.005,2585977,584
2026-08-31,SHPH,,current,3.54,412350,1002
2026-08-31,SI,,current,21.16,2165935,272
2026-08-31,SIF,,current,22.21,2320298,1065
2026-08-31,SIGA,,current,3.06,1870430,1065
2026-08-31,SKIL,,current,6.93,485537,1065
2026-08-31,SKYH,,current,10.57,1445362,1065
2026-08-31,SLBT,,current,2.7,266263,393
2026-08-31,SLGL,,current,68.81,3383084,1065
2026-08-31,SLI,,current,2.55,4174506,1065
2026-08-31,SLP,,current,18.39,4474912,1065
2026-08-31,SLRC,,current,12.52,4208854,1065
2026-08-31,SLSR,,current,8.61,1268967,1065
2026-08-31,SMC,,current,34.08,1478816,1065
2026-08-31,SMHI,,current,9.41,920425,1065
2026-08-31,SMID,,current,25.1,418717,1065
2026-08-31,SMP,,current,37.01,4636192,1065
2026-08-31,SMTI,,current,34.57,1879567,1065
2026-08-31,SMTK,,current,3.44,277335,563
2026-08-31,SMX,,current,16.61,510158,1065
2026-08-31,SNAL,,current,2.93,489793,952
2026-08-31,SND,,current,5.2,1382380,1065
2026-08-31,SNWV,,current,4.675,888416,466
2026-08-31,SOPH,,current,8.14,2078272,1065
2026-08-31,SPAI,,current,4.63,519775,502
2026-08-31,SPCB,,current,10.1,763912,1065
2026-08-31,SPKL,,current,11.56,358324,691
2026-08-31,SPOK,,current,10.65,1645244,1065
2026-08-31,SPPL,,current,2.09,333640,743
2026-08-31,SPRB,,current,60.78,2857701,1065
2026-08-31,SRBK,,current,19.5,484800,738
2026-08-31,SRG,,current,2.11,343118,1065
2026-08-31,SRI,,current,7.17,1044612,1065
2026-08-31,SRZN,,current,22.42,3578851,1065
2026-08-31,SSP,,current,3.26,1778239,1065
2026-08-31,SSTI,,current,6.2,714558,1065
2026-08-31,STEM,,current,5.44,734227,1065
2026-08-31,STFS,,current,4.22,393435,471
2026-08-31,STI,,current,7.55,1015190,1065
2026-08-31,STIM,,current,2.94,2249226,1065
2026-08-31,STRZ,,current,27.75,3786071,330
2026-08-31,SUNE,,current,2.16,459110,1065
2026-08-31,SUPX,,current,9.38,1569962,594
2026-08-31,SVCO,,current,6.86,4233065,578
2026-08-31,SWIM,,current,7.08,4140313,1065
2026-08-31,SXTC,,current,3.0,413951,1065
2026-08-31,TACO,,current,10.48,344211,310
2026-08-31,TAOX,,current,3.89,351358,1065
2026-08-31,TARA,,current,3.82,1764546,1065
2026-08-31,TASK,,current,8.39,3446065,1065
2026-08-31,TAYD,,current,60.0,1528543,1065
2026-08-31,TBCH,,current,12.45,3572610,1065
2026-08-31,TBI,,current,10.7,1844323,1065
2026-08-31,TBN,,current,37.15,4576757,545
2026-08-31,TCBX,,current,45.13,4203411,1065
2026-08-31,TCI,,current,36.14,403825,1065
2026-08-31,TCPC,,current,4.12,2360822,1065
2026-08-31,TCX,,current,10.12,653458,1065
2026-08-31,TDIC,,current,2.53,388554,278
2026-08-31,TG,,current,7.8,1114433,1065
2026-08-31,TGEN,,current,3.11,931645,1065
2026-08-31,THM,,current,2.6,1921784,1065
2026-08-31,TII,,current,3.06,681700,1065
2026-08-31,TIPT,,current,18.45,3847404,1065
2026-08-31,TITN,,current,17.86,3495622,1065
2026-08-31,TJGC,,current,9.9,1001912,403
2026-08-31,TKNO,,current,7.12,813868,1065
2026-08-31,TLS,,current,4.79,2338979,1065
2026-08-31,TLSI,,current,4.83,916188,1065
2026-08-31,TLYS,,current,3.96,518517,1065
2026-08-31,TMCI,,current,4.65,1998471,1065
2026-08-31,TMQ,,current,3.62,4774738,1065
2026-08-31,TMS,,current,6.34,417754,342
2026-08-31,TNON,,current,5.0,255339,1065
2026-08-31,TONX,,current,3.25,946667,1065
2026-08-31,TOP,,current,16.73,883578,1065
2026-08-31,TOYO,,current,4.51,4898132,1065
2026-08-31,TPVG,,current,5.43,979960,1065
2026-08-31,TRAK,,current,8.3,507545,1065
2026-08-31,TRC,,current,16.2,2065103,1065
2026-08-31,TRDA,,current,7.0,1991263,1065
2026-08-31,TROO,,current,2.15,584694,1065
2026-08-31,TRT,,current,10.1,4176506,1065
2026-08-31,TSBK,,current,46.4,1282000,1065
2026-08-31,TSQ,,current,5.78,346637,1065
2026-08-31,TTAM,,current,15.02,3556609,391
2026-08-31,TTGT,,current,3.88,1308511,1065
2026-08-31,TTRX,,current,9.84,453913,224
2026-08-31,TUSK,,current,3.09,649266,1065
2026-08-31,TWFG,,current,30.01,3642710,531
2026-08-31,TWI,,current,7.02,3575143,1065
2026-08-31,TWIN,,current,23.12,2208332,1065
2026-08-31,TZOO,,current,6.68,710742,1065
2026-08-31,UFI,,current,7.46,547805,1065
2026-08-31,UIS,,current,2.69,2632364,1065
2026-08-31,ULH,,current,19.4103,724080,1065
2026-08-31,UNTY,,current,58.61,3373951,1065
2026-08-31,UP,,current,4.89,513886,1065
2026-08-31,UPB,,current,6.69,4011131,471
2026-08-31,USAU,,current,15.95,3690148,1065
2026-08-31,USCB,,current,22.42,820787,1065
2026-08-31,USGO,,current,9.2,461511,843
2026-08-31,USIO,,current,2.77,378137,1065
2026-08-31,USNA,,current,14.04,2221978,1065
2026-08-31,UTMD,,current,72.77,1238113,1065
2026-08-31,VATE,,current,7.59,1243283,1065
2026-08-31,VBNK,,current,19.84,1901493,1065
2026-08-31,VEEE,,current,10.36,604999,1065
2026-08-31,VEL,,current,18.01,1674776,1065
2026-08-31,VERU,,current,2.63,623194,1065
2026-08-31,VFF,,current,2.91,2187556,1065
2026-08-31,VFS,,current,3.08,1185916,1065
2026-08-31,VGZ,,current,2.21,2864418,1065
2026-08-31,VINP,,current,9.48,354040,1065
2026-08-31,VIVO,,current,4.06,4182509,1065
2026-08-31,VLGEA,,current,44.01,2020848,1065
2026-08-31,VMAR,,current,7.65,772107,1065
2026-08-31,VMD,,current,8.82,3589642,1065
2026-08-31,VNCE,,current,7.56,587417,1065
2026-08-31,VNDA,,current,5.29,4887838,1065
2026-08-31,VOXR,,current,5.57,2237216,1065
2026-08-31,VRA,,current,3.31,427828,1065
2026-08-31,VREX,,current,18.5,4034330,1065
2026-08-31,VTEX,,current,3.6,3733930,1065
2026-08-31,VTVT,,current,32.36,2149312,1065
2026-08-31,VUZI,,current,2.59,2740936,1065
2026-08-31,VYGR,,current,3.54,1777934,1065
2026-08-31,WATR,,current,2.32,405136,303
2026-08-31,WATT,,current,11.1,3118236,1065
2026-08-31,WBTN,,current,10.24,3027917,545
2026-08-31,WEST,,current,8.0,3615345,1065
2026-08-31,WETO,,current,5.72,295400,378
2026-08-31,WEYS,,current,45.39,714667,1065
2026-08-31,WHF,,current,7.07,360436,1065
2026-08-31,WHG,,current,19.6268,356782,1065
2026-08-31,WHWK,,current,4.62,1542348,1065
2026-08-31,WKHS,,current,3.07,269258,1065
2026-08-31,WLDS,,current,2.27,305229,994
2026-08-31,WNEB,,current,13.72,626398,1065
2026-08-31,WNW,,current,2.79,253408,1065
2026-08-31,WOK,,current,2.33,548904,505
2026-08-31,WOOF,,current,2.7,4185044,1065
2026-08-31,WRN,,current,2.52,3164856,1065
2026-08-31,WSBF,,current,21.07,1267902,1065
2026-08-31,WTBA,,current,28.48,1577102,1065
2026-08-31,WW,,current,16.2,2559917,295
2026-08-31,WYY,,current,9.99,1628012,1065
2026-08-31,XFOR,,current,4.04,2144772,1065
2026-08-31,XGN,,current,7.39,1170263,1065
2026-08-31,XHLD,,current,9.3,311183,387
2026-08-31,XOS,,current,3.36,575981,1065
2026-08-31,XPER,,current,6.0,2741122,989
2026-08-31,XPOF,,current,5.43,3628801,1065
2026-08-31,XRPN,,current,10.55,322718,298
2026-08-31,XZO,,current,16.89,2617824,204
2026-08-31,YARW,,current,37.0,497929,1065
2026-08-31,YORW,,current,34.12,3697064,1065
2026-08-31,ZIP,,current,4.42,2692651,1065
2026-08-31,ZNTL,,current,3.8,3886476,1065
2026-08-31,ZSQR,,current,3.86,2513801,1065
2026-08-31,ZUMZ,,current,18.18,3929780,1065
2026-08-31,ZURA,,current,5.72,4634131,864
