ticker,description,seed,n_requested,population,drawn_at
A,AGILENT TECHNOLOGIES INC,20260901,0,4956,2026-09-02
AA,ALCOA CORP,20260901,0,4956,2026-09-02
AAC,ARES ACQUISITION CORP CL-A,20260901,0,4956,2026-09-02
AACI,ARMADA ACQ CORP III-A,20260901,0,4956,2026-09-02
AACO,ABONY ACQUISITION CORP I-A,20260901,0,4956,2026-09-02
AACP,APOGEE ACQUISITION CORP -A,20260901,0,4956,2026-09-02
AADX,APPLIED AEROSPACE & DEFENSE,20260901,0,4956,2026-09-02
AAL,AMERICAN AIRLINES GROUP INC,20260901,0,4956,2026-09-02
AAME,ATLANTIC AMERICAN CORP,20260901,0,4956,2026-09-02
AAMI,ACADIAN ASSET MANAGEMENT INC,20260901,0,4956,2026-09-02
AAOI,APPLIED OPTOELECTRONICS INC,20260901,0,4956,2026-09-02
AAON,AAON INC,20260901,0,4956,2026-09-02
AAP,ADVANCE AUTO PARTS INC,20260901,0,4956,2026-09-02
AAPL,APPLE INC,20260901,0,4956,2026-09-02
AARD,AARDVARK THERAPEUTICS INC,20260901,0,4956,2026-09-02
AAUC,ALLIED GOLD CORP,20260901,0,4956,2026-09-02
ABAT,AMERICAN BATTERY TECHNOLOGY,20260901,0,4956,2026-09-02
ABBV,ABBVIE INC,20260901,0,4956,2026-09-02
ABCB,AMERIS BANCORP,20260901,0,4956,2026-09-02
ABCL,ABCELLERA BIOLOGICS INC,20260901,0,4956,2026-09-02
ABEO,ABEONA THERAPEUTICS INC,20260901,0,4956,2026-09-02
ABG,ASBURY AUTOMOTIVE GROUP,20260901,0,4956,2026-09-02
ABLV,ABLE VIEW GLOBAL INC-B,20260901,0,4956,2026-09-02
ABM,ABM INDUSTRIES INC,20260901,0,4956,2026-09-02
ABNB,AIRBNB INC-CLASS A,20260901,0,4956,2026-09-02
ABOS,ACUMEN PHARMACEUTICALS INC,20260901,0,4956,2026-09-02
ABSI,ABSCI CORP,20260901,0,4956,2026-09-02
ABT,ABBOTT LABORATORIES,20260901,0,4956,2026-09-02
ABTC,AMERICAN BITCOIN CORP-A,20260901,0,4956,2026-09-02
ABTS,ABITS GROUP INC,20260901,0,4956,2026-09-02
ABUS,ARBUTUS BIOPHARMA CORP,20260901,0,4956,2026-09-02
ABVC,ABVC BIOPHARMA INC,20260901,0,4956,2026-09-02
ABX,ABACUS GLOBAL MANAGEMENT INC,20260901,0,4956,2026-09-02
ACA,ARCOSA INC,20260901,0,4956,2026-09-02
ACAA,AVERIN CAP ACQUISITIO C CL-A,20260901,0,4956,2026-09-02
ACAD,ACADIA PHARMACEUTICALS INC,20260901,0,4956,2026-09-02
ACB,AURORA CANNABIS INC,20260901,0,4956,2026-09-02
ACCL,ACCO GROUP HOLDINGS LTD- A,20260901,0,4956,2026-09-02
ACCO,ACCO BRANDS CORP,20260901,0,4956,2026-09-02
ACCS,ACCESS NEWSWIRE INC,20260901,0,4956,2026-09-02
ACDC,PROFRAC HOLDING CORP-A,20260901,0,4956,2026-09-02
ACEL,ACCEL ENTERTAINMENT INC,20260901,0,4956,2026-09-02
ACET,ADICET BIO INC,20260901,0,4956,2026-09-02
ACFN,ACORN ENERGY INC,20260901,0,4956,2026-09-02
ACGC,ACP HOLDINGS ACQUISITIO-CL A,20260901,0,4956,2026-09-02
ACGL,ARCH CAPITAL GROUP LTD,20260901,0,4956,2026-09-02
ACH,ACCENDRA HEALTH INC,20260901,0,4956,2026-09-02
ACHC,ACADIA HEALTHCARE CO INC,20260901,0,4956,2026-09-02
ACHR,ARCHER AVIATION INC-A,20260901,0,4956,2026-09-02
ACHV,ACHIEVE LIFE SCIENCES INC,20260901,0,4956,2026-09-02
ACI,ALBERTSONS COS INC - CLASS A,20260901,0,4956,2026-09-02
ACIC,AMERICAN COASTAL INSURANCE C,20260901,0,4956,2026-09-02
ACIU,AC IMMUNE SA,20260901,0,4956,2026-09-02
ACIW,ACI WORLDWIDE INC,20260901,0,4956,2026-09-02
ACLS,AXCELIS TECHNOLOGIES INC,20260901,0,4956,2026-09-02
ACM,AECOM,20260901,0,4956,2026-09-02
ACMR,ACM RESEARCH INC-CLASS A,20260901,0,4956,2026-09-02
ACN,ACCENTURE PLC-CL A,20260901,0,4956,2026-09-02
ACNB,ACNB CORP,20260901,0,4956,2026-09-02
ACNT,ASCENT INDUSTRIES CO,20260901,0,4956,2026-09-02
ACOG,ALPHA COGNITION INC,20260901,0,4956,2026-09-02
ACON,ACLARION INC,20260901,0,4956,2026-09-02
ACRS,ACLARIS THERAPEUTICS INC,20260901,0,4956,2026-09-02
ACRV,ACRIVON THERAPEUTICS INC,20260901,0,4956,2026-09-02
ACT,ENACT HOLDINGS INC,20260901,0,4956,2026-09-02
ACTG,ACACIA RESEARCH CORP,20260901,0,4956,2026-09-02
ACTU,ACTUATE THERAPEUTICS INC,20260901,0,4956,2026-09-02
ACU,ACME UNITED CORP,20260901,0,4956,2026-09-02
ACVA,ACV AUCTIONS INC-A,20260901,0,4956,2026-09-02
ACXP,ACURX PHARMACEUTICALS INC,20260901,0,4956,2026-09-02
AD,ARRAY DIGITAL INFRASTRUCTURE,20260901,0,4956,2026-09-02
ADAC,AMERICAN DRIVE ACQUISIT-CL A,20260901,0,4956,2026-09-02
ADBE,ADOBE INC,20260901,0,4956,2026-09-02
ADBT,ADVASA HOLDINGS INC,20260901,0,4956,2026-09-02
ADCT,ADC THERAPEUTICS SA,20260901,0,4956,2026-09-02
ADEA,ADEIA INC,20260901,0,4956,2026-09-02
ADGM,ADAGIO MEDICAL HOLDINGS INC,20260901,0,4956,2026-09-02
ADI,ANALOG DEVICES INC,20260901,0,4956,2026-09-02
ADIG,ADI GLOBAL DISTRIB,20260901,0,4956,2026-09-02
ADIL,ADIAL PHARMACEUTICALS INC,20260901,0,4956,2026-09-02
ADM,ARCHER-DANIELS-MIDLAND CO,20260901,0,4956,2026-09-02
ADMA,ADMA BIOLOGICS INC,20260901,0,4956,2026-09-02
ADNT,ADIENT PLC,20260901,0,4956,2026-09-02
ADP,AUTOMATIC DATA PROCESSING,20260901,0,4956,2026-09-02
ADPT,ADAPTIVE BIOTECHNOLOGIES,20260901,0,4956,2026-09-02
ADSE,ADS-TEC ENERGY PLC,20260901,0,4956,2026-09-02
ADSK,AUTODESK INC,20260901,0,4956,2026-09-02
ADT,ADT INC,20260901,0,4956,2026-09-02
ADTN,ADTRAN HOLDINGS INC,20260901,0,4956,2026-09-02
ADUR,ADURO CLEAN TECHNOLOGIES INC,20260901,0,4956,2026-09-02
ADUS,ADDUS HOMECARE CORP,20260901,0,4956,2026-09-02
ADV,ADVANTAGE SOLUTIONS INC,20260901,0,4956,2026-09-02
ADVB,ADVANCED BIOMED INC,20260901,0,4956,2026-09-02
AEAQ,ACTIVATE ENERGY ACQUISITIO-A,20260901,0,4956,2026-09-02
AEBI,AEBI SCHMIDT HOLDING AG,20260901,0,4956,2026-09-02
AEC,ANFIELD ENERGY INC,20260901,0,4956,2026-09-02
AEE,AMEREN CORPORATION,20260901,0,4956,2026-09-02
AEHL,ANTELOPE ENTERPRISE HOLDINGS,20260901,0,4956,2026-09-02
AEHR,AEHR TEST SYSTEMS,20260901,0,4956,2026-09-02
AEI,ALSET INC,20260901,0,4956,2026-09-02
AEIS,ADVANCED ENERGY INDUSTRIES,20260901,0,4956,2026-09-02
AEM,AGNICO EAGLE MINES LTD,20260901,0,4956,2026-09-02
AEMD,AETHLON MEDICAL INC,20260901,0,4956,2026-09-02
AENT,ALLIANCE ENTERTAINMENT HOLDI,20260901,0,4956,2026-09-02
AEO,AMERICAN EAGLE OUTFITTERS,20260901,0,4956,2026-09-02
AEON,AEON BIOPHARMA INC,20260901,0,4956,2026-09-02
AEP,AMERICAN ELECTRIC POWER,20260901,0,4956,2026-09-02
AER,AERCAP HOLDINGS NV,20260901,0,4956,2026-09-02
AERT,AERIES TECHNOLOGY INC,20260901,0,4956,2026-09-02
AES,AES CORP,20260901,0,4956,2026-09-02
AESI,ATLAS ENERGY SOLUTIONS INC,20260901,0,4956,2026-09-02
AESP,AEON ACQUISITION I CORP-A,20260901,0,4956,2026-09-02
AEVA,AEVA TECHNOLOGIES INC,20260901,0,4956,2026-09-02
AEXA,AMERICAN EXCEPTIONALISM-CL A,20260901,0,4956,2026-09-02
AEYE,AUDIOEYE INC,20260901,0,4956,2026-09-02
AFCG,ADVANCED FLOWER CAPITAL INC,20260901,0,4956,2026-09-02
AFG,AMERICAN FINANCIAL GROUP INC,20260901,0,4956,2026-09-02
AFJK,AIMEI HEALTH TECHNOLOGY CO,20260901,0,4956,2026-09-02
AFL,AFLAC INC,20260901,0,4956,2026-09-02
AFRI,FORAFRIC GLOBAL PLC,20260901,0,4956,2026-09-02
AFRM,AFFIRM HOLDINGS INC,20260901,0,4956,2026-09-02
AFYA,AFYA LTD-CLASS A,20260901,0,4956,2026-09-02
AG,FIRST MAJESTIC SILVER CORP,20260901,0,4956,2026-09-02
AGBK,AGI INC-CL A,20260901,0,4956,2026-09-02
AGCC,AGENCIA COMERCIAL SPIRITS LT,20260901,0,4956,2026-09-02
AGCO,AGCO CORP,20260901,0,4956,2026-09-02
AGEN,AGENUS INC,20260901,0,4956,2026-09-02
AGI,ALAMOS GOLD INC-CLASS A,20260901,0,4956,2026-09-02
AGIG,ABUNDIA GLOBAL IMPACT GROUP,20260901,0,4956,2026-09-02
AGIO,AGIOS PHARMACEUTICALS INC,20260901,0,4956,2026-09-02
AGL,AGILON HEALTH INC,20260901,0,4956,2026-09-02
AGM,FEDERAL AGRIC MTG CORP-CL C,20260901,0,4956,2026-09-02
AGMH,AGM GROUP HOLDINGS INC-A,20260901,0,4956,2026-09-02
AGNT,AGNT INC,20260901,0,4956,2026-09-02
AGO,ASSURED GUARANTY LTD,20260901,0,4956,2026-09-02
AGPU,AXE COMPUTE INC,20260901,0,4956,2026-09-02
AGRO,ADECOAGRO SA,20260901,0,4956,2026-09-02
AGRZ,AGROZ INC - A,20260901,0,4956,2026-09-02
AGX,ARGAN INC,20260901,0,4956,2026-09-02
AGYS,AGILYSYS INC,20260901,0,4956,2026-09-02
AHCO,ADAPTHEALTH CORP,20260901,0,4956,2026-09-02
AHMA,AMBITIONS ENTERPRISE MANAG-A,20260901,0,4956,2026-09-02
AI,C3.AI INC-A,20260901,0,4956,2026-09-02
AIAI,AIAI HOLDINGS CORP-CL A,20260901,0,4956,2026-09-02
AIB,AIB DATA CENTERS INC,20260901,0,4956,2026-09-02
AIBZ,BITZERO HOLDINGS INC,20260901,0,4956,2026-09-02
AIDX,20/20 BIOLABS INC,20260901,0,4956,2026-09-02
AIFA,ALL IN FUTURETECH ALLIANCE I,20260901,0,4956,2026-09-02
AIFC,AI FINANCIAL CORP,20260901,0,4956,2026-09-02
AIFF,FIREFLY NEUROSCIENCE INC,20260901,0,4956,2026-09-02
AIFU,AIFU INC - CL A,20260901,0,4956,2026-09-02
AIG,AMERICAN INTERNATIONAL GROUP,20260901,0,4956,2026-09-02
AII,AMERICAN INTEGRITY INSURANCE,20260901,0,4956,2026-09-02
AIIA,AI INFRASTRUCTURE AC-A,20260901,0,4956,2026-09-02
AIIO,ROBO.AI INC,20260901,0,4956,2026-09-02
AIIR,AIR HOLDINGS LTD,20260901,0,4956,2026-09-02
AIM,AIM IMMUNOTECH INC,20260901,0,4956,2026-09-02
AIMD,AINOS INC,20260901,0,4956,2026-09-02
AIN,ALBANY INTL CORP-CL A,20260901,0,4956,2026-09-02
AIOS,AIOS TECH INC,20260901,0,4956,2026-09-02
AIOT,POWERFLEET INC,20260901,0,4956,2026-09-02
AIP,ARTERIS INC,20260901,0,4956,2026-09-02
AIR,AAR CORP,20260901,0,4956,2026-09-02
AIRE,REALPHA TECH CORP,20260901,0,4956,2026-09-02
AIRG,AIRGAIN INC,20260901,0,4956,2026-09-02
AIRI,AIR INDUSTRIES GROUP,20260901,0,4956,2026-09-02
AIRJ,AIRJOULE TECHNOLOGIES CORP,20260901,0,4956,2026-09-02
AIRO,AIRO GROUP HOLDINGS INC,20260901,0,4956,2026-09-02
AIRS,AIRSCULPT TECHNOLOGIES INC,20260901,0,4956,2026-09-02
AIRT,AIR T INC,20260901,0,4956,2026-09-02
AISP,AIRSHIP AI HOLDINGS INC,20260901,0,4956,2026-09-02
AIT,APPLIED INDUSTRIAL TECH INC,20260901,0,4956,2026-09-02
AIXC,AIXCRYPTO HOLDINGS INC,20260901,0,4956,2026-09-02
AIZ,ASSURANT INC,20260901,0,4956,2026-09-02
AJG,ARTHUR J GALLAGHER & CO,20260901,0,4956,2026-09-02
AKA,AKA BRANDS HOLDING CORP,20260901,0,4956,2026-09-02
AKAM,AKAMAI TECHNOLOGIES INC,20260901,0,4956,2026-09-02
AKAN,AKANDA CORP,20260901,0,4956,2026-09-02
AKBA,AKEBIA THERAPEUTICS INC,20260901,0,4956,2026-09-02
AKTS,AKTIS ONCOLOGY INC,20260901,0,4956,2026-09-02
ALAB,ASTERA LABS INC,20260901,0,4956,2026-09-02
ALB,ALBEMARLE CORP,20260901,0,4956,2026-09-02
ALC,ALCON INC,20260901,0,4956,2026-09-02
ALCO,ALICO INC,20260901,0,4956,2026-09-02
ALDF,ALDEL FINANCIAL II INC,20260901,0,4956,2026-09-02
ALDX,ALDEYRA THERAPEUTICS INC,20260901,0,4956,2026-09-02
ALEC,ALECTOR INC,20260901,0,4956,2026-09-02
ALF,CENTURION ACQUISITION CORP,20260901,0,4956,2026-09-02
ALG,ALAMO GROUP INC,20260901,0,4956,2026-09-02
ALGM,ALLEGRO MICROSYSTEMS INC,20260901,0,4956,2026-09-02
ALGN,ALIGN TECHNOLOGY INC,20260901,0,4956,2026-09-02
ALGS,ALIGOS THERAPEUTICS INC,20260901,0,4956,2026-09-02
ALGT,ALLEGIANT TRAVEL CO,20260901,0,4956,2026-09-02
ALH,ALLIANCE LAUNDRY HOLDINGS IN,20260901,0,4956,2026-09-02
ALHC,ALIGNMENT HEALTHCARE INC,20260901,0,4956,2026-09-02
ALIS,CALISA ACQUISITION CORP,20260901,0,4956,2026-09-02
ALIT,ALIGHT INC - CLASS A,20260901,0,4956,2026-09-02
ALK,ALASKA AIR GROUP INC,20260901,0,4956,2026-09-02
ALKS,ALKERMES PLC,20260901,0,4956,2026-09-02
ALKT,ALKAMI TECHNOLOGY INC,20260901,0,4956,2026-09-02
ALL,ALLSTATE CORP,20260901,0,4956,2026-09-02
ALLE,ALLEGION PLC,20260901,0,4956,2026-09-02
ALLO,ALLOGENE THERAPEUTICS INC,20260901,0,4956,2026-09-02
ALLR,ALLARITY THERAPEUTICS INC,20260901,0,4956,2026-09-02
ALLT,ALLOT LTD,20260901,0,4956,2026-09-02
ALLY,ALLY FINANCIAL INC,20260901,0,4956,2026-09-02
ALM,ALMONTY INDUSTRIES INC,20260901,0,4956,2026-09-02
ALMR,ALAMAR BIOSCIENCES INC,20260901,0,4956,2026-09-02
ALMS,ALUMIS INC,20260901,0,4956,2026-09-02
ALMU,AELUMA INC,20260901,0,4956,2026-09-02
ALNT,ALLIENT INC,20260901,0,4956,2026-09-02
ALNY,ALNYLAM PHARMACEUTICALS INC,20260901,0,4956,2026-09-02
ALOV,ALDABRA 4 LIQUIDITY OPP-CL A,20260901,0,4956,2026-09-02
ALOY,REALLOYS INC,20260901,0,4956,2026-09-02
ALP,ALPHA COMPUTE CORP,20260901,0,4956,2026-09-02
ALPS,ALPS GROUP INC,20260901,0,4956,2026-09-02
ALPX,ALPEX ACQUISITION CORP-CL A,20260901,0,4956,2026-09-02
ALRM,ALARM.COM HOLDINGS INC,20260901,0,4956,2026-09-02
ALRS,ALERUS FINANCIAL CORP,20260901,0,4956,2026-09-02
ALSN,ALLISON TRANSMISSION HOLDING,20260901,0,4956,2026-09-02
ALT,ALTIMMUNE INC,20260901,0,4956,2026-09-02
ALTG,ALTA EQUIPMENT GROUP INC,20260901,0,4956,2026-09-02
ALTI,ALTI GLOBAL INC,20260901,0,4956,2026-09-02
ALTO,ALTO INGREDIENTS INC,20260901,0,4956,2026-09-02
ALUB,ALUSSA ENERGY ACQUISIT II-A,20260901,0,4956,2026-09-02
ALV,AUTOLIV INC,20260901,0,4956,2026-09-02
ALVO,ALVOTECH SA,20260901,0,4956,2026-09-02
ALXO,ALX ONCOLOGY HOLDINGS INC,20260901,0,4956,2026-09-02
ALZN,ALZAMEND NEURO INC,20260901,0,4956,2026-09-02
AM,ANTERO MIDSTREAM CORP,20260901,0,4956,2026-09-02
AMAL,AMALGAMATED FINANCIAL CORP,20260901,0,4956,2026-09-02
AMAN,AMANAT ACQUISITION CORP CL A,20260901,0,4956,2026-09-02
AMAT,APPLIED MATERIALS INC,20260901,0,4956,2026-09-02
AMBA,AMBARELLA INC,20260901,0,4956,2026-09-02
AMBP,ARDAGH METAL PACKAGING SA,20260901,0,4956,2026-09-02
AMBQ,AMBIQ MICRO INC,20260901,0,4956,2026-09-02
AMC,AMC ENTERTAINMENT HLDS-CL A,20260901,0,4956,2026-09-02
AMCI,AMC ROBOTICS CORP,20260901,0,4956,2026-09-02
AMCR,AMCOR PLC,20260901,0,4956,2026-09-02
AMCX,AMC GLOBAL MEDIA INC,20260901,0,4956,2026-09-02
AMD,ADVANCED MICRO DEVICES,20260901,0,4956,2026-09-02
AME,AMETEK INC,20260901,0,4956,2026-09-02
AMG,AFFILIATED MANAGERS GROUP,20260901,0,4956,2026-09-02
AMGN,AMGEN INC,20260901,0,4956,2026-09-02
AMIX,AUTONOMIX MEDICAL INC,20260901,0,4956,2026-09-02
AMKR,AMKOR TECHNOLOGY INC,20260901,0,4956,2026-09-02
AMLX,AMYLYX PHARMACEUTICALS INC,20260901,0,4956,2026-09-02
AMN,AMN HEALTHCARE SERVICES INC,20260901,0,4956,2026-09-02
AMOD,ALPHA MODUS HOLDINGS INC,20260901,0,4956,2026-09-02
AMP,AMERIPRISE FINANCIAL INC,20260901,0,4956,2026-09-02
AMPG,AMPLITECH GROUP INC,20260901,0,4956,2026-09-02
AMPH,AMPHASTAR PHARMACEUTICALS IN,20260901,0,4956,2026-09-02
AMPL,AMPLITUDE INC-CLASS A,20260901,0,4956,2026-09-02
AMPX,AMPRIUS TECHNOLOGIES INC,20260901,0,4956,2026-09-02
AMPY,AMPLIFY ENERGY CORP,20260901,0,4956,2026-09-02
AMR,ALPHA METALLURGICAL RESOURCE,20260901,0,4956,2026-09-02
AMRC,AMERESCO INC-CL A,20260901,0,4956,2026-09-02
AMRX,AMNEAL PHARMACEUTICALS INC,20260901,0,4956,2026-09-02
AMRZ,AMRIZE LTD,20260901,0,4956,2026-09-02
AMS,AMERICAN SHARED HOSPITAL SER,20260901,0,4956,2026-09-02
AMSC,AMERICAN SUPERCONDUCTOR CORP,20260901,0,4956,2026-09-02
AMSF,AMERISAFE INC,20260901,0,4956,2026-09-02
AMSS,AMASS BRANDS INC,20260901,0,4956,2026-09-02
AMST,AMESITE INC,20260901,0,4956,2026-09-02
AMTB,AMERANT BANCORP INC,20260901,0,4956,2026-09-02
AMTM,AMENTUM HOLDINGS INC,20260901,0,4956,2026-09-02
AMTX,AEMETIS INC,20260901,0,4956,2026-09-02
AMWL,AMERICAN WELL CORP-CLASS A,20260901,0,4956,2026-09-02
AMZE,AMAZE HOLDINGS INC,20260901,0,4956,2026-09-02
AMZN,AMAZON.COM INC,20260901,0,4956,2026-09-02
AN,AUTONATION INC,20260901,0,4956,2026-09-02
ANAB,ANAPTYSBIO INC,20260901,0,4956,2026-09-02
ANDE,ANDERSONS INC/THE,20260901,0,4956,2026-09-02
ANDG,ANDERSEN GROUP INC - A,20260901,0,4956,2026-09-02
ANET,ARISTA NETWORKS INC,20260901,0,4956,2026-09-02
ANF,ABERCROMBIE & FITCH CO-CL A,20260901,0,4956,2026-09-02
ANGH,ANGHAMI INC,20260901,0,4956,2026-09-02
ANGI,ANGI INC,20260901,0,4956,2026-09-02
ANGO,ANGIODYNAMICS INC,20260901,0,4956,2026-09-02
ANGX,ANGEL STUDIOS INC,20260901,0,4956,2026-09-02
ANIK,ANIKA THERAPEUTICS INC,20260901,0,4956,2026-09-02
ANIP,ANI PHARMACEUTICALS INC,20260901,0,4956,2026-09-02
ANIX,ANIXA BIOSCIENCES INC,20260901,0,4956,2026-09-02
ANNA,ALEANNA INC,20260901,0,4956,2026-09-02
ANNX,ANNEXON INC,20260901,0,4956,2026-09-02
ANPA,RICH SPARKLE HOLDINGS LTD,20260901,0,4956,2026-09-02
ANRO,ALTO NEUROSCIENCE INC,20260901,0,4956,2026-09-02
ANTA,ANTALPHA PLATFORM HLDNG CO-A,20260901,0,4956,2026-09-02
ANTX,AN2 THERAPEUTICS INC,20260901,0,4956,2026-09-02
ANVS,ANNOVIS BIO,20260901,0,4956,2026-09-02
ANY,SPHERE 3D CORP,20260901,0,4956,2026-09-02
AON,AON PLC-CLASS A,20260901,0,4956,2026-09-02
AORT,ARTIVION INC,20260901,0,4956,2026-09-02
AOS,SMITH (A.O.) CORP,20260901,0,4956,2026-09-02
AOSL,ALPHA & OMEGA SEMICONDUCTOR,20260901,0,4956,2026-09-02
AOUT,AMERICAN OUTDOOR BRANDS INC,20260901,0,4956,2026-09-02
AP,AMPCO-PITTSBURGH CORP,20260901,0,4956,2026-09-02
APA,APA CORP,20260901,0,4956,2026-09-02
APAC,STONEBRIDGE ACQUISITION CL A,20260901,0,4956,2026-09-02
APAM,ARTISAN PARTNERS ASSET MA -A,20260901,0,4956,2026-09-02
APC,ARKO PETROLEUM CORP,20260901,0,4956,2026-09-02
APD,AIR PRODUCTS & CHEMICALS INC,20260901,0,4956,2026-09-02
APEI,AMERICAN PUBLIC EDUCATION,20260901,0,4956,2026-09-02
APG,API GROUP CORP,20260901,0,4956,2026-09-02
APGE,APOGEE THERAPEUTICS INC,20260901,0,4956,2026-09-02
APH,AMPHENOL CORP-CL A,20260901,0,4956,2026-09-02
APLD,APPLIED DIGITAL CORP,20260901,0,4956,2026-09-02
APLM,APOLLOMICS INC,20260901,0,4956,2026-09-02
APMC,AMPERCAP ACQUISITION CO,20260901,0,4956,2026-09-02
APMD,APNIMED INC,20260901,0,4956,2026-09-02
APO,APOLLO GLOBAL MANAGEMENT INC,20260901,0,4956,2026-09-02
APOG,APOGEE ENTERPRISES INC,20260901,0,4956,2026-09-02
APP,APPLOVIN CORP-CLASS A,20260901,0,4956,2026-09-02
APPF,APPFOLIO INC - A,20260901,0,4956,2026-09-02
APPN,APPIAN CORP-A,20260901,0,4956,2026-09-02
APPS,DIGITAL TURBINE INC,20260901,0,4956,2026-09-02
APRE,APREA THERAPEUTICS INC,20260901,0,4956,2026-09-02
APT,ALPHA PRO TECH LTD,20260901,0,4956,2026-09-02
APTV,APTIV PLC,20260901,0,4956,2026-09-02
APUR,APERTURE AC- CL A,20260901,0,4956,2026-09-02
APUS,APIMEDS PHARMACEUTICALS US I,20260901,0,4956,2026-09-02
APVO,APTEVO THERAPEUTICS INC,20260901,0,4956,2026-09-02
APWC,ASIA PACIFIC WIRE & CABLE,20260901,0,4956,2026-09-02
APXT,APEX TREASURY CORP-CL A,20260901,0,4956,2026-09-02
APYX,APYX MEDICAL CORP,20260901,0,4956,2026-09-02
AQB,AQUABOUNTY TECHNOLOGIES,20260901,0,4956,2026-09-02
AQMS,AQUA METALS INC,20260901,0,4956,2026-09-02
AQN,ALGONQUIN POWER & UTILITIES,20260901,0,4956,2026-09-02
AQST,AQUESTIVE THERAPEUTICS INC,20260901,0,4956,2026-09-02
AR,ANTERO RESOURCES CORP,20260901,0,4956,2026-09-02
ARAI,ARRIVE AI INC,20260901,0,4956,2026-09-02
ARAY,ACCURAY INC,20260901,0,4956,2026-09-02
ARBB,ARB IOT GROUP LTD,20260901,0,4956,2026-09-02
ARBE,ARBE ROBOTICS LTD,20260901,0,4956,2026-09-02
ARCB,ARCBEST CORP,20260901,0,4956,2026-09-02
ARCC,ARES CAPITAL CORP,20260901,0,4956,2026-09-02
ARCI,ARCHIMEDES TECH SPAC PARTNER,20260901,0,4956,2026-09-02
ARCL,ARC GROUP ACQUISITION I CORP,20260901,0,4956,2026-09-02
ARCO,ARCOS DORADOS HOLDINGS INC-A,20260901,0,4956,2026-09-02
ARCT,ARCTURUS THERAPEUTICS HOLDIN,20260901,0,4956,2026-09-02
ARDT,ARDENT HEALTH INC,20260901,0,4956,2026-09-02
ARDX,ARDELYX INC,20260901,0,4956,2026-09-02
AREC,AMERICAN RESOURCES CORP,20260901,0,4956,2026-09-02
ARES,ARES MANAGEMENT CORP - A,20260901,0,4956,2026-09-02
ARHS,ARHAUS INC,20260901,0,4956,2026-09-02
ARIS,ARIS MINING CORP,20260901,0,4956,2026-09-02
ARKO,ARKO CORP,20260901,0,4956,2026-09-02
ARKR,ARK RESTAURANTS CORP,20260901,0,4956,2026-09-02
ARL,AMERICAN REALTY INVESTORS IN,20260901,0,4956,2026-09-02
ARLO,ARLO TECHNOLOGIES INC,20260901,0,4956,2026-09-02
ARMK,ARAMARK,20260901,0,4956,2026-09-02
ARMP,ARMATA PHARMACEUTICALS INC,20260901,0,4956,2026-09-02
AROC,ARCHROCK INC,20260901,0,4956,2026-09-02
AROW,ARROW FINANCIAL CORP,20260901,0,4956,2026-09-02
ARQ,ARQ INC,20260901,0,4956,2026-09-02
ARQQ,ARQIT QUANTUM INC,20260901,0,4956,2026-09-02
ARQT,ARCUTIS BIOTHERAPEUTICS INC,20260901,0,4956,2026-09-02
ARRY,ARRAY TECHNOLOGIES INC,20260901,0,4956,2026-09-02
ARTC,ART TECHNOLOGY ACQUISIT-CL A,20260901,0,4956,2026-09-02
ARTL,ARTELO BIOSCIENCES INC,20260901,0,4956,2026-09-02
ARTNA,ARTESIAN RESOURCES CORP-CL A,20260901,0,4956,2026-09-02
ARTV,ARTIVA BIOTHERAPEUTICS INC,20260901,0,4956,2026-09-02
ARTW,ART'S-WAY MANUFACTURING CO,20260901,0,4956,2026-09-02
ARVN,ARVINAS INC,20260901,0,4956,2026-09-02
ARW,ARROW ELECTRONICS INC,20260901,0,4956,2026-09-02
ARWR,ARROWHEAD PHARMACEUTICALS IN,20260901,0,4956,2026-09-02
ARX,ACCELERANT HOLDINGS-CL A,20260901,0,4956,2026-09-02
ARXS,ARXIS INC-A,20260901,0,4956,2026-09-02
AS,AMER SPORTS INC,20260901,0,4956,2026-09-02
ASAN,ASANA INC - CL A,20260901,0,4956,2026-09-02
ASB,ASSOCIATED BANC-CORP,20260901,0,4956,2026-09-02
ASBP,ASPIRE BIOPHARMA HOLDINGS IN,20260901,0,4956,2026-09-02
ASC,ARDMORE SHIPPING CORP,20260901,0,4956,2026-09-02
ASH,ASHLAND INC,20260901,0,4956,2026-09-02
ASIC,ATEGRITY SPECIALTY HOLDINGS,20260901,0,4956,2026-09-02
ASIX,ADVANSIX INC,20260901,0,4956,2026-09-02
ASLE,AERSALE CORP,20260901,0,4956,2026-09-02
ASM,AVINO SILVER & GOLD MINES,20260901,0,4956,2026-09-02
ASMB,ASSEMBLY BIOSCIENCES INC,20260901,0,4956,2026-09-02
ASND,ASCENDIS PHARMA A/S,20260901,0,4956,2026-09-02
ASO,ACADEMY SPORTS & OUTDOORS IN,20260901,0,4956,2026-09-02
ASPC,A SPAC III ACQUISITION-CL A,20260901,0,4956,2026-09-02
ASPI,ASP ISOTOPES INC,20260901,0,4956,2026-09-02
ASPN,ASPEN AEROGELS INC,20260901,0,4956,2026-09-02
ASPS,ALTISOURCE PORTFOLIO SOL,20260901,0,4956,2026-09-02
ASRV,AMERISERV FINANCIAL INC,20260901,0,4956,2026-09-02
ASST,STRIVE INC-A,20260901,0,4956,2026-09-02
ASTC,ASTROTECH CORP,20260901,0,4956,2026-09-02
ASTE,ASTEC INDUSTRIES INC,20260901,0,4956,2026-09-02
ASTH,ASTRANA HEALTH INC,20260901,0,4956,2026-09-02
ASTI,ASCENT SOLAR TECHNOLOGIES,20260901,0,4956,2026-09-02
ASTL,ALGOMA STEEL GROUP INC,20260901,0,4956,2026-09-02
ASTS,AST SPACEMOBILE INC,20260901,0,4956,2026-09-02
ASUR,ASURE SOFTWARE INC,20260901,0,4956,2026-09-02
ASYS,AMTECH SYSTEMS INC,20260901,0,4956,2026-09-02
ATAI,ATAIBECKLEY INC,20260901,0,4956,2026-09-02
ATCH,ATLASCLEAR HOLDINGS INC,20260901,0,4956,2026-09-02
ATCX,ATLAS CRITICAL MINERALS CORP,20260901,0,4956,2026-09-02
ATEC,ALPHATEC HOLDINGS INC,20260901,0,4956,2026-09-02
ATEN,A10 NETWORKS INC,20260901,0,4956,2026-09-02
ATER,ATERIAN INC,20260901,0,4956,2026-09-02
ATEX,ANTERIX INC,20260901,0,4956,2026-09-02
ATGL,ALPHA TECHNOLOGY GROUP LTD-A,20260901,0,4956,2026-09-02
ATHR,AETHER HOLDINGS INC,20260901,0,4956,2026-09-02
ATI,ATI INC,20260901,0,4956,2026-09-02
ATII,ARCHIMEDES TECH SPAC PARTNER,20260901,0,4956,2026-09-02
ATKR,ATKORE INC,20260901,0,4956,2026-09-02
ATLC,ATLANTICUS HOLDINGS CORP,20260901,0,4956,2026-09-02
ATLO,AMES NATIONAL CORP,20260901,0,4956,2026-09-02
ATLQ,JAB ACQUISITION CORP I CL-A,20260901,0,4956,2026-09-02
ATLX,ATLAS LITHIUM INC,20260901,0,4956,2026-09-02
ATMU,ATMUS FILTRATION TECHNOLOGIE,20260901,0,4956,2026-09-02
ATNI,ATN INTERNATIONAL INC,20260901,0,4956,2026-09-02
ATNM,ACTINIUM PHARMACEUTICALS INC,20260901,0,4956,2026-09-02
ATO,ATMOS ENERGY CORP,20260901,0,4956,2026-09-02
ATOM,ATOMERA INC,20260901,0,4956,2026-09-02
ATOS,ATOSSA THERAPEUTICS INC,20260901,0,4956,2026-09-02
ATPC,AGAPE ATP CORP,20260901,0,4956,2026-09-02
ATR,APTARGROUP INC,20260901,0,4956,2026-09-02
ATRA,ATARA BIOTHERAPEUTICS INC,20260901,0,4956,2026-09-02
ATRC,ATRICURE INC,20260901,0,4956,2026-09-02
ATRO,ASTRONICS CORP,20260901,0,4956,2026-09-02
ATS,ATS CORP,20260901,0,4956,2026-09-02
ATTO,ATTOVIA THERAPEUTICS INC,20260901,0,4956,2026-09-02
ATXG,ADDENTAX GROUP CORP,20260901,0,4956,2026-09-02
ATYR,ATYR PHARMA INC,20260901,0,4956,2026-09-02
AU,ANGLOGOLD ASHANTI PLC,20260901,0,4956,2026-09-02
AUB,ATLANTIC UNION BANKSHARES CO,20260901,0,4956,2026-09-02
AUBN,AUBURN NATL BANCORPORATION,20260901,0,4956,2026-09-02
AUC,ATIF HOLDINGS LTD,20260901,0,4956,2026-09-02
AUDC,AUDIOCODES LTD,20260901,0,4956,2026-09-02
AUGO,AURA MINERALS INC,20260901,0,4956,2026-09-02
AUID,AUTHID INC,20260901,0,4956,2026-09-02
AUNA,AUNA SA-CLASS A,20260901,0,4956,2026-09-02
AUPH,AURINIA PHARMACEUTICALS INC,20260901,0,4956,2026-09-02
AUR,AURORA INNOVATION INC,20260901,0,4956,2026-09-02
AURA,AURA BIOSCIENCES INC,20260901,0,4956,2026-09-02
AURE,AURELION INC,20260901,0,4956,2026-09-02
AUST,AUSTIN GOLD CORP,20260901,0,4956,2026-09-02
AUUD,AUDDIA INC,20260901,0,4956,2026-09-02
AVA,AVISTA CORP,20260901,0,4956,2026-09-02
AVAH,AVEANNA HEALTHCARE HOLDINGS,20260901,0,4956,2026-09-02
AVAT,AVALANCHE TREASURY CORP-CL A,20260901,0,4956,2026-09-02
AVAV,AEROVIRONMENT INC,20260901,0,4956,2026-09-02
AVBC,AVIDIA BANCORP INC,20260901,0,4956,2026-09-02
AVBH,AVIDBANK HOLDINGS INC,20260901,0,4956,2026-09-02
AVBP,ARRIVENT BIOPHARMA INC,20260901,0,4956,2026-09-02
AVD,AMERICAN VANGUARD CORP,20260901,0,4956,2026-09-02
AVEX,AEVEX CORP-CL A,20260901,0,4956,2026-09-02
AVGO,BROADCOM INC,20260901,0,4956,2026-09-02
AVIR,ATEA PHARMACEUTICALS INC,20260901,0,4956,2026-09-02
AVLN,AVALYN PHARMA INC,20260901,0,4956,2026-09-02
AVNT,AVIENT CORP,20260901,0,4956,2026-09-02
AVNW,AVIAT NETWORKS INC,20260901,0,4956,2026-09-02
AVO,MISSION PRODUCE INC,20260901,0,4956,2026-09-02
AVPT,AVEPOINT INC,20260901,0,4956,2026-09-02
AVR,ANTERIS TECHNOLOGIES GLOBAL,20260901,0,4956,2026-09-02
AVT,AVNET INC,20260901,0,4956,2026-09-02
AVTR,AVANTOR INC,20260901,0,4956,2026-09-02
AVTX,AVALO THERAPEUTICS INC,20260901,0,4956,2026-09-02
AVX,AVAX ONE TECHNOLOGY LTD,20260901,0,4956,2026-09-02
AVXL,ANAVEX LIFE SCIENCES CORP,20260901,0,4956,2026-09-02
AVY,AVERY DENNISON CORP,20260901,0,4956,2026-09-02
AWI,ARMSTRONG WORLD INDUSTRIES,20260901,0,4956,2026-09-02
AWK,AMERICAN WATER WORKS CO INC,20260901,0,4956,2026-09-02
AWR,AMERICAN STATES WATER CO,20260901,0,4956,2026-09-02
AWRE,AWARE INC/MASS,20260901,0,4956,2026-09-02
AWX,AVALON HOLDINGS CORP-A,20260901,0,4956,2026-09-02
AX,AXOS FINANCIAL INC,20260901,0,4956,2026-09-02
AXG,SOLOWIN HOLDINGS-CL A,20260901,0,4956,2026-09-02
AXGN,AXOGEN INC,20260901,0,4956,2026-09-02
AXIL,AXIL BRANDS INC,20260901,0,4956,2026-09-02
AXIN,AXIOM INTELLIGENCE-CL A,20260901,0,4956,2026-09-02
AXON,AXON ENTERPRISE INC,20260901,0,4956,2026-09-02
AXP,AMERICAN EXPRESS CO,20260901,0,4956,2026-09-02
AXR,AMREP CORP,20260901,0,4956,2026-09-02
AXS,AXIS CAPITAL HOLDINGS LTD,20260901,0,4956,2026-09-02
AXSM,AXSOME THERAPEUTICS INC,20260901,0,4956,2026-09-02
AXTA,AXALTA COATING SYSTEMS LTD,20260901,0,4956,2026-09-02
AXTI,AXT INC,20260901,0,4956,2026-09-02
AYA,AYA GOLD & SILVER INC,20260901,0,4956,2026-09-02
AYI,ACUITY INC,20260901,0,4956,2026-09-02
AYTU,AYTU BIOPHARMA INC,20260901,0,4956,2026-09-02
AZ,A2Z CUST2MATE SOLUTIONS CORP,20260901,0,4956,2026-09-02
AZI,AUTOZI INTERNET TECHNOLOGY-A,20260901,0,4956,2026-09-02
AZIO,AZIO AI HOLDINGS INC,20260901,0,4956,2026-09-02
AZN,ASTRAZENECA PLC,20260901,0,4956,2026-09-02
AZO,AUTOZONE INC,20260901,0,4956,2026-09-02
AZTA,AZENTA INC,20260901,0,4956,2026-09-02
AZTR,AZITRA INC,20260901,0,4956,2026-09-02
AZZ,AZZ INC,20260901,0,4956,2026-09-02
B,BARRICK MINING CORP,20260901,0,4956,2026-09-02
BA,BOEING CO/THE,20260901,0,4956,2026-09-02
BAC,BANK OF AMERICA CORP,20260901,0,4956,2026-09-02
BACC,BLUE ACQUISITION CORP-CL A,20260901,0,4956,2026-09-02
BAER,BRIDGER AEROSPACE GROUP HOLD,20260901,0,4956,2026-09-02
BAFN,BAYFIRST FINANCIAL CORP,20260901,0,4956,2026-09-02
BAH,BOOZ ALLEN HAMILTON HOLDINGS,20260901,0,4956,2026-09-02
BALL,BALL CORP,20260901,0,4956,2026-09-02
BALY,BALLY'S CORP,20260901,0,4956,2026-09-02
BAM,BROOKFIELD ASSET MGMT-A,20260901,0,4956,2026-09-02
BANC,BANC OF CALIFORNIA INC,20260901,0,4956,2026-09-02
BAND,BANDWIDTH INC-CLASS A,20260901,0,4956,2026-09-02
BANF,BANCFIRST CORP,20260901,0,4956,2026-09-02
BANL,CBL INTERNATIONAL LTD-B,20260901,0,4956,2026-09-02
BANR,BANNER CORPORATION,20260901,0,4956,2026-09-02
BAOS,BAOSHENG MEDIA GROUP HOLDING,20260901,0,4956,2026-09-02
BAP,CREDICORP LTD,20260901,0,4956,2026-09-02
BARK,BARK INC,20260901,0,4956,2026-09-02
BATL,BATTALION OIL CORP,20260901,0,4956,2026-09-02
BATRA,ATLANTA BRAVES HOLDINGS IN-A,20260901,0,4956,2026-09-02
BATRK,ATLANTA BRAVES HOLDINGS IN-C,20260901,0,4956,2026-09-02
BAX,BAXTER INTERNATIONAL INC,20260901,0,4956,2026-09-02
BB,BLACKBERRY LTD,20260901,0,4956,2026-09-02
BBAI,BIGBEAR.AI HOLDINGS INC,20260901,0,4956,2026-09-02
BBCP,CONCRETE PUMPING HOLDINGS IN,20260901,0,4956,2026-09-02
BBDC,BARINGS BDC INC,20260901,0,4956,2026-09-02
BBGI,BEASLEY BROADCAST GRP INC -A,20260901,0,4956,2026-09-02
BBIO,BRIDGEBIO PHARMA INC,20260901,0,4956,2026-09-02
BBLG,BONE BIOLOGICS CORP,20260901,0,4956,2026-09-02
BBNX,BETA BIONICS INC,20260901,0,4956,2026-09-02
BBOT,BRIDGEBIO ONCOLOGY THERAPEUT,20260901,0,4956,2026-09-02
BBSI,BARRETT BUSINESS SVCS INC,20260901,0,4956,2026-09-02
BBT,BEACON FINANCIAL CORP,20260901,0,4956,2026-09-02
BBUC,BROOKFIELD BUSINESS CORP-A,20260901,0,4956,2026-09-02
BBW,BUILD-A-BEAR WORKSHOP INC,20260901,0,4956,2026-09-02
BBWI,BATH & BODY WORKS INC,20260901,0,4956,2026-09-02
BBY,BEST BUY CO INC,20260901,0,4956,2026-09-02
BC,BRUNSWICK CORP,20260901,0,4956,2026-09-02
BCAL,CALIFORNIA BANCORP,20260901,0,4956,2026-09-02
BCAX,BICARA THERAPEUTICS INC,20260901,0,4956,2026-09-02
BCBP,BCB BANCORP INC,20260901,0,4956,2026-09-02
BCC,BOISE CASCADE CO,20260901,0,4956,2026-09-02
BCCQ,BLEICHROEDER ACQUISITION C-A,20260901,0,4956,2026-09-02
BCDA,BIOCARDIA INC,20260901,0,4956,2026-09-02
BCE,BCE INC,20260901,0,4956,2026-09-02
BCG,BINAH CAPITAL GROUP INC,20260901,0,4956,2026-09-02
BCHT,BIRCHTECH CORP,20260901,0,4956,2026-09-02
BCIC,BCP INVESTMENT CORP,20260901,0,4956,2026-09-02
BCML,BAYCOM CORP,20260901,0,4956,2026-09-02
BCO,BRINK'S CO/THE,20260901,0,4956,2026-09-02
BCPC,BALCHEM CORP,20260901,0,4956,2026-09-02
BCRX,BIOCRYST PHARMACEUTICALS INC,20260901,0,4956,2026-09-02
BCSF,BAIN CAPITAL SPECIALTY FINAN,20260901,0,4956,2026-09-02
BCSS,BAIN CAPITAL GSS INV- A,20260901,0,4956,2026-09-02
BCTX,BRIACELL THERAPEUTICS CORP,20260901,0,4956,2026-09-02
BDC,BELDEN INC,20260901,0,4956,2026-09-02
BDCI,BTC DEVELOPMENT CORP-CL A,20260901,0,4956,2026-09-02
BDL,FLANIGAN'S ENTERPRISES INC,20260901,0,4956,2026-09-02
BDMD,BAIRD MEDICAL INVESTMENT HOL,20260901,0,4956,2026-09-02
BDSX,BIODESIX INC,20260901,0,4956,2026-09-02
BDTX,BLACK DIAMOND THERAPEUTICS I,20260901,0,4956,2026-09-02
BDX,BECTON DICKINSON AND CO,20260901,0,4956,2026-09-02
BE,BLOOM ENERGY CORP- A,20260901,0,4956,2026-09-02
BEAG,BOLD EAGLE ACQUISITION COR-A,20260901,0,4956,2026-09-02
BEAM,BEAM THERAPEUTICS INC,20260901,0,4956,2026-09-02
BEAT,HEARTBEAM INC,20260901,0,4956,2026-09-02
BEBE,TGE VALUE CREATIVE SOLU-CL A,20260901,0,4956,2026-09-02
BEEM,BEAM GLOBAL,20260901,0,4956,2026-09-02
BEEP,MOBILE INFRASTRUCTURE CORP,20260901,0,4956,2026-09-02
BELFA,BEL FUSE INC-CL A,20260901,0,4956,2026-09-02
BELFB,BEL FUSE INC-CL B,20260901,0,4956,2026-09-02
BEN,FRANKLIN TEMPLETON INC,20260901,0,4956,2026-09-02
BENF,BENEFICIENT - CLASS A,20260901,0,4956,2026-09-02
BEPC,BROOKFIELD RENEWABLE CORP,20260901,0,4956,2026-09-02
BESS,BIMERGEN ENERGY CORP,20260901,0,4956,2026-09-02
BETA,BETA TECHNOLOGIES INC -CL A,20260901,0,4956,2026-09-02
BETR,BETTER HOME & FINANCE HOLDIN,20260901,0,4956,2026-09-02
BFAM,BRIGHT HORIZONS FAMILY SOLUT,20260901,0,4956,2026-09-02
BFC,BANK FIRST CORP,20260901,0,4956,2026-09-02
BFH,BREAD FINANCIAL HOLDINGS INC,20260901,0,4956,2026-09-02
BFLY,BUTTERFLY NETWORK INC,20260901,0,4956,2026-09-02
BFRG,BULLFROG AI HOLDINGS INC,20260901,0,4956,2026-09-02
BFRI,BIOFRONTERA INC,20260901,0,4956,2026-09-02
BFST,BUSINESS FIRST BANCSHARES,20260901,0,4956,2026-09-02
BG,BUNGE GLOBAL SA,20260901,0,4956,2026-09-02
BGC,BGC GROUP INC-A,20260901,0,4956,2026-09-02
BGDE,BIG DIGITAL ENERGY INC,20260901,0,4956,2026-09-02
BGIN,BGIN BLOCKCHAIN LTD CL A,20260901,0,4956,2026-09-02
BGL,BLUE GOLD LTD-CL A,20260901,0,4956,2026-09-02
BGLC,BIONEXUS GENE LAB CORP,20260901,0,4956,2026-09-02
BGM,BGM GROUP LTD,20260901,0,4956,2026-09-02
BGMS,BIO GREEN MED SOLUTION INC,20260901,0,4956,2026-09-02
BGS,B&G FOODS INC,20260901,0,4956,2026-09-02
BGSF,BGSF INC,20260901,0,4956,2026-09-02
BGSI,BOYD GROUP SERVICES INC,20260901,0,4956,2026-09-02
BH,BIGLARI HOLDINGS INC-B,20260901,0,4956,2026-09-02
BHAV,BHAV ACQUISITION CORP - CL A,20260901,0,4956,2026-09-02
BHB,BAR HARBOR BANKSHARES,20260901,0,4956,2026-09-02
BHC,BAUSCH HEALTH COS INC,20260901,0,4956,2026-09-02
BHE,BENCHMARK ELECTRONICS INC,20260901,0,4956,2026-09-02
BHF,BRIGHTHOUSE FINANCIAL INC,20260901,0,4956,2026-09-02
BHRB,BURKE & HERBERT FINANCIAL SE,20260901,0,4956,2026-09-02
BHST,BIOHARVEST SCIENCES INC,20260901,0,4956,2026-09-02
BHVN,BIOHAVEN LTD,20260901,0,4956,2026-09-02
BIAF,BIOAFFINITY TECHNOLOGIES INC,20260901,0,4956,2026-09-02
BID,TRIBECA STRATEGIC ACQUI-CL A,20260901,0,4956,2026-09-02
BIIB,BIOGEN INC,20260901,0,4956,2026-09-02
BIII,BLACK SPADE ACQUISITION-CL A,20260901,0,4956,2026-09-02
BILL,BILL HOLDINGS INC,20260901,0,4956,2026-09-02
BIO,BIO-RAD LABORATORIES-A,20260901,0,4956,2026-09-02
BIOA,BIOAGE LABS INC,20260901,0,4956,2026-09-02
BIOT,INSTINCT BIO TECHNICAL CO HO,20260901,0,4956,2026-09-02
BIOX,BIOCERES CROP SOLUTIONS CORP,20260901,0,4956,2026-09-02
BIPC,BROOKFIELD INFRASTRUCTURE-A,20260901,0,4956,2026-09-02
BIRD,SMARTBIRD INC,20260901,0,4956,2026-09-02
BIRK,BIRKENSTOCK HOLDING PLC,20260901,0,4956,2026-09-02
BIVI,BIOVIE INC,20260901,0,4956,2026-09-02
BIXI,BITCOIN INFRASTRUCTURE-CL A,20260901,0,4956,2026-09-02
BIYA,BAIYA INTERNATIONAL GROUP-A,20260901,0,4956,2026-09-02
BJ,BJ'S WHOLESALE CLUB HOLDINGS,20260901,0,4956,2026-09-02
BJDX,BLUEJAY DIAGNOSTICS INC,20260901,0,4956,2026-09-02
BJRI,BJ'S RESTAURANTS INC,20260901,0,4956,2026-09-02
BKD,BROOKDALE SENIOR LIVING INC,20260901,0,4956,2026-09-02
BKE,BUCKLE INC/THE,20260901,0,4956,2026-09-02
BKH,BLACK HILLS CORP,20260901,0,4956,2026-09-02
BKHA,BLACK HAWK ACQUISITION COR-A,20260901,0,4956,2026-09-02
BKKT,BAKKT INC,20260901,0,4956,2026-09-02
BKNG,BOOKING HOLDINGS INC,20260901,0,4956,2026-09-02
BKR,BAKER HUGHES CO,20260901,0,4956,2026-09-02
BKSY,BLACKSKY TECHNOLOGY INC,20260901,0,4956,2026-09-02
BKTI,BK TECHNOLOGIES CORP,20260901,0,4956,2026-09-02
BKU,BANKUNITED INC,20260901,0,4956,2026-09-02
BKV,BKV CORPORATION,20260901,0,4956,2026-09-02
BKYI,BIO-KEY INTERNATIONAL INC,20260901,0,4956,2026-09-02
BL,BLACKLINE INC,20260901,0,4956,2026-09-02
BLBD,BLUE BIRD CORP,20260901,0,4956,2026-09-02
BLCO,BAUSCH + LOMB CORP,20260901,0,4956,2026-09-02
BLDP,BALLARD POWER SYSTEMS INC,20260901,0,4956,2026-09-02
BLDR,BUILDERS FIRSTSOURCE INC,20260901,0,4956,2026-09-02
BLFS,BIOLIFE SOLUTIONS INC,20260901,0,4956,2026-09-02
BLIN,BRIDGELINE DIGITAL INC,20260901,0,4956,2026-09-02
BLIV,BELIVE HOLDINGS,20260901,0,4956,2026-09-02
BLK,BLACKROCK INC,20260901,0,4956,2026-09-02
BLKB,BLACKBAUD INC,20260901,0,4956,2026-09-02
BLLN,BILLIONTOONE INC CL A,20260901,0,4956,2026-09-02
BLMN,BLOOMIN' BRANDS INC,20260901,0,4956,2026-09-02
BLND,BLEND LABS INC-A,20260901,0,4956,2026-09-02
BLNE,BEELINE HOLDINGS INC,20260901,0,4956,2026-09-02
BLNK,BLINK CHARGING CO,20260901,0,4956,2026-09-02
BLRK,BLUEROCK ACQUISITION CORP-A,20260901,0,4956,2026-09-02
BLSH,BULLISH,20260901,0,4956,2026-09-02
BLSM,BLOSSOMHILL THERAPEUTICS INC,20260901,0,4956,2026-09-02
BLUW,BLUE WATER ACQUISITION C-A,20260901,0,4956,2026-09-02
BLX,BLADEX INC,20260901,0,4956,2026-09-02
BLZE,BACKBLAZE INC-A,20260901,0,4956,2026-09-02
BLZR,TRAILBLAZER ACQUISITION-CL A,20260901,0,4956,2026-09-02
BMBL,BUMBLE INC-A,20260901,0,4956,2026-09-02
BMEA,BIOMEA FUSION INC,20260901,0,4956,2026-09-02
BMGL,BASEL MEDICAL GROUP LTD,20260901,0,4956,2026-09-02
BMHL,BLUEMOUNT HOLDINGS LTD-B,20260901,0,4956,2026-09-02
BMI,BADGER METER INC,20260901,0,4956,2026-09-02
BMM,BLUE MOON METALS INC,20260901,0,4956,2026-09-02
BMNR,BITMINE IMMERSION TECHNOLOGI,20260901,0,4956,2026-09-02
BMO,BANK OF MONTREAL,20260901,0,4956,2026-09-02
BMR,BEAMR IMAGING LTD,20260901,0,4956,2026-09-02
BMRA,BIOMERICA INC,20260901,0,4956,2026-09-02
BMRC,BANK OF MARIN BANCORP/CA,20260901,0,4956,2026-09-02
BMRN,BIOMARIN PHARMACEUTICAL INC,20260901,0,4956,2026-09-02
BMY,BRISTOL-MYERS SQUIBB CO,20260901,0,4956,2026-09-02
BN,BROOKFIELD CORP,20260901,0,4956,2026-09-02
BNAI,BRAND ENGAGEMENT NETWORK INC,20260901,0,4956,2026-09-02
BNC,CEA INDUSTRIES INC,20260901,0,4956,2026-09-02
BNED,BARNES & NOBLE EDUCATION INC,20260901,0,4956,2026-09-02
BNGO,BIONANO GENOMICS INC,20260901,0,4956,2026-09-02
BNKK,BONK INC,20260901,0,4956,2026-09-02
BNS,BANK OF NOVA SCOTIA,20260901,0,4956,2026-09-02
BNT,BROOKFIELD WEALTH SOLUTIONS,20260901,0,4956,2026-09-02
BNTC,BENITEC BIOPHARMA INC,20260901,0,4956,2026-09-02
BNY,BANK OF NEW YORK MELLON CORP,20260901,0,4956,2026-09-02
BOBS,BOB'S DISCOUNT FURNITURE,20260901,0,4956,2026-09-02
BOC,BOSTON OMAHA CORP-CL A,20260901,0,4956,2026-09-02
BODI,BEACHBODY CO INC/THE,20260901,0,4956,2026-09-02
BOF,BRANCHOUT FOOD INC/OR,20260901,0,4956,2026-09-02
BOH,BANK OF HAWAII CORP,20260901,0,4956,2026-09-02
BOKF,BOK FINANCIAL CORPORATION,20260901,0,4956,2026-09-02
BOLD,BOUNDLESS BIO INC,20260901,0,4956,2026-09-02
BOLT,BOLT BIOTHERAPEUTICS INC,20260901,0,4956,2026-09-02
BON,BON NATURAL LIFE LTD-A,20260901,0,4956,2026-09-02
BOOM,DMC GLOBAL INC,20260901,0,4956,2026-09-02
BOOT,BOOT BARN HOLDINGS INC,20260901,0,4956,2026-09-02
BORR,BORR DRILLING LTD,20260901,0,4956,2026-09-02
BOSC,BOS BETTER ON-LINE SOLUTIONS,20260901,0,4956,2026-09-02
BOT,ROBOSTRATEGY INC,20260901,0,4956,2026-09-02
BOTJ,BANK OF THE JAMES FINANCIAL,20260901,0,4956,2026-09-02
BOW,BOWHEAD SPECIALTY HOLDINGS I,20260901,0,4956,2026-09-02
BOX,BOX INC - CLASS A,20260901,0,4956,2026-09-02
BOXL,BOXLIGHT CORP - CLASS A,20260901,0,4956,2026-09-02
BPAC,BLUEPORT ACQUISITION LT-CL A,20260901,0,4956,2026-09-02
BPOP,POPULAR INC,20260901,0,4956,2026-09-02
BPRN,PRINCETON BANCORP INC,20260901,0,4956,2026-09-02
BQ,BOQII HOLDING LTD - CLASS A,20260901,0,4956,2026-09-02
BR,BROADRIDGE FINANCIAL SOLUTIO,20260901,0,4956,2026-09-02
BRAG,BRAGG GAMING GROUP INC,20260901,0,4956,2026-09-02
BRAI,BRAIIN LTD,20260901,0,4956,2026-09-02
BRBR,BELLRING BRANDS INC,20260901,0,4956,2026-09-02
BRBS,BLUE RIDGE BANKSHARES INC,20260901,0,4956,2026-09-02
BRC,BRADY CORPORATION - CL A,20260901,0,4956,2026-09-02
BRCB,BLACK ROCK COFFEE BAR INC-A,20260901,0,4956,2026-09-02
BRCC,BRC INC-A,20260901,0,4956,2026-09-02
BREZ,BREEZE ACQUISITION COR -ORD,20260901,0,4956,2026-09-02
BRFH,BARFRESH FOOD GROUP INC,20260901,0,4956,2026-09-02
BRIA,BRILLIA INC-A,20260901,0,4956,2026-09-02
BRID,BRIDGFORD FOODS CORP,20260901,0,4956,2026-09-02
BRKH,BURTECH ACQUISITION CO- CL A,20260901,0,4956,2026-09-02
BRKR,BRUKER CORP,20260901,0,4956,2026-09-02
BRLS,BOREALIS FOODS INC,20260901,0,4956,2026-09-02
BRLT,BRILLIANT EARTH GROUP INC-A,20260901,0,4956,2026-09-02
BRN,BARNWELL INDUSTRIES INC,20260901,0,4956,2026-09-02
BRNX,BRENX LTD,20260901,0,4956,2026-09-02
BRO,BROWN & BROWN INC,20260901,0,4956,2026-09-02
BROS,DUTCH BROS INC-CLASS A,20260901,0,4956,2026-09-02
BRR,PROCAP FINANCIAL INC,20260901,0,4956,2026-09-02
BRSL,BRIGHTSTAR LOTTERY PLC,20260901,0,4956,2026-09-02
BRTX,BIORESTORATIVE THERAPIES INC,20260901,0,4956,2026-09-02
BRUN,BOOST RUN INC-CL A,20260901,0,4956,2026-09-02
BRVE,BRAVEHEART BIO INC,20260901,0,4956,2026-09-02
BRZE,BRAZE INC-A,20260901,0,4956,2026-09-02
BSAA,BEST SPAC I ACQUISITION-A,20260901,0,4956,2026-09-02
BSBK,BOGOTA FINANCIAL CORP,20260901,0,4956,2026-09-02
BSEM,BIOSTEM TECHNOLOGIES INC,20260901,0,4956,2026-09-02
BSET,BASSETT FURNITURE INDS,20260901,0,4956,2026-09-02
BSIN,BIG SKY INDUSTRIAL INC,20260901,0,4956,2026-09-02
BSP,BENDING SPOONS SPA,20260901,0,4956,2026-09-02
BSRR,SIERRA BANCORP,20260901,0,4956,2026-09-02
BSVN,BANK7 CORP,20260901,0,4956,2026-09-02
BSX,BOSTON SCIENTIFIC CORP,20260901,0,4956,2026-09-02
BSY,BENTLEY SYSTEMS INC-CLASS B,20260901,0,4956,2026-09-02
BTAI,BIOXCEL THERAPEUTICS INC,20260901,0,4956,2026-09-02
BTBD,BT BRANDS INC,20260901,0,4956,2026-09-02
BTBT,BIT DIGITAL INC,20260901,0,4956,2026-09-02
BTCS,BTCS INC,20260901,0,4956,2026-09-02
BTCT,BTC DIGITAL LTD,20260901,0,4956,2026-09-02
BTDR,BITDEER TECHNOLOGIES GROUP-A,20260901,0,4956,2026-09-02
BTE,BAYTEX ENERGY CORP,20260901,0,4956,2026-09-02
BTG,B2GOLD CORP,20260901,0,4956,2026-09-02
BTGO,BITGO HOLDINGS INC-CL A,20260901,0,4956,2026-09-02
BTLN,BRIGHTLINE INTERACTIVE INC,20260901,0,4956,2026-09-02
BTMD,BIOTE CORP -A,20260901,0,4956,2026-09-02
BTOC,ARMLOGI HOLDING CORP,20260901,0,4956,2026-09-02
BTOG,BIT ORIGIN LTD-CL A,20260901,0,4956,2026-09-02
BTQ,BTQ TECHNOLOGIES CORP,20260901,0,4956,2026-09-02
BTRY,CLARIOS INTERNATIONAL INC,20260901,0,4956,2026-09-02
BTSG,BRIGHTSPRING HEALTH SERVICES,20260901,0,4956,2026-09-02
BTTC,BLACK TITAN CORP,20260901,0,4956,2026-09-02
BTU,PEABODY ENERGY CORP,20260901,0,4956,2026-09-02
BUDA,BUDA JUICE INC,20260901,0,4956,2026-09-02
BULL,WEBULL CORP,20260901,0,4956,2026-09-02
BUR,BURFORD CAPITAL LTD,20260901,0,4956,2026-09-02
BURL,BURLINGTON STORES INC,20260901,0,4956,2026-09-02
BUSE,FIRST BUSEY CORP,20260901,0,4956,2026-09-02
BUUU,BUUU GROUP LTD-CL A,20260901,0,4956,2026-09-02
BV,BRIGHTVIEW HOLDINGS INC,20260901,0,4956,2026-09-02
BVC,BITVENTURES LTD,20260901,0,4956,2026-09-02
BVFL,BV FINANCIAL INC,20260901,0,4956,2026-09-02
BVS,BIOVENTUS INC - A,20260901,0,4956,2026-09-02
BW,BABCOCK & WILCOX ENTERPR,20260901,0,4956,2026-09-02
BWA,BORGWARNER INC,20260901,0,4956,2026-09-02
BWB,BRIDGEWATER BANCSHARES INC,20260901,0,4956,2026-09-02
BWEN,BROADWIND INC,20260901,0,4956,2026-09-02
BWFG,BANKWELL FINANCIAL GROUP INC,20260901,0,4956,2026-09-02
BWIN,BALDWIN INSURANCE GROUP INC/,20260901,0,4956,2026-09-02
BWIV,BLUE WATER ACQUISITION-CL A,20260901,0,4956,2026-09-02
BWLP,BW LPG LTD,20260901,0,4956,2026-09-02
BWMN,BOWMAN CONSULTING GROUP LTD,20260901,0,4956,2026-09-02
BWMX,BETTERWARE DE MEXICO SAPI DE,20260901,0,4956,2026-09-02
BWXT,BWX TECHNOLOGIES INC,20260901,0,4956,2026-09-02
BX,BLACKSTONE INC,20260901,0,4956,2026-09-02
BXBL,BOXABL INC,20260901,0,4956,2026-09-02
BXC,BLUELINX HOLDINGS INC,20260901,0,4956,2026-09-02
BXSL,BLACKSTONE SECURED LENDING F,20260901,0,4956,2026-09-02
BY,BYLINE BANCORP INC,20260901,0,4956,2026-09-02
BYAH,PARK HA BIOLOGICAL TECH-A,20260901,0,4956,2026-09-02
BYD,BOYD GAMING CORP,20260901,0,4956,2026-09-02
BYFC,BROADWAY FINANCIAL CORP/DE,20260901,0,4956,2026-09-02
BYND,BEYOND MEAT INC,20260901,0,4956,2026-09-02
BYRN,BYRNA TECHNOLOGIES INC,20260901,0,4956,2026-09-02
BYSI,BEYONDSPRING INC,20260901,0,4956,2026-09-02
BZAI,BLAIZE HOLDINGS INC,20260901,0,4956,2026-09-02
BZFD,BUZZFEED INC,20260901,0,4956,2026-09-02
BZH,BEAZER HOMES USA INC,20260901,0,4956,2026-09-02
C,CITIGROUP INC,20260901,0,4956,2026-09-02
CAAP,CORP AMERICA AIRPORTS SA,20260901,0,4956,2026-09-02
CAAS,CHINA AUTOMOTIVE SYSTEMS INC,20260901,0,4956,2026-09-02
CABA,CABALETTA BIO INC,20260901,0,4956,2026-09-02
CABO,CABLE ONE INC,20260901,0,4956,2026-09-02
CABR,CARING BRANDS INC,20260901,0,4956,2026-09-02
CAC,CAMDEN NATIONAL CORP,20260901,0,4956,2026-09-02
CACC,CREDIT ACCEPTANCE CORP,20260901,0,4956,2026-09-02
CACI,CACI INTERNATIONAL INC -CL A,20260901,0,4956,2026-09-02
CADL,CANDEL THERAPEUTICS INC,20260901,0,4956,2026-09-02
CAE,CAE INC,20260901,0,4956,2026-09-02
CAES,CANTOR EQUITY PARTNERS VII-A,20260901,0,4956,2026-09-02
CAG,CONAGRA BRANDS INC,20260901,0,4956,2026-09-02
CAH,CARDINAL HEALTH INC,20260901,0,4956,2026-09-02
CAI,CARIS LIFE SCIENCES INC,20260901,0,4956,2026-09-02
CAII,COLLECTIVE ACQUIS CORP CL-A,20260901,0,4956,2026-09-02
CAKE,CHEESECAKE FACTORY INC/THE,20260901,0,4956,2026-09-02
CAL,CALERES INC,20260901,0,4956,2026-09-02
CALC,CALCIMEDICA INC,20260901,0,4956,2026-09-02
CALM,CAL-MAINE FOODS INC,20260901,0,4956,2026-09-02
CALX,CALIX INC,20260901,0,4956,2026-09-02
CALY,CALLAWAY GOLF COMPANY,20260901,0,4956,2026-09-02
CAMP,CAMP4 THERAPEUTICS CORP,20260901,0,4956,2026-09-02
CAMT,CAMTEK LTD,20260901,0,4956,2026-09-02
CANG,CANGO INC/KY-CLASS A,20260901,0,4956,2026-09-02
CAPN,CAYSON ACQUISITION CORP,20260901,0,4956,2026-09-02
CAPR,CAPRICOR THERAPEUTICS INC,20260901,0,4956,2026-09-02
CAPS,CAPSTONE HOLDING CORP,20260901,0,4956,2026-09-02
CAQ,CAMBRIDGE ACQUISITION CORP-A,20260901,0,4956,2026-09-02
CAR,AVIS BUDGET GROUP INC,20260901,0,4956,2026-09-02
CARE,CARTER BANKSHARES INC,20260901,0,4956,2026-09-02
CARG,CARGURUS INC,20260901,0,4956,2026-09-02
CARL,CARLSMED INC,20260901,0,4956,2026-09-02
CARR,CARRIER GLOBAL CORP,20260901,0,4956,2026-09-02
CARS,CARS.COM INC,20260901,0,4956,2026-09-02
CART,MAPLEBEAR INC,20260901,0,4956,2026-09-02
CASH,PATHWARD FINANCIAL INC,20260901,0,4956,2026-09-02
CASS,CASS INFORMATION SYSTEMS INC,20260901,0,4956,2026-09-02
CAST,FREECAST INC-A,20260901,0,4956,2026-09-02
CASY,CASEY'S GENERAL STORES INC,20260901,0,4956,2026-09-02
CAT,CATERPILLAR INC,20260901,0,4956,2026-09-02
CATO,CATO CORP-CLASS A,20260901,0,4956,2026-09-02
CATX,PERSPECTIVE THERAPEUTICS INC,20260901,0,4956,2026-09-02
CATY,CATHAY GENERAL BANCORP,20260901,0,4956,2026-09-02
CAVA,CAVA GROUP INC,20260901,0,4956,2026-09-02
CB,CHUBB LTD,20260901,0,4956,2026-09-02
CBAN,COLONY BANKCORP,20260901,0,4956,2026-09-02
CBAT,CBAK ENERGY TECHNOLOGY LTD,20260901,0,4956,2026-09-02
CBC,CENTRAL BANCOMPANY,20260901,0,4956,2026-09-02
CBFV,CB FINANCIAL SERVICES INC,20260901,0,4956,2026-09-02
CBIO,CRESCENT BIOPHARMA INC,20260901,0,4956,2026-09-02
CBK,COMMERCIAL BANCGROUP INC,20260901,0,4956,2026-09-02
CBLL,CERIBELL INC,20260901,0,4956,2026-09-02
CBNA,CHAIN BRIDGE BANCORP INC-A,20260901,0,4956,2026-09-02
CBNK,CAPITAL BANCORP INC/MD,20260901,0,4956,2026-09-02
CBOE,CBOE GLOBAL MARKETS INC,20260901,0,4956,2026-09-02
CBRE,CBRE GROUP INC - A,20260901,0,4956,2026-09-02
CBRL,CRACKER BARREL OLD COUNTRY,20260901,0,4956,2026-09-02
CBRS,CEREBRAS SYSTEMS INC - A,20260901,0,4956,2026-09-02
CBSH,COMMERCE BANCSHARES INC,20260901,0,4956,2026-09-02
CBT,CABOT CORP,20260901,0,4956,2026-09-02
CBU,COMMUNITY FINANCIAL SYSTEM I,20260901,0,4956,2026-09-02
CBUS,CIBUS INC,20260901,0,4956,2026-09-02
CBZ,CBIZ INC,20260901,0,4956,2026-09-02
CC,CHEMOURS CO/THE,20260901,0,4956,2026-09-02
CCAP,CRESCENT CAPITAL BDC INC,20260901,0,4956,2026-09-02
CCAQ,COLLECTIVE ACQUISITION CORP,20260901,0,4956,2026-09-02
CCB,COASTAL FINANCIAL CORP/WA,20260901,0,4956,2026-09-02
CCBG,CAPITAL CITY BANK GROUP INC,20260901,0,4956,2026-09-02
CCC,CCC INTELLIGENT SOLUTIONS HO,20260901,0,4956,2026-09-02
CCCC,C4 THERAPEUTICS INC,20260901,0,4956,2026-09-02
CCCT,COLUMBUS CIRCLE CAPITAL CO-A,20260901,0,4956,2026-09-02
CCEC,CAPITAL CLEAN ENERGY CARRIER,20260901,0,4956,2026-09-02
CCEL,CRYO-CELL INTL INC,20260901,0,4956,2026-09-02
CCEP,COCA-COLA EUROPACIFIC PARTNE,20260901,0,4956,2026-09-02
CCG,CHECHE GROUP INC,20260901,0,4956,2026-09-02
CCHH,CCH HOLDINGS LTD-A,20260901,0,4956,2026-09-02
CCII,COHEN CIRCLE ACQUISIT II - A,20260901,0,4956,2026-09-02
CCJ,CAMECO CORP,20260901,0,4956,2026-09-02
CCK,CROWN HOLDINGS INC,20260901,0,4956,2026-09-02
CCL,CARNIVAL CORP LTD,20260901,0,4956,2026-09-02
CCLD,CARECLOUD INC,20260901,0,4956,2026-09-02
CCNE,CNB FINANCIAL CORP/PA,20260901,0,4956,2026-09-02
CCO,CLEAR CHANNEL OUTDOOR HOLDIN,20260901,0,4956,2026-09-02
CCOI,COGENT COMMUNICATIONS HOLDIN,20260901,0,4956,2026-09-02
CCS,CENTURY COMMUNITIES INC,20260901,0,4956,2026-09-02
CCSI,CONSENSUS CLOUD SOLUTION,20260901,0,4956,2026-09-02
CCTG,CCSC TECHNOLOGY INTERNATIONA,20260901,0,4956,2026-09-02
CCXI,CHURCHILL CAPITAL CORP-CL A,20260901,0,4956,2026-09-02
CD,CHAINCE DIGITAL HOLDINGS INC,20260901,0,4956,2026-09-02
CDE,COEUR MINING INC,20260901,0,4956,2026-09-02
CDIO,CARDIO DIAGNOSTICS HOLDINGS,20260901,0,4956,2026-09-02
CDLX,CARDLYTICS INC,20260901,0,4956,2026-09-02
CDNA,CAREDX INC,20260901,0,4956,2026-09-02
CDNL,CARDINAL INFRASTRUCTURE GR-A,20260901,0,4956,2026-09-02
CDNS,CADENCE DESIGN SYS INC,20260901,0,4956,2026-09-02
CDRE,CADRE HOLDINGS INC,20260901,0,4956,2026-09-02
CDRO,CODERE ONLINE LUXEMBOURG SA,20260901,0,4956,2026-09-02
CDT,CDT EQUITY INC,20260901,0,4956,2026-09-02
CDTG,CDT ENVIRONMENTAL TECHNOLOGY,20260901,0,4956,2026-09-02
CDW,CDW CORP/DE,20260901,0,4956,2026-09-02
CDXS,CODEXIS INC,20260901,0,4956,2026-09-02
CDZI,CADIZ INC,20260901,0,4956,2026-09-02
CE,CELANESE CORP,20260901,0,4956,2026-09-02
CECO,CECO ENVIRONMENTAL CORP,20260901,0,4956,2026-09-02
CEG,CONSTELLATION ENERGY,20260901,0,4956,2026-09-02
CELC,CELCUITY INC,20260901,0,4956,2026-09-02
CELH,CELSIUS HOLDINGS INC,20260901,0,4956,2026-09-02
CELU,CELULARITY INC-A,20260901,0,4956,2026-09-02
CELZ,CREATIVE MEDICAL TECHNOLOGY,20260901,0,4956,2026-09-02
CENN,CENNTRO INC,20260901,0,4956,2026-09-02
CENT,CENTRAL GARDEN & PET CO,20260901,0,4956,2026-09-02
CENTA,CENTRAL GARDEN AND PET CO-A,20260901,0,4956,2026-09-02
CENX,CENTURY ALUMINUM COMPANY,20260901,0,4956,2026-09-02
CEPF,CANTOR EQUITY PARTNERS-CL A,20260901,0,4956,2026-09-02
CEPL,CAPSTONE ENERGY+ INC,20260901,0,4956,2026-09-02
CEPO,CANTOR EQUITY PARTNERS I-A,20260901,0,4956,2026-09-02
CEPS,CANTOR EQUITY PARTNERS VI -A,20260901,0,4956,2026-09-02
CEPV,CANTOR EQUITY PARTNERS-CL A,20260901,0,4956,2026-09-02
CERS,CERUS CORP,20260901,0,4956,2026-09-02
CERT,CERTARA INC,20260901,0,4956,2026-09-02
CETX,CEMTREX INC,20260901,0,4956,2026-09-02
CETY,CLEAN ENERGY TECHNOLOGIES IN,20260901,0,4956,2026-09-02
CEVA,CEVA INC,20260901,0,4956,2026-09-02
CF,CF INDUSTRIES HOLDINGS INC,20260901,0,4956,2026-09-02
CFBK,CF BANKSHARES INC,20260901,0,4956,2026-09-02
CFFI,C & F FINANCIAL CORP,20260901,0,4956,2026-09-02
CFFN,CAPITOL FEDERAL FINANCIAL IN,20260901,0,4956,2026-09-02
CFG,CITIZENS FINANCIAL GROUP,20260901,0,4956,2026-09-02
CFR,CULLEN/FROST BANKERS INC,20260901,0,4956,2026-09-02
CG,CARLYLE GROUP INC/THE,20260901,0,4956,2026-09-02
CGAU,CENTERRA GOLD INC,20260901,0,4956,2026-09-02
CGBD,CARLYLE SECURED LENDING INC,20260901,0,4956,2026-09-02
CGC,CANOPY GROWTH CORP,20260901,0,4956,2026-09-02
CGCF,CARTESIAN GROWTH CORP IV-A,20260901,0,4956,2026-09-02
CGEM,CULLINAN THERAPEUTICS INC,20260901,0,4956,2026-09-02
CGEN,COMPUGEN LTD,20260901,0,4956,2026-09-02
CGNT,COGNYTE SOFTWARE LTD,20260901,0,4956,2026-09-02
CGNX,COGNEX CORP,20260901,0,4956,2026-09-02
CGON,CG ONCOLOGY INC,20260901,0,4956,2026-09-02
CGTL,CREATIVE GLOBAL TECHNOLOGY-A,20260901,0,4956,2026-09-02
CGTX,COGNITION THERAPEUTICS INC,20260901,0,4956,2026-09-02
CHAI,CORE AI HOLDINGS INC,20260901,0,4956,2026-09-02
CHAR,CHARLTON ARIA ACQUISITI-CL A,20260901,0,4956,2026-09-02
CHCI,COMSTOCK HOLDING COMPANIES,20260901,0,4956,2026-09-02
CHCO,CITY HOLDING CO,20260901,0,4956,2026-09-02
CHD,CHURCH & DWIGHT CO INC,20260901,0,4956,2026-09-02
CHDN,CHURCHILL DOWNS INC,20260901,0,4956,2026-09-02
CHE,CHEMED CORP,20260901,0,4956,2026-09-02
CHEC,CHENGHE ACQUISITION II-CL A,20260901,0,4956,2026-09-02
CHEF,CHEFS' WAREHOUSE INC/THE,20260901,0,4956,2026-09-02
CHGA,CHANGE AGENTS CORP,20260901,0,4956,2026-09-02
CHGG,CHEGG INC,20260901,0,4956,2026-09-02
CHH,CHOICE HOTELS INTL INC,20260901,0,4956,2026-09-02
CHKP,CHECK POINT SOFTWARE TECH,20260901,0,4956,2026-09-02
CHMG,CHEMUNG FINANCIAL CORP,20260901,0,4956,2026-09-02
CHNR,CHINA NATURAL RESOURCES INC,20260901,0,4956,2026-09-02
CHOW,CHOWCHOW CLOUD INTERNATIONAL,20260901,0,4956,2026-09-02
CHPG,CHAMPIONSGATE ACQUISITIO-A,20260901,0,4956,2026-09-02
CHPT,CHARGEPOINT HOLDINGS INC,20260901,0,4956,2026-09-02
CHR,CHEER HOLDING INC-A,20260901,0,4956,2026-09-02
CHRD,CHORD ENERGY CORP,20260901,0,4956,2026-09-02
CHRN,CHRONOSCALE HOLDINGS CORP,20260901,0,4956,2026-09-02
CHRS,COHERUS ONCOLOGY INC,20260901,0,4956,2026-09-02
CHRW,C.H. ROBINSON WORLDWIDE INC,20260901,0,4956,2026-09-02
CHSN,CHANSON INTERNATIONAL HOLD-A,20260901,0,4956,2026-09-02
CHTR,CHARTER COMMUNICATIONS INC-A,20260901,0,4956,2026-09-02
CHWY,CHEWY INC - CLASS A,20260901,0,4956,2026-09-02
CHYM,CHIME FINANCIAL INC-CL A,20260901,0,4956,2026-09-02
CI,THE CIGNA GROUP,20260901,0,4956,2026-09-02
CIA,CITIZENS INC,20260901,0,4956,2026-09-02
CIEN,CIENA CORP,20260901,0,4956,2026-09-02
CIFR,CIPHER DIGITAL INC,20260901,0,4956,2026-09-02
CIGI,COLLIERS INTL GR-SUBORD VOT,20260901,0,4956,2026-09-02
CIGL,CONCORDE INTERNATION-CLASS A,20260901,0,4956,2026-09-02
CIIT,TIANCI INTERNATIONAL INC,20260901,0,4956,2026-09-02
CINF,CINCINNATI FINANCIAL CORP,20260901,0,4956,2026-09-02
CING,CINGULATE INC,20260901,0,4956,2026-09-02
CINT,CI&T INC/UNITED STATES-A,20260901,0,4956,2026-09-02
CION,CION INVESTMENT CORP,20260901,0,4956,2026-09-02
CIRC,CIRCLE8 GROUP INC,20260901,0,4956,2026-09-02
CISO,CISO GLOBAL INC,20260901,0,4956,2026-09-02
CISS,C3IS INC,20260901,0,4956,2026-09-02
CITR,CITROTECH INC,20260901,0,4956,2026-09-02
CIVB,CIVISTA BANCSHARES INC,20260901,0,4956,2026-09-02
CIX,COMPX INTERNATIONAL INC,20260901,0,4956,2026-09-02
CJMB,CALLAN JMB INC,20260901,0,4956,2026-09-02
CKX,CKX LANDS INC,20260901,0,4956,2026-09-02
CL,COLGATE-PALMOLIVE CO,20260901,0,4956,2026-09-02
CLAR,CLARUS CORP,20260901,0,4956,2026-09-02
CLB,CORE LABORATORIES INC,20260901,0,4956,2026-09-02
CLBK,COLUMBIA FINANCIAL INC,20260901,0,4956,2026-09-02
CLBR,COLOMBIER ACQ III-CL A,20260901,0,4956,2026-09-02
CLBT,CELLEBRITE DI LTD,20260901,0,4956,2026-09-02
CLDI,CALIDI BIOTHERAPEUTICS INC,20260901,0,4956,2026-09-02
CLDX,CELLDEX THERAPEUTICS INC,20260901,0,4956,2026-09-02
CLF,CLEVELAND-CLIFFS INC,20260901,0,4956,2026-09-02
CLFD,CLEARFIELD INC,20260901,0,4956,2026-09-02
CLGN,COLLPLANT BIOTECHNOLOGIES LT,20260901,0,4956,2026-09-02
CLH,CLEAN HARBORS INC,20260901,0,4956,2026-09-02
CLIK,CLICK HOLDINGS LTD/BVI-A,20260901,0,4956,2026-09-02
CLIR,CLEARSIGN TECHNOLOGIES CORP,20260901,0,4956,2026-09-02
CLMB,CLIMB GLOBAL SOLUTIONS INC,20260901,0,4956,2026-09-02
CLMT,CALUMET INC,20260901,0,4956,2026-09-02
CLNE,CLEAN ENERGY FUELS CORP,20260901,0,4956,2026-09-02
CLNN,CLENE INC,20260901,0,4956,2026-09-02
CLOV,CLOVER HEALTH INVESTMENTS CO,20260901,0,4956,2026-09-02
CLPS,CLPS INC,20260901,0,4956,2026-09-02
CLPT,CLEARPOINT NEURO INC,20260901,0,4956,2026-09-02
CLRB,CELLECTAR BIOSCIENCES INC,20260901,0,4956,2026-09-02
CLRO,CLEARONE INC,20260901,0,4956,2026-09-02
CLS,CELESTICA INC,20260901,0,4956,2026-09-02
CLSK,CLEANSPARK INC,20260901,0,4956,2026-09-02
CLST,CATALYST BANCORP INC,20260901,0,4956,2026-09-02
CLVT,CLARIVATE PLC,20260901,0,4956,2026-09-02
CLW,CLEARWATER PAPER CORP,20260901,0,4956,2026-09-02
CLWT,EURO TECH HOLDINGS CO LTD,20260901,0,4956,2026-09-02
CLX,CLOROX COMPANY,20260901,0,4956,2026-09-02
CLYM,CLIMB BIO INC,20260901,0,4956,2026-09-02
CM,CAN IMPERIAL BK OF COMMERCE,20260901,0,4956,2026-09-02
CMBT,CMB TECH NV,20260901,0,4956,2026-09-02
CMC,COMMERCIAL METALS CO,20260901,0,4956,2026-09-02
CMCL,CALEDONIA MINING CORP PLC,20260901,0,4956,2026-09-02
CMCO,COLUMBUS MCKINNON CORP/NY,20260901,0,4956,2026-09-02
CMCSA,COMCAST CORP-CLASS A,20260901,0,4956,2026-09-02
CMDB,COSTAMARE BULKERS HOLDING,20260901,0,4956,2026-09-02
CME,CME GROUP INC,20260901,0,4956,2026-09-02
CMG,CHIPOTLE MEXICAN GRILL INC,20260901,0,4956,2026-09-02
CMI,CUMMINS INC,20260901,0,4956,2026-09-02
CMND,CLEARMIND MEDICINE INC,20260901,0,4956,2026-09-02
CMP,COMPASS MINERALS INTERNATION,20260901,0,4956,2026-09-02
CMPR,CIMPRESS PLC,20260901,0,4956,2026-09-02
CMPX,COMPASS THERAPEUTICS INC,20260901,0,4956,2026-09-02
CMRC,COMMERCE.COM INC,20260901,0,4956,2026-09-02
CMRE,COSTAMARE INC,20260901,0,4956,2026-09-02
CMS,CMS ENERGY CORP,20260901,0,4956,2026-09-02
CMT,CORE MOLDING TECHNOLOGIES IN,20260901,0,4956,2026-09-02
CMTL,COMTECH TELECOMMUNICATIONS,20260901,0,4956,2026-09-02
CMTV,COMMUNITY BANCORP INC/VT,20260901,0,4956,2026-09-02
CNA,CNA FINANCIAL CORP,20260901,0,4956,2026-09-02
CNC,CENTENE CORP,20260901,0,4956,2026-09-02
CNCK,COINCHECK GROUP NV,20260901,0,4956,2026-09-02
CNDT,CONDUENT INC,20260901,0,4956,2026-09-02
CNET,ZW DATA ACTION TECHNOLOGIES,20260901,0,4956,2026-09-02
CNEY,CN ENERGY GROUP INC-A,20260901,0,4956,2026-09-02
CNH,CNH INDUSTRIAL NV,20260901,0,4956,2026-09-02
CNI,CANADIAN NATL RAILWAY CO,20260901,0,4956,2026-09-02
CNK,CINEMARK HOLDINGS INC,20260901,0,4956,2026-09-02
CNL,COLLECTIVE MINING LTD,20260901,0,4956,2026-09-02
CNM,CORE & MAIN INC-CLASS A,20260901,0,4956,2026-09-02
CNMD,CONMED CORP,20260901,0,4956,2026-09-02
CNNE,CANNAE HOLDINGS INC,20260901,0,4956,2026-09-02
CNO,CNO FINANCIAL GROUP INC,20260901,0,4956,2026-09-02
CNOB,CONNECTONE BANCORP INC,20260901,0,4956,2026-09-02
CNP,CENTERPOINT ENERGY INC,20260901,0,4956,2026-09-02
CNQ,CANADIAN NATURAL RESOURCES,20260901,0,4956,2026-09-02
CNR,CORE NATURAL RESOURCES INC,20260901,0,4956,2026-09-02
CNS,COHEN & STEERS INC,20260901,0,4956,2026-09-02
CNSP,CNS PHARMACEUTICALS INC,20260901,0,4956,2026-09-02
CNSY,CERENOME INC,20260901,0,4956,2026-09-02
CNTB,CONNECT BIOPHARMA HOLDINGS L,20260901,0,4956,2026-09-02
CNTN,CANTON STRATEGIC HOLDINGS IN,20260901,0,4956,2026-09-02
CNTX,CONTEXT THERAPEUTICS INC,20260901,0,4956,2026-09-02
CNTY,CENTURY CASINOS INC,20260901,0,4956,2026-09-02
CNVS,CINEVERSE CORP,20260901,0,4956,2026-09-02
CNX,CNX RESOURCES CORP,20260901,0,4956,2026-09-02
CNXC,CONCENTRIX CORP,20260901,0,4956,2026-09-02
CNXN,PC CONNECTION INC,20260901,0,4956,2026-09-02
CNXU,CONEXEU SCIENCES INC,20260901,0,4956,2026-09-02
COAG,HEMAB THERAPEUTICS HOLDINGS,20260901,0,4956,2026-09-02
COCH,ENVOY MEDICAL INC,20260901,0,4956,2026-09-02
COCO,VITA COCO CO INC/THE,20260901,0,4956,2026-09-02
COCP,COCRYSTAL PHARMA INC,20260901,0,4956,2026-09-02
CODA,CODA OCTOPUS GROUP INC,20260901,0,4956,2026-09-02
CODI,COMPASS DIVERSIFIED HOLDINGS,20260901,0,4956,2026-09-02
CODX,CO-DIAGNOSTICS INC,20260901,0,4956,2026-09-02
COF,CAPITAL ONE FINANCIAL CORP,20260901,0,4956,2026-09-02
COFS,CHOICEONE FINANCIAL SVCS INC,20260901,0,4956,2026-09-02
COGT,COGENT BIOSCIENCES INC,20260901,0,4956,2026-09-02
COHN,COHEN & CO INC,20260901,0,4956,2026-09-02
COHR,COHERENT CORP,20260901,0,4956,2026-09-02
COHU,COHU INC,20260901,0,4956,2026-09-02
COIN,COINBASE GLOBAL INC -CLASS A,20260901,0,4956,2026-09-02
COKE,COCA-COLA CONSOLIDATED INC,20260901,0,4956,2026-09-02
COLA,COLUMBUS ACQUISITION CORP,20260901,0,4956,2026-09-02
COLB,COLUMBIA BANKING SYSTEM INC,20260901,0,4956,2026-09-02
COLL,COLLEGIUM PHARMACEUTICAL INC,20260901,0,4956,2026-09-02
COLM,COLUMBIA SPORTSWEAR CO,20260901,0,4956,2026-09-02
COMP,COMPASS INC - CLASS A,20260901,0,4956,2026-09-02
CON,CONCENTRA GROUP HOLDINGS PAR,20260901,0,4956,2026-09-02
COO,COOPER COS INC/THE,20260901,0,4956,2026-09-02
COOK,TRAEGER INC,20260901,0,4956,2026-09-02
COOT,AUSTRALIAN OILSEEDS HOLDINGS,20260901,0,4956,2026-09-02
COP,CONOCOPHILLIPS,20260901,0,4956,2026-09-02
COPL,COPLEY ACQUISITION CORP-A,20260901,0,4956,2026-09-02
COPR,IDAHO COPPER CORP,20260901,0,4956,2026-09-02
COR,CENCORA INC,20260901,0,4956,2026-09-02
CORT,CORCEPT THERAPEUTICS INC,20260901,0,4956,2026-09-02
CORZ,CORE SCIENTIFIC INC,20260901,0,4956,2026-09-02
COSM,COSMOS HEALTH INC,20260901,0,4956,2026-09-02
COSO,COASTAL SOUTH BANCSHARES INC,20260901,0,4956,2026-09-02
COST,COSTCO WHOLESALE CORP,20260901,0,4956,2026-09-02
COTY,COTY INC-CL A,20260901,0,4956,2026-09-02
COUR,COURSERA INC,20260901,0,4956,2026-09-02
COYA,COYA THERAPEUTICS INC,20260901,0,4956,2026-09-02
CP,CANADIAN PACIFIC KANSAS CITY,20260901,0,4956,2026-09-02
CPA,COPA HOLDINGS SA-CLASS A,20260901,0,4956,2026-09-02
CPAY,CORPAY INC,20260901,0,4956,2026-09-02
CPB,THE CAMPBELL'S COMPANY,20260901,0,4956,2026-09-02
CPBI,CENTRAL PLAINS BANCSHARES IN,20260901,0,4956,2026-09-02
CPF,CENTRAL PACIFIC FINANCIAL CO,20260901,0,4956,2026-09-02
CPHC,CANTERBURY PARK HOLDING CORP,20260901,0,4956,2026-09-02
CPHI,CHINA PHARMA HOLDINGS INC,20260901,0,4956,2026-09-02
CPIX,CUMBERLAND PHARMACEUTICALS,20260901,0,4956,2026-09-02
CPK,CHESAPEAKE UTILITIES CORP,20260901,0,4956,2026-09-02
CPNG,COUPANG INC,20260901,0,4956,2026-09-02
CPOP,POP CULTURE GROUP CO LTD-A,20260901,0,4956,2026-09-02
CPRI,CAPRI HOLDINGS LTD,20260901,0,4956,2026-09-02
CPRT,COPART INC,20260901,0,4956,2026-09-02
CPS,COOPER-STANDARD HOLDING,20260901,0,4956,2026-09-02
CPSH,CPS TECHNOLOGIES CORP,20260901,0,4956,2026-09-02
CPSS,CONSUMER PORTFOLIO SERVICES,20260901,0,4956,2026-09-02
CR,CRANE CO,20260901,0,4956,2026-09-02
CRAC,CROWN RESERVE ACQUISITI-CL A,20260901,0,4956,2026-09-02
CRAI,CRA INTERNATIONAL INC,20260901,0,4956,2026-09-02
CRAN,CRANE HARBOR ACQUISITIO-CL A,20260901,0,4956,2026-09-02
CRAQ,CAL REDWOOD ACQUISIT-CL A,20260901,0,4956,2026-09-02
CRBG,COREBRIDGE FINANCIAL INC,20260901,0,4956,2026-09-02
CRBP,CORBUS PHARMACEUTICALS HOLDI,20260901,0,4956,2026-09-02
CRBU,CARIBOU BIOSCIENCES INC,20260901,0,4956,2026-09-02
CRC,CALIFORNIA RESOURCES CORP,20260901,0,4956,2026-09-02
CRCL,CIRCLE INTERNET GROUP INC,20260901,0,4956,2026-09-02
CRCT,CRICUT INC - CLASS A,20260901,0,4956,2026-09-02
CRDF,CARDIFF ONCOLOGY INC,20260901,0,4956,2026-09-02
CRDL,CARDIOL THERAPEUTICS INC-A,20260901,0,4956,2026-09-02
CRDO,CREDO TECHNOLOGY GROUP HOLDI,20260901,0,4956,2026-09-02
CRE,CRE8 ENTERPRISE LTD-CL A,20260901,0,4956,2026-09-02
CREX,CREATIVE REALITIES INC,20260901,0,4956,2026-09-02
CRGO,FREIGHTOS LTD,20260901,0,4956,2026-09-02
CRGY,CRESCENT ENERGY INC-A,20260901,0,4956,2026-09-02
CRH,CRH PLC,20260901,0,4956,2026-09-02
CRI,CARTER'S INC,20260901,0,4956,2026-09-02
CRIS,CURIS INC,20260901,0,4956,2026-09-02
CRK,COMSTOCK RESOURCES INC,20260901,0,4956,2026-09-02
CRL,CHARLES RIVER LABORATORIES,20260901,0,4956,2026-09-02
CRM,SALESFORCE INC,20260901,0,4956,2026-09-02
CRMD,CORMEDIX INC,20260901,0,4956,2026-09-02
CRML,CRITICAL METALS CORP,20260901,0,4956,2026-09-02
CRMT,AMERICA'S CAR-MART INC,20260901,0,4956,2026-09-02
CRNC,CERENCE INC,20260901,0,4956,2026-09-02
CRNT,CERAGON NETWORKS LTD,20260901,0,4956,2026-09-02
CRNX,CRINETICS PHARMACEUTICALS IN,20260901,0,4956,2026-09-02
CRON,CRONOS GROUP INC,20260901,0,4956,2026-09-02
CROX,CROCS INC,20260901,0,4956,2026-09-02
CRS,CARPENTER TECHNOLOGY,20260901,0,4956,2026-09-02
CRSP,CRISPR THERAPEUTICS AG,20260901,0,4956,2026-09-02
CRSR,CORSAIR GAMING INC,20260901,0,4956,2026-09-02
CRTO,CRITEO SA-SPON,20260901,0,4956,2026-09-02
CRUS,CIRRUS LOGIC INC,20260901,0,4956,2026-09-02
CRVL,CORVEL CORP,20260901,0,4956,2026-09-02
CRVO,CERVOMED INC,20260901,0,4956,2026-09-02
CRVS,CORVUS PHARMACEUTICALS INC,20260901,0,4956,2026-09-02
CRWD,CROWDSTRIKE HOLDINGS INC - A,20260901,0,4956,2026-09-02
CRWS,CROWN CRAFTS INC,20260901,0,4956,2026-09-02
CRWV,COREWEAVE INC-CL A,20260901,0,4956,2026-09-02
CSAI,CLOUDASTRUCTURE INC-A,20260901,0,4956,2026-09-02
CSBR,CHAMPIONS ONCOLOGY INC,20260901,0,4956,2026-09-02
CSCO,CISCO SYSTEMS INC,20260901,0,4956,2026-09-02
CSGP,COSTAR GROUP INC,20260901,0,4956,2026-09-02
CSHR,COINSHARES PLC,20260901,0,4956,2026-09-02
CSIQ,CANADIAN SOLAR INC,20260901,0,4956,2026-09-02
CSL,CARLISLE COS INC,20260901,0,4956,2026-09-02
CSPI,CSP INC,20260901,0,4956,2026-09-02
CSQR,CSQUARE INC,20260901,0,4956,2026-09-02
CSTE,CAESARSTONE LTD,20260901,0,4956,2026-09-02
CSTL,CASTLE BIOSCIENCES INC,20260901,0,4956,2026-09-02
CSTM,CONSTELLIUM SE,20260901,0,4956,2026-09-02
CSV,CARRIAGE SERVICES INC,20260901,0,4956,2026-09-02
CSW,CSW INDUSTRIALS INC,20260901,0,4956,2026-09-02
CSWC,CAPITAL SOUTHWEST CORP,20260901,0,4956,2026-09-02
CSX,CSX CORP,20260901,0,4956,2026-09-02
CTAA,CLEARTHINK 1 ACQUISITIO-CL A,20260901,0,4956,2026-09-02
CTAS,CINTAS CORP,20260901,0,4956,2026-09-02
CTBI,COMMUNITY TRUST BANCORP INC,20260901,0,4956,2026-09-02
CTEV,CLARITEV CORP,20260901,0,4956,2026-09-02
CTGO,CONTANGO SILVER & GOLD INC,20260901,0,4956,2026-09-02
CTKB,CYTEK BIOSCIENCES INC,20260901,0,4956,2026-09-02
CTM,CASTELLUM INC,20260901,0,4956,2026-09-02
CTMX,CYTOMX THERAPEUTICS INC,20260901,0,4956,2026-09-02
CTNM,CONTINEUM THERAPEUTICS INC-A,20260901,0,4956,2026-09-02
CTNT,CHEETAH NET SUPPLY CHAIN SER,20260901,0,4956,2026-09-02
CTOR,CITIUS ONCOLOGY INC,20260901,0,4956,2026-09-02
CTOS,CUSTOM TRUCK ONE SOURCE INC,20260901,0,4956,2026-09-02
CTRI,CENTURI HOLDINGS INC,20260901,0,4956,2026-09-02
CTRM,CASTOR MARITIME INC,20260901,0,4956,2026-09-02
CTRN,CITI TRENDS INC,20260901,0,4956,2026-09-02
CTS,CTS CORP,20260901,0,4956,2026-09-02
CTSH,COGNIZANT TECH SOLUTIONS-A,20260901,0,4956,2026-09-02
CTSO,CYTOSORBENTS CORP,20260901,0,4956,2026-09-02
CTVA,CORTEVA INC,20260901,0,4956,2026-09-02
CTW,CTW,20260901,0,4956,2026-09-02
CTXR,CITIUS PHARMACEUTICALS INC,20260901,0,4956,2026-09-02
CUB,LIONHEART HOLDINGS - CL A,20260901,0,4956,2026-09-02
CUBI,CUSTOMERS BANCORP INC,20260901,0,4956,2026-09-02
CUE,CUE BIOPHARMA INC,20260901,0,4956,2026-09-02
CULP,CULP INC,20260901,0,4956,2026-09-02
CUPR,CUPRINA HOLDINGS CAYMAN-A,20260901,0,4956,2026-09-02
CURI,CURIOSITYSTREAM INC,20260901,0,4956,2026-09-02
CURR,CURRENC GROUP INC,20260901,0,4956,2026-09-02
CURV,TORRID HOLDINGS INC,20260901,0,4956,2026-09-02
CURX,CURANEX PHARMACEUTICALS INC,20260901,0,4956,2026-09-02
CV,CAPSOVISION INC,20260901,0,4956,2026-09-02
CVBF,CVB FINANCIAL CORP,20260901,0,4956,2026-09-02
CVCO,CAVCO INDUSTRIES INC,20260901,0,4956,2026-09-02
CVE,CENOVUS ENERGY INC,20260901,0,4956,2026-09-02
CVEO,CIVEO CORP,20260901,0,4956,2026-09-02
CVGI,COMMERCIAL VEHICLE GROUP INC,20260901,0,4956,2026-09-02
CVI,CVR ENERGY INC,20260901,0,4956,2026-09-02
CVKD,CADRENAL THERAPEUTICS INC,20260901,0,4956,2026-09-02
CVLG,COVENANT LOGISTICS GROUP INC,20260901,0,4956,2026-09-02
CVLT,COMMVAULT SYSTEMS INC,20260901,0,4956,2026-09-02
CVM,CEL-SCI CORP,20260901,0,4956,2026-09-02
CVNA,CARVANA CO,20260901,0,4956,2026-09-02
CVR,CHICAGO RIVET & MACHINE CO,20260901,0,4956,2026-09-02
CVRX,CVRX INC,20260901,0,4956,2026-09-02
CVS,CVS HEALTH CORP,20260901,0,4956,2026-09-02
CVSA,COVISTA INC,20260901,0,4956,2026-09-02
CVU,CPI AEROSTRUCTURES INC,20260901,0,4956,2026-09-02
CVV,CVD EQUIPMENT CORP,20260901,0,4956,2026-09-02
CVX,CHEVRON CORP,20260901,0,4956,2026-09-02
CW,CURTISS-WRIGHT CORP,20260901,0,4956,2026-09-02
CWBC,COMMUNITY WEST BANCSHARES,20260901,0,4956,2026-09-02
CWCO,CONSOLIDATED WATER CO-ORD SH,20260901,0,4956,2026-09-02
CWD,CALIBERCOS INC-CL A,20260901,0,4956,2026-09-02
CWEN,CLEARWAY ENERGY INC-C,20260901,0,4956,2026-09-02
CWH,CAMPING WORLD HOLDINGS INC-A,20260901,0,4956,2026-09-02
CWK,CUSHMAN & WAKEFIELD LTD,20260901,0,4956,2026-09-02
CWST,CASELLA WASTE SYSTEMS INC-A,20260901,0,4956,2026-09-02
CWT,CALIFORNIA WATER SERVICE GRP,20260901,0,4956,2026-09-02
CXAI,CXAPP INC,20260901,0,4956,2026-09-02
CXDO,CREXENDO INC,20260901,0,4956,2026-09-02
CXII,CHURCHILL CAPITAL CORP-CL A,20260901,0,4956,2026-09-02
CXM,SPRINKLR INC-A,20260901,0,4956,2026-09-02
CXT,CRANE NXT CO,20260901,0,4956,2026-09-02
CXW,CORECIVIC INC,20260901,0,4956,2026-09-02
CYAB,CYABRA INC,20260901,0,4956,2026-09-02
CYCN,CYCLERION THERAPEUTICS INC,20260901,0,4956,2026-09-02
CYCU,CYCURION INC,20260901,0,4956,2026-09-02
CYD,CHINA YUCHAI INTL LTD,20260901,0,4956,2026-09-02
CYH,COMMUNITY HEALTH SYSTEMS INC,20260901,0,4956,2026-09-02
CYN,CYNGN INC,20260901,0,4956,2026-09-02
CYPH,CYPHERPUNK TECHNOLOGIES INC,20260901,0,4956,2026-09-02
CYRX,CRYOPORT INC,20260901,0,4956,2026-09-02
CYTK,CYTOKINETICS INC,20260901,0,4956,2026-09-02
CZFS,CITIZENS FINANCIAL SERVICES,20260901,0,4956,2026-09-02
CZNC,CITIZENS & NORTHERN CORP,20260901,0,4956,2026-09-02
CZR,CAESARS ENTERTAINMENT INC,20260901,0,4956,2026-09-02
CZWI,CITIZENS COMMUNITY BANCORP I,20260901,0,4956,2026-09-02
D,DOMINION ENERGY INC,20260901,0,4956,2026-09-02
DAAQ,DIGITAL ASSET ACQUISITI-CL A,20260901,0,4956,2026-09-02
DAC,DANAOS CORP,20260901,0,4956,2026-09-02
DAIC,CID HOLDCO INC,20260901,0,4956,2026-09-02
DAIO,DATA I/O CORP,20260901,0,4956,2026-09-02
DAKT,DAKTRONICS INC,20260901,0,4956,2026-09-02
DAL,DELTA AIR LINES INC,20260901,0,4956,2026-09-02
DAN,DANA INC,20260901,0,4956,2026-09-02
DAR,DARLING INGREDIENTS INC,20260901,0,4956,2026-09-02
DARE,DARE BIOSCIENCE INC,20260901,0,4956,2026-09-02
DASH,DOORDASH INC - A,20260901,0,4956,2026-09-02
DAVE,DAVE INC,20260901,0,4956,2026-09-02
DB,DEUTSCHE BANK AG-REGISTERED,20260901,0,4956,2026-09-02
DBCA,D. BORAL ACQUISITION I-CL A,20260901,0,4956,2026-09-02
DBD,DIEBOLD NIXDORF INC,20260901,0,4956,2026-09-02
DBGI,DIGITAL BRANDS GROUP INC,20260901,0,4956,2026-09-02
DBI,DESIGNER BRANDS INC-CLASS A,20260901,0,4956,2026-09-02
DBRG,DIGITALBRIDGE GROUP INC,20260901,0,4956,2026-09-02
DBX,DROPBOX INC-CLASS A,20260901,0,4956,2026-09-02
DC,DAKOTA GOLD CORP,20260901,0,4956,2026-09-02
DCBO,DOCEBO INC,20260901,0,4956,2026-09-02
DCGO,DOCGO INC,20260901,0,4956,2026-09-02
DCH,DAUCH CORPORATION,20260901,0,4956,2026-09-02
DCI,DONALDSON CO INC,20260901,0,4956,2026-09-02
DCO,DUCOMMUN INC,20260901,0,4956,2026-09-02
DCOM,DIME COMMERCIAL BANCSHARES I,20260901,0,4956,2026-09-02
DCOY,DECOY THERAPEUTICS INC,20260901,0,4956,2026-09-02
DCTH,DELCATH SYSTEMS INC,20260901,0,4956,2026-09-02
DCX,DIGITAL CURRENCY X TECHNOLOG,20260901,0,4956,2026-09-02
DD,DUPONT DE NEMOURS INC,20260901,0,4956,2026-09-02
DDC,DDC ENTERPRISE LTD-A,20260901,0,4956,2026-09-02
DDD,3D SYSTEMS CORP,20260901,0,4956,2026-09-02
DDOG,DATADOG INC - CLASS A,20260901,0,4956,2026-09-02
DDS,DILLARDS INC-CL A,20260901,0,4956,2026-09-02
DE,DEERE & CO,20260901,0,4956,2026-09-02
DEC,DIVERSIFIED ENERGY CO,20260901,0,4956,2026-09-02
DECK,DECKERS OUTDOOR CORP,20260901,0,4956,2026-09-02
DEFT,DEFI TECHNOLOGIES INC,20260901,0,4956,2026-09-02
DELL,DELL TECHNOLOGIES -C,20260901,0,4956,2026-09-02
DERM,JOURNEY MEDICAL CORP,20260901,0,4956,2026-09-02
DETX,LIBERTY DEFENSE HOLDINGS LTD,20260901,0,4956,2026-09-02
DFDV,DEFI DEVELOPMENT CORP,20260901,0,4956,2026-09-02
DFH,DREAM FINDERS HOMES INC - A,20260901,0,4956,2026-09-02
DFIN,DONNELLEY FINANCIAL SOLUTION,20260901,0,4956,2026-09-02
DFLI,DRAGONFLY ENERGY HOLDINGS CO,20260901,0,4956,2026-09-02
DFNS,T3 DEFENSE INC,20260901,0,4956,2026-09-02
DFSC,DEFSEC TECHNOLOGIES INC,20260901,0,4956,2026-09-02
DFTX,DEFINIUM THERAPEUTICS INC,20260901,0,4956,2026-09-02
DG,DOLLAR GENERAL CORP,20260901,0,4956,2026-09-02
DGAC,DISCIPLINED GROWTH CL-A,20260901,0,4956,2026-09-02
DGICA,DONEGAL GROUP INC-CL A,20260901,0,4956,2026-09-02
DGICB,DONEGAL GROUP INC-B,20260901,0,4956,2026-09-02
DGII,DIGI INTERNATIONAL INC,20260901,0,4956,2026-09-02
DGNX,DIGINEX LTD,20260901,0,4956,2026-09-02
DGX,QUEST DIAGNOSTICS INC,20260901,0,4956,2026-09-02
DGXX,DIGI POWER X INC,20260901,0,4956,2026-09-02
DH,DEFINITIVE HEALTHCARE CORP,20260901,0,4956,2026-09-02
DHI,DR HORTON INC,20260901,0,4956,2026-09-02
DHR,DANAHER CORP,20260901,0,4956,2026-09-02
DHT,DHT HOLDINGS INC,20260901,0,4956,2026-09-02
DHX,DHI GROUP INC,20260901,0,4956,2026-09-02
DIBS,1STDIBS.COM INC,20260901,0,4956,2026-09-02
DIN,DINE BRANDS GLOBAL INC,20260901,0,4956,2026-09-02
DINO,HF SINCLAIR CORP,20260901,0,4956,2026-09-02
DIOD,DIODES INC,20260901,0,4956,2026-09-02
DIS,WALT DISNEY CO/THE,20260901,0,4956,2026-09-02
DIT,AMCON DISTRIBUTING CO,20260901,0,4956,2026-09-02
DJCO,DAILY JOURNAL CORP,20260901,0,4956,2026-09-02
DJT,TRUMP MEDIA & TECHNOLOGY GRO,20260901,0,4956,2026-09-02
DK,DELEK US HOLDINGS INC,20260901,0,4956,2026-09-02
DKI,DARKIRIS INC-CL A,20260901,0,4956,2026-09-02
DKNG,DRAFTKINGS INC-CL A,20260901,0,4956,2026-09-02
DKS,DICK'S SPORTING GOODS INC,20260901,0,4956,2026-09-02
DLB,DOLBY LABORATORIES INC-CL A,20260901,0,4956,2026-09-02
DLHC,DLH HOLDINGS CORP,20260901,0,4956,2026-09-02
DLO,DLOCAL LTD,20260901,0,4956,2026-09-02
DLPN,DOLPHIN ENTERTAINMENT INC,20260901,0,4956,2026-09-02
DLTH,DULUTH HOLDINGS INC - CL B,20260901,0,4956,2026-09-02
DLTR,DOLLAR TREE INC,20260901,0,4956,2026-09-02
DLX,DELUXE CORP,20260901,0,4956,2026-09-02
DLXY,DELIXY HOLDINGS LTD-A,20260901,0,4956,2026-09-02
DMAA,DRUGS MADE IN AMERICA ACQUIS,20260901,0,4956,2026-09-02
DMAC,DIAMEDICA THERAPEUTICS INC,20260901,0,4956,2026-09-02
DMC,DEL MONTE CORP,20260901,0,4956,2026-09-02
DMII,DRUGS MADE IN AMERICA ACQUIS,20260901,0,4956,2026-09-02
DMRA,DAMORA THERAPEUTICS INC,20260901,0,4956,2026-09-02
DMRC,DIGIMARC CORP,20260901,0,4956,2026-09-02
DNA,GINKGO BIOWORKS HOLDINGS INC,20260901,0,4956,2026-09-02
DNLI,DENALI THERAPEUTICS INC,20260901,0,4956,2026-09-02
DNMX,DYNAMIX CORP III-CL A,20260901,0,4956,2026-09-02
DNN,DENISON MINES CORP,20260901,0,4956,2026-09-02
DNOW,DNOW INC,20260901,0,4956,2026-09-02
DNTH,DIANTHUS THERAPEUTICS INC,20260901,0,4956,2026-09-02
DNUT,KRISPY KREME INC,20260901,0,4956,2026-09-02
DOCN,DIGITALOCEAN HOLDINGS INC,20260901,0,4956,2026-09-02
DOCS,DOXIMITY INC-CLASS A,20260901,0,4956,2026-09-02
DOCU,DOCUSIGN INC,20260901,0,4956,2026-09-02
DOGZ,DOGNESS INTERNATIONAL CORP-A,20260901,0,4956,2026-09-02
DOLE,DOLE PLC,20260901,0,4956,2026-09-02
DOMH,DOMINARI HOLDINGS INC,20260901,0,4956,2026-09-02
DOMO,DOMO INC - CLASS B,20260901,0,4956,2026-09-02
DOO,BRP INC/CA- SUB VOTING,20260901,0,4956,2026-09-02
DORM,DORMAN PRODUCTS INC,20260901,0,4956,2026-09-02
DOUG,DOUGLAS ELLIMAN INC,20260901,0,4956,2026-09-02
DOV,DOVER CORP,20260901,0,4956,2026-09-02
DOW,DOW INC,20260901,0,4956,2026-09-02
DOX,AMDOCS LTD,20260901,0,4956,2026-09-02
DPC,DPC HOLDINGS PLC,20260901,0,4956,2026-09-02
DPRO,DRAGANFLY INC,20260901,0,4956,2026-09-02
DPU,TOP KINGWIN LTD-A,20260901,0,4956,2026-09-02
DPZ,DOMINO'S PIZZA INC,20260901,0,4956,2026-09-02
DRCT,DIRECT DIGITAL HOLDINGS IN-A,20260901,0,4956,2026-09-02
DRDB,ROMAN DBDR ACQUISITION CORP,20260901,0,4956,2026-09-02
DRI,DARDEN RESTAURANTS INC,20260901,0,4956,2026-09-02
DRIO,DARIOHEALTH CORP,20260901,0,4956,2026-09-02
DRMA,DERMATA THERAPEUTICS INC,20260901,0,4956,2026-09-02
DRS,LEONARDO DRS INC,20260901,0,4956,2026-09-02
DRTS,ALPHA TAU MEDICAL LTD,20260901,0,4956,2026-09-02
DRUG,BRIGHT MINDS BIOSCIENCES INC,20260901,0,4956,2026-09-02
DRVN,DRIVEN BRANDS HOLDINGS INC,20260901,0,4956,2026-09-02
DSAC,DAEDALUS SPECIAL ACQUIS-CL A,20260901,0,4956,2026-09-02
DSGN,DESIGN THERAPEUTICS INC,20260901,0,4956,2026-09-02
DSGR,DISTRIBUTION SOLUTIONS GROUP,20260901,0,4956,2026-09-02
DSGX,DESCARTES SYSTEMS GRP/THE,20260901,0,4956,2026-09-02
DSP,VIANT TECHNOLOGY INC-A,20260901,0,4956,2026-09-02
DSS,DSS INC,20260901,0,4956,2026-09-02
DSWL,DESWELL INDUSTRIES INC,20260901,0,4956,2026-09-02
DSX,DIANA SHIPPING INC,20260901,0,4956,2026-09-02
DSY,BIG TREE CLOUD HOLDINGS LT-A,20260901,0,4956,2026-09-02
DT,DYNATRACE INC,20260901,0,4956,2026-09-02
DTCX,DATACENTREX INC,20260901,0,4956,2026-09-02
DTE,DTE ENERGY COMPANY,20260901,0,4956,2026-09-02
DTI,DRILLING TOOLS INTERNATIONAL,20260901,0,4956,2026-09-02
DTIL,PRECISION BIOSCIENCES INC,20260901,0,4956,2026-09-02
DTM,DT MIDSTREAM INC,20260901,0,4956,2026-09-02
DTSQ,DT CLOUD STAR ACQUISITION CO,20260901,0,4956,2026-09-02
DTSS,DATASEA INC,20260901,0,4956,2026-09-02
DTST,DATA STORAGE CORP,20260901,0,4956,2026-09-02
DUK,DUKE ENERGY CORP,20260901,0,4956,2026-09-02
DUKR,DUKE ROBOTICS CORP,20260901,0,4956,2026-09-02
DUO,FANGDD NETWORK GROUP LTD-A,20260901,0,4956,2026-09-02
DUOL,DUOLINGO,20260901,0,4956,2026-09-02
DUOT,DUOS TECHNOLOGIES GROUP INC,20260901,0,4956,2026-09-02
DV,DOUBLEVERIFY HOLDINGS INC,20260901,0,4956,2026-09-02
DVA,DAVITA INC,20260901,0,4956,2026-09-02
DVLT,DATAVAULT AI INC,20260901,0,4956,2026-09-02
DVN,DEVON ENERGY CORP,20260901,0,4956,2026-09-02
DWSN,DAWSON GEOPHYSICAL CO,20260901,0,4956,2026-09-02
DWTX,DOGWOOD THERAPEUTICS INC,20260901,0,4956,2026-09-02
DXC,DXC TECHNOLOGY CO,20260901,0,4956,2026-09-02
DXCM,DEXCOM INC,20260901,0,4956,2026-09-02
DXLG,DESTINATION XL GROUP INC,20260901,0,4956,2026-09-02
DXPE,DXP ENTERPRISES INC,20260901,0,4956,2026-09-02
DXR,DAXOR CORP,20260901,0,4956,2026-09-02
DXST,DECENT HOLDING INC-A,20260901,0,4956,2026-09-02
DY,DYCOM INDUSTRIES INC,20260901,0,4956,2026-09-02
DYAI,DYADIC INTERNATIONAL INC,20260901,0,4956,2026-09-02
DYN,DYNE THERAPEUTICS INC,20260901,0,4956,2026-09-02
DYNC,DYNAMIX CORP,20260901,0,4956,2026-09-02
DYOR,INSIGHT DIGITAL PARTNERS I-A,20260901,0,4956,2026-09-02
EAF,GRAFTECH INTERNATIONAL LTD,20260901,0,4956,2026-09-02
EAT,BRINKER INTERNATIONAL INC,20260901,0,4956,2026-09-02
EBAY,EBAY INC,20260901,0,4956,2026-09-02
EBC,EASTERN BANKSHARES INC,20260901,0,4956,2026-09-02
EBF,ENNIS INC,20260901,0,4956,2026-09-02
EBMT,EAGLE BANCORP MONTANA INC,20260901,0,4956,2026-09-02
EBON,EBANG INTERNATIONAL HLDGS-A,20260901,0,4956,2026-09-02
EBS,EMERGENT BIOSOLUTIONS INC,20260901,0,4956,2026-09-02
ECBK,ECB BANCORP INC,20260901,0,4956,2026-09-02
ECG,EVERUS CONSTRUCTION GROUP,20260901,0,4956,2026-09-02
ECHO,ECHOSTAR CORP-A,20260901,0,4956,2026-09-02
ECL,ECOLAB INC,20260901,0,4956,2026-09-02
ECO,OKEANIS ECO TANKERS CORP,20260901,0,4956,2026-09-02
ECOR,ELECTROCORE INC,20260901,0,4956,2026-09-02
ECPG,ENCORE CAPITAL GROUP INC,20260901,0,4956,2026-09-02
ECVT,ECOVYST INC,20260901,0,4956,2026-09-02
ECX,ECARX HOLDINGS INC-CL A,20260901,0,4956,2026-09-02
ED,CONSOLIDATED EDISON INC,20260901,0,4956,2026-09-02
EDBL,EDIBLE GARDEN AG INC,20260901,0,4956,2026-09-02
EDHL,EVERBRIGHT DIGITAL HOLDING L,20260901,0,4956,2026-09-02
EDIT,EDITAS MEDICINE INC,20260901,0,4956,2026-09-02
EDRY,EURODRY LTD,20260901,0,4956,2026-09-02
EDSA,EDESA BIOTECH INC,20260901,0,4956,2026-09-02
EDTK,SKILLFUL CRAFTSMAN EDUCATION,20260901,0,4956,2026-09-02
EDUC,EDUCATIONAL DEVELOPMENT CORP,20260901,0,4956,2026-09-02
EDVA,ENDOVIA HEALTH SCIENCES INC,20260901,0,4956,2026-09-02
EE,EXCELERATE ENERGY INC-A,20260901,0,4956,2026-09-02
EEFT,EURONET WORLDWIDE INC,20260901,0,4956,2026-09-02
EEIQ,EPICQUEST EDUCATION GROUP IN,20260901,0,4956,2026-09-02
EFOI,ENERGY FOCUS INC,20260901,0,4956,2026-09-02
EFOR,EVERFORTH INC,20260901,0,4956,2026-09-02
EFSC,ENTERPRISE FINANCIAL SERVICE,20260901,0,4956,2026-09-02
EFSI,EAGLE FINANCIAL SERVICES INC,20260901,0,4956,2026-09-02
EFTY,ETOILES CAPITAL GROUP CO LTD,20260901,0,4956,2026-09-02
EFX,EQUIFAX INC,20260901,0,4956,2026-09-02
EFXT,ENERFLEX LTD,20260901,0,4956,2026-09-02
EG,EVEREST GROUP LTD,20260901,0,4956,2026-09-02
EGAN,EGAIN CORP,20260901,0,4956,2026-09-02
EGBN,EAGLE BANCORP INC,20260901,0,4956,2026-09-02
EGG,ENIGMATIG LTD - CLASS A,20260901,0,4956,2026-09-02
EGHA,EGH ACQUISITION CO-A,20260901,0,4956,2026-09-02
EGHT,8X8 INC,20260901,0,4956,2026-09-02
EGO,ELDORADO GOLD CORP,20260901,0,4956,2026-09-02
EGY,VAALCO ENERGY INC,20260901,0,4956,2026-09-02
EHC,ENCOMPASS HEALTH CORP,20260901,0,4956,2026-09-02
EHGO,ESHALLGO INC,20260901,0,4956,2026-09-02
EHLD,EURO-HOLDINGS LTD,20260901,0,4956,2026-09-02
EHTH,EHEALTH INC,20260901,0,4956,2026-09-02
EIG,EMPLOYERS HOLDINGS INC,20260901,0,4956,2026-09-02
EIKN,EIKON THERAPEUTICS INC,20260901,0,4956,2026-09-02
EIX,EDISON INTERNATIONAL,20260901,0,4956,2026-09-02
EJH,E-HOME HOUSEHOLD SERVICE,20260901,0,4956,2026-09-02
EL,ESTEE LAUDER COMPANIES-CL A,20260901,0,4956,2026-09-02
ELA,ENVELA CORP,20260901,0,4956,2026-09-02
ELAB,PMGC HOLDINGS INC,20260901,0,4956,2026-09-02
ELAN,ELANCO ANIMAL HEALTH INC,20260901,0,4956,2026-09-02
ELBM,ELECTRA BATTERY MATERIALS CO,20260901,0,4956,2026-09-02
ELDN,ELEDON PHARMACEUTICALS INC,20260901,0,4956,2026-09-02
ELE,ELEMENTAL ROYALTY CORP,20260901,0,4956,2026-09-02
ELF,ELF BEAUTY INC,20260901,0,4956,2026-09-02
ELLO,ELLOMAY CAPITAL LTD,20260901,0,4956,2026-09-02
ELMD,ELECTROMED INC,20260901,0,4956,2026-09-02
ELMT,ELMET GROUP CO/THE,20260901,0,4956,2026-09-02
ELOG,EASTERN INTERNATIONAL LTD /,20260901,0,4956,2026-09-02
ELOX,ELOXX PHARMACEUTICALS INC,20260901,0,4956,2026-09-02
ELPW,ELONG POWER HOLDING-A,20260901,0,4956,2026-09-02
ELTK,ELTEK LTD,20260901,0,4956,2026-09-02
ELTX,ELICIO THERAPEUTICS INC,20260901,0,4956,2026-09-02
ELUT,ELUTIA INC,20260901,0,4956,2026-09-02
ELV,ELEVANCE HEALTH INC,20260901,0,4956,2026-09-02
ELVA,ELECTROVAYA INC,20260901,0,4956,2026-09-02
ELVN,ENLIVEN THERAPEUTICS INC,20260901,0,4956,2026-09-02
ELWT,ELAUWIT CONNECTION INC,20260901,0,4956,2026-09-02
EMA,EMERA INC,20260901,0,4956,2026-09-02
EMAT,EVOLUTION METALS & TECHNOLOG,20260901,0,4956,2026-09-02
EMBC,EMBECTA CORP,20260901,0,4956,2026-09-02
EME,EMCOR GROUP INC,20260901,0,4956,2026-09-02
EMIS,EMMIS ACQUISITION CORP-CL A,20260901,0,4956,2026-09-02
EML,EASTERN CO/THE,20260901,0,4956,2026-09-02
EMN,EASTMAN CHEMICAL CO,20260901,0,4956,2026-09-02
EMPD,EMPERY DIGITAL INC,20260901,0,4956,2026-09-02
EMR,EMERSON ELECTRIC CO,20260901,0,4956,2026-09-02
ENB,ENBRIDGE INC,20260901,0,4956,2026-09-02
ENGN,ENGENE THERAPEUTICS INC,20260901,0,4956,2026-09-02
ENGS,ENERGYS GROUP LTD,20260901,0,4956,2026-09-02
ENHA,ENHANCED GROUP INC,20260901,0,4956,2026-09-02
ENLT,ENLIGHT RENEWABLE ENERGY LTD,20260901,0,4956,2026-09-02
ENLV,ENLIVEX LTD,20260901,0,4956,2026-09-02
ENOV,ENOVIS CORP,20260901,0,4956,2026-09-02
ENPH,ENPHASE ENERGY INC,20260901,0,4956,2026-09-02
ENR,ENERGIZER HOLDINGS INC,20260901,0,4956,2026-09-02
ENS,ENERSYS,20260901,0,4956,2026-09-02
ENSC,ENSYSCE BIOSCIENCES INC,20260901,0,4956,2026-09-02
ENSG,ENSIGN GROUP INC/THE,20260901,0,4956,2026-09-02
ENTA,ENANTA PHARMACEUTICALS INC,20260901,0,4956,2026-09-02
ENTG,ENTEGRIS INC,20260901,0,4956,2026-09-02
ENTX,ENTERA BIO LTD,20260901,0,4956,2026-09-02
ENVA,ENOVA INTERNATIONAL INC,20260901,0,4956,2026-09-02
ENVB,ENVERIC BIOSCIENCES INC,20260901,0,4956,2026-09-02
ENVX,ENOVIX CORP,20260901,0,4956,2026-09-02
EOG,EOG RESOURCES INC,20260901,0,4956,2026-09-02
EOLS,EVOLUS INC,20260901,0,4956,2026-09-02
EONR,EON RESOURCES INC,20260901,0,4956,2026-09-02
EOSE,EOS ENERGY ENTERPRISES INC,20260901,0,4956,2026-09-02
EP,EMPIRE PETROLEUM CORP,20260901,0,4956,2026-09-02
EPAC,ENERPAC TOOL GROUP CORP,20260901,0,4956,2026-09-02
EPAM,EPAM SYSTEMS INC,20260901,0,4956,2026-09-02
EPC,EDGEWELL PERSONAL CARE CO,20260901,0,4956,2026-09-02
EPM,EVOLUTION PETROLEUM CORP,20260901,0,4956,2026-09-02
EPOW,E-POWER INC,20260901,0,4956,2026-09-02
EPRX,EUPRAXIA PHARMACEUTICALS INC,20260901,0,4956,2026-09-02
EPSM,EPSIUM ENTERPRISE LTD-A,20260901,0,4956,2026-09-02
EPSN,EPSILON ENERGY LTD,20260901,0,4956,2026-09-02
EQ,EQUILLIUM INC,20260901,0,4956,2026-09-02
EQBK,EQUITY BANCSHARES INC - CL A,20260901,0,4956,2026-09-02
EQH,EQUITABLE HOLDINGS INC,20260901,0,4956,2026-09-02
EQPT,EQUIPMENTSHARE.COM INC-A,20260901,0,4956,2026-09-02
EQS,EQUUS TOTAL RETURN INC,20260901,0,4956,2026-09-02
EQT,EQT CORP,20260901,0,4956,2026-09-02
EQX,EQUINOX GOLD CORP,20260901,0,4956,2026-09-02
ERAS,ERASCA INC,20260901,0,4956,2026-09-02
ERIE,ERIE INDEMNITY COMPANY-CL A,20260901,0,4956,2026-09-02
ERII,ENERGY RECOVERY INC,20260901,0,4956,2026-09-02
ERNA,ERNEXA THERAPEUTICS INC,20260901,0,4956,2026-09-02
ERO,ERO COPPER CORP,20260901,0,4956,2026-09-02
EROC,EROCK INC-A,20260901,0,4956,2026-09-02
EROK,EAGLEROCK LAND LLC -CL A,20260901,0,4956,2026-09-02
ES,EVERSOURCE ENERGY,20260901,0,4956,2026-09-02
ESAB,ESAB CORP,20260901,0,4956,2026-09-02
ESCA,ESCALADE INC,20260901,0,4956,2026-09-02
ESE,ESCO TECHNOLOGIES INC,20260901,0,4956,2026-09-02
ESEA,EUROSEAS LTD,20260901,0,4956,2026-09-02
ESI,ELEMENT SOLUTIONS INC,20260901,0,4956,2026-09-02
ESLA,ESTRELLA IMMUNOPHARMA INC,20260901,0,4956,2026-09-02
ESLT,ELBIT SYSTEMS LTD,20260901,0,4956,2026-09-02
ESNT,ESSENT GROUP LTD,20260901,0,4956,2026-09-02
ESOA,ENERGY SERVICES OF AMERICA,20260901,0,4956,2026-09-02
ESP,ESPEY MFG & ELECTRONICS CORP,20260901,0,4956,2026-09-02
ESQ,ESQUIRE FINANCIAL HOLDINGS I,20260901,0,4956,2026-09-02
ESTA,ESTABLISHMENT LABS HOLDINGS,20260901,0,4956,2026-09-02
ESTC,ELASTIC NV,20260901,0,4956,2026-09-02
ETD,ETHAN ALLEN INTERIORS INC,20260901,0,4956,2026-09-02
ETN,EATON CORP PLC,20260901,0,4956,2026-09-02
ETON,ETON PHARMACEUTICALS INC,20260901,0,4956,2026-09-02
ETOR,ETORO GROUP LTD-A,20260901,0,4956,2026-09-02
ETR,ENTERGY CORP,20260901,0,4956,2026-09-02
ETS,ELITE EXPRESS HOLDING INC,20260901,0,4956,2026-09-02
ETSS,ENERGY TRANSITION SPECIAL -A,20260901,0,4956,2026-09-02
ETSY,ETSY INC,20260901,0,4956,2026-09-02
EU,ENCORE ENERGY CORP,20260901,0,4956,2026-09-02
EUDA,EUDA HEALTH HOLDINGS LTD,20260901,0,4956,2026-09-02
EURK,EUREKA ACQUISITION CORP,20260901,0,4956,2026-09-02
EVAC,EQV VENTURES ACQUISITION C-A,20260901,0,4956,2026-09-02
EVC,ENTRAVISION COMMUNICATIONS-A,20260901,0,4956,2026-09-02
EVCM,EVERCOMMERCE INC,20260901,0,4956,2026-09-02
EVER,EVERQUOTE INC - CLASS A,20260901,0,4956,2026-09-02
EVEX,EVE HOLDING INC,20260901,0,4956,2026-09-02
EVGN,EVOGENE LTD,20260901,0,4956,2026-09-02
EVGO,EVGO INC,20260901,0,4956,2026-09-02
EVH,EVOLENT HEALTH INC - A,20260901,0,4956,2026-09-02
EVI,EVI INDUSTRIES INC,20260901,0,4956,2026-09-02
EVLV,EVOLV TECHNOLOGIES HOLDINGS,20260901,0,4956,2026-09-02
EVMN,EVOMMUNE INC,20260901,0,4956,2026-09-02
EVOX,EVOLUTION GLOBAL ACQUIS-CL A,20260901,0,4956,2026-09-02
EVR,EVERCORE INC - A,20260901,0,4956,2026-09-02
EVRG,EVERGY INC,20260901,0,4956,2026-09-02
EVTC,EVERTEC INC,20260901,0,4956,2026-09-02
EVTL,VERTICAL AEROSPACE LTD,20260901,0,4956,2026-09-02
EW,EDWARDS LIFESCIENCES CORP,20260901,0,4956,2026-09-02
EWAV,EAST WEST AVE ACQUISITION CO,20260901,0,4956,2026-09-02
EWBC,EAST WEST BANCORP INC,20260901,0,4956,2026-09-02
EWTX,EDGEWISE THERAPEUTICS INC,20260901,0,4956,2026-09-02
EXC,EXELON CORP,20260901,0,4956,2026-09-02
EXE,EXPAND ENERGY CORP,20260901,0,4956,2026-09-02
EXEL,EXELIXIS INC,20260901,0,4956,2026-09-02
EXFY,EXPENSIFY INC - A,20260901,0,4956,2026-09-02
EXK,ENDEAVOUR SILVER CORP,20260901,0,4956,2026-09-02
EXLS,EXLSERVICE HOLDINGS INC,20260901,0,4956,2026-09-02
EXOD,EXODUS MOVEMENT INC - A,20260901,0,4956,2026-09-02
EXOZ,EXOZYMES INC,20260901,0,4956,2026-09-02
EXP,EAGLE MATERIALS INC,20260901,0,4956,2026-09-02
EXPD,EXPEDITORS INTL WASH INC,20260901,0,4956,2026-09-02
EXPE,EXPEDIA GROUP INC,20260901,0,4956,2026-09-02
EXPO,EXPONENT INC,20260901,0,4956,2026-09-02
EXTR,EXTREME NETWORKS INC,20260901,0,4956,2026-09-02
EXYN,EXYN TECHNOLOGIES INC,20260901,0,4956,2026-09-02
EYE,NATIONAL VISION HOLDINGS INC,20260901,0,4956,2026-09-02
EYPT,EYEPOINT INC,20260901,0,4956,2026-09-02
EZGO,EZGO TECHNOLOGIES LTD,20260901,0,4956,2026-09-02
EZPW,EZCORP INC-CL A,20260901,0,4956,2026-09-02
EZRA,RELIANCE GLOBAL GROUP INC,20260901,0,4956,2026-09-02
F,FORD MOTOR CO,20260901,0,4956,2026-09-02
FA,FIRST ADVANTAGE CORP,20260901,0,4956,2026-09-02
FABC,FABRICAI INC,20260901,0,4956,2026-09-02
FAC,FACTORIAL ENERGY INC,20260901,0,4956,2026-09-02
FACT,FACT II ACQUISITION CORP,20260901,0,4956,2026-09-02
FAF,FIRST AMERICAN FINANCIAL,20260901,0,4956,2026-09-02
FAMI,FARMMI INC-A,20260901,0,4956,2026-09-02
FANG,DIAMONDBACK ENERGY INC,20260901,0,4956,2026-09-02
FAST,FASTENAL CO,20260901,0,4956,2026-09-02
FATE,FATE THERAPEUTICS INC,20260901,0,4956,2026-09-02
FATN,FATPIPE INC/UT,20260901,0,4956,2026-09-02
FBDT,FIRST BREACH INC,20260901,0,4956,2026-09-02
FBGL,FBS GLOBAL LTD,20260901,0,4956,2026-09-02
FBIN,FORTUNE BRANDS INNOVATIONS I,20260901,0,4956,2026-09-02
FBIO,FORTRESS BIOTECH INC,20260901,0,4956,2026-09-02
FBIZ,FIRST BUSINESS FINANCIAL SER,20260901,0,4956,2026-09-02
FBK,FB FINANCIAL CORP,20260901,0,4956,2026-09-02
FBLA,FB BANCORP INC,20260901,0,4956,2026-09-02
FBLG,FIBROBIOLOGICS INC,20260901,0,4956,2026-09-02
FBNC,FIRST BANCORP/NC,20260901,0,4956,2026-09-02
FBP,FIRST BANCORP PUERTO RICO,20260901,0,4956,2026-09-02
FBYD,FALCON'S BEYOND GLOBAL INC-A,20260901,0,4956,2026-09-02
FC,FRANKLIN COVEY CO,20260901,0,4956,2026-09-02
FCAP,FIRST CAPITAL INC,20260901,0,4956,2026-09-02
FCBC,FIRST COMMUNITY BANKSHARES,20260901,0,4956,2026-09-02
FCBM,FIRST CAROLINA FINANCIAL SER,20260901,0,4956,2026-09-02
FCCO,FIRST COMMUNITY CORP,20260901,0,4956,2026-09-02
FCEL,FUELCELL ENERGY INC,20260901,0,4956,2026-09-02
FCF,FIRST COMMONWEALTH FINL CORP,20260901,0,4956,2026-09-02
FCFS,FIRSTCASH HOLDINGS INC,20260901,0,4956,2026-09-02
FCHL,FITNESS CHAMPS HOLDINGS LTD,20260901,0,4956,2026-09-02
FCN,FTI CONSULTING INC,20260901,0,4956,2026-09-02
FCNCA,FIRST CITIZENS BCSHS  -CL A,20260901,0,4956,2026-09-02
FCRS,FUTURECREST ACQUISITION-CL A,20260901,0,4956,2026-09-02
FCUV,FOCUS UNIVERSAL INC,20260901,0,4956,2026-09-02
FCX,FREEPORT-MCMORAN INC,20260901,0,4956,2026-09-02
FDBC,FIDELITY D&D BANCORP INC,20260901,0,4956,2026-09-02
FDMM,FREEDOM METALS ACQUISITION-A,20260901,0,4956,2026-09-02
FDMT,4D MOLECULAR THERAPEUTICS IN,20260901,0,4956,2026-09-02
FDS,FACTSET RESEARCH SYSTEMS INC,20260901,0,4956,2026-09-02
FDSB,FIFTH DISTRICT BANCORP INC,20260901,0,4956,2026-09-02
FDUS,FIDUS INVESTMENT CORP,20260901,0,4956,2026-09-02
FDX,FEDEX CORP,20260901,0,4956,2026-09-02
FDXF,FEDEX FREIGHT HOLDING CO,20260901,0,4956,2026-09-02
FE,FIRSTENERGY CORP,20260901,0,4956,2026-09-02
FEAM,5E ADVANCED MATERIALS INC,20260901,0,4956,2026-09-02
FEBO,FENBO HOLDINGS LTD-CLASS A,20260901,0,4956,2026-09-02
FEED,ENVUE MEDICAL INC,20260901,0,4956,2026-09-02
FEIM,FREQUENCY ELECTRONICS INC,20260901,0,4956,2026-09-02
FELE,FRANKLIN ELECTRIC CO INC,20260901,0,4956,2026-09-02
FEMY,FEMASYS INC,20260901,0,4956,2026-09-02
FENC,FENNEC PHARMACEUTICALS INC,20260901,0,4956,2026-09-02
FER,FERROVIAL NV,20260901,0,4956,2026-09-02
FERA,FIFTH ERA ACQUISITION CORP-A,20260901,0,4956,2026-09-02
FERG,FERGUSON ENTERPRISES INC,20260901,0,4956,2026-09-02
FET,FORUM ENERGY TECHNOLOGIES IN,20260901,0,4956,2026-09-02
FF,FUTUREFUEL CORP,20260901,0,4956,2026-09-02
FFAI,FARADAY FUTURE INTELLIGENT E,20260901,0,4956,2026-09-02
FFBC,FIRST FINANCIAL BANCORP,20260901,0,4956,2026-09-02
FFIN,FIRST FINL BANKSHARES INC,20260901,0,4956,2026-09-02
FFIV,F5 INC,20260901,0,4956,2026-09-02
FG,F&G ANNUITIES & LIFE INC,20260901,0,4956,2026-09-02
FGBI,FIRST GUARANTY BANCSHARES IN,20260901,0,4956,2026-09-02
FGI,FGI INDUSTRIES LTD,20260901,0,4956,2026-09-02
FGII,FG IMPERII ACQUISITION-CL A,20260901,0,4956,2026-09-02
FGL,FOUNDER GROUP LTD-A,20260901,0,4956,2026-09-02
FGNX,FG NEXUS INC,20260901,0,4956,2026-09-02
FHB,FIRST HAWAIIAN INC,20260901,0,4956,2026-09-02
FHI,FEDERATED HERMES INC,20260901,0,4956,2026-09-02
FHN,FIRST HORIZON CORP,20260901,0,4956,2026-09-02
FHTX,FOGHORN THERAPEUTICS INC,20260901,0,4956,2026-09-02
FIBK,FIRST INTERSTATE BANCSYS-A,20260901,0,4956,2026-09-02
FICO,FAIR ISAAC CORP,20260901,0,4956,2026-09-02
FIEE,FIEE INC,20260901,0,4956,2026-09-02
FIG,FIGMA INC-CL A,20260901,0,4956,2026-09-02
FIGR,FIGURE TECHNOLOGY SOLUT-CL A,20260901,0,4956,2026-09-02
FIGS,FIGS INC-CLASS A,20260901,0,4956,2026-09-02
FIGX,FIGX CAPITAL ACQUISITION C-A,20260901,0,4956,2026-09-02
FINW,FINWISE BANCORP,20260901,0,4956,2026-09-02
FIP,FTAI INFRASTRUCTURE INC,20260901,0,4956,2026-09-02
FIRY,FIRY INC,20260901,0,4956,2026-09-02
FIS,FIDELITY NATIONAL INFO SERV,20260901,0,4956,2026-09-02
FISI,FINANCIAL INSTITUTIONS INC,20260901,0,4956,2026-09-02
FISN,DEEP FISSION INC,20260901,0,4956,2026-09-02
FISV,FISERV INC,20260901,0,4956,2026-09-02
FITB,FIFTH THIRD BANCORP,20260901,0,4956,2026-09-02
FIVE,FIVE BELOW,20260901,0,4956,2026-09-02
FIVN,FIVE9 INC,20260901,0,4956,2026-09-02
FIX,COMFORT SYSTEMS USA INC,20260901,0,4956,2026-09-02
FIZZ,NATIONAL BEVERAGE CORP,20260901,0,4956,2026-09-02
FJET,STARFIGHTERS SPACE INC,20260901,0,4956,2026-09-02
FKWL,FRANKLIN WIRELESS CORP,20260901,0,4956,2026-09-02
FLD,FOLD HOLDINGS INC,20260901,0,4956,2026-09-02
FLEX,FLEX LTD,20260901,0,4956,2026-09-02
FLG,FLAGSTAR BANK NA,20260901,0,4956,2026-09-02
FLGT,FULGENT GENETICS INC,20260901,0,4956,2026-09-02
FLL,FULL HOUSE RESORTS INC,20260901,0,4956,2026-09-02
FLNA,FILANA THERAPEUTICS INC,20260901,0,4956,2026-09-02
FLNC,FLUENCE ENERGY INC,20260901,0,4956,2026-09-02
FLNG,FLEX LNG LTD,20260901,0,4956,2026-09-02
FLNT,FLUENT INC,20260901,0,4956,2026-09-02
FLO,FLOWERS FOODS INC,20260901,0,4956,2026-09-02
FLOC,FLOWCO HOLDINGS INC-CL A,20260901,0,4956,2026-09-02
FLR,FLUOR CORP,20260901,0,4956,2026-09-02
FLS,FLOWSERVE CORP,20260901,0,4956,2026-09-02
FLUT,FLUTTER ENTERTAINMENT PLC-DI,20260901,0,4956,2026-09-02
FLUX,FLUX POWER HOLDINGS INC,20260901,0,4956,2026-09-02
FLWS,1-800-FLOWERS.COM INC-CL A,20260901,0,4956,2026-09-02
FLXS,FLEXSTEEL INDS,20260901,0,4956,2026-09-02
FLY,FIREFLY AEROSPACE INC,20260901,0,4956,2026-09-02
FLYE,FLY-E GROUP INC,20260901,0,4956,2026-09-02
FLYW,FLYWIRE CORP-VOTING,20260901,0,4956,2026-09-02
FLYX,FLYEXCLUSIVE INC,20260901,0,4956,2026-09-02
FMAC,FUTURE MONEY ACQUISITION COR,20260901,0,4956,2026-09-02
FMAO,FARMERS & MERCHANTS BANCO/OH,20260901,0,4956,2026-09-02
FMBH,FIRST MID BANCSHARES INC,20260901,0,4956,2026-09-02
FMC,FMC CORP,20260901,0,4956,2026-09-02
FMFC,KANDAL M VENTURE LTD-A,20260901,0,4956,2026-09-02
FMNB,FARMERS NATL BANC CORP,20260901,0,4956,2026-09-02
FMST,FOREMOST CLEAN ENERGY LTD,20260901,0,4956,2026-09-02
FN,FABRINET,20260901,0,4956,2026-09-02
FNB,FNB CORP,20260901,0,4956,2026-09-02
FND,FLOOR & DECOR HOLDINGS INC-A,20260901,0,4956,2026-09-02
FNF,FIDELITY NATIONAL FINANCIAL,20260901,0,4956,2026-09-02
FNGR,FINGERMOTION INC,20260901,0,4956,2026-09-02
FNKO,FUNKO INC-CLASS A,20260901,0,4956,2026-09-02
FNLC,FIRST BANCORP INC/ME,20260901,0,4956,2026-09-02
FNRN,FIRST NORTHERN COMMUNITY BAN,20260901,0,4956,2026-09-02
FNUC,FRONTIER NUCLEAR AND MINERAL,20260901,0,4956,2026-09-02
FNV,FRANCO-NEVADA CORP,20260901,0,4956,2026-09-02
FNWB,FIRST NORTHWEST BANCORP,20260901,0,4956,2026-09-02
FNWD,FINWARD BANCORP,20260901,0,4956,2026-09-02
FOA,FINANCE OF AMERICA COS INC-A,20260901,0,4956,2026-09-02
FOFO,HANG FENG TECHNOLOGY INNOVAT,20260901,0,4956,2026-09-02
FOR,FORESTAR GROUP INC,20260901,0,4956,2026-09-02
FORM,FORMFACTOR INC,20260901,0,4956,2026-09-02
FORR,FORRESTER RESEARCH INC,20260901,0,4956,2026-09-02
FOSL,FOSSIL GROUP INC,20260901,0,4956,2026-09-02
FOUR,SHIFT4 PAYMENTS INC-CLASS A,20260901,0,4956,2026-09-02
FOX,FOX CORP - CLASS B,20260901,0,4956,2026-09-02
FOXA,FOX CORP - CLASS A,20260901,0,4956,2026-09-02
FOXF,FOX FACTORY HOLDING CORP,20260901,0,4956,2026-09-02
FOXX,FOXX DEVELOPMENT HOLDINGS IN,20260901,0,4956,2026-09-02
FPH,FIVE POINT HOLDINGS LLC-CL A,20260901,0,4956,2026-09-02
FPS,FORGENT POWER SOLUTIONS-CL A,20260901,0,4956,2026-09-02
FRAF,FRANKLIN FINANCIAL SERVICES,20260901,0,4956,2026-09-02
FRBA,FIRST BANK/HAMILTON NJ,20260901,0,4956,2026-09-02
FRBT,FORBRIGHT INC -A,20260901,0,4956,2026-09-02
FRD,FRIEDMAN INDUSTRIES,20260901,0,4956,2026-09-02
FRGT,FREIGHT TECHNOLOGIES INC,20260901,0,4956,2026-09-02
FRHC,FREEDOM HOLDING CORP/NV,20260901,0,4956,2026-09-02
FRME,FIRST MERCHANTS CORP,20260901,0,4956,2026-09-02
FRMI,FERMI INC,20260901,0,4956,2026-09-02
FRMM,FORUM MARKETS INC,20260901,0,4956,2026-09-02
FRNM,FREENOME INC,20260901,0,4956,2026-09-02
FRO,FRONTLINE PLC,20260901,0,4956,2026-09-02
FROG,JFROG LTD,20260901,0,4956,2026-09-02
FRPH,FRP HOLDINGS INC,20260901,0,4956,2026-09-02
FRPT,FRESHPET INC,20260901,0,4956,2026-09-02
FRSH,FRESHWORKS INC-CL A,20260901,0,4956,2026-09-02
FRST,PRIMIS FINANCIAL CORP,20260901,0,4956,2026-09-02
FRTT,FORT TECHNOLOGY INC,20260901,0,4956,2026-09-02
FRVO,FERVO ENERGY CO-A,20260901,0,4956,2026-09-02
FSBC,FIVE STAR BANCORP,20260901,0,4956,2026-09-02
FSBW,FS BANCORP INC,20260901,0,4956,2026-09-02
FSEA,FIRST SEACOAST BANCORP INC,20260901,0,4956,2026-09-02
FSHP,FLAG SHIP ACQUISITION CORP,20260901,0,4956,2026-09-02
FSI,FLEXIBLE SOLUTIONS INTL INC,20260901,0,4956,2026-09-02
FSK,FS KKR CAPITAL CORP,20260901,0,4956,2026-09-02
FSLR,FIRST SOLAR INC,20260901,0,4956,2026-09-02
FSLY,FASTLY INC - CLASS A,20260901,0,4956,2026-09-02
FSM,FORTUNA MINING CORP,20260901,0,4956,2026-09-02
FSS,FEDERAL SIGNAL CORP,20260901,0,4956,2026-09-02
FSTR,FOSTER (LB) CO-A,20260901,0,4956,2026-09-02
FSUN,FIRSTSUN CAPITAL BANCORP,20260901,0,4956,2026-09-02
FSV,FIRSTSERVICE CORP,20260901,0,4956,2026-09-02
FTAI,FTAI AVIATION LTD,20260901,0,4956,2026-09-02
FTCI,FTC SOLAR INC,20260901,0,4956,2026-09-02
FTDR,FRONTDOOR INC,20260901,0,4956,2026-09-02
FTEK,FUEL TECH INC,20260901,0,4956,2026-09-02
FTFT,FUTURE FINTECH GROUP INC,20260901,0,4956,2026-09-02
FTH,FAETH THERAPEUTICS INC,20260901,0,4956,2026-09-02
FTHA,FOREFRONT TECH HOL ACQU CL-A,20260901,0,4956,2026-09-02
FTHM,FATHOM HOLDINGS INC,20260901,0,4956,2026-09-02
FTI,TECHNIPFMC PLC,20260901,0,4956,2026-09-02
FTK,FLOTEK INDUSTRIES INC,20260901,0,4956,2026-09-02
FTLF,FITLIFE BRANDS INC,20260901,0,4956,2026-09-02
FTNT,FORTINET INC,20260901,0,4956,2026-09-02
FTRA,FUTURECORP SPACE ACQUISIT-A,20260901,0,4956,2026-09-02
FTRE,FORTREA HOLDINGS INC,20260901,0,4956,2026-09-02
FTS,FORTIS INC,20260901,0,4956,2026-09-02
FTV,FORTIVE CORP,20260901,0,4956,2026-09-02
FTW,EQV VENTURES ACQUISITION C-A,20260901,0,4956,2026-09-02
FUBO,FUBOTV INC -CLASS A,20260901,0,4956,2026-09-02
FUFU,BITFUFU INC-A,20260901,0,4956,2026-09-02
FUL,H.B. FULLER CO.,20260901,0,4956,2026-09-02
FULC,FULCRUM THERAPEUTICS INC,20260901,0,4956,2026-09-02
FULT,FULTON FINANCIAL CORP,20260901,0,4956,2026-09-02
FUN,SIX FLAGS ENTERTAINMENT CORP,20260901,0,4956,2026-09-02
FUNC,FIRST UNITED CORP,20260901,0,4956,2026-09-02
FURY,FURY GOLD MINES LTD,20260901,0,4956,2026-09-02
FUSB,FIRST US BANCSHARES INC,20260901,0,4956,2026-09-02
FUSE,FUSEMACHINES INC,20260901,0,4956,2026-09-02
FVAV,FORTRESS VALUE ACQUIS V-CL A,20260901,0,4956,2026-09-02
FVCB,FVCBANKCORP INC,20260901,0,4956,2026-09-02
FVN,FUTURE VISION II ACQUISITION,20260901,0,4956,2026-09-02
FVRR,FIVERR INTERNATIONAL LTD,20260901,0,4956,2026-09-02
FWAC,FUTUREWAVE ACQUISITION COR,20260901,0,4956,2026-09-02
FWDI,FORWARD INDUSTRIES INC,20260901,0,4956,2026-09-02
FWRD,FORWARD AIR CORP,20260901,0,4956,2026-09-02
FWRG,FIRST WATCH RESTAURANT GROUP,20260901,0,4956,2026-09-02
FXAC,FORTUNEX ACQUISITION CORP,20260901,0,4956,2026-09-02
FXHO,UTIME LTD-A,20260901,0,4956,2026-09-02
FXNC,FIRST NATIONAL CORP/VA,20260901,0,4956,2026-09-02
G,GENPACT LTD,20260901,0,4956,2026-09-02
GABC,GERMAN AMERICAN BANCORP,20260901,0,4956,2026-09-02
GAIA,GAIA INC,20260901,0,4956,2026-09-02
GAIN,GLADSTONE INVESTMENT CORP,20260901,0,4956,2026-09-02
GALT,GALECTIN THERAPEUTICS INC,20260901,0,4956,2026-09-02
GAME,GAMESQUARE HOLDINGS INC,20260901,0,4956,2026-09-02
GANX,GAIN THERAPEUTICS INC,20260901,0,4956,2026-09-02
GAP,GAP INC/THE,20260901,0,4956,2026-09-02
GASS,STEALTHGAS INC,20260901,0,4956,2026-09-02
GATX,GATX CORP,20260901,0,4956,2026-09-02
GAU,GALIANO GOLD INC,20260901,0,4956,2026-09-02
GAUZ,GAUZY LTD,20260901,0,4956,2026-09-02
GBCI,GLACIER BANCORP INC,20260901,0,4956,2026-09-02
GBDC,GOLUB CAPITAL BDC INC,20260901,0,4956,2026-09-02
GBFH,GBANK FINANCIAL HOLDINGS INC,20260901,0,4956,2026-09-02
GBLI,GLOBAL INDEMNITY GROUP LLC-A,20260901,0,4956,2026-09-02
GBR,NEW CONCEPT ENERGY INC,20260901,0,4956,2026-09-02
GBTG,GLOBAL BUSINESS TRAVEL GROUP,20260901,0,4956,2026-09-02
GBX,GREENBRIER COMPANIES INC,20260901,0,4956,2026-09-02
GCBC,GREENE COUNTY BANCORP INC,20260901,0,4956,2026-09-02
GCDT,GREEN CIRCLE DECARBONIZE -A,20260901,0,4956,2026-09-02
GCGR,GENERAL CATALYST GL RES-CL A,20260901,0,4956,2026-09-02
GCL,GCL GLOBAL HOLDINGS LTD,20260901,0,4956,2026-09-02
GCMG,GCM GROSVENOR INC - CLASS A,20260901,0,4956,2026-09-02
GCO,GENESCO INC,20260901,0,4956,2026-09-02
GCT,GIGACLOUD TECHNOLOGY INC - A,20260901,0,4956,2026-09-02
GCTK,GLUCOTRACK INC,20260901,0,4956,2026-09-02
GCTS,GCT SEMICONDUCTOR HOLDING IN,20260901,0,4956,2026-09-02
GD,GENERAL DYNAMICS CORP,20260901,0,4956,2026-09-02
GDC,GD CULTURE GROUP LTD,20260901,0,4956,2026-09-02
GDDY,GODADDY INC - CLASS A,20260901,0,4956,2026-09-02
GDEV,GDEV INC,20260901,0,4956,2026-09-02
GDHG,GOLDEN HEAVEN GROUP HOLDINGS,20260901,0,4956,2026-09-02
GDOT,GREEN DOT CORP-CLASS A,20260901,0,4956,2026-09-02
GDRX,GOODRX HOLDINGS INC-CLASS A,20260901,0,4956,2026-09-02
GDTC,CYTOMED THERAPEUTICS LTD,20260901,0,4956,2026-09-02
GDYN,GRID DYNAMICS HOLDINGS INC,20260901,0,4956,2026-09-02
GE,GENERAL ELECTRIC,20260901,0,4956,2026-09-02
GECC,GREAT ELM CAPITAL CORP,20260901,0,4956,2026-09-02
GEF,GREIF INC-CL A,20260901,0,4956,2026-09-02
GEG,GREAT ELM GROUP INC,20260901,0,4956,2026-09-02
GEHC,GE HEALTHCARE TECHNOLOGY,20260901,0,4956,2026-09-02
GELS,GELTEQ LTD,20260901,0,4956,2026-09-02
GEMI,GEMINI SPACE STATION INC-A,20260901,0,4956,2026-09-02
GEN,GEN DIGITAL INC,20260901,0,4956,2026-09-02
GENB,GENERATE BIOMEDICINES INC,20260901,0,4956,2026-09-02
GENC,GENCOR INDUSTRIES INC,20260901,0,4956,2026-09-02
GENI,GENIUS SPORTS LTD,20260901,0,4956,2026-09-02
GENK,GEN RESTAURANT GROUP INC,20260901,0,4956,2026-09-02
GEO,GEO GROUP INC/THE,20260901,0,4956,2026-09-02
GEOS,GEOSPACE TECHNOLOGIES CORP,20260901,0,4956,2026-09-02
GERN,GERON CORP,20260901,0,4956,2026-09-02
GETY,GETTY IMAGES HOLDINGS INC,20260901,0,4956,2026-09-02
GEV,GE VERNOVA INC,20260901,0,4956,2026-09-02
GEVO,GEVO INC,20260901,0,4956,2026-09-02
GFAI,GUARDFORCE AI CO LTD,20260901,0,4956,2026-09-02
GFF,GRIFFON CORP,20260901,0,4956,2026-09-02
GFL,GFL ENVIRONMENTAL INC-SUB VT,20260901,0,4956,2026-09-02
GFR,GREENFIRE RESOURCES LTD,20260901,0,4956,2026-09-02
GFS,GLOBALFOUNDRIES INC,20260901,0,4956,2026-09-02
GFUZ,GENERAL FUSION GROUP LTD,20260901,0,4956,2026-09-02
GGG,GRACO INC,20260901,0,4956,2026-09-02
GGR,GOGORO INC,20260901,0,4956,2026-09-02
GH,GUARDANT HEALTH INC,20260901,0,4956,2026-09-02
GHC,GRAHAM HOLDINGS CO-CLASS B,20260901,0,4956,2026-09-02
GHM,GRAHAM CORP,20260901,0,4956,2026-09-02
GHRS,GH RESEARCH PLC,20260901,0,4956,2026-09-02
GHXI,GORES HOLDINGS XI INC-A,20260901,0,4956,2026-09-02
GIB,CGI INC,20260901,0,4956,2026-09-02
GIBO,GIBO HOLDINGS LTD-CL A,20260901,0,4956,2026-09-02
GIC,GLOBAL INDUSTRIAL CO,20260901,0,4956,2026-09-02
GIFT,GIFTIFY INC,20260901,0,4956,2026-09-02
GIGM,GIGAMEDIA LTD,20260901,0,4956,2026-09-02
GIII,G-III APPAREL GROUP LTD,20260901,0,4956,2026-09-02
GIL,GILDAN ACTIVEWEAR INC,20260901,0,4956,2026-09-02
GILD,GILEAD SCIENCES INC,20260901,0,4956,2026-09-02
GILT,GILAT SATELLITE NETWORKS LTD,20260901,0,4956,2026-09-02
GIPR,GENERATION INCOME PROPERTIES,20260901,0,4956,2026-09-02
GIS,GENERAL MILLS INC,20260901,0,4956,2026-09-02
GITS,GLOBAL INTERACTIVE TECHNOLOG,20260901,0,4956,2026-09-02
GIW,GIGCAPITAL8 CORP-A,20260901,0,4956,2026-09-02
GIX,GIGCAPITAL9 CORP-CL A,20260901,0,4956,2026-09-02
GIXI,GIX INTERNET LTD,20260901,0,4956,2026-09-02
GKOS,GLAUKOS CORP,20260901,0,4956,2026-09-02
GL,GLOBE LIFE INC,20260901,0,4956,2026-09-02
GLAD,GLADSTONE CAPITAL CORP,20260901,0,4956,2026-09-02
GLAS,GLASS HOUSE BRANDS INC,20260901,0,4956,2026-09-02
GLBE,GLOBAL-E ONLINE LTD,20260901,0,4956,2026-09-02
GLBS,GLOBUS MARITIME LIMITED,20260901,0,4956,2026-09-02
GLDG,GOLDMINING INC,20260901,0,4956,2026-09-02
GLE,GLOBAL ENGINE GROUP HOLDIN-A,20260901,0,4956,2026-09-02
GLED,GALAXYEDGE ACQUISITION CORP,20260901,0,4956,2026-09-02
GLIBA,LIBERTY CAPITAL CORP,20260901,0,4956,2026-09-02
GLIBK,LIBERTY CAPITAL CORP-CL C,20260901,0,4956,2026-09-02
GLMD,GALMED PHARMACEUTICALS LTD,20260901,0,4956,2026-09-02
GLND,GREENLAND ENERGY CO,20260901,0,4956,2026-09-02
GLNG,GOLAR LNG LTD,20260901,0,4956,2026-09-02
GLOB,GLOBANT SA,20260901,0,4956,2026-09-02
GLOO,GLOO HOLDINGS INC-A,20260901,0,4956,2026-09-02
GLRE,GREENLIGHT CAPITAL RE LTD-A,20260901,0,4956,2026-09-02
GLSI,GREENWICH LIFESCIENCES INC,20260901,0,4956,2026-09-02
GLUE,MONTE ROSA THERAPEUTICS INC,20260901,0,4956,2026-09-02
GLW,CORNING INC,20260901,0,4956,2026-09-02
GLXG,GALAXY PAYROLL GROUP LTD-A,20260901,0,4956,2026-09-02
GLXY,GALAXY DIGITAL INC-A,20260901,0,4956,2026-09-02
GM,GENERAL MOTORS CO,20260901,0,4956,2026-09-02
GME,GAMESTOP CORP-CLASS A,20260901,0,4956,2026-09-02
GMED,GLOBUS MEDICAL INC - A,20260901,0,4956,2026-09-02
GMEX,GMEX ROBOTICS CORPORATION,20260901,0,4956,2026-09-02
GMHS,GAMEHAUS HOLDINGS INC,20260901,0,4956,2026-09-02
GMM,GLOBAL MOFY AI LTD-A,20260901,0,4956,2026-09-02
GMRS,GMR SOLUTIONS INC-A,20260901,0,4956,2026-09-02
GNE,GENIE ENERGY LTD-B,20260901,0,4956,2026-09-02
GNK,GENCO SHIPPING & TRADING LTD,20260901,0,4956,2026-09-02
GNLN,GREENLANE HOLDINGS INC - A,20260901,0,4956,2026-09-02
GNLX,GENELUX CORP,20260901,0,4956,2026-09-02
GNPX,GENPREX INC,20260901,0,4956,2026-09-02
GNRC,GENERAC HOLDINGS INC,20260901,0,4956,2026-09-02
GNS,GENIUS GROUP LTD,20260901,0,4956,2026-09-02
GNSS,GENASYS INC,20260901,0,4956,2026-09-02
GNTX,GENTEX CORP,20260901,0,4956,2026-09-02
GNW,GENWORTH FINANCIAL INC,20260901,0,4956,2026-09-02
GO,GROCERY OUTLET HOLDING CORP,20260901,0,4956,2026-09-02
GOAI,EVA LIVE INC,20260901,0,4956,2026-09-02
GOGO,GOGO INC,20260901,0,4956,2026-09-02
GOLD,GOLD.COM INC,20260901,0,4956,2026-09-02
GOLF,ACUSHNET HOLDINGS CORP,20260901,0,4956,2026-09-02
GOOG,ALPHABET INC-CL C,20260901,0,4956,2026-09-02
GOOGL,ALPHABET INC-CL A,20260901,0,4956,2026-09-02
GOOS,CANADA GOOSE HOLDINGS INC,20260901,0,4956,2026-09-02
GORO,GOLDGROUP MINING INC,20260901,0,4956,2026-09-02
GOSS,GOSSAMER BIO INC,20260901,0,4956,2026-09-02
GOVX,GEOVAX LABS INC,20260901,0,4956,2026-09-02
GP,GREENPOWER MOTOR CO INC,20260901,0,4956,2026-09-02
GPAC,GENERAL PURPOSE ACQUISIT-A,20260901,0,4956,2026-09-02
GPAT,GP-ACT III ACQUISITION-A,20260901,0,4956,2026-09-02
GPC,GENUINE PARTS CO,20260901,0,4956,2026-09-02
GPGI,GPGI INC,20260901,0,4956,2026-09-02
GPI,GROUP 1 AUTOMOTIVE INC,20260901,0,4956,2026-09-02
GPK,GRAPHIC PACKAGING HOLDING CO,20260901,0,4956,2026-09-02
GPN,GLOBAL PAYMENTS INC,20260901,0,4956,2026-09-02
GPOR,GULFPORT ENERGY CORP,20260901,0,4956,2026-09-02
GPRE,GREEN PLAINS INC,20260901,0,4956,2026-09-02
GPRK,GEOPARK LTD,20260901,0,4956,2026-09-02
GPRO,GOPRO INC-CLASS A,20260901,0,4956,2026-09-02
GPUS,HYPERSCALE DATA INC,20260901,0,4956,2026-09-02
GRAB,GRAB HOLDINGS LTD - CL A,20260901,0,4956,2026-09-02
GRAL,GRAIL INC,20260901,0,4956,2026-09-02
GRAN,GRANDE GROUP LTD-A,20260901,0,4956,2026-09-02
GRBK,GREEN BRICK PARTNERS INC,20260901,0,4956,2026-09-02
GRC,GORMAN-RUPP CO,20260901,0,4956,2026-09-02
GRCE,GRACE THERAPEUTICS INC,20260901,0,4956,2026-09-02
GRDN,GUARDIAN PHRMCY SERVICES-A,20260901,0,4956,2026-09-02
GRDX,GRIDAI TECHNOLOGIES CORP,20260901,0,4956,2026-09-02
GRI,GRI BIO INC,20260901,0,4956,2026-09-02
GRML,GREENLAND MINES LTD,20260901,0,4956,2026-09-02
GRMN,GARMIN LTD,20260901,0,4956,2026-09-02
GRND,GRINDR INC,20260901,0,4956,2026-09-02
GRNQ,GREENPRO CAPITAL CORP,20260901,0,4956,2026-09-02
GRNT,GRANITE RIDGE RESOURCES INC,20260901,0,4956,2026-09-02
GRO,BRAZIL POTASH CORP,20260901,0,4956,2026-09-02
GROV,GROVE COLLABORATIVE HOLDINGS,20260901,0,4956,2026-09-02
GROW,U.S. GLOBAL INVESTORS INC-A,20260901,0,4956,2026-09-02
GROY,GOLD ROYALTY CORP,20260901,0,4956,2026-09-02
GRPN,GROUPON INC,20260901,0,4956,2026-09-02
GRRR,GORILLA TECHNOLOGY GROUP INC,20260901,0,4956,2026-09-02
GRSD,GRANDSTAND LTD,20260901,0,4956,2026-09-02
GRWG,GROWGENERATION CORP,20260901,0,4956,2026-09-02
GS,GOLDMAN SACHS GROUP INC,20260901,0,4956,2026-09-02
GSAT,GLOBALSTAR INC,20260901,0,4956,2026-09-02
GSBC,GREAT SOUTHERN BANCORP INC,20260901,0,4956,2026-09-02
GSBD,GOLDMAN SACHS BDC INC,20260901,0,4956,2026-09-02
GSHD,GOOSEHEAD INSURANCE INC -A,20260901,0,4956,2026-09-02
GSHR,GESHER ACQUISITION CORP II-A,20260901,0,4956,2026-09-02
GSIT,GSI TECHNOLOGY INC,20260901,0,4956,2026-09-02
GSIW,GARDEN STAGE LTD-A,20260901,0,4956,2026-09-02
GSL,GLOBAL SHIP LEASE INC-CL A,20260901,0,4956,2026-09-02
GSM,FERROGLOBE PLC,20260901,0,4956,2026-09-02
GSRF,GSR IV ACQUISITION CORP-CL A,20260901,0,4956,2026-09-02
GSRV,GSR V ACQUISITION CORP CL A,20260901,0,4956,2026-09-02
GSUN,GOLDEN SUN TECHNOLOGY GRO-A,20260901,0,4956,2026-09-02
GT,GOODYEAR TIRE & RUBBER CO,20260901,0,4956,2026-09-02
GTBP,GT BIOPHARMA INC,20260901,0,4956,2026-09-02
GTE,GRAN TIERRA ENERGY INC,20260901,0,4956,2026-09-02
GTEC,GREENLAND TECHNOLOGIES-A,20260901,0,4956,2026-09-02
GTEN,GORES HOLDINGS X INC-CL A,20260901,0,4956,2026-09-02
GTERA,GLOBA TERRA ACQUISITION CO-A,20260901,0,4956,2026-09-02
GTES,GATES INDUSTRIAL CORP LTD,20260901,0,4956,2026-09-02
GTIM,GOOD TIMES RESTAURANTS INC,20260901,0,4956,2026-09-02
GTLB,GITLAB INC-CL A,20260901,0,4956,2026-09-02
GTM,ZOOMINFO TECHNOLOGIES INC,20260901,0,4956,2026-09-02
GTN,GRAY MEDIA INC,20260901,0,4956,2026-09-02
GTX,GARRETT MOTION INC,20260901,0,4956,2026-09-02
GUAC,BERTO ACQUISITION CORP II,20260901,0,4956,2026-09-02
GURE,GULF RESOURCES INC,20260901,0,4956,2026-09-02
GUTS,FRACTYL HEALTH INC,20260901,0,4956,2026-09-02
GVA,GRANITE CONSTRUCTION INC,20260901,0,4956,2026-09-02
GVH,GLOBAVEND HOLDINGS LTD,20260901,0,4956,2026-09-02
GWAV,GREENWAVE TECHNOLOGY SOLUTIO,20260901,0,4956,2026-09-02
GWH,ESS TECH INC,20260901,0,4956,2026-09-02
GWRE,GUIDEWIRE SOFTWARE INC,20260901,0,4956,2026-09-02
GWRS,GLOBAL WATER RESOURCES INC,20260901,0,4956,2026-09-02
GWW,WW GRAINGER INC,20260901,0,4956,2026-09-02
GXAI,GAXOS.AI INC,20260901,0,4956,2026-09-02
GXO,GXO LOGISTICS INC,20260901,0,4956,2026-09-02
GYGY,GAME YOUR GAME INC,20260901,0,4956,2026-09-02
GYRE,GYRE THERAPEUTICS INC,20260901,0,4956,2026-09-02
GYRO,GYRODYNE LLC,20260901,0,4956,2026-09-02
H,HYATT HOTELS CORP - CL A,20260901,0,4956,2026-09-02
HACQ,HCM IV ACQUISITION CORP CL-A,20260901,0,4956,2026-09-02
HAE,HAEMONETICS CORP/MASS,20260901,0,4956,2026-09-02
HAFC,HANMI FINANCIAL CORPORATION,20260901,0,4956,2026-09-02
HAFN,HAFNIA LTD,20260901,0,4956,2026-09-02
HAIN,HAIN CELESTIAL GROUP INC,20260901,0,4956,2026-09-02
HAL,HALLIBURTON CO,20260901,0,4956,2026-09-02
HALO,HALOZYME THERAPEUTICS INC,20260901,0,4956,2026-09-02
HAO,HAOXI HEALTH TECHNOLOGY LTD,20260901,0,4956,2026-09-02
HAPN,HAPPEN INC,20260901,0,4956,2026-09-02
HAS,HASBRO INC,20260901,0,4956,2026-09-02
HASI,HA SUSTAINABLE INFRASTRUCTUR,20260901,0,4956,2026-09-02
HAVA,HARVARD AVE ACQUISITION-CL A,20260901,0,4956,2026-09-02
HAWK,HAWKEYE 360 INC,20260901,0,4956,2026-09-02
HAYW,HAYWARD HOLDINGS INC,20260901,0,4956,2026-09-02
HBAN,HUNTINGTON BANCSHARES INC,20260901,0,4956,2026-09-02
HBB,HAMILTON BEACH BRAND-A,20260901,0,4956,2026-09-02
HBCP,HOME BANCORP INC,20260901,0,4956,2026-09-02
HBIO,HARVARD BIOSCIENCE INC,20260901,0,4956,2026-09-02
HBM,HUDBAY MINERALS INC,20260901,0,4956,2026-09-02
HBNB,HOTEL101 GLOBAL HOLDINGS C-A,20260901,0,4956,2026-09-02
HBNC,HORIZON BANCORP INC/IN,20260901,0,4956,2026-09-02
HBT,HBT FINANCIAL INC/DE,20260901,0,4956,2026-09-02
HCA,HCA HEALTHCARE INC,20260901,0,4956,2026-09-02
HCAC,HALL CHADWICK ACQUISITION-A,20260901,0,4956,2026-09-02
HCAI,HUACHEN AI PARKING MANAGEM-A,20260901,0,4956,2026-09-02
HCAT,HEALTH CATALYST INC,20260901,0,4956,2026-09-02
HCC,WARRIOR MET COAL INC,20260901,0,4956,2026-09-02
HCHL,HAPPY CITY HOLDINGS LTD - A,20260901,0,4956,2026-09-02
HCI,HCI GROUP INC,20260901,0,4956,2026-09-02
HCIC,HENNESSY CAPITAL INVEST-A,20260901,0,4956,2026-09-02
HCKT,HACKETT GROUP INC/THE,20260901,0,4956,2026-09-02
HCMA,HCM III ACQUISITION COR-CL A,20260901,0,4956,2026-09-02
HCSG,HEALTHCARE SERVICES GROUP,20260901,0,4956,2026-09-02
HCTI,HEALTHCARE TRIANGLE INC,20260901,0,4956,2026-09-02
HCWB,HCW BIOLOGICS INC,20260901,0,4956,2026-09-02
HCWC,HEALTHY CHOICE WELLNESS CORP,20260901,0,4956,2026-09-02
HD,HOME DEPOT INC,20260901,0,4956,2026-09-02
HDRN,HADRON ENERGY INC,20260901,0,4956,2026-09-02
HDSN,HUDSON TECHNOLOGIES INC,20260901,0,4956,2026-09-02
HE,HAWAIIAN ELECTRIC INDS,20260901,0,4956,2026-09-02
HEI,HEICO CORP,20260901,0,4956,2026-09-02
HELE,HELEN OF TROY LTD,20260901,0,4956,2026-09-02
HELP,CYBIN INC,20260901,0,4956,2026-09-02
HESM,HESS MIDSTREAM LP - CLASS A,20260901,0,4956,2026-09-02
HFBL,HOME FEDERAL BANCORP INC/LA,20260901,0,4956,2026-09-02
HFFG,HF FOODS GROUP INC,20260901,0,4956,2026-09-02
HFWA,HERITAGE FINANCIAL CORP,20260901,0,4956,2026-09-02
HG,HAMILTON INSURANCE GROU-CL B,20260901,0,4956,2026-09-02
HGBL,HERITAGE GLOBAL INC,20260901,0,4956,2026-09-02
HGTY,HAGERTY INC-A,20260901,0,4956,2026-09-02
HGV,HILTON GRAND VACATIONS INC,20260901,0,4956,2026-09-02
HHH,HOWARD HUGHES HOLDINGS INC,20260901,0,4956,2026-09-02
HHS,HARTE-HANKS INC,20260901,0,4956,2026-09-02
HIFS,HINGHAM INSTITUTION FOR SVGS,20260901,0,4956,2026-09-02
HIG,HARTFORD INSURANCE GROUP INC,20260901,0,4956,2026-09-02
HIHO,HIGHWAY HOLDINGS LTD,20260901,0,4956,2026-09-02
HII,HUNTINGTON INGALLS INDUSTRIE,20260901,0,4956,2026-09-02
HIMS,HIMS & HERS HEALTH INC,20260901,0,4956,2026-09-02
HIND,VYOME HOLDINGS INC,20260901,0,4956,2026-09-02
HIPO,HIPPO HOLDINGS INC,20260901,0,4956,2026-09-02
HIT,HEALTH IN TECH INC-CLASS A,20260901,0,4956,2026-09-02
HITI,HIGH TIDE INC,20260901,0,4956,2026-09-02
HIVE,HIVE DIGITAL TECHNOLOGIES LT,20260901,0,4956,2026-09-02
HKIT,HITEK GLOBAL INC-CL A,20260901,0,4956,2026-09-02
HKPD,CELLYAN BIOTECHNOLOGY CO-A,20260901,0,4956,2026-09-02
HL,HECLA MINING CO,20260901,0,4956,2026-09-02
HLF,HERBALIFE LTD,20260901,0,4956,2026-09-02
HLI,HOULIHAN LOKEY INC,20260901,0,4956,2026-09-02
HLIO,HELIOS TECHNOLOGIES INC,20260901,0,4956,2026-09-02
HLIT,HARMONIC INC,20260901,0,4956,2026-09-02
HLLY,HOLLEY INC,20260901,0,4956,2026-09-02
HLMN,HILLMAN SOLUTIONS CORP,20260901,0,4956,2026-09-02
HLNE,HAMILTON LANE INC-CLASS A,20260901,0,4956,2026-09-02
HLP,HONGLI GROUP INC,20260901,0,4956,2026-09-02
HLT,HILTON WORLDWIDE HOLDINGS IN,20260901,0,4956,2026-09-02
HLX,HELIX ENERGY SOLUTIONS GROUP,20260901,0,4956,2026-09-02
HLXC,HELIX ACQUISITION CORP-CL A,20260901,0,4956,2026-09-02
HMH,HMH HOLDING INC CL-A,20260901,0,4956,2026-09-02
HMN,HORACE MANN EDUCATORS,20260901,0,4956,2026-09-02
HMR,HEIDMAR MARITIME HOLDINGS CO,20260901,0,4956,2026-09-02
HNGE,HINGE HEALTH INC-A,20260901,0,4956,2026-09-02
HNI,HNI CORP,20260901,0,4956,2026-09-02
HNNA,HENNESSY ADVISORS INC,20260901,0,4956,2026-09-02
HNRG,HALLADOR ENERGY CO,20260901,0,4956,2026-09-02
HNST,HONEST CO INC/THE,20260901,0,4956,2026-09-02
HNVR,HANOVER BANCORP INC,20260901,0,4956,2026-09-02
HODO,HOUSE OF DOGE INC,20260901,0,4956,2026-09-02
HOFT,HOOKER FURNISHINGS CORP,20260901,0,4956,2026-09-02
HOG,HARLEY-DAVIDSON INC,20260901,0,4956,2026-09-02
HOLO,MICROCLOUD HOLOGRAM INC,20260901,0,4956,2026-09-02
HOMB,HOME BANCSHARES INC,20260901,0,4956,2026-09-02
HON,HONEYWELL INTERNATIONAL INC,20260901,0,4956,2026-09-02
HONA,HONEYWELL AEROSPACE INC,20260901,0,4956,2026-09-02
HOOD,ROBINHOOD MARKETS INC - A,20260901,0,4956,2026-09-02
HOPE,HOPE BANCORP INC,20260901,0,4956,2026-09-02
HOUR,HOUR LOOP INC,20260901,0,4956,2026-09-02
HOV,HOVNANIAN ENTERPRISES-A,20260901,0,4956,2026-09-02
HOVR,NEW HORIZON AIRCRAFT LTD,20260901,0,4956,2026-09-02
HOWL,WEREWOLF THERAPEUTICS INC,20260901,0,4956,2026-09-02
HP,HELMERICH & PAYNE,20260901,0,4956,2026-09-02
HPAI,HELPORT AI LTD,20260901,0,4956,2026-09-02
HPE,HEWLETT PACKARD ENTERPRISE,20260901,0,4956,2026-09-02
HPK,HIGHPEAK ENERGY INC,20260901,0,4956,2026-09-02
HPQ,HP INC,20260901,0,4956,2026-09-02
HQ,HORIZON QUANTUM HOLDING-CL A,20260901,0,4956,2026-09-02
HQI,HIREQUEST INC,20260901,0,4956,2026-09-02
HQY,HEALTHEQUITY INC,20260901,0,4956,2026-09-02
HRB,H&R BLOCK INC,20260901,0,4956,2026-09-02
HRI,HERC HOLDINGS INC,20260901,0,4956,2026-09-02
HRL,HORMEL FOODS CORP,20260901,0,4956,2026-09-02
HRMY,HARMONY BIOSCIENCES HOLDINGS,20260901,0,4956,2026-09-02
HROW,HARROW INC,20260901,0,4956,2026-09-02
HRTG,HERITAGE INSURANCE HOLDINGS,20260901,0,4956,2026-09-02
HRTX,HERON THERAPEUTICS INC,20260901,0,4956,2026-09-02
HRZN,HORIZON TECHNOLOGY FINANCE C,20260901,0,4956,2026-09-02
HSCS,HEARTSCIENCES INC,20260901,0,4956,2026-09-02
HSDT,SOLANA CO,20260901,0,4956,2026-09-02
HSHP,HIMALAYA SHIPPING LTD,20260901,0,4956,2026-09-02
HSIC,HENRY SCHEIN INC,20260901,0,4956,2026-09-02
HSLV,HIGHLANDER SILVER CORP,20260901,0,4956,2026-09-02
HSTM,HEALTHSTREAM INC,20260901,0,4956,2026-09-02
HSY,HERSHEY CO/THE,20260901,0,4956,2026-09-02
HTB,HOMETRUST BANCSHARES INC,20260901,0,4956,2026-09-02
HTCO,HIGH-TREND INTERNATIONAL-A,20260901,0,4956,2026-09-02
HTCR,HEARTCORE ENTERPRISES INC,20260901,0,4956,2026-09-02
HTFL,HEARTFLOW INC,20260901,0,4956,2026-09-02
HTGC,HERCULES CAPITAL INC,20260901,0,4956,2026-09-02
HTH,HILLTOP HOLDINGS INC,20260901,0,4956,2026-09-02
HTLD,HEARTLAND EXPRESS INC,20260901,0,4956,2026-09-02
HTLM,HOMESTOLIFE LTD,20260901,0,4956,2026-09-02
HTO,H2O AMERICA,20260901,0,4956,2026-09-02
HTOO,FUSION FUEL GREEN PLC-A,20260901,0,4956,2026-09-02
HTZ,HERTZ GLOBAL HLDGS INC,20260901,0,4956,2026-09-02
HUBB,HUBBELL INC,20260901,0,4956,2026-09-02
HUBC,HUB CYBER SECURITY LTD,20260901,0,4956,2026-09-02
HUBG,HUB GROUP INC-CL A,20260901,0,4956,2026-09-02
HUBS,HUBSPOT INC,20260901,0,4956,2026-09-02
HUDI,HUADI INTERNATIONAL GROUP CO,20260901,0,4956,2026-09-02
HUHU,HUHUTECH INTERNATIONAL GROUP,20260901,0,4956,2026-09-02
HUM,HUMANA INC,20260901,0,4956,2026-09-02
HUMA,HUMACYTE INC,20260901,0,4956,2026-09-02
HUN,HUNTSMAN CORP,20260901,0,4956,2026-09-02
HURA,TUHURA BIOSCIENCES INC,20260901,0,4956,2026-09-02
HURC,HURCO COMPANIES INC,20260901,0,4956,2026-09-02
HURN,HURON CONSULTING GROUP INC,20260901,0,4956,2026-09-02
HUT,HUT 8 CORP,20260901,0,4956,2026-09-02
HVII,HENNESSY CAPITAL INVESTMENT,20260901,0,4956,2026-09-02
HVMC,HIGHVIEW MERGER CORP-CL A,20260901,0,4956,2026-09-02
HVT,HAVERTY FURNITURE,20260901,0,4956,2026-09-02
HWBK,HAWTHORN BANCSHARES INC,20260901,0,4956,2026-09-02
HWC,HANCOCK WHITNEY CORP,20260901,0,4956,2026-09-02
HWH,HWH INTERNATIONAL INC,20260901,0,4956,2026-09-02
HWKN,HAWKINS INC,20260901,0,4956,2026-09-02
HWM,HOWMET AEROSPACE INC,20260901,0,4956,2026-09-02
HXHX,HAOXIN HOLDINGS LTD-CL A,20260901,0,4956,2026-09-02
HXL,HEXCEL CORP,20260901,0,4956,2026-09-02
HY,HYSTER-YALE INC,20260901,0,4956,2026-09-02
HYFM,HYDROFARM HOLDINGS GROUP INC,20260901,0,4956,2026-09-02
HYFT,MINDWALK HOLDINGS CORP,20260901,0,4956,2026-09-02
HYLN,HYLIION HOLDINGS CORP,20260901,0,4956,2026-09-02
HYMC,HYCROFT MINING HOLDING CO-A,20260901,0,4956,2026-09-02
HYNE,HOYNE BANCORP INC,20260901,0,4956,2026-09-02
HYPD,HYPERION DEFI INC,20260901,0,4956,2026-09-02
HYPR,HYPERFINE INC,20260901,0,4956,2026-09-02
HZO,MARINEMAX INC,20260901,0,4956,2026-09-02
IA,INNOVATIVE SOLUTIONS & SUPP,20260901,0,4956,2026-09-02
IACO,IDEA ACQUISITION CORP CL-A,20260901,0,4956,2026-09-02
IACQ,IRENIC ACQUISITION CORP CL-A,20260901,0,4956,2026-09-02
IAG,IAMGOLD CORP,20260901,0,4956,2026-09-02
IART,INTEGRA LIFESCIENCES HOLDING,20260901,0,4956,2026-09-02
IAUX,I-80 GOLD CORP,20260901,0,4956,2026-09-02
IBAC,IB ACQUISITION CORP,20260901,0,4956,2026-09-02
IBCP,INDEPENDENT BANK CORP - MICH,20260901,0,4956,2026-09-02
IBEX,IBEX LTD,20260901,0,4956,2026-09-02
IBG,INNOVATION BEVERAGE GROUP LT,20260901,0,4956,2026-09-02
IBIO,IBIO INC,20260901,0,4956,2026-09-02
IBKR,INTERACTIVE BROKERS GRO-CL A,20260901,0,4956,2026-09-02
IBM,INTL BUSINESS MACHINES CORP,20260901,0,4956,2026-09-02
IBO,IMPACT BIOMEDICAL INC,20260901,0,4956,2026-09-02
IBOC,INTERNATIONAL BANCSHARES CRP,20260901,0,4956,2026-09-02
IBP,INSTALLED BUILDING PRODUCTS,20260901,0,4956,2026-09-02
IBRX,IMMUNITYBIO INC,20260901,0,4956,2026-09-02
IBTA,IBOTTA INC-CL A,20260901,0,4956,2026-09-02
ICCC,IMMUCELL CORP,20260901,0,4956,2026-09-02
ICCM,ICECURE MEDICAL LTD,20260901,0,4956,2026-09-02
ICE,INTERCONTINENTAL EXCHANGE IN,20260901,0,4956,2026-09-02
ICFI,ICF INTERNATIONAL INC,20260901,0,4956,2026-09-02
ICHR,ICHOR HOLDINGS LTD,20260901,0,4956,2026-09-02
ICL,ICL GROUP LTD,20260901,0,4956,2026-09-02
ICLR,ICON PLC,20260901,0,4956,2026-09-02
ICMB,INVESTCORP CREDIT MANAGEMENT,20260901,0,4956,2026-09-02
ICON,ICON ENERGY CORP,20260901,0,4956,2026-09-02
ICU,SEASTAR MEDICAL HOLDING CORP,20260901,0,4956,2026-09-02
ICUI,ICU MEDICAL INC,20260901,0,4956,2026-09-02
IDA,IDACORP INC,20260901,0,4956,2026-09-02
IDAC,IRON DOME ACQUISITION I-CL A,20260901,0,4956,2026-09-02
IDAI,T STAMP INC-CLASS A,20260901,0,4956,2026-09-02
IDCC,INTERDIGITAL INC,20260901,0,4956,2026-09-02
IDN,INTELLICHECK INC,20260901,0,4956,2026-09-02
IDR,IDAHO STRATEGIC RESOURCES IN,20260901,0,4956,2026-09-02
IDT,IDT CORP-CLASS B,20260901,0,4956,2026-09-02
IDXX,IDEXX LABORATORIES INC,20260901,0,4956,2026-09-02
IDYA,IDEAYA BIOSCIENCES INC,20260901,0,4956,2026-09-02
IE,IVANHOE ELECTRIC INC / US,20260901,0,4956,2026-09-02
IEAG,INFINITE EAGLE CL-A,20260901,0,4956,2026-09-02
IESC,IES HOLDINGS INC,20260901,0,4956,2026-09-02
IEX,IDEX CORP,20260901,0,4956,2026-09-02
IFBD,INFOBIRD CO LTD,20260901,0,4956,2026-09-02
IFF,INTL FLAVORS & FRAGRANCES,20260901,0,4956,2026-09-02
IFRX,INFLARX NV,20260901,0,4956,2026-09-02
IFS,INTERCORP FINANCIAL SERVICES,20260901,0,4956,2026-09-02
IGAC,INVEST GREEN ACQUISITIO-CL A,20260901,0,4956,2026-09-02
IGC,IGC PHARMA INC,20260901,0,4956,2026-09-02
IGIC,INTERNATIONAL GENERAL INSURA,20260901,0,4956,2026-09-02
IHRT,IHEARTMEDIA INC - CLASS A,20260901,0,4956,2026-09-02
IHS,IHS HOLDING LTD,20260901,0,4956,2026-09-02
IHT,INNSUITES HOSPITALITY TRUST,20260901,0,4956,2026-09-02
III,INFORMATION SERVICES GROUP,20260901,0,4956,2026-09-02
IIIN,INSTEEL INDUSTRIES INC,20260901,0,4956,2026-09-02
IIIV,I3 VERTICALS INC-CLASS A,20260901,0,4956,2026-09-02
IKT,INHIBIKASE THERAPEUTICS INC,20260901,0,4956,2026-09-02
ILAG,INTELLIGENT LIVING APPLICATI,20260901,0,4956,2026-09-02
ILLR,TRILLER GROUP INC,20260901,0,4956,2026-09-02
ILLU,ILLUMINATION ACQUISITIO-CL A,20260901,0,4956,2026-09-02
ILMN,ILLUMINA INC,20260901,0,4956,2026-09-02
IMA,IMAGENEBIO INC,20260901,0,4956,2026-09-02
IMAX,IMAX CORP,20260901,0,4956,2026-09-02
IMC,IMC RARE EARTHS LTD,20260901,0,4956,2026-09-02
IMCC,IM CANNABIS CORP,20260901,0,4956,2026-09-02
IMDX,INSIGHT MOLECULAR DIAGNOSTIC,20260901,0,4956,2026-09-02
IMKTA,INGLES MARKETS INC-CLASS A,20260901,0,4956,2026-09-02
IMMR,IMMERSION CORPORATION,20260901,0,4956,2026-09-02
IMMX,IMMIX BIOPHARMA INC,20260901,0,4956,2026-09-02
IMNM,IMMUNOME INC,20260901,0,4956,2026-09-02
IMNN,IMUNON INC,20260901,0,4956,2026-09-02
IMO,IMPERIAL OIL LTD,20260901,0,4956,2026-09-02
IMPP,IMPERIAL PETROLEUM INC,20260901,0,4956,2026-09-02
IMRX,IMMUNEERING CORP - CLASS A,20260901,0,4956,2026-09-02
IMSR,TERRESTRIAL ENERGY INC,20260901,0,4956,2026-09-02
IMTE,INTEGRATED MEDIA TECHNOLOGY,20260901,0,4956,2026-09-02
IMTX,IMMATICS NV,20260901,0,4956,2026-09-02
IMUX,IMMUNIC INC,20260901,0,4956,2026-09-02
IMVT,IMMUNOVANT INC,20260901,0,4956,2026-09-02
IMXI,INTERNATIONAL MONEY EXPRESS,20260901,0,4956,2026-09-02
INAB,IN8BIO INC,20260901,0,4956,2026-09-02
INAC,INDIGO ACQUISITION CORP,20260901,0,4956,2026-09-02
INBK,FIRST INTERNET BANCORP,20260901,0,4956,2026-09-02
INBS,INTELLIGENT BIO SOLUTIONS IN,20260901,0,4956,2026-09-02
INBX,INHIBRX BIOSCIENCES INC,20260901,0,4956,2026-09-02
INCR,INTERCURE LTD,20260901,0,4956,2026-09-02
INCY,INCYTE CORP,20260901,0,4956,2026-09-02
INDB,INDEPENDENT BANK CORP/MA,20260901,0,4956,2026-09-02
INDI,INDIE SEMICONDUCTOR INC-A,20260901,0,4956,2026-09-02
INDO,INDONESIA ENERGY CORP LTD,20260901,0,4956,2026-09-02
INDP,INDAPTUS THERAPEUTICS INC,20260901,0,4956,2026-09-02
INDV,INDIVIOR PHARMACEUTICALS INC,20260901,0,4956,2026-09-02
INEO,INNEOVA HOLDINGS LTD-A,20260901,0,4956,2026-09-02
INFQ,INFLEQTION INC,20260901,0,4956,2026-09-02
INFU,INFUSYSTEM HOLDINGS INC,20260901,0,4956,2026-09-02
INGM,INGRAM MICRO HOLDING CORP,20260901,0,4956,2026-09-02
INGN,INOGEN INC,20260901,0,4956,2026-09-02
INGR,INGREDION INC,20260901,0,4956,2026-09-02
INHD,INNO HOLDINGS INC,20260901,0,4956,2026-09-02
INIO,INNIO NV,20260901,0,4956,2026-09-02
INKT,MINK THERAPEUTICS INC,20260901,0,4956,2026-09-02
INLF,INLIF LTD-A,20260901,0,4956,2026-09-02
INLX,INTELLINETICS INC,20260901,0,4956,2026-09-02
INM,INMED PHARMACEUTICALS INC,20260901,0,4956,2026-09-02
INMB,INMUNE BIO INC,20260901,0,4956,2026-09-02
INMD,INMODE LTD,20260901,0,4956,2026-09-02
INNV,INNOVAGE HOLDING CORP,20260901,0,4956,2026-09-02
INO,INOVIO PHARMACEUTICALS INC,20260901,0,4956,2026-09-02
INOD,INNODATA INC,20260901,0,4956,2026-09-02
INR,INFINITY NATURAL RESOUR-CL A,20260901,0,4956,2026-09-02
INSE,INSPIRED ENTERTAINMENT INC,20260901,0,4956,2026-09-02
INSG,INSEEGO CORP,20260901,0,4956,2026-09-02
INSM,INSMED INC,20260901,0,4956,2026-09-02
INSP,INSPIRE MEDICAL SYSTEMS INC,20260901,0,4956,2026-09-02
INSW,INTERNATIONAL SEAWAYS INC,20260901,0,4956,2026-09-02
INTA,INTAPP INC,20260901,0,4956,2026-09-02
INTC,INTEL CORP,20260901,0,4956,2026-09-02
INTG,INTERGROUP CORP,20260901,0,4956,2026-09-02
INTJ,INTELLIGENT GROUP LTD-A,20260901,0,4956,2026-09-02
INTR,INTER & CO INC - CL A,20260901,0,4956,2026-09-02
INTS,INTENSITY THERAPEUTICS INC,20260901,0,4956,2026-09-02
INTT,INTEST CORP,20260901,0,4956,2026-09-02
INTU,INTUIT INC,20260901,0,4956,2026-09-02
INTZ,INTRUSION INC,20260901,0,4956,2026-09-02
INUV,INUVO INC,20260901,0,4956,2026-09-02
INV,INNVENTURE INC,20260901,0,4956,2026-09-02
INVA,INNOVIVA INC,20260901,0,4956,2026-09-02
INVE,IDENTIV INC,20260901,0,4956,2026-09-02
INVX,INNOVEX INTERNATIONAL INC,20260901,0,4956,2026-09-02
INVZ,INNOVIZ TECHNOLOGIES LTD,20260901,0,4956,2026-09-02
IOND,IONIC DIGITAL INC CL-A,20260901,0,4956,2026-09-02
IONQ,IONQ INC,20260901,0,4956,2026-09-02
IONS,IONIS PHARMACEUTICALS INC,20260901,0,4956,2026-09-02
IOSP,INNOSPEC INC,20260901,0,4956,2026-09-02
IOT,SAMSARA INC-CL A,20260901,0,4956,2026-09-02
IOTR,IOTHREE LTD,20260901,0,4956,2026-09-02
IOVA,IOVANCE BIOTHERAPEUTICS INC,20260901,0,4956,2026-09-02
IP,INTERNATIONAL PAPER CO,20260901,0,4956,2026-09-02
IPAR,INTERPARFUMS INC,20260901,0,4956,2026-09-02
IPDN,PROFESSIONAL DIVERSITY NETWO,20260901,0,4956,2026-09-02
IPEX,INFLECTION POINT ACQUISITION,20260901,0,4956,2026-09-02
IPFX,INFLECTION POINT ACQUI CL-A,20260901,0,4956,2026-09-02
IPGP,IPG PHOTONICS CORP,20260901,0,4956,2026-09-02
IPI,INTREPID POTASH INC,20260901,0,4956,2026-09-02
IPM,INTELLIGENT PROTECTION MANAG,20260901,0,4956,2026-09-02
IPSC,CENTURY THERAPEUTICS INC,20260901,0,4956,2026-09-02
IPST,IP STRATEGY HOLDINGS INC,20260901,0,4956,2026-09-02
IPVV,INTERPRIVATE INVESTMENT-CL A,20260901,0,4956,2026-09-02
IPW,IPOWER INC,20260901,0,4956,2026-09-02
IPWR,IDEAL POWER INC,20260901,0,4956,2026-09-02
IPXG,INFLECTION POINT ACQUISITION,20260901,0,4956,2026-09-02
IQST,IQSTEL INC,20260901,0,4956,2026-09-02
IQV,IQVIA HOLDINGS INC,20260901,0,4956,2026-09-02
IR,INGERSOLL-RAND INC,20260901,0,4956,2026-09-02
IRAB,IRIS ACQUISITION CORP I-CL A,20260901,0,4956,2026-09-02
IRD,OPUS GENETICS INC,20260901,0,4956,2026-09-02
IRDM,IRIDIUM COMMUNICATIONS INC,20260901,0,4956,2026-09-02
IREN,IREN LTD,20260901,0,4956,2026-09-02
IRHO,IRON HORSE ACQUISITIONS CORP,20260901,0,4956,2026-09-02
IRIX,IRIDEX CORP,20260901,0,4956,2026-09-02
IRMD,IRADIMED CORP,20260901,0,4956,2026-09-02
IRON,DISC MEDICINE INC,20260901,0,4956,2026-09-02
IRTC,IRHYTHM HOLDINGS INC,20260901,0,4956,2026-09-02
IRWD,IRONWOOD PHARMACEUTICALS INC,20260901,0,4956,2026-09-02
ISBA,ISABELLA BANK CORP,20260901,0,4956,2026-09-02
ISNR,SNOW ROTHSCHILD ACQ CL A,20260901,0,4956,2026-09-02
ISOU,ISOENERGY LTD,20260901,0,4956,2026-09-02
ISPC,ISPECIMEN INC,20260901,0,4956,2026-09-02
ISPR,ISPIRE TECHNOLOGY INC,20260901,0,4956,2026-09-02
ISRG,INTUITIVE SURGICAL INC,20260901,0,4956,2026-09-02
ISTR,INVESTAR HOLDING CORP,20260901,0,4956,2026-09-02
IT,GARTNER INC,20260901,0,4956,2026-09-02
ITG,ITG INC CL A,20260901,0,4956,2026-09-02
ITGR,INTEGER HOLDINGS CORP,20260901,0,4956,2026-09-02
ITHA,ITHAX ACQUISITION CORP-CL A,20260901,0,4956,2026-09-02
ITIC,INVESTORS TITLE CO,20260901,0,4956,2026-09-02
ITOC,ITONIC HOLDINGS LTD,20260901,0,4956,2026-09-02
ITP,IT TECH PACKAGING INC,20260901,0,4956,2026-09-02
ITRG,INTEGRA RESOURCES CORP,20260901,0,4956,2026-09-02
ITRI,ITRON INC,20260901,0,4956,2026-09-02
ITRN,ITURAN LOCATION AND CONTROL,20260901,0,4956,2026-09-02
ITT,ITT INC,20260901,0,4956,2026-09-02
ITW,ILLINOIS TOOL WORKS,20260901,0,4956,2026-09-02
IVDA,IVEDA SOLUTIONS INC,20260901,0,4956,2026-09-02
IVF,INVO FERTILITY INC,20260901,0,4956,2026-09-02
IVVD,INVIVYD INC,20260901,0,4956,2026-09-02
IVZ,INVESCO LTD,20260901,0,4956,2026-09-02
IXHL,INCANNEX HEALTHCARE INC,20260901,0,4956,2026-09-02
IZEA,IZEA WORLDWIDE INC,20260901,0,4956,2026-09-02
IZM,ICZOOM GROUP INC -CLASS A,20260901,0,4956,2026-09-02
J,JACOBS SOLUTIONS INC,20260901,0,4956,2026-09-02
JACK,JACK IN THE BOX INC,20260901,0,4956,2026-09-02
JACS,JACKSON ACQUISITION CO-CL A,20260901,0,4956,2026-09-02
JAGU,JAGUAR URANIUM CORP-CL A,20260901,0,4956,2026-09-02
JAGX,JAGUAR HEALTH INC,20260901,0,4956,2026-09-02
JAKK,JAKKS PACIFIC INC,20260901,0,4956,2026-09-02
JANX,JANUX THERAPEUTICS INC,20260901,0,4956,2026-09-02
JATT,JATT II ACQUISITION CORP,20260901,0,4956,2026-09-02
JAZZ,JAZZ PHARMACEUTICALS PLC,20260901,0,4956,2026-09-02
JBDI,JBDI HOLDINGS LTD,20260901,0,4956,2026-09-02
JBHT,HUNT (JB) TRANSPRT SVCS INC,20260901,0,4956,2026-09-02
JBI,JANUS INTERNATIONAL GROUP IN,20260901,0,4956,2026-09-02
JBIO,JADE BIOSCIENCES INC,20260901,0,4956,2026-09-02
JBL,JABIL INC,20260901,0,4956,2026-09-02
JBLU,JETBLUE AIRWAYS CORP,20260901,0,4956,2026-09-02
JBS,JBS NV-A,20260901,0,4956,2026-09-02
JBSS,JOHN B. SANFILIPPO & SON INC,20260901,0,4956,2026-09-02
JBTM,JBT MAREL CORP,20260901,0,4956,2026-09-02
JCAP,JEFFERSON CAPITAL INC,20260901,0,4956,2026-09-02
JCI,JOHNSON CONTROLS INTERNATION,20260901,0,4956,2026-09-02
JCSE,JE CLEANTECH HOLDINGS LTD,20260901,0,4956,2026-09-02
JCTC,JEWETT-CAMERON TRADING LTD,20260901,0,4956,2026-09-02
JDZG,JIADE LTD CL-A,20260901,0,4956,2026-09-02
JEF,JEFFERIES FINANCIAL GROUP IN,20260901,0,4956,2026-09-02
JELD,JELD-WEN HOLDING INC,20260901,0,4956,2026-09-02
JEM,707 CAYMAN HOLDINGS LTD,20260901,0,4956,2026-09-02
JENA,JENA ACQUISITION CORP II - A,20260901,0,4956,2026-09-02
JFB,JFB CONSTRUCTION HOLDIN-CL A,20260901,0,4956,2026-09-02
JHX,JAMES HARDIE IND PLC,20260901,0,4956,2026-09-02
JILL,J. JILL INC,20260901,0,4956,2026-09-02
JJSF,J & J SNACK FOODS CORP,20260901,0,4956,2026-09-02
JKHY,JACK HENRY & ASSOCIATES INC,20260901,0,4956,2026-09-02
JL,J-LONG GROUP LTD-A,20260901,0,4956,2026-09-02
JLHL,JULONG HOLDING LTD,20260901,0,4956,2026-09-02
JLL,JONES LANG LASALLE INC,20260901,0,4956,2026-09-02
JMKE,JERSEY MIKE'S SUBS INC-CL A,20260901,0,4956,2026-09-02
JMSB,JOHN MARSHALL BANCORP INC,20260901,0,4956,2026-09-02
JNJ,JOHNSON & JOHNSON,20260901,0,4956,2026-09-02
JOB,GEE GROUP INC,20260901,0,4956,2026-09-02
JOBY,JOBY AVIATION INC,20260901,0,4956,2026-09-02
JOE,ST JOE CO/THE,20260901,0,4956,2026-09-02
JOUT,JOHNSON OUTDOORS INC-A,20260901,0,4956,2026-09-02
JPM,JPMORGAN CHASE & CO,20260901,0,4956,2026-09-02
JRSH,JERASH HOLDINGS US INC,20260901,0,4956,2026-09-02
JRVR,JAMES RIVER GROUP HOLDINGS I,20260901,0,4956,2026-09-02
JSPR,JASPER THERAPEUTICS INC,20260901,0,4956,2026-09-02
JTAI,JET.AI INC,20260901,0,4956,2026-09-02
JTTT,JATT III ACQUISITION CORP,20260901,0,4956,2026-09-02
JUNS,JUPITER NEUROSCIENCES INC,20260901,0,4956,2026-09-02
JVA,COFFEE HOLDING CO INC,20260901,0,4956,2026-09-02
JWEL,JOWELL GLOBAL LTD,20260901,0,4956,2026-09-02
JXG,JX LUXVENTURE GROUP INC,20260901,0,4956,2026-09-02
JXN,JACKSON FINANCIAL INC-A,20260901,0,4956,2026-09-02
JYD,JAYUD GLOBAL LOGISTICS LTD-A,20260901,0,4956,2026-09-02
JYNT,JOINT CORP/THE,20260901,0,4956,2026-09-02
JZXN,JIUZI HOLDINGS INC,20260901,0,4956,2026-09-02
KAI,KADANT INC,20260901,0,4956,2026-09-02
KALA,KALA BIO INC,20260901,0,4956,2026-09-02
KALU,KAISER ALUMINUM CORP,20260901,0,4956,2026-09-02
KAPA,KAIROS PHARMA LTD,20260901,0,4956,2026-09-02
KARD,KARDIGAN INC,20260901,0,4956,2026-09-02
KARO,KAROOOOO LTD,20260901,0,4956,2026-09-02
KAZR,SKYLINE BUILDERS GROUP HOL-A,20260901,0,4956,2026-09-02
KBDC,KAYNE ANDERSON BDC INC,20260901,0,4956,2026-09-02
KBH,KB HOME,20260901,0,4956,2026-09-02
KBON,KARBON CAPITAL PARTNERS-CL A,20260901,0,4956,2026-09-02
KBR,KBR INC,20260901,0,4956,2026-09-02
KBSX,FST CORP,20260901,0,4956,2026-09-02
KCHV,KOCHAV DEFENSE ACQUISITION-A,20260901,0,4956,2026-09-02
KD,KYNDRYL HOLDINGS INC,20260901,0,4956,2026-09-02
KDC,KDC/ONE DEVELOPMENT CORP INC,20260901,0,4956,2026-09-02
KDK,KODIAK AI INC,20260901,0,4956,2026-09-02
KDP,KEURIG DR PEPPER INC,20260901,0,4956,2026-09-02
KE,KIMBALL ELECTRONICS INC,20260901,0,4956,2026-09-02
KEEL,KEEL INFRASTRUCTURE CORP,20260901,0,4956,2026-09-02
KELYA,KELLY SERVICES INC -A,20260901,0,4956,2026-09-02
KELYB,KELLY SERVICES INC -CL B,20260901,0,4956,2026-09-02
KEN,KENON HOLDINGS LTD,20260901,0,4956,2026-09-02
KEQU,KEWAUNEE SCIENTIFIC CP,20260901,0,4956,2026-09-02
KEX,KIRBY CORP,20260901,0,4956,2026-09-02
KEY,KEYCORP,20260901,0,4956,2026-09-02
KEYS,KEYSIGHT TECHNOLOGIES IN,20260901,0,4956,2026-09-02
KEYY,KEYSTONE ACQUISITION CO-CL A,20260901,0,4956,2026-09-02
KFFB,KENTUCKY FIRST FEDERAL BANCO,20260901,0,4956,2026-09-02
KFII,K&F GROWTH ACQUISITION COR-A,20260901,0,4956,2026-09-02
KFRC,KFORCE INC,20260901,0,4956,2026-09-02
KFY,KORN FERRY,20260901,0,4956,2026-09-02
KG,KESTREL GROUP,20260901,0,4956,2026-09-02
KGC,KINROSS GOLD CORP,20260901,0,4956,2026-09-02
KGEI,KOLIBRI GLOBAL ENERGY INC,20260901,0,4956,2026-09-02
KGS,KODIAK GAS SERVICES INC,20260901,0,4956,2026-09-02
KHC,KRAFT HEINZ CO/THE,20260901,0,4956,2026-09-02
KIDS,ORTHOPEDIATRICS CORP,20260901,0,4956,2026-09-02
KIDZ,KIDZ AI INC,20260901,0,4956,2026-09-02
KINS,KINGSTONE COS INC,20260901,0,4956,2026-09-02
KITT,NAUTICUS ROBOTICS INC,20260901,0,4956,2026-09-02
KKR,KKR & CO INC,20260901,0,4956,2026-09-02
KLAC,KLA CORP,20260901,0,4956,2026-09-02
KLAR,KLARNA GROUP PLC,20260901,0,4956,2026-09-02
KLC,KINDERCARE LEARNING COS INC,20260901,0,4956,2026-09-02
KLIC,KULICKE & SOFFA INDUSTRIES,20260901,0,4956,2026-09-02
KLRA,KAILERA THERAPEUTICS INC,20260901,0,4956,2026-09-02
KLRS,KALARIS THERAPEUTICS INC,20260901,0,4956,2026-09-02
KLTR,KALTURA INC,20260901,0,4956,2026-09-02
KLXE,KLX ENERGY SERVICES HOLDING,20260901,0,4956,2026-09-02
KMB,KIMBERLY-CLARK CORP,20260901,0,4956,2026-09-02
KMDA,KAMADA LTD,20260901,0,4956,2026-09-02
KMI,KINDER MORGAN INC,20260901,0,4956,2026-09-02
KMPR,KEMPER CORP,20260901,0,4956,2026-09-02
KMRK,K-TECH SOLUTIONS CO LTD-A,20260901,0,4956,2026-09-02
KMT,KENNAMETAL INC,20260901,0,4956,2026-09-02
KMTS,KESTRA MEDICAL TECHNOLOGIES,20260901,0,4956,2026-09-02
KMX,CARMAX INC,20260901,0,4956,2026-09-02
KN,KNOWLES CORP,20260901,0,4956,2026-09-02
KNDI,KANDI TECHNOLOGIES GROUP INC,20260901,0,4956,2026-09-02
KNF,KNIFE RIVER CORP,20260901,0,4956,2026-09-02
KNOP,KNOT OFFSHORE PARTNERS LP,20260901,0,4956,2026-09-02
KNRX,KNOREX LTD CL-A,20260901,0,4956,2026-09-02
KNSA,KINIKSA PHARMACEUTICALS INTE,20260901,0,4956,2026-09-02
KNSL,KINSALE CAPITAL GROUP INC,20260901,0,4956,2026-09-02
KNTK,KINETIK HOLDINGS INC,20260901,0,4956,2026-09-02
KNX,KNIGHT-SWIFT TRANSPORTATION,20260901,0,4956,2026-09-02
KO,COCA-COLA CO/THE,20260901,0,4956,2026-09-02
KOD,KODIAK SCIENCES INC,20260901,0,4956,2026-09-02
KODK,EASTMAN KODAK CO,20260901,0,4956,2026-09-02
KOP,KOPPERS HOLDINGS INC,20260901,0,4956,2026-09-02
KOPN,KOPIN CORP,20260901,0,4956,2026-09-02
KOS,KOSMOS ENERGY LTD,20260901,0,4956,2026-09-02
KOSS,KOSS CORP,20260901,0,4956,2026-09-02
KOYN,CSLM DIGITAL ASSET ACQU - A,20260901,0,4956,2026-09-02
KPET,KPET ULTRA PACELINE COR-CL A,20260901,0,4956,2026-09-02
KPLT,KATAPULT HOLDINGS INC,20260901,0,4956,2026-09-02
KPRX,KIORA PHARMACEUTICALS INC,20260901,0,4956,2026-09-02
KPTI,KARYOPHARM THERAPEUTICS INC,20260901,0,4956,2026-09-02
KR,KROGER CO,20260901,0,4956,2026-09-02
KRAQ,KRAKACQUISITION CORP-CL A,20260901,0,4956,2026-09-02
KRMD,KORU MEDICAL SYSTEMS INC,20260901,0,4956,2026-09-02
KRMN,KARMAN HOLDINGS INC,20260901,0,4956,2026-09-02
KRNT,KORNIT DIGITAL LTD,20260901,0,4956,2026-09-02
KRNY,KEARNY FINANCIAL CORP/MD,20260901,0,4956,2026-09-02
KRO,KRONOS WORLDWIDE INC,20260901,0,4956,2026-09-02
KROS,KEROS THERAPEUTICS INC,20260901,0,4956,2026-09-02
KRRO,KORRO BIO INC,20260901,0,4956,2026-09-02
KRSP,RICE ACQUISITION CORP 3-A,20260901,0,4956,2026-09-02
KRT,KARAT PACKAGING INC,20260901,0,4956,2026-09-02
KRUS,KURA SUSHI USA INC-CLASS A,20260901,0,4956,2026-09-02
KRYS,KRYSTAL BIOTECH INC,20260901,0,4956,2026-09-02
KSCP,KNIGHTSCOPE INC-A,20260901,0,4956,2026-09-02
KSS,KOHLS CORP,20260901,0,4956,2026-09-02
KTB,KONTOOR BRANDS INC,20260901,0,4956,2026-09-02
KTCC,KEY TRONIC CORP,20260901,0,4956,2026-09-02
KTOS,KRATOS DEFENSE & SECURITY,20260901,0,4956,2026-09-02
KTTA,PASITHEA THERAPEUTICS CORP,20260901,0,4956,2026-09-02
KTWO,K2 CAPITAL ACQUISITION-CL A,20260901,0,4956,2026-09-02
KULR,KULR TECHNOLOGY GROUP INC,20260901,0,4956,2026-09-02
KURA,KURA ONCOLOGY INC,20260901,0,4956,2026-09-02
KUST,KUSTOM ENTERTAINMENT INC,20260901,0,4956,2026-09-02
KVHI,KVH INDUSTRIES INC,20260901,0,4956,2026-09-02
KVUE,KENVUE INC,20260901,0,4956,2026-09-02
KVYO,KLAVIYO INC-A,20260901,0,4956,2026-09-02
KWM,K WAVE MEDIA LTD,20260901,0,4956,2026-09-02
KWR,QUAKER CHEMICAL CORPORATION,20260901,0,4956,2026-09-02
KWY,KINGSWAY CORP,20260901,0,4956,2026-09-02
KXIN,KAIXIN HOLDINGS,20260901,0,4956,2026-09-02
KYIV,KYIVSTAR GROUP LTD,20260901,0,4956,2026-09-02
KYMR,KYMERA THERAPEUTICS INC,20260901,0,4956,2026-09-02
KYNB,KYNTRA BIO INC,20260901,0,4956,2026-09-02
KYTX,KYVERNA THERAPEUTICS INC,20260901,0,4956,2026-09-02
L,LOEWS CORP,20260901,0,4956,2026-09-02
LAB,STANDARD BIOTOOLS INC,20260901,0,4956,2026-09-02
LABT,LAKEWOOD-AMEDEX BIOTHERAPEUT,20260901,0,4956,2026-09-02
LAC,LITHIUM AMERICAS CORP,20260901,0,4956,2026-09-02
LAD,LITHIA MOTORS INC,20260901,0,4956,2026-09-02
LAES,SEALSQ CORP,20260901,0,4956,2026-09-02
LAFA,LAFAYETTE ACQUISITION CORP,20260901,0,4956,2026-09-02
LAKE,LAKELAND INDUSTRIES INC,20260901,0,4956,2026-09-02
LANV,LANVIN GROUP HOLDINGS LTD,20260901,0,4956,2026-09-02
LAR,LITHIUM ARGENTINA AG,20260901,0,4956,2026-09-02
LARK,LANDMARK BANCORP INC,20260901,0,4956,2026-09-02
LASE,LASER PHOTONICS CORP,20260901,0,4956,2026-09-02
LASR,NLIGHT INC,20260901,0,4956,2026-09-02
LATA,GALATA ACQU CORP II - CL A,20260901,0,4956,2026-09-02
LAUR,LAUREATE EDUCATION INC,20260901,0,4956,2026-09-02
LAW,CS DISCO INC,20260901,0,4956,2026-09-02
LAZ,LAZARD INC,20260901,0,4956,2026-09-02
LB,LANDBRIDGE CO LLC-A,20260901,0,4956,2026-09-02
LBGJ,LI BANG INT CORP I- A,20260901,0,4956,2026-09-02
LBRT,LIBERTY ENERGY INC,20260901,0,4956,2026-09-02
LBRX,LB PHARMACEUTICALS INC,20260901,0,4956,2026-09-02
LBTYA,LIBERTY GLOBAL LTD-A,20260901,0,4956,2026-09-02
LBTYB,LIBERTY GLOBAL LTD-B,20260901,0,4956,2026-09-02
LBTYK,LIBERTY GLOBAL LTD-C,20260901,0,4956,2026-09-02
LCCC,LAKESHORE ACQUISITION III CO,20260901,0,4956,2026-09-02
LCFY,LOCAFY LTD,20260901,0,4956,2026-09-02
LCID,LUCID GROUP INC,20260901,0,4956,2026-09-02
LCII,LCI INDUSTRIES,20260901,0,4956,2026-09-02
LCLN,LINCOLN INTERNATIONAL INC,20260901,0,4956,2026-09-02
LCNB,LCNB CORPORATION,20260901,0,4956,2026-09-02
LCTX,LINEAGE CELL THERAPEUTICS IN,20260901,0,4956,2026-09-02
LCUT,LIFETIME BRANDS INC,20260901,0,4956,2026-09-02
LDI,LOANDEPOT INC -CLASS A,20260901,0,4956,2026-09-02
LDOS,LEIDOS HOLDINGS INC,20260901,0,4956,2026-09-02
LE,LANDS' END INC,20260901,0,4956,2026-09-02
LEA,LEAR CORP,20260901,0,4956,2026-09-02
LECO,LINCOLN ELECTRIC HOLDINGS,20260901,0,4956,2026-09-02
LEDS,SEMILEDS CORP/TW,20260901,0,4956,2026-09-02
LEE,LEE ENTERPRISES,20260901,0,4956,2026-09-02
LEGH,LEGACY HOUSING CORP,20260901,0,4956,2026-09-02
LEGO,LEGATO MERGER CORP IV,20260901,0,4956,2026-09-02
LEN,LENNAR CORP-A,20260901,0,4956,2026-09-02
LENZ,LENZ THERAPEUTICS INC,20260901,0,4956,2026-09-02
LESL,LESLIE'S INC,20260901,0,4956,2026-09-02
LEU,CENTRUS ENERGY CORP-CLASS A,20260901,0,4956,2026-09-02
LEVI,LEVI STRAUSS & CO- CLASS A,20260901,0,4956,2026-09-02
LEXX,LEXARIA BIOSCIENCE CORP,20260901,0,4956,2026-09-02
LFAC,LEAPFROG ACQUISITION CL A,20260901,0,4956,2026-09-02
LFCR,LIFECORE BIOMEDICAL INC,20260901,0,4956,2026-09-02
LFMD,LIFEMD INC,20260901,0,4956,2026-09-02
LFST,LIFESTANCE HEALTH GROUP INC,20260901,0,4956,2026-09-02
LFTO,LIFTOFF MOBILE INC,20260901,0,4956,2026-09-02
LFUS,LITTELFUSE INC,20260901,0,4956,2026-09-02
LFVN,LIFEVANTAGE CORP,20260901,0,4956,2026-09-02
LFWD,LIFEWARD LTD,20260901,0,4956,2026-09-02
LGCL,LUCAS GC LTD-A,20260901,0,4956,2026-09-02
LGCY,LEGACY EDUCATION INC,20260901,0,4956,2026-09-02
LGIH,LGI HOMES INC,20260901,0,4956,2026-09-02
LGL,LGL GROUP INC/THE,20260901,0,4956,2026-09-02
LGN,LEGENCE CORP-CL A,20260901,0,4956,2026-09-02
LGND,LIGAND PHARMACEUTICALS,20260901,0,4956,2026-09-02
LGO,LARGO INC,20260901,0,4956,2026-09-02
LGPS,LOGPROSTYLE INC,20260901,0,4956,2026-09-02
LGVN,LONGEVERON INC-A,20260901,0,4956,2026-09-02
LH,LABCORP HOLDINGS INC,20260901,0,4956,2026-09-02
LHAI,LINKHOME HOLDINGS INC,20260901,0,4956,2026-09-02
LHSW,LIANHE SOWELL INTL-A,20260901,0,4956,2026-09-02
LHX,L3HARRIS TECHNOLOGIES INC,20260901,0,4956,2026-09-02
LICN,LICHEN INTERNATIONAL LTD,20260901,0,4956,2026-09-02
LIDR,AEYE INC,20260901,0,4956,2026-09-02
LIEN,CHICAGO ATLANTIC BDC INC,20260901,0,4956,2026-09-02
LIF,LIFE360 INC,20260901,0,4956,2026-09-02
LIFE,ETHOS TECHNOLOGIES INC CL-A,20260901,0,4956,2026-09-02
LII,LENNOX INTERNATIONAL INC,20260901,0,4956,2026-09-02
LILA,LIBERTY LATIN AMERIC-CL A,20260901,0,4956,2026-09-02
LILAK,LIBERTY LATIN AMERIC-CL C,20260901,0,4956,2026-09-02
LIME,NEUTRON HOLDINGS INC,20260901,0,4956,2026-09-02
LIMN,LIMINATUS PHARMA INC-CL A,20260901,0,4956,2026-09-02
LIN,LINDE PLC,20260901,0,4956,2026-09-02
LINC,LINCOLN EDUCATIONAL SERVICES,20260901,0,4956,2026-09-02
LIND,LINDBLAD EXPEDITIONS HOLDING,20260901,0,4956,2026-09-02
LINK,INTERLINK ELECTRONICS INC,20260901,0,4956,2026-09-02
LION,LIONSGATE STUDIOS CORP,20260901,0,4956,2026-09-02
LIQT,LIQTECH INTERNATIONAL INC,20260901,0,4956,2026-09-02
LITE,LUMENTUM HOLDINGS INC,20260901,0,4956,2026-09-02
LITS,LITE STRATEGY INC,20260901,0,4956,2026-09-02
LIVE,LIVE VENTURES INC,20260901,0,4956,2026-09-02
LIVN,LIVANOVA PLC,20260901,0,4956,2026-09-02
LKFN,LAKELAND FINANCIAL CORP,20260901,0,4956,2026-09-02
LKQ,LKQ CORP,20260901,0,4956,2026-09-02
LKSP,LAKE SUPERIOR ACQUISITI-CL A,20260901,0,4956,2026-09-02
LLY,ELI LILLY & CO,20260901,0,4956,2026-09-02
LLYVA,LIBERTY LIVE HOLDINGS-A,20260901,0,4956,2026-09-02
LLYVK,LIBERTY LIVE HOLDINGS-C,20260901,0,4956,2026-09-02
LMAT,LEMAITRE VASCULAR INC,20260901,0,4956,2026-09-02
LMB,LIMBACH HOLDINGS INC,20260901,0,4956,2026-09-02
LMND,LEMONADE INC,20260901,0,4956,2026-09-02
LMNR,LIMONEIRA CO,20260901,0,4956,2026-09-02
LMRI,LUMEXA IMAGING HOLDINGS INC,20260901,0,4956,2026-09-02
LMT,LOCKHEED MARTIN CORP,20260901,0,4956,2026-09-02
LNAI,LUNAI BIOWORKS INC,20260901,0,4956,2026-09-02
LNC,LINCOLN NATIONAL CORP,20260901,0,4956,2026-09-02
LNG,CHENIERE ENERGY INC,20260901,0,4956,2026-09-02
LNKS,LINKERS INDUSTRIES LTD-A,20260901,0,4956,2026-09-02
LNN,LINDSAY CORP,20260901,0,4956,2026-09-02
LNSR,LENSAR INC,20260901,0,4956,2026-09-02
LNT,ALLIANT ENERGY CORP,20260901,0,4956,2026-09-02
LNTH,LANTHEUS HOLDINGS INC,20260901,0,4956,2026-09-02
LNZA,LANZATECH GLOBAL INC,20260901,0,4956,2026-09-02
LOAR,LOAR HOLDINGS INC,20260901,0,4956,2026-09-02
LOB,LIVE OAK BANCSHARES INC,20260901,0,4956,2026-09-02
LOBO,LOBO TECHNOLOGIES LTD-A,20260901,0,4956,2026-09-02
LOCL,LOCAL BOUNTI CORP,20260901,0,4956,2026-09-02
LOCO,EL POLLO LOCO HOLDINGS INC,20260901,0,4956,2026-09-02
LODE,COMSTOCK INC,20260901,0,4956,2026-09-02
LOGI,LOGITECH INTERNATIONAL-REG,20260901,0,4956,2026-09-02
LONA,LEONABIO INC,20260901,0,4956,2026-09-02
LOOP,LOOP INDUSTRIES INC,20260901,0,4956,2026-09-02
LOPE,GRAND CANYON EDUCATION INC,20260901,0,4956,2026-09-02
LOVE,LOVESAC CO/THE,20260901,0,4956,2026-09-02
LOW,LOWE'S COS INC,20260901,0,4956,2026-09-02
LPA,LOGISTIC PROPERTIES OF THE A,20260901,0,4956,2026-09-02
LPAA,LAUNCH ONE ACQUISITION CORP,20260901,0,4956,2026-09-02
LPBB,LAUNCH TWO ACQUISITION- CL A,20260901,0,4956,2026-09-02
LPCN,LIPOCINE INC,20260901,0,4956,2026-09-02
LPCV,LAUNCHPAD CADENZA ACQUI-CL A,20260901,0,4956,2026-09-02
LPG,DORIAN LPG LTD,20260901,0,4956,2026-09-02
LPLA,LPL FINANCIAL HOLDINGS INC,20260901,0,4956,2026-09-02
LPSN,LIVEPERSON INC,20260901,0,4956,2026-09-02
LPTH,LIGHTPATH TECHNOLOGIES INC-A,20260901,0,4956,2026-09-02
LPX,LOUISIANA-PACIFIC CORP,20260901,0,4956,2026-09-02
LQDA,LIQUIDIA CORP,20260901,0,4956,2026-09-02
LQDT,LIQUIDITY SERVICES INC,20260901,0,4956,2026-09-02
LRCX,LAM RESEARCH CORP,20260901,0,4956,2026-09-02
LRHC,LA ROSA HOLDINGS CORP,20260901,0,4956,2026-09-02
LRMR,LARIMAR THERAPEUTICS INC,20260901,0,4956,2026-09-02
LRN,STRIDE INC,20260901,0,4956,2026-09-02
LSAK,LESAKA TECHNOLOGIES INC,20260901,0,4956,2026-09-02
LSBK,LAKE SHORE BANCORP INC/MD,20260901,0,4956,2026-09-02
LSCC,LATTICE SEMICONDUCTOR CORP,20260901,0,4956,2026-09-02
LSE,LEISHEN ENERGY HOLDING -A,20260901,0,4956,2026-09-02
LSF,LAIRD SUPERFOOD INC,20260901,0,4956,2026-09-02
LSPD,LIGHTSPEED COMMERCE INC,20260901,0,4956,2026-09-02
LSTA,LISATA THERAPEUTICS INC,20260901,0,4956,2026-09-02
LSTR,LANDSTAR SYSTEM INC,20260901,0,4956,2026-09-02
LTBR,LIGHTBRIDGE CORP,20260901,0,4956,2026-09-02
LTGO,LATIGO BIOTHERAPEUTICS INC,20260901,0,4956,2026-09-02
LTGR,LONG TABLE GROWTH CORP-A,20260901,0,4956,2026-09-02
LTH,LIFE TIME GROUP HOLDINGS INC,20260901,0,4956,2026-09-02
LTRN,LANTERN PHARMA INC,20260901,0,4956,2026-09-02
LTRX,LANTRONIX INC,20260901,0,4956,2026-09-02
LUCD,LUCID DIAGNOSTICS INC,20260901,0,4956,2026-09-02
LUCK,LUCKY STRIKE ENTERTAINMENT C,20260901,0,4956,2026-09-02
LUCY,INNOVATIVE EYEWEAR INC,20260901,0,4956,2026-09-02
LUD,LUDA TECHNOLOGY GROUP LTD,20260901,0,4956,2026-09-02
LULU,LULULEMON ATHLETICA INC,20260901,0,4956,2026-09-02
LUMN,LUMEN TECHNOLOGIES INC,20260901,0,4956,2026-09-02
LUNG,PULMONX CORP,20260901,0,4956,2026-09-02
LUNR,INTUITIVE MACHINES INC,20260901,0,4956,2026-09-02
LUV,SOUTHWEST AIRLINES CO,20260901,0,4956,2026-09-02
LVLU,LULU'S FASHION LOUNGE HOLDIN,20260901,0,4956,2026-09-02
LVO,LIVEONE INC,20260901,0,4956,2026-09-02
LVS,LAS VEGAS SANDS CORP,20260901,0,4956,2026-09-02
LVWR,LIVEWIRE GROUP INC,20260901,0,4956,2026-09-02
LW,LAMB WESTON HOLDINGS INC,20260901,0,4956,2026-09-02
LWAC,LIGHTWAVE ACQUISITION CORP-A,20260901,0,4956,2026-09-02
LWAY,LIFEWAY FOODS INC,20260901,0,4956,2026-09-02
LWLG,LIGHTWAVE LOGIC INC,20260901,0,4956,2026-09-02
LXEO,LEXEO THERAPEUTICS INC,20260901,0,4956,2026-09-02
LXFR,LUXFER HOLDINGS PLC,20260901,0,4956,2026-09-02
LXRX,LEXICON PHARMACEUTICALS INC,20260901,0,4956,2026-09-02
LXU,LSB INDUSTRIES INC,20260901,0,4956,2026-09-02
LYB,LYONDELLBASELL INDU-CL A,20260901,0,4956,2026-09-02
LYEL,LYELL IMMUNOPHARMA INC,20260901,0,4956,2026-09-02
LYFT,LYFT INC-A,20260901,0,4956,2026-09-02
LYNX,LYNTRIS INC,20260901,0,4956,2026-09-02
LYTS,LSI INDUSTRIES INC,20260901,0,4956,2026-09-02
LYV,LIVE NATION ENTERTAINMENT IN,20260901,0,4956,2026-09-02
LZ,LEGALZOOMCOM INC,20260901,0,4956,2026-09-02
LZB,LA-Z-BOY INC,20260901,0,4956,2026-09-02
LZM,LIFEZONE METALS LTD,20260901,0,4956,2026-09-02
LZMH,LZ TECHNOLOGY HDS LTD -CL B,20260901,0,4956,2026-09-02
M,MACY'S INC,20260901,0,4956,2026-09-02
MA,MASTERCARD INC - A,20260901,0,4956,2026-09-02
MAAS,MAASE INC-A,20260901,0,4956,2026-09-02
MACI,MELAR ACQUISITION CORP I-A,20260901,0,4956,2026-09-02
MAGH,MAGNITUDE INTERNATIONAL LTD,20260901,0,4956,2026-09-02
MAGN,MAGNERA CORP,20260901,0,4956,2026-09-02
MAIA,MAIA BIOTECHNOLOGY INC,20260901,0,4956,2026-09-02
MAIN,MAIN STREET CAPITAL CORP,20260901,0,4956,2026-09-02
MAIR,MADISON AIR SOLUTIONS CORP-A,20260901,0,4956,2026-09-02
MAKO,MAKO MINING CORP,20260901,0,4956,2026-09-02
MAMA,MAMA'S CREATIONS INC,20260901,0,4956,2026-09-02
MAMK,MAXSMAKING INC- CL A,20260901,0,4956,2026-09-02
MAMO,MASSIMO GROUP,20260901,0,4956,2026-09-02
MAN,MANPOWERGROUP INC,20260901,0,4956,2026-09-02
MANE,VERADERMICS INC,20260901,0,4956,2026-09-02
MANH,MANHATTAN ASSOCIATES INC,20260901,0,4956,2026-09-02
MANU,MANCHESTER UNITED PLC-CL A,20260901,0,4956,2026-09-02
MAR,MARRIOTT INTERNATIONAL -CL A,20260901,0,4956,2026-09-02
MARA,MARA HOLDINGS INC,20260901,0,4956,2026-09-02
MAS,MASCO CORP,20260901,0,4956,2026-09-02
MASK,3 E NETWORK TECHNOLOGY GRP-A,20260901,0,4956,2026-09-02
MASS,908 DEVICES INC,20260901,0,4956,2026-09-02
MAT,MATTEL INC,20260901,0,4956,2026-09-02
MATH,METALPHA TECHNOLOGY HOLDING,20260901,0,4956,2026-09-02
MATV,MATIV HOLDINGS INC,20260901,0,4956,2026-09-02
MATW,MATTHEWS INTL CORP-CLASS A,20260901,0,4956,2026-09-02
MATX,MATSON INC,20260901,0,4956,2026-09-02
MAX,MEDIAALPHA INC-CLASS A,20260901,0,4956,2026-09-02
MAYS,MAYS (J.W.) INC,20260901,0,4956,2026-09-02
MAZE,MAZE THERAPEUTICS INC,20260901,0,4956,2026-09-02
MB,MASTERBEEF GROUP,20260901,0,4956,2026-09-02
MBAI,MBODY AI LTD,20260901,0,4956,2026-09-02
MBBC,MARATHON BANCORP INC,20260901,0,4956,2026-09-02
MBC,MASTERBRAND INC,20260901,0,4956,2026-09-02
MBGL,MOBILITY GLOBAL INC,20260901,0,4956,2026-09-02
MBI,MBIA INC,20260901,0,4956,2026-09-02
MBIN,MERCHANTS BANCORP/IN,20260901,0,4956,2026-09-02
MBIO,MUSTANG BIO INC,20260901,0,4956,2026-09-02
MBLY,MOBILEYE GLOBAL INC-A,20260901,0,4956,2026-09-02
MBOT,MICROBOT MEDICAL INC,20260901,0,4956,2026-09-02
MBRX,MOLECULIN BIOTECH INC,20260901,0,4956,2026-09-02
MBUU,MALIBU BOATS INC - A,20260901,0,4956,2026-09-02
MBVI,M3-BRIGADE ACQUISITION-CL A,20260901,0,4956,2026-09-02
MBWM,MERCANTILE BANK CORP,20260901,0,4956,2026-09-02
MBX,MBX BIOSCIENCES INC,20260901,0,4956,2026-09-02
MC,MOELIS & CO - CLASS A,20260901,0,4956,2026-09-02
MCAH,MOUNTAIN CREST ACQUISITION 6,20260901,0,4956,2026-09-02
MCB,METROPOLITAN BANK HOLDING CO,20260901,0,4956,2026-09-02
MCBS,METROCITY BANKSHARES INC,20260901,0,4956,2026-09-02
MCD,MCDONALD'S CORP,20260901,0,4956,2026-09-02
MCFT,MASTERCRAFT BOAT HOLDINGS IN,20260901,0,4956,2026-09-02
MCGA,YORKVILLE ACQUISITION CORP-A,20260901,0,4956,2026-09-02
MCHB,MECHANICS BANCORP-A,20260901,0,4956,2026-09-02
MCHP,MICROCHIP TECHNOLOGY INC,20260901,0,4956,2026-09-02
MCHX,MARCHEX INC-CLASS B,20260901,0,4956,2026-09-02
MCK,MCKESSON CORP,20260901,0,4956,2026-09-02
MCO,MOODY'S CORP,20260901,0,4956,2026-09-02
MCRB,SERES THERAPEUTICS INC,20260901,0,4956,2026-09-02
MCRI,MONARCH CASINO & RESORT INC,20260901,0,4956,2026-09-02
MCRP,MICROPOLIS AI ROBOTICS,20260901,0,4956,2026-09-02
MCS,MARCUS CORPORATION,20260901,0,4956,2026-09-02
MCTA,CHARMING MEDICAL LTD-A,20260901,0,4956,2026-09-02
MCY,MERCURY GENERAL CORP,20260901,0,4956,2026-09-02
MD,PEDIATRIX MEDICAL GROUP INC,20260901,0,4956,2026-09-02
MDA,MDA SPACE LTD,20260901,0,4956,2026-09-02
MDAI,SPECTRAL AI INC,20260901,0,4956,2026-09-02
MDB,MONGODB INC,20260901,0,4956,2026-09-02
MDBH,MDB CAPITAL HOLDINGS LLC,20260901,0,4956,2026-09-02
MDCX,MEDICUS PHARMA LTD,20260901,0,4956,2026-09-02
MDGL,MADRIGAL PHARMACEUTICALS INC,20260901,0,4956,2026-09-02
MDIA,MEDIACO HOLDING INC-CL A,20260901,0,4956,2026-09-02
MDLN,MEDLINE INC-CL A,20260901,0,4956,2026-09-02
MDLZ,MONDELEZ INTERNATIONAL INC-A,20260901,0,4956,2026-09-02
MDT,MEDTRONIC PLC,20260901,0,4956,2026-09-02
MDU,MDU RESOURCES GROUP INC,20260901,0,4956,2026-09-02
MDWD,MEDIWOUND LTD,20260901,0,4956,2026-09-02
MDXG,MIMEDX GROUP INC,20260901,0,4956,2026-09-02
MDXH,MDXHEALTH,20260901,0,4956,2026-09-02
MEC,MAYVILLE ENGINEERING CO INC,20260901,0,4956,2026-09-02
MED,MEDIFAST INC,20260901,0,4956,2026-09-02
MEDP,MEDPACE HOLDINGS INC,20260901,0,4956,2026-09-02
MEDS,DATAMEDS AI INC,20260901,0,4956,2026-09-02
MEGL,MAGIC EMPIRE GLOBAL LTD-A,20260901,0,4956,2026-09-02
MEI,METHODE ELECTRONICS INC,20260901,0,4956,2026-09-02
MELI,MERCADOLIBRE INC,20260901,0,4956,2026-09-02
MENS,JYONG BIOTECH LTD,20260901,0,4956,2026-09-02
MEOH,METHANEX CORP,20260901,0,4956,2026-09-02
MERC,MERCER INTERNATIONAL INC,20260901,0,4956,2026-09-02
MESH,MESHFLOW ACQUISITION CO-CL A,20260901,0,4956,2026-09-02
MET,METLIFE INC,20260901,0,4956,2026-09-02
META,META PLATFORMS INC-CLASS A,20260901,0,4956,2026-09-02
METC,RAMACO RESOURCES INC-A,20260901,0,4956,2026-09-02
METCB,RAMACO RESOURCES INC-B,20260901,0,4956,2026-09-02
MEVO,M EVO GLOBAL ACQUISITIO-CL A,20260901,0,4956,2026-09-02
MF,MINDFORGE INC,20260901,0,4956,2026-09-02
MFC,MANULIFE FINANCIAL CORP,20260901,0,4956,2026-09-02
MFI,MF INTERNATIONAL LTD-A,20260901,0,4956,2026-09-02
MFIC,MIDCAP FINANCIAL INVESTMENT,20260901,0,4956,2026-09-02
MFIN,MEDALLION FINANCIAL CORP,20260901,0,4956,2026-09-02
MFP,MIDERA FOOD PROCESSI INC,20260901,0,4956,2026-09-02
MG,MISTRAS GROUP INC,20260901,0,4956,2026-09-02
MGA,MAGNA INTERNATIONAL INC,20260901,0,4956,2026-09-02
MGEE,MGE ENERGY INC,20260901,0,4956,2026-09-02
MGIH,MILLENNIUM GROUP INTERNATION,20260901,0,4956,2026-09-02
MGLD,MARYGOLD COMPANIES INC/THE,20260901,0,4956,2026-09-02
MGM,MGM RESORTS INTERNATIONAL,20260901,0,4956,2026-09-02
MGN,MEGAN HOLDINGS LTD-CL A,20260901,0,4956,2026-09-02
MGNI,MAGNITE INC,20260901,0,4956,2026-09-02
MGNX,MACROGENICS INC,20260901,0,4956,2026-09-02
MGPI,MGP INGREDIENTS INC,20260901,0,4956,2026-09-02
MGRC,MCGRATH RENTCORP,20260901,0,4956,2026-09-02
MGRT,MEGA FORTUNE CO LTD,20260901,0,4956,2026-09-02
MGRX,MANGOCEUTICALS INC,20260901,0,4956,2026-09-02
MGTX,MEIRAGTX HOLDINGS PLC,20260901,0,4956,2026-09-02
MGX,METAGENOMI THERAPEUTICS INC,20260901,0,4956,2026-09-02
MGY,MAGNOLIA OIL & GAS CORP - A,20260901,0,4956,2026-09-02
MGYR,MAGYAR BANCORP INC,20260901,0,4956,2026-09-02
MH,MCGRAW HILL INC,20260901,0,4956,2026-09-02
MHH,MASTECH DIGITAL INC,20260901,0,4956,2026-09-02
MHK,MOHAWK INDUSTRIES INC,20260901,0,4956,2026-09-02
MHO,M/I HOMES INC,20260901,0,4956,2026-09-02
MI,NFT LTD-A,20260901,0,4956,2026-09-02
MIAC,MERIDIAN3 INDUSTRIALS ACQU-A,20260901,0,4956,2026-09-02
MIAX,MIAMI INTERNATIONAL HOLDINGS,20260901,0,4956,2026-09-02
MICC,MAGNUM ICE CREAM CO NV/THE,20260901,0,4956,2026-09-02
MIDD,MIDDLEBY CORP,20260901,0,4956,2026-09-02
MIMI,MINT INCORPORATION LTD-A,20260901,0,4956,2026-09-02
MIND,MIND TECHNOLOGY INC,20260901,0,4956,2026-09-02
MINE,MAYFAIR GOLD CORP,20260901,0,4956,2026-09-02
MIR,MIRION TECHNOLOGIES INC,20260901,0,4956,2026-09-02
MIRA,MIRA PHARMACEUTICALS INC,20260901,0,4956,2026-09-02
MIRM,MIRUM PHARMACEUTICALS INC,20260901,0,4956,2026-09-02
MIST,MILESTONE PHARMACEUTICALS IN,20260901,0,4956,2026-09-02
MITK,MITEK SYSTEMS INC,20260901,0,4956,2026-09-02
MITQ,MOVING IMAGE TECHNOLOGIES IN,20260901,0,4956,2026-09-02
MKC,MCCORMICK & CO-NON VTG SHRS,20260901,0,4956,2026-09-02
MKDW,MKD TECH INC,20260901,0,4956,2026-09-02
MKL,MARKEL GROUP INC,20260901,0,4956,2026-09-02
MKLY,MCKINLEY ACQUISITION CO-CL A,20260901,0,4956,2026-09-02
MKSI,MKS INC,20260901,0,4956,2026-09-02
MKTW,MARKETWISE INC,20260901,0,4956,2026-09-02
MKTX,MARKETAXESS HOLDINGS INC,20260901,0,4956,2026-09-02
MLAA,MOUNTAIN LAKE ACQUISITI-CL A,20260901,0,4956,2026-09-02
MLAB,MESA LABORATORIES INC,20260901,0,4956,2026-09-02
MLCI,MOUNT LOGAN CAPITAL INC,20260901,0,4956,2026-09-02
MLEC,MOOLEC SCIENCE SA,20260901,0,4956,2026-09-02
MLGO,MICROALGO INC,20260901,0,4956,2026-09-02
MLI,MUELLER INDUSTRIES INC,20260901,0,4956,2026-09-02
MLKN,MILLERKNOLL INC,20260901,0,4956,2026-09-02
MLM,MARTIN MARIETTA MATERIALS,20260901,0,4956,2026-09-02
MLP,MAUI LAND & PINEAPPLE CO,20260901,0,4956,2026-09-02
MLR,MILLER INDUSTRIES INC/TENN,20260901,0,4956,2026-09-02
MLSS,MILESTONE SCIENTIFIC INC,20260901,0,4956,2026-09-02
MLTX,MOONLAKE IMMUNOTHERAPEUTICS,20260901,0,4956,2026-09-02
MLYS,MINERALYS THERAPEUTICS INC,20260901,0,4956,2026-09-02
MMA,MIXED MARTIAL ARTS GROUP LTD,20260901,0,4956,2026-09-02
MMED,MINIMED GROUP INC,20260901,0,4956,2026-09-02
MMI,MARCUS & MILLICHAP INC,20260901,0,4956,2026-09-02
MMM,3M CO,20260901,0,4956,2026-09-02
MMS,MAXIMUS INC,20260901,0,4956,2026-09-02
MMSI,MERIT MEDICAL SYSTEMS INC,20260901,0,4956,2026-09-02
MMTX,MILUNA ACQUISITION CL A,20260901,0,4956,2026-09-02
MMYT,MAKEMYTRIP LTD,20260901,0,4956,2026-09-02
MNDO,MIND CTI LTD,20260901,0,4956,2026-09-02
MNDR,MOBILE-HEALTH NETWORK SOLUTI,20260901,0,4956,2026-09-02
MNDY,MONDAY.COM LTD,20260901,0,4956,2026-09-02
MNKD,MANNKIND CORP,20260901,0,4956,2026-09-02
MNOV,MEDICINOVA INC,20260901,0,4956,2026-09-02
MNPR,MONOPAR THERAPEUTICS INC,20260901,0,4956,2026-09-02
MNRO,MONRO INC,20260901,0,4956,2026-09-02
MNSB,MAINSTREET BANCSHARES INC,20260901,0,4956,2026-09-02
MNST,MONSTER BEVERAGE CORP,20260901,0,4956,2026-09-02
MNTK,MONTAUK RENEWABLES INC,20260901,0,4956,2026-09-02
MNTN,MNTN INC-A,20260901,0,4956,2026-09-02
MNTS,MOMENTUS INC,20260901,0,4956,2026-09-02
MNY,MONEYHERO LTD-A,20260901,0,4956,2026-09-02
MO,ALTRIA GROUP INC,20260901,0,4956,2026-09-02
MOB,MOBILICOM LTD/AUSTRALIA,20260901,0,4956,2026-09-02
MOBI,MOBIA MEDICAL INC,20260901,0,4956,2026-09-02
MOBX,MOBIX LABS INC,20260901,0,4956,2026-09-02
MOD,MODINE MANUFACTURING CO,20260901,0,4956,2026-09-02
MODD,MODULAR MEDICAL INC,20260901,0,4956,2026-09-02
MOH,MOLINA HEALTHCARE INC,20260901,0,4956,2026-09-02
MORN,MORNINGSTAR INC,20260901,0,4956,2026-09-02
MOS,MOSAIC CO/THE,20260901,0,4956,2026-09-02
MOV,MOVADO GROUP INC,20260901,0,4956,2026-09-02
MOVE,CORVEX INC,20260901,0,4956,2026-09-02
MP,MP MATERIALS CORP,20260901,0,4956,2026-09-02
MPAA,MOTORCAR PARTS OF AMERICA IN,20260901,0,4956,2026-09-02
MPB,MID PENN BANCORP INC,20260901,0,4956,2026-09-02
MPC,MARATHON PETROLEUM CORP,20260901,0,4956,2026-09-02
MPLT,MAPLIGHT THERAPEUTICS INC,20260901,0,4956,2026-09-02
MPTI,M-TRON INDUSTRIES INC,20260901,0,4956,2026-09-02
MPU,MEGA MATRIX INC,20260901,0,4956,2026-09-02
MPWR,MONOLITHIC POWER SYSTEMS INC,20260901,0,4956,2026-09-02
MQ,MARQETA INC-A,20260901,0,4956,2026-09-02
MRAM,EVERSPIN TECHNOLOGIES INC,20260901,0,4956,2026-09-02
MRBK,MERIDIAN CORP,20260901,0,4956,2026-09-02
MRCO,MERCATOR ACQUISITION COR-A,20260901,0,4956,2026-09-02
MRCY,MERCURY SYSTEMS INC,20260901,0,4956,2026-09-02
MRDN,MERIDIAN HOLDINGS INC,20260901,0,4956,2026-09-02
MRK,MERCK & CO. INC.,20260901,0,4956,2026-09-02
MRKR,MARKER THERAPEUTICS INC,20260901,0,4956,2026-09-02
MRLN,MERLIN INC,20260901,0,4956,2026-09-02
MRNA,MODERNA INC,20260901,0,4956,2026-09-02
MRNO,MURANO GLOBAL INVESTMENTS PL,20260901,0,4956,2026-09-02
MRSH,MARSH & MCLENNAN COS,20260901,0,4956,2026-09-02
MRT,MARTI TECHNOLOGIES INC,20260901,0,4956,2026-09-02
MRTN,MARTEN TRANSPORT LTD,20260901,0,4956,2026-09-02
MRVI,MARAVAI LIFESCIENCES HLDGS-A,20260901,0,4956,2026-09-02
MRVL,MARVELL TECHNOLOGY INC,20260901,0,4956,2026-09-02
MRX,MAREX GROUP LTD,20260901,0,4956,2026-09-02
MS,MORGAN STANLEY,20260901,0,4956,2026-09-02
MSA,MSA SAFETY INC,20260901,0,4956,2026-09-02
MSAI,MULTISENSOR AI HOLDINGS INC,20260901,0,4956,2026-09-02
MSBI,MIDLAND STATES BANCORP INC,20260901,0,4956,2026-09-02
MSCI,MSCI INC,20260901,0,4956,2026-09-02
MSDL,MORGAN STANLEY DIRECT LENDIN,20260901,0,4956,2026-09-02
MSEX,MIDDLESEX WATER CO,20260901,0,4956,2026-09-02
MSFT,MICROSOFT CORP,20260901,0,4956,2026-09-02
MSGE,MADISON SQUARE GARDEN ENTERT,20260901,0,4956,2026-09-02
MSGM,MOTORSPORT GAMES INC-A,20260901,0,4956,2026-09-02
MSGS,MADISON SQUARE GARDEN SPORTS,20260901,0,4956,2026-09-02
MSGY,MASONGLORY LTD - CLASS A,20260901,0,4956,2026-09-02
MSI,MOTOROLA SOLUTIONS INC,20260901,0,4956,2026-09-02
MSIF,MSC INCOME FUND INC,20260901,0,4956,2026-09-02
MSLE,SATELLOS BIOSCIENCE INC,20260901,0,4956,2026-09-02
MSM,MSC INDUSTRIAL DIRECT CO-A,20260901,0,4956,2026-09-02
MSN,EMERSON RADIO CORP,20260901,0,4956,2026-09-02
MSS,MAISON SOLUTIONS INC-A,20260901,0,4956,2026-09-02
MSTR,STRATEGY INC,20260901,0,4956,2026-09-02
MTA,METALLA ROYALTY & STREAMING,20260901,0,4956,2026-09-02
MTAL,METALS ACQUISITION II-CL A,20260901,0,4956,2026-09-02
MTB,M & T BANK CORP,20260901,0,4956,2026-09-02
MTC,MMTEC INC,20260901,0,4956,2026-09-02
MTCH,MATCH GROUP INC,20260901,0,4956,2026-09-02
MTD,METTLER-TOLEDO INTERNATIONAL,20260901,0,4956,2026-09-02
MTDR,MATADOR RESOURCES CO,20260901,0,4956,2026-09-02
MTEK,MARIS - TECH LTD,20260901,0,4956,2026-09-02
MTEN,MINGTENG INT CORP-A,20260901,0,4956,2026-09-02
MTEX,MANNATECH INC,20260901,0,4956,2026-09-02
MTG,MGIC INVESTMENT CORP,20260901,0,4956,2026-09-02
MTH,MERITAGE HOMES CORP,20260901,0,4956,2026-09-02
MTN,VAIL RESORTS INC,20260901,0,4956,2026-09-02
MTNB,MATINAS BIOPHARMA HOLDINGS I,20260901,0,4956,2026-09-02
MTNE,CH4 NATURAL SOLUTIONS ACQU-A,20260901,0,4956,2026-09-02
MTRN,MATERION CORP,20260901,0,4956,2026-09-02
MTRX,MATRIX SERVICE CO,20260901,0,4956,2026-09-02
MTSI,MACOM TECHNOLOGY SOLUTIONS H,20260901,0,4956,2026-09-02
MTUS,METALLUS INC,20260901,0,4956,2026-09-02
MTVA,METAVIA INC,20260901,0,4956,2026-09-02
MTW,MANITOWOC COMPANY INC,20260901,0,4956,2026-09-02
MTX,MINERALS TECHNOLOGIES INC,20260901,0,4956,2026-09-02
MTZ,MASTEC INC,20260901,0,4956,2026-09-02
MU,MICRON TECHNOLOGY INC,20260901,0,4956,2026-09-02
MUR,MURPHY OIL CORP,20260901,0,4956,2026-09-02
MUSA,MURPHY USA INC,20260901,0,4956,2026-09-02
MUX,MCEWEN INC,20260901,0,4956,2026-09-02
MUZE,MUZERO ACQUISITION CORP-CL A,20260901,0,4956,2026-09-02
MVBF,MVB FINANCIAL CORP,20260901,0,4956,2026-09-02
MVIS,MICROVISION INC,20260901,0,4956,2026-09-02
MVST,MICROVAST HOLDINGS INC,20260901,0,4956,2026-09-02
MWA,MUELLER WATER PRODUCTS INC-A,20260901,0,4956,2026-09-02
MWG,MULTI WAYS HOLDINGS LTD-CL A,20260901,0,4956,2026-09-02
MWH,SOLV ENERGY INC-CL A,20260901,0,4956,2026-09-02
MWYN,MARWYNN HOLDINGS INC,20260901,0,4956,2026-09-02
MX,MAGNACHIP SEMICONDUCTOR CORP,20260901,0,4956,2026-09-02
MXC,MEXCO ENERGY CORP,20260901,0,4956,2026-09-02
MXCT,MAXCYTE INC,20260901,0,4956,2026-09-02
MXL,MAXLINEAR INC,20260901,0,4956,2026-09-02
MYE,MYERS INDUSTRIES INC,20260901,0,4956,2026-09-02
MYFW,FIRST WESTERN FINANCIAL INC,20260901,0,4956,2026-09-02
MYGN,MYRIAD GENETICS INC,20260901,0,4956,2026-09-02
MYO,MYOMO INC,20260901,0,4956,2026-09-02
MYPS,PLAYSTUDIOS INC,20260901,0,4956,2026-09-02
MYRG,MYR GROUP INC/DELAWARE,20260901,0,4956,2026-09-02
MYSE,MYSEUMAI INC,20260901,0,4956,2026-09-02
MYSZ,MY SIZE INC,20260901,0,4956,2026-09-02
MYX,MAYWOOD ACQUISITION C2-CL-A,20260901,0,4956,2026-09-02
MZTI,MARZETTI COMPANY/THE,20260901,0,4956,2026-09-02
MZYX,MOZAYYX ACQUISITION COR-CL A,20260901,0,4956,2026-09-02
NA,NANO LABS LTD-CL A,20260901,0,4956,2026-09-02
NABL,N-ABLE INC,20260901,0,4956,2026-09-02
NAGE,NIAGEN BIOSCIENCE INC,20260901,0,4956,2026-09-02
NAII,NATURAL ALTERNATIVES INTL,20260901,0,4956,2026-09-02
NAK,NORTHERN DYNASTY MINERALS,20260901,0,4956,2026-09-02
NAKA,NAKAMOTO INC,20260901,0,4956,2026-09-02
NAMM,NAMIB MINERALS,20260901,0,4956,2026-09-02
NAMS,NEWAMSTERDAM PHARMA CO NV,20260901,0,4956,2026-09-02
NAT,NORDIC AMERICAN TANKERS LTD,20260901,0,4956,2026-09-02
NATH,NATHAN'S FAMOUS INC,20260901,0,4956,2026-09-02
NATL,NCR ATLEOS CORP,20260901,0,4956,2026-09-02
NATR,NATURES SUNSHINE PRODS INC,20260901,0,4956,2026-09-02
NAUT,NAUTILUS BIOTECHNOLOGY INC,20260901,0,4956,2026-09-02
NAVI,NAVIENT CORP,20260901,0,4956,2026-09-02
NAVN,NAVAN INC-CL A,20260901,0,4956,2026-09-02
NB,NIOCORP DEVELOPMENTS LTD,20260901,0,4956,2026-09-02
NBBK,NB BANCORP INC,20260901,0,4956,2026-09-02
NBHC,NATIONAL BANK HOLD-CL A,20260901,0,4956,2026-09-02
NBIS,NEBIUS GROUP NV,20260901,0,4956,2026-09-02
NBIX,NEUROCRINE BIOSCIENCES INC,20260901,0,4956,2026-09-02
NBN,NORTHEAST BANK,20260901,0,4956,2026-09-02
NBR,NABORS INDUSTRIES LTD,20260901,0,4956,2026-09-02
NBRG,NEWBRIDGE ACQUISITION LTD-A,20260901,0,4956,2026-09-02
NBTB,N B T BANCORP INC,20260901,0,4956,2026-09-02
NC,NACCO INDUSTRIES-CL A,20260901,0,4956,2026-09-02
NCDL,NUVEEN CHURCHILL DIRECT LEND,20260901,0,4956,2026-09-02
NCEL,NEWCELX LTD,20260901,0,4956,2026-09-02
NCEW,NEW CENTURY LOGISTICS BVI LT,20260901,0,4956,2026-09-02
NCI,NEO-CONCEPT INTL GROUP HLD-A,20260901,0,4956,2026-09-02
NCLH,NORWEGIAN CRUISE LINE HOLDIN,20260901,0,4956,2026-09-02
NCMI,NATIONAL CINEMEDIA INC,20260901,0,4956,2026-09-02
NCNO,NCINO INC,20260901,0,4956,2026-09-02
NCO,SOUTHERN CROSS ACQUISITION I,20260901,0,4956,2026-09-02
NCPL,NETCAPITAL INC,20260901,0,4956,2026-09-02
NCRA,NOCERA INC,20260901,0,4956,2026-09-02
NCSM,NCS MULTISTAGE HOLDINGS INC,20260901,0,4956,2026-09-02
NCT,INTERCONT CAYMAN LTD CLASS A,20260901,0,4956,2026-09-02
NDAQ,NASDAQ INC,20260901,0,4956,2026-09-02
NDLS,NOODLES & CO,20260901,0,4956,2026-09-02
NDRA,ENDRA LIFE SCIENCES INC,20260901,0,4956,2026-09-02
NDSN,NORDSON CORP,20260901,0,4956,2026-09-02
NE,NOBLE CORP PLC,20260901,0,4956,2026-09-02
NECB,NORTHEAST COMMUNITY BANCORP,20260901,0,4956,2026-09-02
NEE,NEXTERA ENERGY INC,20260901,0,4956,2026-09-02
NEGG,NEWEGG COMMERCE INC,20260901,0,4956,2026-09-02
NEM,NEWMONT CORP,20260901,0,4956,2026-09-02
NEO,NEOGENOMICS INC,20260901,0,4956,2026-09-02
NEOG,NEOGEN CORP,20260901,0,4956,2026-09-02
NEON,NEONODE INC,20260901,0,4956,2026-09-02
NEOV,NEOVOLTA INC,20260901,0,4956,2026-09-02
NEPH,NEPHROS INC,20260901,0,4956,2026-09-02
NERV,MINERVA NEUROSCIENCES INC,20260901,0,4956,2026-09-02
NESR,NATIONAL ENERGY SERVICES REU,20260901,0,4956,2026-09-02
NET,CLOUDFLARE INC - CLASS A,20260901,0,4956,2026-09-02
NEU,NEWMARKET CORP,20260901,0,4956,2026-09-02
NEUP,NEUPHORIA THERAPEUTICS INC,20260901,0,4956,2026-09-02
NEWP,NEW PACIFIC METALS CORP,20260901,0,4956,2026-09-02
NEWT,NEWTEKONE INC,20260901,0,4956,2026-09-02
NEXA,NEXA RESOURCES SA,20260901,0,4956,2026-09-02
NEXM,NEXMETALS MINING CORP,20260901,0,4956,2026-09-02
NEXN,NEXXEN INTERNATIONAL LTD,20260901,0,4956,2026-09-02
NEXR,NEXERA TECHNOLOGIES LTD,20260901,0,4956,2026-09-02
NEXT,NEXTDECADE CORP,20260901,0,4956,2026-09-02
NFE,NEW FORTRESS ENERGY INC,20260901,0,4956,2026-09-02
NFG,NATIONAL FUEL GAS CO,20260901,0,4956,2026-09-02
NFGC,NEW FOUND GOLD CORP,20260901,0,4956,2026-09-02
NFLX,NETFLIX INC,20260901,0,4956,2026-09-02
NG,NOVAGOLD RESOURCES INC,20260901,0,4956,2026-09-02
NGEN,NERVGEN PHARMA CORP,20260901,0,4956,2026-09-02
NGNE,NEUROGENE INC,20260901,0,4956,2026-09-02
NGS,NATURAL GAS SERVICES GROUP,20260901,0,4956,2026-09-02
NGVC,NATURAL GROCERS BY VITAMIN C,20260901,0,4956,2026-09-02
NGVT,INGEVITY CORP,20260901,0,4956,2026-09-02
NHC,NATIONAL HEALTHCARE CORP,20260901,0,4956,2026-09-02
NHIC,NEWHOLD INVESTMENT COR III-A,20260901,0,4956,2026-09-02
NHIV,NEWHOLD INVESTMENT CORP IV-A,20260901,0,4956,2026-09-02
NHTC,NATURAL HEALTH TRENDS CORP,20260901,0,4956,2026-09-02
NI,NISOURCE INC,20260901,0,4956,2026-09-02
NIC,NICOLET BANKSHARES INC,20260901,0,4956,2026-09-02
NIKI,NIKI BIOSOLUTIONS INC,20260901,0,4956,2026-09-02
NINE,NINE ENERGY SERVICE INC,20260901,0,4956,2026-09-02
NIQ,NIQ GLOBAL INTELLIGENCE PLC,20260901,0,4956,2026-09-02
NIVF,NEWGENIVF GROUP LTD-A,20260901,0,4956,2026-09-02
NIXX,NIXXY INC,20260901,0,4956,2026-09-02
NJR,NEW JERSEY RESOURCES CORP,20260901,0,4956,2026-09-02
NKE,NIKE INC -CL B,20260901,0,4956,2026-09-02
NKLR,TERRA INNOVATUM GLOBAL NV,20260901,0,4956,2026-09-02
NKSH,NATIONAL BANKSHARES INC/VA,20260901,0,4956,2026-09-02
NKTR,NEKTAR THERAPEUTICS,20260901,0,4956,2026-09-02
NKTX,NKARTA INC,20260901,0,4956,2026-09-02
NL,NLI HOLDINGS INC,20260901,0,4956,2026-09-02
NMAD,NOMAD POWER SOLUTIONS INC,20260901,0,4956,2026-09-02
NMAX,NEWSMAX INC,20260901,0,4956,2026-09-02
NMFC,NEW MOUNTAIN FINANCE CORP,20260901,0,4956,2026-09-02
NMG,NOUVEAU MONDE GRAPHITE INC,20260901,0,4956,2026-09-02
NMIH,NMI HOLDINGS INC,20260901,0,4956,2026-09-02
NMP,NMP ACQUISITION CORP - A,20260901,0,4956,2026-09-02
NMRA,NEUMORA THERAPEUTICS INC,20260901,0,4956,2026-09-02
NMRK,NEWMARK GROUP INC-CLASS A,20260901,0,4956,2026-09-02
NMTC,NEUROONE MEDICAL TECHNOLOGIE,20260901,0,4956,2026-09-02
NN,NEXTNAV INC,20260901,0,4956,2026-09-02
NNBR,NN INC,20260901,0,4956,2026-09-02
NNE,NANO NUCLEAR ENERGY INC,20260901,0,4956,2026-09-02
NNI,NELNET INC-CL A,20260901,0,4956,2026-09-02
NNNN,ANBIO BIOTECHNOLOGY LTD,20260901,0,4956,2026-09-02
NNOX,NANO-X IMAGING LTD,20260901,0,4956,2026-09-02
NNVC,NANOVIRICIDES INC,20260901,0,4956,2026-09-02
NOA,NORTH AMERICAN CONSTRUCTION,20260901,0,4956,2026-09-02
NOC,NORTHROP GRUMMAN CORP,20260901,0,4956,2026-09-02
NODK,NI HOLDINGS INC,20260901,0,4956,2026-09-02
NOEM,CO2 ENERGY TRANSITION CORP,20260901,0,4956,2026-09-02
NOG,NORTHERN OIL AND GAS INC,20260901,0,4956,2026-09-02
NOMA,NOMADAR CORP-A,20260901,0,4956,2026-09-02
NOMD,NOMAD FOODS LTD,20260901,0,4956,2026-09-02
NOV,NOV INC,20260901,0,4956,2026-09-02
NOVT,NOVANTA INC,20260901,0,4956,2026-09-02
NOW,SERVICENOW INC,20260901,0,4956,2026-09-02
NP,NEPTUNE INSURANCE HOLDI-CL A,20260901,0,4956,2026-09-02
NPAC,NEW PROVIDENCE ACQUISITION-A,20260901,0,4956,2026-09-02
NPB,NORTHPOINTE BANCSHARES INC,20260901,0,4956,2026-09-02
NPCE,NEUROPACE INC,20260901,0,4956,2026-09-02
NPK,NATIONAL PRESTO INDS INC,20260901,0,4956,2026-09-02
NPKI,NPK INTERNATIONAL INC,20260901,0,4956,2026-09-02
NPO,ENPRO INC,20260901,0,4956,2026-09-02
NPT,TEXXON HOLDING LTD,20260901,0,4956,2026-09-02
NPWR,NET POWER INC,20260901,0,4956,2026-09-02
NRC,NRC HEALTH,20260901,0,4956,2026-09-02
NRDS,NERDWALLET INC-CL A,20260901,0,4956,2026-09-02
NRDY,NERDY INC,20260901,0,4956,2026-09-02
NRG,NRG ENERGY INC,20260901,0,4956,2026-09-02
NRGV,ENERGY VAULT HOLDINGS INC,20260901,0,4956,2026-09-02
NRIM,NORTHRIM BANCORP INC,20260901,0,4956,2026-09-02
NRIX,NURIX THERAPEUTICS INC,20260901,0,4956,2026-09-02
NRSN,NEUROSENSE THERAPEUTICS LTD,20260901,0,4956,2026-09-02
NRXP,NRX PHARMACEUTICALS INC,20260901,0,4956,2026-09-02
NRXS,NEURAXIS INC,20260901,0,4956,2026-09-02
NSC,NORFOLK SOUTHERN CORP,20260901,0,4956,2026-09-02
NSIT,INSIGHT ENTERPRISES INC,20260901,0,4956,2026-09-02
NSLR,NEOSTELLAR CAPITAL CORP,20260901,0,4956,2026-09-02
NSP,INSPERITY INC,20260901,0,4956,2026-09-02
NSPR,INSPIREMD INC,20260901,0,4956,2026-09-02
NSRX,NASUS PHARMA LTD,20260901,0,4956,2026-09-02
NSSC,NAPCO SECURITY TECHNOLOGIES,20260901,0,4956,2026-09-02
NSTS,NSTS BANCORP INC,20260901,0,4956,2026-09-02
NSYS,NORTECH SYSTEMS INC,20260901,0,4956,2026-09-02
NTAP,NETAPP INC,20260901,0,4956,2026-09-02
NTB,BANK OF N.T. BUTTERFIELD&SON,20260901,0,4956,2026-09-02
NTCL,NETCLASS TECHNOLOGY INC,20260901,0,4956,2026-09-02
NTCT,NETSCOUT SYSTEMS INC,20260901,0,4956,2026-09-02
NTGR,NETGEAR INC,20260901,0,4956,2026-09-02
NTHI,NEONC TECHNOLOGIES HOLDINGS,20260901,0,4956,2026-09-02
NTIC,NORTHERN TECHNOLOGIES INTL,20260901,0,4956,2026-09-02
NTIP,NETWORK-1 TECHNOLOGIES INC,20260901,0,4956,2026-09-02
NTLA,INTELLIA THERAPEUTICS INC,20260901,0,4956,2026-09-02
NTNX,NUTANIX INC - A,20260901,0,4956,2026-09-02
NTR,NUTRIEN LTD,20260901,0,4956,2026-09-02
NTRA,NATERA INC,20260901,0,4956,2026-09-02
NTRB,NUTRIBAND INC,20260901,0,4956,2026-09-02
NTRP,NEXTTRIP INC,20260901,0,4956,2026-09-02
NTRS,NORTHERN TRUST CORP,20260901,0,4956,2026-09-02
NTSK,NETSKOPE INC-CL A,20260901,0,4956,2026-09-02
NTWK,NETSOL TECHNOLOGIES INC,20260901,0,4956,2026-09-02
NTWO,NEWBURY STREET II AC-CLASS A,20260901,0,4956,2026-09-02
NU,NU HOLDINGS LTD/CAYMAN ISL-A,20260901,0,4956,2026-09-02
NUAI,NEW ERA ENERGY & DIGITAL INC,20260901,0,4956,2026-09-02
NUCL,EAGLE NUCLEAR ENERGY CORP,20260901,0,4956,2026-09-02
NUE,NUCOR CORP,20260901,0,4956,2026-09-02
NUR,NURAN WIRELESS INC,20260901,0,4956,2026-09-02
NUS,NU SKIN ENTERPRISES INC - A,20260901,0,4956,2026-09-02
NUTR,NUSATRIP INC,20260901,0,4956,2026-09-02
NUTX,NUTEX HEALTH INC,20260901,0,4956,2026-09-02
NUVB,NUVATION BIO INC,20260901,0,4956,2026-09-02
NUWE,NUWELLIS INC,20260901,0,4956,2026-09-02
NVA,NOVA MINERALS CORP,20260901,0,4956,2026-09-02
NVAX,NOVAVAX INC,20260901,0,4956,2026-09-02
NVCR,NOVOCURE LTD,20260901,0,4956,2026-09-02
NVCT,NUVECTIS PHARMA INC,20260901,0,4956,2026-09-02
NVDA,NVIDIA CORP,20260901,0,4956,2026-09-02
NVEC,NVE CORP,20260901,0,4956,2026-09-02
NVGS,NAVIGATOR HOLDINGS LTD,20260901,0,4956,2026-09-02
NVMI,NOVA LTD,20260901,0,4956,2026-09-02
NVNI,NVNI GROUP LTD,20260901,0,4956,2026-09-02
NVNO,ENVVENO MEDICAL CORP,20260901,0,4956,2026-09-02
NVR,NVR INC,20260901,0,4956,2026-09-02
NVRI,ENVIRI CORP,20260901,0,4956,2026-09-02
NVST,ENVISTA HOLDINGS CORP,20260901,0,4956,2026-09-02
NVT,NVENT ELECTRIC PLC,20260901,0,4956,2026-09-02
NVTS,NAVITAS SEMICONDUCTOR CORP,20260901,0,4956,2026-09-02
NWAX,NEW AMERICA ACQUISITION-CL A,20260901,0,4956,2026-09-02
NWBI,NORTHWEST BANCSHARES INC,20260901,0,4956,2026-09-02
NWE,NORTHWESTERN ENERGY GROUP IN,20260901,0,4956,2026-09-02
NWFL,NORWOOD FINANCIAL CORP,20260901,0,4956,2026-09-02
NWL,NEWELL BRANDS INC,20260901,0,4956,2026-09-02
NWN,NORTHWEST NATURAL HOLDING CO,20260901,0,4956,2026-09-02
NWPX,NWPX INFRASTRUCTURE INC,20260901,0,4956,2026-09-02
NWS,NEWS CORP - CLASS B,20260901,0,4956,2026-09-02
NWSA,NEWS CORP - CLASS A,20260901,0,4956,2026-09-02
NWTG,NEWTON GOLF COMPANY INC,20260901,0,4956,2026-09-02
NX,QUANEX BUILDING PRODUCTS,20260901,0,4956,2026-09-02
NXB,NEXTBOAT INC,20260901,0,4956,2026-09-02
NXDR,NEXTDOOR HOLDINGS INC,20260901,0,4956,2026-09-02
NXE,NEXGEN ENERGY LTD,20260901,0,4956,2026-09-02
NXGL,NEXGEL INC,20260901,0,4956,2026-09-02
NXH,NEIGHBORHOOD INTELLIGENCE IN,20260901,0,4956,2026-09-02
NXL,NEXALIN TECHNOLOGY INC,20260901,0,4956,2026-09-02
NXPI,NXP SEMICONDUCTORS NV,20260901,0,4956,2026-09-02
NXPL,NEXTPLAT CORP,20260901,0,4956,2026-09-02
NXST,NEXSTAR MEDIA GROUP INC,20260901,0,4956,2026-09-02
NXT,NEXTPOWER INC,20260901,0,4956,2026-09-02
NXTC,NEXTCURE INC,20260901,0,4956,2026-09-02
NXTS,NEXENTIS TECHNOLOGIES INC,20260901,0,4956,2026-09-02
NXTT,NEXT TECHNOLOGY HOLDING INC,20260901,0,4956,2026-09-02
NXXT,NEXTNRG INC,20260901,0,4956,2026-09-02
NYAX,NAYAX LTD,20260901,0,4956,2026-09-02
NYC,AMERICAN STRATEGIC INVESTM-A,20260901,0,4956,2026-09-02
NYT,NEW YORK TIMES CO-A,20260901,0,4956,2026-09-02
NYXH,NYXOAH SA,20260901,0,4956,2026-09-02
OABI,OMNIAB INC,20260901,0,4956,2026-09-02
OACC,OAKTREE ACQUISITION CORP I-A,20260901,0,4956,2026-09-02
OBA,OXLEY BRIDGE ACQUISITIO-CL A,20260901,0,4956,2026-09-02
OBAI,OUR BOND INC,20260901,0,4956,2026-09-02
OBDC,BLUE OWL CAPITAL CORP,20260901,0,4956,2026-09-02
OBE,OBSIDIAN ENERGY LTD,20260901,0,4956,2026-09-02
OBIO,ORCHESTRA BIOMED HOLDINGS IN,20260901,0,4956,2026-09-02
OBK,ORIGIN BANCORP INC,20260901,0,4956,2026-09-02
OBT,ORANGE COUNTY BANCORP INC,20260901,0,4956,2026-09-02
OBX,OBSIDIAN THERAPEUTICS INC,20260901,0,4956,2026-09-02
OC,OWENS CORNING,20260901,0,4956,2026-09-02
OCAC,OCEAN CAPITAL ACQUISITION CO,20260901,0,4956,2026-09-02
OCC,OPTICAL CABLE CORP,20260901,0,4956,2026-09-02
OCFC,OCEANFIRST FINANCIAL CORP,20260901,0,4956,2026-09-02
OCG,ORIENTAL CULTURE HOLDING LTD,20260901,0,4956,2026-09-02
OCGN,OCUGEN INC,20260901,0,4956,2026-09-02
OCS,OCULIS HOLDING AG,20260901,0,4956,2026-09-02
OCSL,OAKTREE SPECIALTY LENDING CO,20260901,0,4956,2026-09-02
OCTV,OCTAVE INTELLIGENCE-CL B,20260901,0,4956,2026-09-02
OCUL,OCULAR THERAPEUTIX INC,20260901,0,4956,2026-09-02
ODC,OIL-DRI CORP OF AMERICA,20260901,0,4956,2026-09-02
ODD,ODDITY TECH LTD-CL A,20260901,0,4956,2026-09-02
ODFL,OLD DOMINION FREIGHT LINE,20260901,0,4956,2026-09-02
ODTX,ODYSSEY THERAPEUTICS INC,20260901,0,4956,2026-09-02
ODYS,ODYSIGHT.AI INC,20260901,0,4956,2026-09-02
OEC,ORION SA,20260901,0,4956,2026-09-02
OESX,ORION ENERGY SYSTEMS INC,20260901,0,4956,2026-09-02
OFAL,OFA GROUP-A,20260901,0,4956,2026-09-02
OFG,OFG BANCORP,20260901,0,4956,2026-09-02
OFIX,ORTHOFIX MEDICAL INC,20260901,0,4956,2026-09-02
OFLX,OMEGA FLEX INC,20260901,0,4956,2026-09-02
OFRM,ONCE UPON A FARM PBC,20260901,0,4956,2026-09-02
OFS,OFS CAPITAL CORP,20260901,0,4956,2026-09-02
OGC,OCEANAGOLD CORP,20260901,0,4956,2026-09-02
OGE,OGE ENERGY CORP,20260901,0,4956,2026-09-02
OGEN,ORAGENICS INC,20260901,0,4956,2026-09-02
OGG,OSISKO GOLD GROUP INC,20260901,0,4956,2026-09-02
OGI,ORGANIGRAM GLOBAL INC,20260901,0,4956,2026-09-02
OGN,ORGANON & CO,20260901,0,4956,2026-09-02
OGS,ONE GAS INC,20260901,0,4956,2026-09-02
OHAC,OCEANHAWK ACQUISITION CORP-A,20260901,0,4956,2026-09-02
OI,O-I GLASS INC,20260901,0,4956,2026-09-02
OII,OCEANEERING INTL INC,20260901,0,4956,2026-09-02
OIM,ONEIM ACQUISITION CL-A,20260901,0,4956,2026-09-02
OIO,OIO GROUP,20260901,0,4956,2026-09-02
OIS,OIL STATES INTERNATIONAL INC,20260901,0,4956,2026-09-02
OKE,ONEOK INC,20260901,0,4956,2026-09-02
OKLO,OKLO INC,20260901,0,4956,2026-09-02
OKTA,OKTA INC,20260901,0,4956,2026-09-02
OKUR,ONKURE THERAPEUTICS INC-A,20260901,0,4956,2026-09-02
OKYO,OKYO PHARMA LTD,20260901,0,4956,2026-09-02
OLB,OLB GROUP INC,20260901,0,4956,2026-09-02
OLED,UNIVERSAL DISPLAY CORP,20260901,0,4956,2026-09-02
OLLI,OLLIE'S BARGAIN OUTLET HOLDI,20260901,0,4956,2026-09-02
OLMA,OLEMA PHARMACEUTICALS INC,20260901,0,4956,2026-09-02
OLN,OLIN CORP,20260901,0,4956,2026-09-02
OLOX,OLENOX INDUSTRIES INC,20260901,0,4956,2026-09-02
OM,OUTSET MEDICAL INC,20260901,0,4956,2026-09-02
OMC,OMNICOM GROUP,20260901,0,4956,2026-09-02
OMCL,OMNICELL INC,20260901,0,4956,2026-09-02
OMDA,OMADA HEALTH INC,20260901,0,4956,2026-09-02
OMER,OMEROS CORP,20260901,0,4956,2026-09-02
OMEX,ODYSSEY MARINE EXPLORATION,20260901,0,4956,2026-09-02
OMF,ONEMAIN HOLDINGS INC,20260901,0,4956,2026-09-02
OMH,OHMYHOME LTD-A,20260901,0,4956,2026-09-02
OMSE,OMS ENERGY TECHNOLOGIES INC,20260901,0,4956,2026-09-02
ON,ON SEMICONDUCTOR,20260901,0,4956,2026-09-02
ONB,OLD NATIONAL BANCORP,20260901,0,4956,2026-09-02
ONCH,1RT ACQUISITION CORP-A,20260901,0,4956,2026-09-02
ONCO,ONCONETIX INC,20260901,0,4956,2026-09-02
ONCY,ONCOLYTICS BIOTECH INC,20260901,0,4956,2026-09-02
ONDS,ONDAS INC,20260901,0,4956,2026-09-02
ONEG,ONECONSTRUCTION GROUP LTD,20260901,0,4956,2026-09-02
ONEW,ONEWATER MARINE INC-CL A,20260901,0,4956,2026-09-02
ONFO,ONFOLIO HOLDINGS INC,20260901,0,4956,2026-09-02
ONIT,ONITY GROUP INC,20260901,0,4956,2026-09-02
ONMD,ONEMEDNET CORP,20260901,0,4956,2026-09-02
ONON,ON HOLDING AG-CLASS A,20260901,0,4956,2026-09-02
ONT,ONTERRIS INC,20260901,0,4956,2026-09-02
ONTO,ONTO INNOVATION INC,20260901,0,4956,2026-09-02
OOMA,OOMA INC,20260901,0,4956,2026-09-02
OPAD,OFFERPAD SOLUTIONS INC-A,20260901,0,4956,2026-09-02
OPAL,OPAL FUELS INC-A,20260901,0,4956,2026-09-02
OPBK,OP BANCORP,20260901,0,4956,2026-09-02
OPCH,OPTION CARE HEALTH INC,20260901,0,4956,2026-09-02
OPEN,OPENDOOR TECHNOLOGIES INC,20260901,0,4956,2026-09-02
OPFI,OPPFI INC,20260901,0,4956,2026-09-02
OPHC,OPTIMUMBANK HOLDINGS INC,20260901,0,4956,2026-09-02
OPK,OPKO HEALTH INC,20260901,0,4956,2026-09-02
OPLN,OPENLANE INC,20260901,0,4956,2026-09-02
OPRT,OPORTUN FINANCIAL CORP,20260901,0,4956,2026-09-02
OPRX,OPTIMIZERX CORP,20260901,0,4956,2026-09-02
OPTH,OPTIMI HEALTH CORP,20260901,0,4956,2026-09-02
OPTT,OCEAN POWER TECHNOLOGIES INC,20260901,0,4956,2026-09-02
OPTU,OPTIMUM COMMUNICATIONS INC-A,20260901,0,4956,2026-09-02
OPTX,SYNTEC OPTICS HOLDINGS INC,20260901,0,4956,2026-09-02
OPXS,OPTEX SYSTEMS HOLDINGS INC,20260901,0,4956,2026-09-02
OPY,OPPENHEIMER HOLDINGS-CL A,20260901,0,4956,2026-09-02
OR,OR ROYALTIES INC,20260901,0,4956,2026-09-02
ORA,ORMAT TECHNOLOGIES INC,20260901,0,4956,2026-09-02
ORBS,EIGHTCO HOLDINGS INC,20260901,0,4956,2026-09-02
ORCL,ORACLE CORP,20260901,0,4956,2026-09-02
ORGO,ORGANOGENESIS HOLDINGS INC,20260901,0,4956,2026-09-02
ORI,OLD REPUBLIC INTL CORP,20260901,0,4956,2026-09-02
ORIC,ORIC PHARMACEUTICALS INC,20260901,0,4956,2026-09-02
ORIO,ORION DIGITAL CORP,20260901,0,4956,2026-09-02
ORIQ,ORIGIN INVESTMENT CORP I,20260901,0,4956,2026-09-02
ORKA,ORUKA THERAPEUTICS INC,20260901,0,4956,2026-09-02
ORKT,ORANGEKLOUD TECHNOLOGY INC,20260901,0,4956,2026-09-02
ORLY,O'REILLY AUTOMOTIVE INC,20260901,0,4956,2026-09-02
ORMP,ORAMED PHARMACEUTICALS INC,20260901,0,4956,2026-09-02
ORN,ORION GROUP HOLDINGS INC,20260901,0,4956,2026-09-02
ORRF,ORRSTOWN FINL SERVICES INC,20260901,0,4956,2026-09-02
OSBC,OLD SECOND BANCORP INC,20260901,0,4956,2026-09-02
OSCR,OSCAR HEALTH INC - CLASS A,20260901,0,4956,2026-09-02
OSG,OCTAVE SPECIALTY GROUP INC,20260901,0,4956,2026-09-02
OSIS,OSI SYSTEMS INC,20260901,0,4956,2026-09-02
OSK,OSHKOSH CORP,20260901,0,4956,2026-09-02
OSPN,ONESPAN INC,20260901,0,4956,2026-09-02
OSPR,OSPREY ACQUISITION CORP-CL A,20260901,0,4956,2026-09-02
OSS,ONE STOP SYSTEMS INC,20260901,0,4956,2026-09-02
OST,OSTIN TECHNOLOGY GROUP CO LT,20260901,0,4956,2026-09-02
OSTX,OS THERAPIES INC,20260901,0,4956,2026-09-02
OSUR,ORASURE TECHNOLOGIES INC,20260901,0,4956,2026-09-02
OSW,ONESPAWORLD HOLDINGS LTD,20260901,0,4956,2026-09-02
OTAI,STARLINK AI ACQUISITION CORP,20260901,0,4956,2026-09-02
OTEX,OPEN TEXT CORP,20260901,0,4956,2026-09-02
OTF,BLUE OWL TECHNOLOGY FINANCE,20260901,0,4956,2026-09-02
OTGA,OTG ACQUISITION CORP I-CL A,20260901,0,4956,2026-09-02
OTIS,OTIS WORLDWIDE CORP,20260901,0,4956,2026-09-02
OTLK,OUTLOOK THERAPEUTICS INC,20260901,0,4956,2026-09-02
OTTR,OTTER TAIL CORP,20260901,0,4956,2026-09-02
OUST,OUSTER INC,20260901,0,4956,2026-09-02
OVBC,OHIO VALLEY BANC CORP,20260901,0,4956,2026-09-02
OVID,OVID THERAPEUTICS INC,20260901,0,4956,2026-09-02
OVLY,OAK VALLEY BANCORP,20260901,0,4956,2026-09-02
OVV,OVINTIV INC,20260901,0,4956,2026-09-02
OWL,BLUE OWL CAPITAL INC,20260901,0,4956,2026-09-02
OWLS,OBOOK HOLDINGS INC CL A,20260901,0,4956,2026-09-02
OWLT,OWLET INC,20260901,0,4956,2026-09-02
OXBR,OXBRIDGE RE HOLDINGS LTD,20260901,0,4956,2026-09-02
OXM,OXFORD INDUSTRIES INC,20260901,0,4956,2026-09-02
OXSQ,OXFORD SQUARE CAPITAL CORP,20260901,0,4956,2026-09-02
OXY,OCCIDENTAL PETROLEUM CORP,20260901,0,4956,2026-09-02
OYSE,OYSTER ENTERPRISES II ACQ-A,20260901,0,4956,2026-09-02
OZ,BELPOINTE PREP LLC- CLASS A,20260901,0,4956,2026-09-02
OZK,BANK OZK,20260901,0,4956,2026-09-02
P,EVERPURE INC-A,20260901,0,4956,2026-09-02
PAAC,PROEM ACQUISITION CORP I,20260901,0,4956,2026-09-02
PAAI,PARADIUM AI INC,20260901,0,4956,2026-09-02
PAAS,PAN AMERICAN SILVER CORP,20260901,0,4956,2026-09-02
PACB,PACIFIC BIOSCIENCES OF CALIF,20260901,0,4956,2026-09-02
PACH,PIONEER ACQUISITION I-CL A,20260901,0,4956,2026-09-02
PACK,RANPAK HOLDINGS CORP,20260901,0,4956,2026-09-02
PACS,PACS GROUP INC,20260901,0,4956,2026-09-02
PAG,PENSKE AUTOMOTIVE GROUP INC,20260901,0,4956,2026-09-02
PAGS,PAGSEGURO DIGITAL LTD-CL A,20260901,0,4956,2026-09-02
PAHC,PHIBRO ANIMAL HEALTH CORP-A,20260901,0,4956,2026-09-02
PAII,PYROPHYTE ACQUISITION CORP-A,20260901,0,4956,2026-09-02
PAL,PROFICIENT AUTO LOGISTICS IN,20260901,0,4956,2026-09-02
PALI,PALISADE BIO INC,20260901,0,4956,2026-09-02
PALO,PALOMA ACQUISITION COR CL-A,20260901,0,4956,2026-09-02
PAMT,PAMT CORP,20260901,0,4956,2026-09-02
PANL,PANGAEA LOGISTICS SOLUTIONS,20260901,0,4956,2026-09-02
PANW,PALO ALTO NETWORKS INC,20260901,0,4956,2026-09-02
PAPL,PINEAPPLE FINANCIAL INC,20260901,0,4956,2026-09-02
PAR,PAR TECHNOLOGY CORP/DEL,20260901,0,4956,2026-09-02
PARA,BANZAI INTERNATIONAL INC,20260901,0,4956,2026-09-02
PARK,PARK DENTAL PARTNERS INC,20260901,0,4956,2026-09-02
PARR,PAR PACIFIC HOLDINGS INC,20260901,0,4956,2026-09-02
PASG,PASSAGE BIO INC,20260901,0,4956,2026-09-02
PASW,PING AN BIOMEDICAL CO-A,20260901,0,4956,2026-09-02
PATH,UIPATH INC - CLASS A,20260901,0,4956,2026-09-02
PATK,PATRICK INDUSTRIES INC,20260901,0,4956,2026-09-02
PAVM,PAVMED INC,20260901,0,4956,2026-09-02
PAVS,PARANOVUS ENTERTAINMENT TECH,20260901,0,4956,2026-09-02
PAX,PATRIA INVESTMENTS LTD-A,20260901,0,4956,2026-09-02
PAY,PAYMENTUS HOLDINGS INC-A,20260901,0,4956,2026-09-02
PAYC,PAYCOM SOFTWARE INC,20260901,0,4956,2026-09-02
PAYO,PAYONEER GLOBAL INC,20260901,0,4956,2026-09-02
PAYS,PAYSIGN INC,20260901,0,4956,2026-09-02
PAYX,PAYCHEX INC,20260901,0,4956,2026-09-02
PB,PROSPERITY BANCSHARES INC,20260901,0,4956,2026-09-02
PBA,PEMBINA PIPELINE CORP,20260901,0,4956,2026-09-02
PBAM,PRIVATE BANCORP OF AMERICA I,20260901,0,4956,2026-09-02
PBF,PBF ENERGY INC-CLASS A,20260901,0,4956,2026-09-02
PBFS,PIONEER BANCORP INC/NY,20260901,0,4956,2026-09-02
PBH,PRESTIGE CONSUMER HEALTHCARE,20260901,0,4956,2026-09-02
PBHC,PATHFINDER BANCORP INC,20260901,0,4956,2026-09-02
PBI,PITNEY BOWES INC,20260901,0,4956,2026-09-02
PBK,POWERBANK CORP,20260901,0,4956,2026-09-02
PBLS,PARABILIS MEDICINES INC,20260901,0,4956,2026-09-02
PBM,PSYENCE BIOMEDICAL LTD,20260901,0,4956,2026-09-02
PBYI,PUMA BIOTECHNOLOGY INC,20260901,0,4956,2026-09-02
PC,PREMIUM CATERING HOLDINGS LT,20260901,0,4956,2026-09-02
PCAP,PROCAP ACQUISITION CORP - A,20260901,0,4956,2026-09-02
PCAR,PACCAR INC,20260901,0,4956,2026-09-02
PCB,PCB BANCORP,20260901,0,4956,2026-09-02
PCG,P G & E CORP,20260901,0,4956,2026-09-02
PCOR,PROCORE TECHNOLOGIES INC,20260901,0,4956,2026-09-02
PCRX,PACIRA BIOSCIENCES INC,20260901,0,4956,2026-09-02
PCSA,PROCESSA PHARMACEUTICALS INC,20260901,0,4956,2026-09-02
PCT,PURECYCLE TECHNOLOGIES INC,20260901,0,4956,2026-09-02
PCTY,PAYLOCITY HOLDING CORP,20260901,0,4956,2026-09-02
PCVX,VAXCYTE INC,20260901,0,4956,2026-09-02
PCYO,PURE CYCLE CORP,20260901,0,4956,2026-09-02
PD,PAGERDUTY INC,20260901,0,4956,2026-09-02
PDEX,PRO-DEX INC,20260901,0,4956,2026-09-02
PDFS,PDF SOLUTIONS INC,20260901,0,4956,2026-09-02
PDLB,PONCE FINANCIAL GROUP INC,20260901,0,4956,2026-09-02
PDS,PRECISION DRILLING CORP,20260901,0,4956,2026-09-02
PDSB,PDS BIOTECHNOLOGY CORP,20260901,0,4956,2026-09-02
PDYN,PALLADYNE AI CORP,20260901,0,4956,2026-09-02
PEBK,PEOPLES BANCORP OF NC,20260901,0,4956,2026-09-02
PEBO,PEOPLES BANCORP INC,20260901,0,4956,2026-09-02
PECE,PEACE ACQUISITION CORP,20260901,0,4956,2026-09-02
PED,PEDEVCO CORP,20260901,0,4956,2026-09-02
PEG,PUBLIC SERVICE ENTERPRISE GP,20260901,0,4956,2026-09-02
PEGA,PEGASYSTEMS INC,20260901,0,4956,2026-09-02
PEN,PENUMBRA INC,20260901,0,4956,2026-09-02
PENG,PENGUIN SOLUTIONS INC,20260901,0,4956,2026-09-02
PENN,PENN ENTERTAINMENT INC,20260901,0,4956,2026-09-02
PEP,PEPSICO INC,20260901,0,4956,2026-09-02
PEPG,PEPGEN INC,20260901,0,4956,2026-09-02
PERF,PERFECT CORP,20260901,0,4956,2026-09-02
PERI,PERION NETWORK LTD,20260901,0,4956,2026-09-02
PESI,PERMA-FIX ENVIRONMENTAL SVCS,20260901,0,4956,2026-09-02
PETS,PETMED EXPRESS INC,20260901,0,4956,2026-09-02
PETZ,TDH HOLDINGS INC,20260901,0,4956,2026-09-02
PEW,GRABAGUN DIGITAL HOLDINGS IN,20260901,0,4956,2026-09-02
PFAI,PINNACLE FOOD GROUP LTD-A,20260901,0,4956,2026-09-02
PFBC,PREFERRED BANK/LOS ANGELES,20260901,0,4956,2026-09-02
PFE,PFIZER INC,20260901,0,4956,2026-09-02
PFG,PRINCIPAL FINANCIAL GROUP,20260901,0,4956,2026-09-02
PFGC,PERFORMANCE FOOD GROUP CO,20260901,0,4956,2026-09-02
PFIS,PEOPLES FINANCIAL SERVICES,20260901,0,4956,2026-09-02
PFLT,PENNANTPARK FLOATING RATE CA,20260901,0,4956,2026-09-02
PFS,PROVIDENT FINANCIAL SERVICES,20260901,0,4956,2026-09-02
PFSA,PROFUSA INC,20260901,0,4956,2026-09-02
PFSI,PENNYMAC FINANCIAL SERVICES,20260901,0,4956,2026-09-02
PFX,PHENIXFIN CORP,20260901,0,4956,2026-09-02
PG,PROCTER & GAMBLE CO/THE,20260901,0,4956,2026-09-02
PGAC,PANTAGES CAPITAL ACQUISITION,20260901,0,4956,2026-09-02
PGC,PEAPACK GLADSTONE FINL CORP,20260901,0,4956,2026-09-02
PGEN,PRECIGEN INC,20260901,0,4956,2026-09-02
PGNY,PROGYNY INC,20260901,0,4956,2026-09-02
PGR,PROGRESSIVE CORP,20260901,0,4956,2026-09-02
PGY,PAGAYA TECHNOLOGIES LTD -A,20260901,0,4956,2026-09-02
PH,PARKER HANNIFIN CORP,20260901,0,4956,2026-09-02
PHAT,PHATHOM PHARMACEUTICALS INC,20260901,0,4956,2026-09-02
PHGE,BIOMX INC,20260901,0,4956,2026-09-02
PHIN,PHINIA INC,20260901,0,4956,2026-09-02
PHIO,PHIO PHARMACEUTICALS CORP,20260901,0,4956,2026-09-02
PHM,PULTEGROUP INC,20260901,0,4956,2026-09-02
PHOE,PHOENIX ASIA HOLDINGS LTD,20260901,0,4956,2026-09-02
PHR,PHREESIA INC,20260901,0,4956,2026-09-02
PHUN,PHUNWARE INC,20260901,0,4956,2026-09-02
PHVS,PHARVARIS NV,20260901,0,4956,2026-09-02
PI,IMPINJ INC,20260901,0,4956,2026-09-02
PICS,PICS NV,20260901,0,4956,2026-09-02
PII,POLARIS INC,20260901,0,4956,2026-09-02
PIII,P3 HEALTH PARTNERS INC,20260901,0,4956,2026-09-02
PINS,PINTEREST INC- CLASS A,20260901,0,4956,2026-09-02
PIPR,PIPER SANDLER COS,20260901,0,4956,2026-09-02
PJT,PJT PARTNERS INC - A,20260901,0,4956,2026-09-02
PKBK,PARKE BANCORP INC,20260901,0,4956,2026-09-02
PKE,PARK AEROSPACE CORP,20260901,0,4956,2026-09-02
PKG,PACKAGING CORP OF AMERICA,20260901,0,4956,2026-09-02
PKOH,PARK-OHIO HOLDINGS CORP,20260901,0,4956,2026-09-02
PL,PLANET LABS PBC,20260901,0,4956,2026-09-02
PLAB,PHOTRONICS INC,20260901,0,4956,2026-09-02
PLAG,PLANET GREEN HOLDINGS CORP,20260901,0,4956,2026-09-02
PLAY,DAVE & BUSTER'S ENTERTAINMEN,20260901,0,4956,2026-09-02
PLBC,PLUMAS BANCORP,20260901,0,4956,2026-09-02
PLBL,POLIBELI GROUP LTD-A,20260901,0,4956,2026-09-02
PLBY,PLAYBOY INC,20260901,0,4956,2026-09-02
PLCE,CHILDREN'S PLACE INC/THE,20260901,0,4956,2026-09-02
PLCI,PELICAN ACQUISITION II CORP,20260901,0,4956,2026-09-02
PLG,PLATINUM GROUP METALS LTD,20260901,0,4956,2026-09-02
PLGO,PELAGOS INSURANCE CAPITAL LT,20260901,0,4956,2026-09-02
PLMK,PLUM ACQUISITION CORP IV,20260901,0,4956,2026-09-02
PLMR,PALOMAR HOLDINGS INC,20260901,0,4956,2026-09-02
PLNT,PLANET FITNESS INC - CL A,20260901,0,4956,2026-09-02
PLOW,DOUGLAS DYNAMICS INC,20260901,0,4956,2026-09-02
PLPC,PREFORMED LINE PRODUCTS CO,20260901,0,4956,2026-09-02
PLRX,PLIANT THERAPEUTICS INC,20260901,0,4956,2026-09-02
PLRZ,POLYRIZON LTD,20260901,0,4956,2026-09-02
PLSE,PULSE BIOSCIENCES INC,20260901,0,4956,2026-09-02
PLSM,PULSENMORE LTD,20260901,0,4956,2026-09-02
PLTK,PLAYTIKA HOLDING CORP,20260901,0,4956,2026-09-02
PLTR,PALANTIR TECHNOLOGIES INC-A,20260901,0,4956,2026-09-02
PLTS,PLATINUM ANALYTICS CAYM-CL A,20260901,0,4956,2026-09-02
PLUG,PLUG POWER INC,20260901,0,4956,2026-09-02
PLUN,PLUTONIAN ACQIN CORP II-CL A,20260901,0,4956,2026-09-02
PLUR,PLURI INC,20260901,0,4956,2026-09-02
PLUS,EPLUS INC,20260901,0,4956,2026-09-02
PLUT,PLUTUS FINANCIAL GROUP LTD,20260901,0,4956,2026-09-02
PLX,PROTALIX BIOTHERAPEUTICS INC,20260901,0,4956,2026-09-02
PLXS,PLEXUS CORP,20260901,0,4956,2026-09-02
PLYX,POLARYX THERAPEUTICS INC,20260901,0,4956,2026-09-02
PM,PHILIP MORRIS INTERNATIONAL,20260901,0,4956,2026-09-02
PMA,MING SHING GROUP HOLDINGS LT,20260901,0,4956,2026-09-02
PMAX,POWELL MAX LTD-CL A,20260901,0,4956,2026-09-02
PMCB,PHARMACYTE BIOTECH INC,20260901,0,4956,2026-09-02
PMEC,PRIMECH HOLDINGS LTD,20260901,0,4956,2026-09-02
PMI,PICARD MEDICAL INC,20260901,0,4956,2026-09-02
PMN,PROMIS NEUROSCIENCES INC,20260901,0,4956,2026-09-02
PMTR,PERIMETER ACQUIS CORP I CL A,20260901,0,4956,2026-09-02
PMTS,CPI CARD GROUP INC,20260901,0,4956,2026-09-02
PMVP,PMV PHARMACEUTICALS INC,20260901,0,4956,2026-09-02
PN,PN SMART ENERGY LTD,20260901,0,4956,2026-09-02
PNBK,PATRIOT NATIONAL BANCORP INC,20260901,0,4956,2026-09-02
PNC,PNC FINANCIAL SERVICES GROUP,20260901,0,4956,2026-09-02
PNFP,PINNACLE FINANCIAL PARTNERS,20260901,0,4956,2026-09-02
PNNT,PENNANTPARK INVESTMENT CORP,20260901,0,4956,2026-09-02
PNR,PENTAIR PLC,20260901,0,4956,2026-09-02
PNRG,PRIMEENERGY RESOURCES CORP,20260901,0,4956,2026-09-02
PNTG,PENNANT GROUP INC/THE,20260901,0,4956,2026-09-02
PNW,PINNACLE WEST CAPITAL,20260901,0,4956,2026-09-02
POAS,PHAOS TECHNOLOGY HOLDINGS-A,20260901,0,4956,2026-09-02
POCI,PRECISION OPTICS CORP INC,20260901,0,4956,2026-09-02
PODC,PODCASTONE INC,20260901,0,4956,2026-09-02
PODD,INSULET CORP,20260901,0,4956,2026-09-02
POET,POET TECHNOLOGIES INC,20260901,0,4956,2026-09-02
POLA,POLAR POWER INC,20260901,0,4956,2026-09-02
POLE,ANDRETTI ACQUISITION CORP -A,20260901,0,4956,2026-09-02
PONO,PONO CAPITAL FOUR INC-A,20260901,0,4956,2026-09-02
POOL,POOL CORP,20260901,0,4956,2026-09-02
POR,PORTLAND GENERAL ELECTRIC CO,20260901,0,4956,2026-09-02
POST,POST HOLDINGS INC,20260901,0,4956,2026-09-02
POWI,POWER INTEGRATIONS INC,20260901,0,4956,2026-09-02
POWL,POWELL INDUSTRIES INC,20260901,0,4956,2026-09-02
POWW,OUTDOOR HOLDING CO,20260901,0,4956,2026-09-02
PPC,PILGRIM'S PRIDE CORP,20260901,0,4956,2026-09-02
PPCB,PROPANC BIOPHARMA INC,20260901,0,4956,2026-09-02
PPG,PPG INDUSTRIES INC,20260901,0,4956,2026-09-02
PPHC,PUBLIC POLICY HOLDING CO INC,20260901,0,4956,2026-09-02
PPIH,PERMA-PIPE INTERNATIONAL HOL,20260901,0,4956,2026-09-02
PPL,PPL CORP,20260901,0,4956,2026-09-02
PPLI,PEOPLE INC,20260901,0,4956,2026-09-02
PPSI,PIONEER POWER SOLUTIONS INC,20260901,0,4956,2026-09-02
PPTA,PERPETUA RESOURCES CORP,20260901,0,4956,2026-09-02
PR,PERMIAN RESOURCES CORP-CL A,20260901,0,4956,2026-09-02
PRAA,PRA GROUP INC,20260901,0,4956,2026-09-02
PRAX,PRAXIS PRECISION MEDICINES I,20260901,0,4956,2026-09-02
PRCH,PORCH GROUP INC,20260901,0,4956,2026-09-02
PRCT,PROCEPT BIOROBOTICS CORP,20260901,0,4956,2026-09-02
PRDO,PERDOCEO EDUCATION CORP,20260901,0,4956,2026-09-02
PRE,PRENETICS GLOBAL LTD-CL A,20260901,0,4956,2026-09-02
PRFX,PRF TECHNOLOGIES LTD,20260901,0,4956,2026-09-02
PRG,PROG HOLDINGS INC,20260901,0,4956,2026-09-02
PRGO,PERRIGO CO PLC,20260901,0,4956,2026-09-02
PRGS,PROGRESS SOFTWARE CORP,20260901,0,4956,2026-09-02
PRHI,PRESURANCE HOLDINGS INC,20260901,0,4956,2026-09-02
PRI,PRIMERICA INC,20260901,0,4956,2026-09-02
PRIM,PRIMORIS SERVICES CORP,20260901,0,4956,2026-09-02
PRK,PARK NATIONAL CORP,20260901,0,4956,2026-09-02
PRKS,UNITED PARKS & RESORTS INC,20260901,0,4956,2026-09-02
PRLB,PROTO LABS INC,20260901,0,4956,2026-09-02
PRLD,PRELUDE THERAPEUTICS INC,20260901,0,4956,2026-09-02
PRM,PERIMETER SOLUTIONS INC,20260901,0,4956,2026-09-02
PRMB,PRIMO BRANDS CORP,20260901,0,4956,2026-09-02
PRME,PRIME MEDICINE INC,20260901,0,4956,2026-09-02
PROF,PROFOUND MEDICAL CORP,20260901,0,4956,2026-09-02
PROK,PROKIDNEY CORP,20260901,0,4956,2026-09-02
PROP,PRAIRIE OPERATING CO,20260901,0,4956,2026-09-02
PROV,PROVIDENT FINANCIAL HLDGS,20260901,0,4956,2026-09-02
PRPL,PURPLE INNOVATION INC,20260901,0,4956,2026-09-02
PRPO,PRECIPIO INC,20260901,0,4956,2026-09-02
PRQR,PROQR THERAPEUTICS NV,20260901,0,4956,2026-09-02
PRSO,PERASO INC,20260901,0,4956,2026-09-02
PRSU,PURSUIT ATTRACTIONS AND HOSP,20260901,0,4956,2026-09-02
PRTA,PROTHENA CORP PLC,20260901,0,4956,2026-09-02
PRTH,PRIORITY TECHNOLOGY HOLDINGS,20260901,0,4956,2026-09-02
PRTS,CARPARTS.COM INC,20260901,0,4956,2026-09-02
PRU,PRUDENTIAL FINANCIAL INC,20260901,0,4956,2026-09-02
PRVA,PRIVIA HEALTH GROUP INC,20260901,0,4956,2026-09-02
PRZO,PARAZERO TECHNOLOGIES LTD,20260901,0,4956,2026-09-02
PS,PERSHING SQUARE INC,20260901,0,4956,2026-09-02
PSBD,PALMER SQUARE CAPITAL BDC IN,20260901,0,4956,2026-09-02
PSEC,PROSPECT CAPITAL CORP,20260901,0,4956,2026-09-02
PSFE,PAYSAFE LTD,20260901,0,4956,2026-09-02
PSHG,PERFORMANCE SHIPPING INC,20260901,0,4956,2026-09-02
PSIG,PS INTERNATIONAL GROUP LTD,20260901,0,4956,2026-09-02
PSIX,POWER SOLUTIONS INTERNATIONA,20260901,0,4956,2026-09-02
PSKY,PARAMOUNT SKYDANCE CL B,20260901,0,4956,2026-09-02
PSMT,PRICESMART INC,20260901,0,4956,2026-09-02
PSN,PARSONS CORP,20260901,0,4956,2026-09-02
PSNL,PERSONALIS INC,20260901,0,4956,2026-09-02
PSQH,PSQ HOLDINGS INC,20260901,0,4956,2026-09-02
PSQL,PASQAL HOLDING SA,20260901,0,4956,2026-09-02
PSX,PHILLIPS 66,20260901,0,4956,2026-09-02
PTAC,PATRIOT ACQUISITION-CL A,20260901,0,4956,2026-09-02
PTC,PTC INC,20260901,0,4956,2026-09-02
PTCT,PTC THERAPEUTICS INC,20260901,0,4956,2026-09-02
PTEN,PATTERSON-UTI ENERGY INC,20260901,0,4956,2026-09-02
PTGX,PROTAGONIST THERAPEUTICS INC,20260901,0,4956,2026-09-02
PTHS,PELTHOS THERAPEUTICS INC,20260901,0,4956,2026-09-02
PTLE,PTL LTD-A,20260901,0,4956,2026-09-02
PTLO,PORTILLO'S INC-CL A,20260901,0,4956,2026-09-02
PTN,PALATIN TECHNOLOGIES INC,20260901,0,4956,2026-09-02
PTNM,PITANIUM LTD-CL A,20260901,0,4956,2026-09-02
PTON,PELOTON INTERACTIVE INC-A,20260901,0,4956,2026-09-02
PTOR,PRAETORIAN ACQUISITION COR-A,20260901,0,4956,2026-09-02
PTRN,PATTERN GROUP INC-CL A,20260901,0,4956,2026-09-02
PUBM,PUBMATIC INC-CLASS A,20260901,0,4956,2026-09-02
PULM,PULMATRIX INC,20260901,0,4956,2026-09-02
PUMP,PROPETRO HOLDING CORP,20260901,0,4956,2026-09-02
PURR,HYPERLIQUID STRATEGIES,20260901,0,4956,2026-09-02
PUSA,AUREUS GREENWAY HOLDINGS INC,20260901,0,4956,2026-09-02
PVH,PVH CORP,20260901,0,4956,2026-09-02
PVLA,PALVELLA THERAPEUTICS INC,20260901,0,4956,2026-09-02
PWCM,POWERCOMPUTE INC,20260901,0,4956,2026-09-02
PWP,PERELLA WEINBERG PARTNERS,20260901,0,4956,2026-09-02
PWR,QUANTA SERVICES INC,20260901,0,4956,2026-09-02
PXED,PHOENIX EDUCATION PARTNERS I,20260901,0,4956,2026-09-02
PXLW,PIXELWORKS INC,20260901,0,4956,2026-09-02
PXS,PYXIS TANKERS INC,20260901,0,4956,2026-09-02
PYPD,POLYPID LTD,20260901,0,4956,2026-09-02
PYPL,PAYPAL HOLDINGS INC,20260901,0,4956,2026-09-02
PYXS,PYXIS ONCOLOGY INC,20260901,0,4956,2026-09-02
PZG,PARAMOUNT GOLD NEVADA CORP,20260901,0,4956,2026-09-02
PZZA,PAPA JOHN'S INTL INC,20260901,0,4956,2026-09-02
Q,QNITY ELECTRONICS INC,20260901,0,4956,2026-09-02
QADR,QDRO ACQUISITION CORP-CL A,20260901,0,4956,2026-09-02
QBTS,D-WAVE QUANTUM INC,20260901,0,4956,2026-09-02
QCLS,Q/C TECHNOLOGIES INC,20260901,0,4956,2026-09-02
QCOM,QUALCOMM INC,20260901,0,4956,2026-09-02
QCRH,QCR HOLDINGS INC,20260901,0,4956,2026-09-02
QDEL,QUIDELORTHO CORP,20260901,0,4956,2026-09-02
QETA,QUETTA ACQUISITION CORP,20260901,0,4956,2026-09-02
QGEN,QIAGEN N.V.,20260901,0,4956,2026-09-02
QH,QUHUO LTD-A,20260901,0,4956,2026-09-02
QLEP,QUANTUM LEAP ACQUI COR-CL A,20260901,0,4956,2026-09-02
QLYS,QUALYS INC,20260901,0,4956,2026-09-02
QMCO,QUANTUM CORP,20260901,0,4956,2026-09-02
QMLS,QUMULUSAI INC,20260901,0,4956,2026-09-02
QNBC,QNB CORP,20260901,0,4956,2026-09-02
QNC,QUANTUM EMOTION CORP,20260901,0,4956,2026-09-02
QNCX,QUINCE THERAPEUTICS INC,20260901,0,4956,2026-09-02
QNME,QUANOME TECHNOLOGIES INC,20260901,0,4956,2026-09-02
QNST,QUINSTREET INC,20260901,0,4956,2026-09-02
QNT,QUANTINUUM INC-A,20260901,0,4956,2026-09-02
QNTM,QUANTUM BIOPHARMA-B SUB VOT,20260901,0,4956,2026-09-02
QRED,QUASAREDGE ACQUISITION CORP,20260901,0,4956,2026-09-02
QRHC,QUEST RESOURCE HOLDING CORP,20260901,0,4956,2026-09-02
QRVO,QORVO INC,20260901,0,4956,2026-09-02
QS,QUANTUMSCAPE CORP,20260901,0,4956,2026-09-02
QSEA,QUARTZSEA ACQUISITION CORP,20260901,0,4956,2026-09-02
QSI,QUANTUM-SI INC,20260901,0,4956,2026-09-02
QSR,RESTAURANT BRANDS INTERN,20260901,0,4956,2026-09-02
QTEX,QTREX QUANTUM LTD,20260901,0,4956,2026-09-02
QTI,QT IMAGING HOLDINGS INC,20260901,0,4956,2026-09-02
QTRX,QUANTERIX CORP,20260901,0,4956,2026-09-02
QTTB,Q32 BIO INC,20260901,0,4956,2026-09-02
QTWO,Q2 HOLDINGS INC,20260901,0,4956,2026-09-02
QUAD,QUAD GRAPHICS INC,20260901,0,4956,2026-09-02
QUBT,QUANTUM COMPUTING INC,20260901,0,4956,2026-09-02
QUCY,QUANTUM CYBER NV,20260901,0,4956,2026-09-02
QUIK,QUICKLOGIC CORP,20260901,0,4956,2026-09-02
QUMS,QUANTUMSPHERE ACQUISITION CO,20260901,0,4956,2026-09-02
QURE,UNIQURE NV,20260901,0,4956,2026-09-02
QVCG,QVC GROUP INC,20260901,0,4956,2026-09-02
QXL,QUANTUM X LABS INC,20260901,0,4956,2026-09-02
QXO,QXO INC,20260901,0,4956,2026-09-02
R,RYDER SYSTEM INC,20260901,0,4956,2026-09-02
RAC,RITHM ACQUISITION CORP-A,20260901,0,4956,2026-09-02
RACC,RESEARCH ALLIANCE CORP CL A,20260901,0,4956,2026-09-02
RACD,RESEARCH ALLIANCE CORP IV-A,20260901,0,4956,2026-09-02
RACE,FERRARI NV,20260901,0,4956,2026-09-02
RAIL,FREIGHTCAR AMERICA INC,20260901,0,4956,2026-09-02
RAIN,RAIN ENHANCEMENT TECHNO-CL A,20260901,0,4956,2026-09-02
RAL,RALLIANT CORP,20260901,0,4956,2026-09-02
RAMP,LIVERAMP HOLDINGS INC,20260901,0,4956,2026-09-02
RAND,RAND CAPITAL CORP,20260901,0,4956,2026-09-02
RANG,RANGE CAPITAL ACQUISITION CO,20260901,0,4956,2026-09-02
RANI,RANI THERAPEUTICS HOLDINGS-A,20260901,0,4956,2026-09-02
RAPP,RAPPORT THERAPEUTICS INC,20260901,0,4956,2026-09-02
RARE,ULTRAGENYX PHARMACEUTICAL IN,20260901,0,4956,2026-09-02
RAVE,RAVE RESTAURANT GROUP INC,20260901,0,4956,2026-09-02
RAY,RAYTECH HOLDING LTD,20260901,0,4956,2026-09-02
RAYA,ERAYAK POWER SOLUTION GRP-A,20260901,0,4956,2026-09-02
RBA,RB GLOBAL INC,20260901,0,4956,2026-09-02
RBB,RBB BANCORP,20260901,0,4956,2026-09-02
RBBN,RIBBON COMMUNICATIONS INC,20260901,0,4956,2026-09-02
RBC,RBC BEARINGS INC,20260901,0,4956,2026-09-02
RBCAA,REPUBLIC BANCORP INC-CLASS A,20260901,0,4956,2026-09-02
RBKB,RHINEBECK BANCORP INC,20260901,0,4956,2026-09-02
RBLX,ROBLOX CORP -CLASS A,20260901,0,4956,2026-09-02
RBNE,ROBIN ENERGY LTD,20260901,0,4956,2026-09-02
RBRK,RUBRIK INC-A,20260901,0,4956,2026-09-02
RCAT,RED CAT HOLDINGS INC,20260901,0,4956,2026-09-02
RCBC,RIVER CITY BANK/CA,20260901,0,4956,2026-09-02
RCEL,AVITA MEDICAL INC,20260901,0,4956,2026-09-02
RCI,ROGERS COMMUNICATIONS INC-B,20260901,0,4956,2026-09-02
RCKT,ROCKET PHARMACEUTICALS INC,20260901,0,4956,2026-09-02
RCKY,ROCKY BRANDS INC,20260901,0,4956,2026-09-02
RCL,ROYAL CARIBBEAN CRUISES LTD,20260901,0,4956,2026-09-02
RCMT,RCM TECHNOLOGIES INC,20260901,0,4956,2026-09-02
RCON,RECON TECHNOLOGY LTD-CLASS A,20260901,0,4956,2026-09-02
RCT,REDCLOUD HOLDINGS PLC,20260901,0,4956,2026-09-02
RCUS,ARCUS BIOSCIENCES INC,20260901,0,4956,2026-09-02
RDAC,RISING DRAGON ACQUISITION CO,20260901,0,4956,2026-09-02
RDAG,REPUBLIC DIGITAL ACQUIS-CL A,20260901,0,4956,2026-09-02
RDCM,RADCOM LTD,20260901,0,4956,2026-09-02
RDDT,REDDIT INC-CL A,20260901,0,4956,2026-09-02
RDGT,RIDGETECH INC,20260901,0,4956,2026-09-02
RDI,READING INTERNATIONAL INC-A,20260901,0,4956,2026-09-02
RDIB,READING INTERNATIONAL INC-B,20260901,0,4956,2026-09-02
RDN,RADIAN GROUP INC,20260901,0,4956,2026-09-02
RDNT,RADNET INC,20260901,0,4956,2026-09-02
RDNW,RIDENOW GROUP INC,20260901,0,4956,2026-09-02
RDVT,RED VIOLET INC,20260901,0,4956,2026-09-02
RDW,REDWIRE CORP,20260901,0,4956,2026-09-02
RDWR,RADWARE LTD,20260901,0,4956,2026-09-02
RDZN,ROADZEN INC,20260901,0,4956,2026-09-02
REA,RARE EARTHS AMERICAS INC,20260901,0,4956,2026-09-02
REAL,REALREAL INC/THE,20260901,0,4956,2026-09-02
REAX,REAL REMAX GROUP INC,20260901,0,4956,2026-09-02
REBN,REBORN COFFEE INC,20260901,0,4956,2026-09-02
RECT,RECTITUDE HOLDINGS LTD,20260901,0,4956,2026-09-02
REED,REED'S INC,20260901,0,4956,2026-09-02
REF,REFORMATION INC,20260901,0,4956,2026-09-02
REFR,RESEARCH FRONTIERS INC,20260901,0,4956,2026-09-02
REGN,REGENERON PHARMACEUTICALS,20260901,0,4956,2026-09-02
REI,RING ENERGY INC,20260901,0,4956,2026-09-02
REKR,REKOR SYSTEMS INC,20260901,0,4956,2026-09-02
RELL,RICHARDSON ELEC LTD,20260901,0,4956,2026-09-02
RELY,REMITLY GLOBAL INC,20260901,0,4956,2026-09-02
RENT,RENT THE RUNWAY INC-A,20260901,0,4956,2026-09-02
RENX,RENX ENTERPRISES CORP,20260901,0,4956,2026-09-02
REPL,REPLIMUNE GROUP INC,20260901,0,4956,2026-09-02
REPX,RILEY EXPLORATION PERMIAN IN,20260901,0,4956,2026-09-02
RES,RPC INC,20260901,0,4956,2026-09-02
RETO,RETO ECO-SOLUTIONS INC-A,20260901,0,4956,2026-09-02
REVB,REVELATION BIOSCIENCES INC,20260901,0,4956,2026-09-02
REX,REX AMERICAN RESOURCES CORP,20260901,0,4956,2026-09-02
REYN,REYNOLDS CONSUMER PRODUCTS I,20260901,0,4956,2026-09-02
REZI,RESIDEO TECHNOLOGIES INC,20260901,0,4956,2026-09-02
RF,REGIONS FINANCIAL CORP,20260901,0,4956,2026-09-02
RFAI,RF ACQUISITION CORP II,20260901,0,4956,2026-09-02
RFAM,RF ACQUISITION CORP III,20260901,0,4956,2026-09-02
RFIL,RF INDUSTRIES LTD,20260901,0,4956,2026-09-02
RFL,RAFAEL HOLDINGS INC-CLASS B,20260901,0,4956,2026-09-02
RGA,REINSURANCE GROUP OF AMERICA,20260901,0,4956,2026-09-02
RGC,REGENCELL BIOSCIENCE HOLDING,20260901,0,4956,2026-09-02
RGCO,RGC RESOURCES INC,20260901,0,4956,2026-09-02
RGEN,REPLIGEN CORP,20260901,0,4956,2026-09-02
RGLD,ROYAL GOLD INC,20260901,0,4956,2026-09-02
RGNT,REGENTIS BIOMATERIALS LTD/IS,20260901,0,4956,2026-09-02
RGNX,REGENXBIO INC,20260901,0,4956,2026-09-02
RGP,RESOURCES CONNECTION INC,20260901,0,4956,2026-09-02
RGR,STURM RUGER & CO INC,20260901,0,4956,2026-09-02
RGS,REGIS CORP,20260901,0,4956,2026-09-02
RGTI,RIGETTI COMPUTING INC,20260901,0,4956,2026-09-02
RH,RH,20260901,0,4956,2026-09-02
RHI,ROBERT HALF INC,20260901,0,4956,2026-09-02
RHLD,RESOLUTE HOLDINGS MANAG,20260901,0,4956,2026-09-02
RIBB,RIBBON ACQUISITION CORP,20260901,0,4956,2026-09-02
RICK,RCI HOSPITALITY HOLDINGS INC,20260901,0,4956,2026-09-02
RIG,TRANSOCEAN LTD,20260901,0,4956,2026-09-02
RIGL,RIGEL PHARMACEUTICALS INC,20260901,0,4956,2026-09-02
RILY,BRC GROUP HOLDINGS INC,20260901,0,4956,2026-09-02
RIME,ALGORHYTHM HOLDINGS INC,20260901,0,4956,2026-09-02
RIOT,RIOT PLATFORMS INC,20260901,0,4956,2026-09-02
RITR,REITAR LOGTECH HOLDINGS LTD,20260901,0,4956,2026-09-02
RIVN,RIVIAN AUTOMOTIVE INC-A,20260901,0,4956,2026-09-02
RJET,REPUBLIC AIRWAYS HOLDINGS IN,20260901,0,4956,2026-09-02
RJF,RAYMOND JAMES FINANCIAL INC,20260901,0,4956,2026-09-02
RKDA,ARCADIA BIOSCIENCES INC,20260901,0,4956,2026-09-02
RKLB,ROCKET LAB CORP,20260901,0,4956,2026-09-02
RKT,ROCKET COS INC-CLASS A,20260901,0,4956,2026-09-02
RKTO,ROCKET ONE INC,20260901,0,4956,2026-09-02
RL,RALPH LAUREN CORP,20260901,0,4956,2026-09-02
RLAY,RELAY THERAPEUTICS INC,20260901,0,4956,2026-09-02
RLGT,RADIANT LOGISTICS INC,20260901,0,4956,2026-09-02
RLI,RLI CORP,20260901,0,4956,2026-09-02
RLMD,RELMADA THERAPEUTICS INC,20260901,0,4956,2026-09-02
RLYB,RALLYBIO CORP,20260901,0,4956,2026-09-02
RM,REGIONAL MANAGEMENT CORP,20260901,0,4956,2026-09-02
RMBI,RICHMOND MUTUAL BANCORPORATI,20260901,0,4956,2026-09-02
RMBS,RAMBUS INC,20260901,0,4956,2026-09-02
RMCF,ROCKY MOUNTAIN CHOC FACT INC,20260901,0,4956,2026-09-02
RMCO,ROYALTY MANAGEMENT HOLDING C,20260901,0,4956,2026-09-02
RMD,RESMED INC,20260901,0,4956,2026-09-02
RMIX,SUNCRETE INC-A,20260901,0,4956,2026-09-02
RMNI,RIMINI STREET INC,20260901,0,4956,2026-09-02
RMR,RMR GROUP INC/THE - A,20260901,0,4956,2026-09-02
RMSG,REAL MESSENGER CORP,20260901,0,4956,2026-09-02
RMTI,ROCKWELL MEDICAL INC,20260901,0,4956,2026-09-02
RNA,ATRIUM THERAPEUTICS INC,20260901,0,4956,2026-09-02
RNAC,CARTESIAN THERAPEUTICS INC,20260901,0,4956,2026-09-02
RNAZ,TRANSCODE THERAPEUTICS INC,20260901,0,4956,2026-09-02
RNG,RINGCENTRAL INC-CLASS A,20260901,0,4956,2026-09-02
RNGR,RANGER ENERGY SERVICES-CL A,20260901,0,4956,2026-09-02
RNGT,RANGE CAPITAL ACQUISIT CL A,20260901,0,4956,2026-09-02
RNR,RENAISSANCERE HOLDINGS LTD,20260901,0,4956,2026-09-02
RNST,RENASANT CORP,20260901,0,4956,2026-09-02
RNTX,REIN THERAPEUTICS INC,20260901,0,4956,2026-09-02
RNW,RENEW ENERGY GLOBAL PLC-A,20260901,0,4956,2026-09-02
RNXT,RENOVORX INC,20260901,0,4956,2026-09-02
ROAD,CONSTRUCTION PARTNERS INC-A,20260901,0,4956,2026-09-02
ROC,RANK ONE COMPUTING CORP,20260901,0,4956,2026-09-02
ROCK,GIBRALTAR INDUSTRIES INC,20260901,0,4956,2026-09-02
ROG,ROGERS CORP,20260901,0,4956,2026-09-02
ROIV,ROIVANT SCIENCES LTD,20260901,0,4956,2026-09-02
ROK,ROCKWELL AUTOMATION INC,20260901,0,4956,2026-09-02
ROKU,ROKU INC,20260901,0,4956,2026-09-02
ROL,ROLLINS INC,20260901,0,4956,2026-09-02
ROLR,HIGH ROLLER TECHNOLOGIES INC,20260901,0,4956,2026-09-02
ROMA,ROMA GREEN FINANCE LTD-A,20260901,0,4956,2026-09-02
ROOT,ROOT INC/OH -CLASS A,20260901,0,4956,2026-09-02
ROP,ROPER TECHNOLOGIES INC,20260901,0,4956,2026-09-02
ROST,ROSS STORES INC,20260901,0,4956,2026-09-02
RPAY,REPAY HOLDINGS CORP,20260901,0,4956,2026-09-02
RPC,RIDGEPOST CAPITAL INC-A,20260901,0,4956,2026-09-02
RPD,RAPID7 INC,20260901,0,4956,2026-09-02
RPGL,REPUBLIC POWER GROUP LTD,20260901,0,4956,2026-09-02
RPID,RAPID MICRO BIOSYSTEMS INC-A,20260901,0,4956,2026-09-02
RPM,RPM INTERNATIONAL INC,20260901,0,4956,2026-09-02
RPRX,ROYALTY PHARMA PLC- CL A,20260901,0,4956,2026-09-02
RR,RICHTECH ROBOTICS INC-CL B,20260901,0,4956,2026-09-02
RRBI,RED RIVER BANCSHARES INC,20260901,0,4956,2026-09-02
RRC,RANGE RESOURCES CORP,20260901,0,4956,2026-09-02
RREV,RRE VENTURES ACQUI CORP CL-A,20260901,0,4956,2026-09-02
RRGB,RED ROBIN GOURMET BURGERS,20260901,0,4956,2026-09-02
RRR,RED ROCK RESORTS INC-CLASS A,20260901,0,4956,2026-09-02
RRX,REGAL REXNORD CORP,20260901,0,4956,2026-09-02
RS,RELIANCE INC,20260901,0,4956,2026-09-02
RSG,REPUBLIC SERVICES INC,20260901,0,4956,2026-09-02
RSI,RUSH STREET INTERACTIVE INC,20260901,0,4956,2026-09-02
RSKD,RISKIFIED LTD-A,20260901,0,4956,2026-09-02
RSSS,RESEARCH SOLUTIONS INC,20260901,0,4956,2026-09-02
RSVR,RESERVOIR MEDIA INC,20260901,0,4956,2026-09-02
RTAC,RENATUS TACTICAL ACQUISITI-A,20260901,0,4956,2026-09-02
RTB,RTB DIGITAL INC,20260901,0,4956,2026-09-02
RTX,RTX CORP,20260901,0,4956,2026-09-02
RUBI,RUBICO INC,20260901,0,4956,2026-09-02
RUM,RUM GROUP INC,20260901,0,4956,2026-09-02
RUN,SUNRUN INC,20260901,0,4956,2026-09-02
RUSHA,RUSH ENTERPRISES INC-CL A,20260901,0,4956,2026-09-02
RUSHB,RUSH ENTERPRISES INC - CL B,20260901,0,4956,2026-09-02
RVII,ROBINHOOD VENTURES FUND II,20260901,0,4956,2026-09-02
RVLV,REVOLVE GROUP INC,20260901,0,4956,2026-09-02
RVMD,REVOLUTION MEDICINES INC,20260901,0,4956,2026-09-02
RVP,RETRACTABLE TECHNOLOGIES INC,20260901,0,4956,2026-09-02
RVSB,RIVERVIEW BANCORP INC,20260901,0,4956,2026-09-02
RVSN,RAIL VISION LTD,20260901,0,4956,2026-09-02
RVTY,REVVITY INC,20260901,0,4956,2026-09-02
RWAY,RUNWAY GROWTH FINANCE CORP,20260901,0,4956,2026-09-02
RXO,RXO INC,20260901,0,4956,2026-09-02
RXRX,RECURSION PHARMACEUTICALS-A,20260901,0,4956,2026-09-02
RXST,RXSIGHT INC,20260901,0,4956,2026-09-02
RXT,RACKSPACE TECHNOLOGY INC,20260901,0,4956,2026-09-02
RY,ROYAL BANK OF CANADA,20260901,0,4956,2026-09-02
RYAM,RAYONIER ADVANCED MATERIALS,20260901,0,4956,2026-09-02
RYAN,RYAN SPECIALTY HOLDINGS INC,20260901,0,4956,2026-09-02
RYDE,RYDE GROUP LTD-A,20260901,0,4956,2026-09-02
RYET,RUANYUN EDAI TECHNOLOGY INC,20260901,0,4956,2026-09-02
RYM,RYTHM INC,20260901,0,4956,2026-09-02
RYOJ,RYOJBABA CO LTD,20260901,0,4956,2026-09-02
RYTM,RHYTHM PHARMACEUTICALS INC,20260901,0,4956,2026-09-02
RYZ,RYERSON HOLDING CORP,20260901,0,4956,2026-09-02
RZLT,REZOLUTE INC,20260901,0,4956,2026-09-02
RZLV,REZOLVE AI PLC,20260901,0,4956,2026-09-02
S,SENTINELONE INC -CLASS A,20260901,0,4956,2026-09-02
SA,SEABRIDGE GOLD INC,20260901,0,4956,2026-09-02
SAAQ,SPACE ASSET ACQUISITION-CL A,20260901,0,4956,2026-09-02
SABR,SABRE CORP,20260901,0,4956,2026-09-02
SABS,SAB BIOTHERAPEUTICS INC,20260901,0,4956,2026-09-02
SAC,SAFEGUARD ACQUISITION C-CL A,20260901,0,4956,2026-09-02
SAFT,SAFETY INSURANCE GROUP INC,20260901,0,4956,2026-09-02
SAFX,XCF GLOBAL INC-A,20260901,0,4956,2026-09-02
SAGT,SAGTEC GLOBAL LTD-A,20260901,0,4956,2026-09-02
SAGU,SHREYA ACQUISITION GROU-CL A,20260901,0,4956,2026-09-02
SAH,SONIC AUTOMOTIVE INC-CLASS A,20260901,0,4956,2026-09-02
SAIA,SAIA INC,20260901,0,4956,2026-09-02
SAIC,SCIENCE APPLICATIONS INTE,20260901,0,4956,2026-09-02
SAIH,SAIHEAT LTD,20260901,0,4956,2026-09-02
SAIL,SAILPOINT INC,20260901,0,4956,2026-09-02
SAM,BOSTON BEER COMPANY INC-A,20260901,0,4956,2026-09-02
SAMG,SILVERCREST ASSET MANAGEME-A,20260901,0,4956,2026-09-02
SAMO,SAMOS ENERGY ACQUISITION C-A,20260901,0,4956,2026-09-02
SANA,SANA BIOTECHNOLOGY INC,20260901,0,4956,2026-09-02
SANG,SANGOMA TECHNOLOGIES CORP,20260901,0,4956,2026-09-02
SANM,SANMINA CORP,20260901,0,4956,2026-09-02
SAR,SARATOGA INVESTMENT CORP,20260901,0,4956,2026-09-02
SARO,STANDARDAERO INC,20260901,0,4956,2026-09-02
SATL,SATELLOGIC INC-A,20260901,0,4956,2026-09-02
SB,SAFE BULKERS INC,20260901,0,4956,2026-09-02
SBC,SBC MEDICAL GROUP HOLDINGS I,20260901,0,4956,2026-09-02
SBCF,SEACOAST BANKING CORP/FL,20260901,0,4956,2026-09-02
SBET,SHARPLINK INC,20260901,0,4956,2026-09-02
SBFG,SB FINANCIAL GROUP INC,20260901,0,4956,2026-09-02
SBFM,SUNSHINE BIOPHARMA INC,20260901,0,4956,2026-09-02
SBGI,SINCLAIR INC,20260901,0,4956,2026-09-02
SBH,SALLY BEAUTY HOLDINGS INC,20260901,0,4956,2026-09-02
SBLK,STAR BULK CARRIERS CORP,20260901,0,4956,2026-09-02
SBMT,SILVER BOW MINING CORP,20260901,0,4956,2026-09-02
SBSI,SOUTHSIDE BANCSHARES INC,20260901,0,4956,2026-09-02
SBUX,STARBUCKS CORP,20260901,0,4956,2026-09-02
SBXD,SILVERBOX CORP IV-A,20260901,0,4956,2026-09-02
SBXE,SILVERBOX CORP V-CL A,20260901,0,4956,2026-09-02
SCCO,SOUTHERN COPPER CORP,20260901,0,4956,2026-09-02
SCHL,SCHOLASTIC CORP,20260901,0,4956,2026-09-02
SCHW,SCHWAB (CHARLES) CORP,20260901,0,4956,2026-09-02
SCI,SERVICE CORP INTERNATIONAL,20260901,0,4956,2026-09-02
SCII,SC II ACQUISITION CORP-CL A,20260901,0,4956,2026-09-02
SCKT,SOCKET MOBILE INC,20260901,0,4956,2026-09-02
SCL,STEPAN CO,20260901,0,4956,2026-09-02
SCLX,SCILEX HOLDING CO,20260901,0,4956,2026-09-02
SCM,STELLUS CAPITAL INVESTMENT C,20260901,0,4956,2026-09-02
SCNX,SCIENTURE HOLDINGS INC,20260901,0,4956,2026-09-02
SCOR,COMSCORE INC,20260901,0,4956,2026-09-02
SCPQ,SOCIAL COMMERCE PARTNER CL-A,20260901,0,4956,2026-09-02
SCSC,SCANSOURCE INC,20260901,0,4956,2026-09-02
SCTX,SCRIBE THERAPEUTICS INC,20260901,0,4956,2026-09-02
SCWO,374WATER INC,20260901,0,4956,2026-09-02
SCYX,SCYNEXIS INC,20260901,0,4956,2026-09-02
SCZM,SANTACRUZ SILVER MINING LTD,20260901,0,4956,2026-09-02
SD,SANDRIDGE ENERGY INC,20260901,0,4956,2026-09-02
SDA,SUNCAR TECHNOLOGY GROUP IN-A,20260901,0,4956,2026-09-02
SDEV,STABLECOIN DEVELOPMENT CORP,20260901,0,4956,2026-09-02
SDGR,SCHRODINGER INC,20260901,0,4956,2026-09-02
SDHC,SMITH DOUGLAS HOMES CORP,20260901,0,4956,2026-09-02
SDHI,SIDDHI ACQUISITION CORP-A,20260901,0,4956,2026-09-02
SDOT,SADOT GROUP INC,20260901,0,4956,2026-09-02
SDRL,SEADRILL LIMITED,20260901,0,4956,2026-09-02
SDST,STARDUST POWER INC,20260901,0,4956,2026-09-02
SEAT,VIVID SEATS INC - CLASS A,20260901,0,4956,2026-09-02
SEB,SEABOARD CORP,20260901,0,4956,2026-09-02
SECZ,SECURITIZE CORP,20260901,0,4956,2026-09-02
SEDG,SOLAREDGE TECHNOLOGIES INC,20260901,0,4956,2026-09-02
SEED,ORIGIN AGRITECH LTD,20260901,0,4956,2026-09-02
SEER,SEER INC,20260901,0,4956,2026-09-02
SEG,SEAPORT ENTERTAINMENT GROUP,20260901,0,4956,2026-09-02
SEGG,SPORTS ENTERTAINMENT GAMING,20260901,0,4956,2026-09-02
SEI,SOLARIS ENERGY INFRASTRUCTUR,20260901,0,4956,2026-09-02
SEIC,SEI INVESTMENTS COMPANY,20260901,0,4956,2026-09-02
SENEA,SENECA FOODS CORP - CL A,20260901,0,4956,2026-09-02
SENEB,SENECA FOODS CORP - CL B,20260901,0,4956,2026-09-02
SENS,SENSEONICS HOLDINGS INC,20260901,0,4956,2026-09-02
SEPN,SEPTERNA INC,20260901,0,4956,2026-09-02
SER,SERINA THERAPEUTICS INC.,20260901,0,4956,2026-09-02
SERA,SERA PROGNOSTICS INC-A,20260901,0,4956,2026-09-02
SERV,SERVE ROBOTICS INC,20260901,0,4956,2026-09-02
SES,SES AI CORP,20260901,0,4956,2026-09-02
SEV,APTERA MOTORS CORP CL B,20260901,0,4956,2026-09-02
SEZL,SEZZLE INC,20260901,0,4956,2026-09-02
SF,STIFEL FINANCIAL CORP,20260901,0,4956,2026-09-02
SFBC,SOUND FINANCIAL BANCORP INC,20260901,0,4956,2026-09-02
SFBS,SERVISFIRST BANCSHARES INC,20260901,0,4956,2026-09-02
SFD,SMITHFIELD FOODS INC,20260901,0,4956,2026-09-02
SFHG,SAMFINE CREATION HLD GR-CL A,20260901,0,4956,2026-09-02
SFIX,STITCH FIX INC-CLASS A,20260901,0,4956,2026-09-02
SFL,SFL CORP LTD,20260901,0,4956,2026-09-02
SFM,SPROUTS FARMERS MARKET INC,20260901,0,4956,2026-09-02
SFNC,SIMMONS FIRST NATL CORP-CL A,20260901,0,4956,2026-09-02
SFST,SOUTHERN FIRST BANCSHARES,20260901,0,4956,2026-09-02
SFWL,SHENGFENG DEVELOPMENT LTD-A,20260901,0,4956,2026-09-02
SG,SWEETGREEN INC - CLASS A,20260901,0,4956,2026-09-02
SGA,SAGA COMMUNICATIONS INC-CL A,20260901,0,4956,2026-09-02
SGC,SUPERIOR GROUP OF COS INC,20260901,0,4956,2026-09-02
SGHC,SUPER GROUP SGHC LTD,20260901,0,4956,2026-09-02
SGHT,SIGHT SCIENCES INC,20260901,0,4956,2026-09-02
SGI,SOMNIGROUP INTERNATIONAL INC,20260901,0,4956,2026-09-02
SGLY,SINGULARITY FUTURE TECHNOLOG,20260901,0,4956,2026-09-02
SGML,SIGMA LITHIUM CORP,20260901,0,4956,2026-09-02
SGMT,SAGIMET BIOSCIENCES INC-A,20260901,0,4956,2026-09-02
SGP,SPYGLASS PHARMA INC,20260901,0,4956,2026-09-02
SGRY,SURGERY PARTNERS INC,20260901,0,4956,2026-09-02
SGU,STAR GROUP LP,20260901,0,4956,2026-09-02
SHAK,SHAKE SHACK INC - CLASS A,20260901,0,4956,2026-09-02
SHAZ,SHARONAI HOLDINGS INC,20260901,0,4956,2026-09-02
SHBI,SHORE BANCSHARES INC,20260901,0,4956,2026-09-02
SHC,SOTERA HEALTH CO,20260901,0,4956,2026-09-02
SHEN,SHENANDOAH TELECOMMUNICATION,20260901,0,4956,2026-09-02
SHFS,SHF HOLDINGS INC,20260901,0,4956,2026-09-02
SHIM,SHIMMICK CORP,20260901,0,4956,2026-09-02
SHIP,SEANERGY MARITIME HOLDINGS,20260901,0,4956,2026-09-02
SHLS,SHOALS TECHNOLOGIES GROUP -A,20260901,0,4956,2026-09-02
SHMD,SCHMID GROUP NV,20260901,0,4956,2026-09-02
SHOE,SHOE STATION GROUP INC,20260901,0,4956,2026-09-02
SHOO,STEVEN MADDEN LTD,20260901,0,4956,2026-09-02
SHOP,SHOPIFY INC - CLASS A,20260901,0,4956,2026-09-02
SHOT,RMG ML SPORTS HOLDINGS CL A,20260901,0,4956,2026-09-02
SHPH,SHUTTLE PHARMACEUTICALS HOLD,20260901,0,4956,2026-09-02
SHW,SHERWIN-WILLIAMS CO/THE,20260901,0,4956,2026-09-02
SI,SHOULDER INNOVATIONS INC,20260901,0,4956,2026-09-02
SIBN,SI-BONE INC,20260901,0,4956,2026-09-02
SIDU,SIDUS SPACE INC-CL A,20260901,0,4956,2026-09-02
SIEB,SIEBERT FINANCIAL CORP,20260901,0,4956,2026-09-02
SIF,SIFCO INDUSTRIES,20260901,0,4956,2026-09-02
SIG,SIGNET JEWELERS LTD,20260901,0,4956,2026-09-02
SIGA,SIGA TECHNOLOGIES INC,20260901,0,4956,2026-09-02
SIGI,SELECTIVE INSURANCE GROUP,20260901,0,4956,2026-09-02
SII,SPROTT INC,20260901,0,4956,2026-09-02
SILC,SILICOM LTD,20260901,0,4956,2026-09-02
SILO,SILO PHARMA INC,20260901,0,4956,2026-09-02
SIMA,SIM ACQUISITION CORP I-A,20260901,0,4956,2026-09-02
SIND,SINDA LTD,20260901,0,4956,2026-09-02
SINT,SINTX TECHNOLOGIES INC,20260901,0,4956,2026-09-02
SION,SIONNA THERAPEUTICS INC,20260901,0,4956,2026-09-02
SIRI,SIRIUS XM HOLDINGS INC,20260901,0,4956,2026-09-02
SITE,SITEONE LANDSCAPE SUPPLY INC,20260901,0,4956,2026-09-02
SITM,SITIME CORP,20260901,0,4956,2026-09-02
SJ,SCIENJOY HOLDING CORP-A,20260901,0,4956,2026-09-02
SJM,JM SMUCKER CO/THE,20260901,0,4956,2026-09-02
SKE,SKEENA RESOURCES LTD,20260901,0,4956,2026-09-02
SKIL,SKILLSOFT CORP,20260901,0,4956,2026-09-02
SKIN,SKINHEALTH SYSTEMS INC,20260901,0,4956,2026-09-02
SKK,SKK HOLDINGS LTD-CLASS A,20260901,0,4956,2026-09-02
SKWD,SKYWARD SPECIALTY INSURANCE,20260901,0,4956,2026-09-02
SKY,CHAMPION HOMES INC,20260901,0,4956,2026-09-02
SKYA,SKYAI INC,20260901,0,4956,2026-09-02
SKYE,SKYE BIOSCIENCE INC,20260901,0,4956,2026-09-02
SKYH,SKY HARBOUR GROUP CORP,20260901,0,4956,2026-09-02
SKYQ,SKY QUARRY INC,20260901,0,4956,2026-09-02
SKYW,SKYWEST INC,20260901,0,4956,2026-09-02
SKYX,SKYX PLATFORMS CORP,20260901,0,4956,2026-09-02
SLAB,SILICON LABORATORIES INC,20260901,0,4956,2026-09-02
SLB,SLB LTD,20260901,0,4956,2026-09-02
SLBT,SL SCIENCE HOLDING LTD,20260901,0,4956,2026-09-02
SLDB,SOLID BIOSCIENCES INC,20260901,0,4956,2026-09-02
SLDE,SLIDE INSURANCE HOLDINGS INC,20260901,0,4956,2026-09-02
SLDP,SOLID POWER INC,20260901,0,4956,2026-09-02
SLE,SUPER LEAGUE ENTERPRISE INC,20260901,0,4956,2026-09-02
SLF,SUN LIFE FINANCIAL INC,20260901,0,4956,2026-09-02
SLGB,SMART LOGISTICS GLOBAL LTD-A,20260901,0,4956,2026-09-02
SLGL,SOL-GEL TECHNOLOGIES LTD,20260901,0,4956,2026-09-02
SLGN,SILGAN HOLDINGS INC,20260901,0,4956,2026-09-02
SLI,STANDARD LITHIUM LTD,20260901,0,4956,2026-09-02
SLM,SLM CORP,20260901,0,4956,2026-09-02
SLMT,BRERA HOLDINGS PLC-CL B,20260901,0,4956,2026-09-02
SLND,SOUTHLAND HOLDINGS INC,20260901,0,4956,2026-09-02
SLNG,STABILIS SOLUTIONS INC,20260901,0,4956,2026-09-02
SLNH,SOLUNA HOLDINGS INC,20260901,0,4956,2026-09-02
SLP,SIMULATIONS PLUS INC,20260901,0,4956,2026-09-02
SLQT,SELECTQUOTE INC,20260901,0,4956,2026-09-02
SLRC,SLR INVESTMENT CORP,20260901,0,4956,2026-09-02
SLS,SELLAS LIFE SCIENCES GROUP I,20260901,0,4956,2026-09-02
SLSN,SOLESENCE INC,20260901,0,4956,2026-09-02
SLSR,SOLARIS RESOURCES INC,20260901,0,4956,2026-09-02
SLVM,SYLVAMO CORP,20260901,0,4956,2026-09-02
SLXN,SILEXION THERAPEUTICS CORP,20260901,0,4956,2026-09-02
SM,SM ENERGY CO,20260901,0,4956,2026-09-02
SMBC,SOUTHERN MISSOURI BANCORP,20260901,0,4956,2026-09-02
SMBK,SMARTFINANCIAL INC,20260901,0,4956,2026-09-02
SMC,SUMMIT MIDSTREAM CORP,20260901,0,4956,2026-09-02
SMCI,SUPER MICRO COMPUTER INC,20260901,0,4956,2026-09-02
SMG,SCOTTS MIRACLE-GRO CO,20260901,0,4956,2026-09-02
SMHI,SEACOR MARINE HOLDINGS INC,20260901,0,4956,2026-09-02
SMID,SMITH-MIDLAND CORP,20260901,0,4956,2026-09-02
SMJF,SMJ INTERNATIONAL HOLDI-CL A,20260901,0,4956,2026-09-02
SMMT,SUMMIT THERAPEUTICS INC,20260901,0,4956,2026-09-02
SMP,STANDARD MOTOR PRODS,20260901,0,4956,2026-09-02
SMPL,SIMPLY GOOD FOODS CO/THE,20260901,0,4956,2026-09-02
SMR,NUSCALE POWER CORP,20260901,0,4956,2026-09-02
SMRT,SMARTRENT INC,20260901,0,4956,2026-09-02
SMSI,SMITH MICRO SOFTWARE INC,20260901,0,4956,2026-09-02
SMTC,SEMTECH CORP,20260901,0,4956,2026-09-02
SMTI,SANARA MEDTECH INC,20260901,0,4956,2026-09-02
SMTK,SMARTKEM INC,20260901,0,4956,2026-09-02
SMWB,SIMILARWEB LTD,20260901,0,4956,2026-09-02
SMX,SMX SECURITY MATTERS PLC,20260901,0,4956,2026-09-02
SMXT,SOLARMAX TECHNOLOGY INC,20260901,0,4956,2026-09-02
SN,SHARKNINJA INC,20260901,0,4956,2026-09-02
SNA,SNAP-ON INC,20260901,0,4956,2026-09-02
SNAL,SNAIL INC - CLASS A,20260901,0,4956,2026-09-02
SNAP,SNAP INC - A,20260901,0,4956,2026-09-02
SND,SMART SAND INC,20260901,0,4956,2026-09-02
SNDA,SONIDA SENIOR LIVING INC,20260901,0,4956,2026-09-02
SNDK,SANDISK CORP,20260901,0,4956,2026-09-02
SNDL,SNDL INC,20260901,0,4956,2026-09-02
SNDR,SCHNEIDER NATIONAL INC-CL B,20260901,0,4956,2026-09-02
SNDX,SYNDAX PHARMACEUTICALS INC,20260901,0,4956,2026-09-02
SNES,SENESTECH INC,20260901,0,4956,2026-09-02
SNEX,STONEX GROUP INC,20260901,0,4956,2026-09-02
SNFCA,SECURITY NATL FINL CORP-CL A,20260901,0,4956,2026-09-02
SNGX,SOLIGENIX INC,20260901,0,4956,2026-09-02
SNOA,SONOMA PHARMACEUTICALS INC,20260901,0,4956,2026-09-02
SNOW,SNOWFLAKE INC,20260901,0,4956,2026-09-02
SNPS,SYNOPSYS INC,20260901,0,4956,2026-09-02
SNSC,SUNSCOUT HOLDING LTD -CL A,20260901,0,4956,2026-09-02
SNT,SENSTAR TECHNOLOGIES CORP,20260901,0,4956,2026-09-02
SNTG,SENTAGE HOLDINGS INC,20260901,0,4956,2026-09-02
SNTI,SENTI BIOSCIENCES HOLDINGS I,20260901,0,4956,2026-09-02
SNWV,SANUWAVE HEALTH INC,20260901,0,4956,2026-09-02
SNX,TD SYNNEX CORP,20260901,0,4956,2026-09-02
SNYR,SYNERGY CHC CORP,20260901,0,4956,2026-09-02
SO,SOUTHERN CO/THE,20260901,0,4956,2026-09-02
SOAR,VOLATO GROUP INC,20260901,0,4956,2026-09-02
SOBO,SOUTH BOW CORP,20260901,0,4956,2026-09-02
SOBR,SOBR SAFE INC,20260901,0,4956,2026-09-02
SOC,SABLE OFFSHORE CORP,20260901,0,4956,2026-09-02
SOCA,SOLARIUS CAPITAL ACQUIS-CL A,20260901,0,4956,2026-09-02
SOFI,SOFI TECHNOLOGIES INC,20260901,0,4956,2026-09-02
SOLS,SOLSTICE ADV MATERIALS INC,20260901,0,4956,2026-09-02
SOLV,SOLVENTUM CORP,20260901,0,4956,2026-09-02
SON,SONOCO PRODUCTS CO,20260901,0,4956,2026-09-02
SONM,DNA X INC,20260901,0,4956,2026-09-02
SONO,SONOS INC,20260901,0,4956,2026-09-02
SOPH,SOPHIA GENETICS SA,20260901,0,4956,2026-09-02
SORA,ASIASTRATEGY,20260901,0,4956,2026-09-02
SORN,SOREN ACQUISITION CORP-CL A,20260901,0,4956,2026-09-02
SOS,SOS LTD-A,20260901,0,4956,2026-09-02
SOTK,SONO-TEK CORP,20260901,0,4956,2026-09-02
SOUL,SOULPOWER ACQUISITION CO-A,20260901,0,4956,2026-09-02
SOUN,SOUNDHOUND AI INC-A,20260901,0,4956,2026-09-02
SOWG,SOW GOOD INC,20260901,0,4956,2026-09-02
SPAI,SAFE PRO GROUP INC,20260901,0,4956,2026-09-02
SPB,SPECTRUM BRANDS HOLDINGS INC,20260901,0,4956,2026-09-02
SPCB,SUPERCOM LTD,20260901,0,4956,2026-09-02
SPCE,VIRGIN GALACTIC HOLDINGS INC,20260901,0,4956,2026-09-02
SPCX,SPACE EXPLORATION TECHN-CL A,20260901,0,4956,2026-09-02
SPEG,SILVER PEGASUS ACQUISITION-A,20260901,0,4956,2026-09-02
SPFI,SOUTH PLAINS FINANCIAL INC,20260901,0,4956,2026-09-02
SPGI,S&P GLOBAL INC,20260901,0,4956,2026-09-02
SPHL,SPRINGVIEW HOLDINGS LTD-CL A,20260901,0,4956,2026-09-02
SPHR,SPHERE ENTERTAINMENT CO,20260901,0,4956,2026-09-02
SPIR,SPIRE GLOBAL INC,20260901,0,4956,2026-09-02
SPKL,SPARK I ACQUISITION CORP,20260901,0,4956,2026-09-02
SPNT,SIRIUSPOINT LTD,20260901,0,4956,2026-09-02
SPOK,SPOK HOLDINGS INC,20260901,0,4956,2026-09-02
SPOT,SPOTIFY TECHNOLOGY SA,20260901,0,4956,2026-09-02
SPPL,SIMPPLE LTD,20260901,0,4956,2026-09-02
SPRB,SPRUCE BIOSCIENCES INC,20260901,0,4956,2026-09-02
SPRC,SCISPARC LTD,20260901,0,4956,2026-09-02
SPRO,SPERO THERAPEUTICS INC,20260901,0,4956,2026-09-02
SPRU,SPRUCE POWER HOLDING CORP,20260901,0,4956,2026-09-02
SPRY,ARS PHARMACEUTICALS INC,20260901,0,4956,2026-09-02
SPSC,SPS COMMERCE INC,20260901,0,4956,2026-09-02
SPT,SPROUT SOCIAL INC - CLASS A,20260901,0,4956,2026-09-02
SPTX,SEAPORT THERAPEUTICS INC,20260901,0,4956,2026-09-02
SPWH,SPORTSMAN'S WAREHOUSE HOLDIN,20260901,0,4956,2026-09-02
SPWR,SUNPOWER INC,20260901,0,4956,2026-09-02
SPXC,SPX TECHNOLOGIES INC,20260901,0,4956,2026-09-02
SQFT,PRESIDIO PROPERTY TRUST - A,20260901,0,4956,2026-09-02
SR,SPIRE INC,20260901,0,4956,2026-09-02
SRAD,SPORTRADAR GROUP AG-A,20260901,0,4956,2026-09-02
SRBK,SR BANCORP INC,20260901,0,4956,2026-09-02
SRCE,1ST SOURCE CORP,20260901,0,4956,2026-09-02
SRE,SEMPRA,20260901,0,4956,2026-09-02
SRFM,SURF AIR MOBILITY INC,20260901,0,4956,2026-09-02
SRG,SERITAGE GROWTH PROP- A,20260901,0,4956,2026-09-02
SRI,STONERIDGE INC,20260901,0,4956,2026-09-02
SRL,SCULLY ROYALTY LTD,20260901,0,4956,2026-09-02
SRPT,SAREPTA THERAPEUTICS INC,20260901,0,4956,2026-09-02
SRRK,SCHOLAR ROCK HOLDING CORP,20260901,0,4956,2026-09-02
SRTA,STRATA CRITICAL MEDICAL INC,20260901,0,4956,2026-09-02
SRTS,SENSUS HEALTHCARE INC,20260901,0,4956,2026-09-02
SRXH,SRX GLOBAL INC,20260901,0,4956,2026-09-02
SRZN,SURROZEN INC,20260901,0,4956,2026-09-02
SSAC,SPACSPHERE ACQUISITION-CL A,20260901,0,4956,2026-09-02
SSB,SOUTHSTATE BANK CORP,20260901,0,4956,2026-09-02
SSBI,SUMMIT STATE BANK,20260901,0,4956,2026-09-02
SSD,SIMPSON MANUFACTURING CO INC,20260901,0,4956,2026-09-02
SSEA,STARRY SEA ACQUISITION CORP,20260901,0,4956,2026-09-02
SSII,SS INNOVATIONS INTERNATIONAL,20260901,0,4956,2026-09-02
SSM,SONO GROUP NV,20260901,0,4956,2026-09-02
SSMR,SUNSHINE SILVER MINING & REF,20260901,0,4956,2026-09-02
SSNC,SS&C TECHNOLOGIES HOLDINGS,20260901,0,4956,2026-09-02
SSP,EW SCRIPPS CO/THE-A,20260901,0,4956,2026-09-02
SSRM,SSR MINING INC,20260901,0,4956,2026-09-02
SST,SYSTEM1 INC,20260901,0,4956,2026-09-02
SSTI,SOUNDTHINKING INC,20260901,0,4956,2026-09-02
SSTK,SHUTTERSTOCK INC,20260901,0,4956,2026-09-02
SSYS,STRATASYS LTD,20260901,0,4956,2026-09-02
ST,SENSATA TECHNOLOGIES HOLDPLC,20260901,0,4956,2026-09-02
STAA,STAAR SURGICAL CO,20260901,0,4956,2026-09-02
STAK,STAK INC-A,20260901,0,4956,2026-09-02
STBA,S & T BANCORP INC,20260901,0,4956,2026-09-02
STC,STEWART INFORMATION SERVICES,20260901,0,4956,2026-09-02
STDN,STANDARD NUCLEAR INC-A,20260901,0,4956,2026-09-02
STE,STERIS PLC,20260901,0,4956,2026-09-02
STEM,STEM INC,20260901,0,4956,2026-09-02
STEP,STEPSTONE GROUP INC-CLASS A,20260901,0,4956,2026-09-02
STEX,STREAMEX CORP,20260901,0,4956,2026-09-02
STFS,STAR FASHION CULTURE HLDG-A,20260901,0,4956,2026-09-02
STGW,STAGWELL INC,20260901,0,4956,2026-09-02
STHO,STAR HOLDINGS,20260901,0,4956,2026-09-02
STI,SOLIDION TECHNOLOGY INC,20260901,0,4956,2026-09-02
STIM,NEURONETICS INC,20260901,0,4956,2026-09-02
STKE,SOL STRATEGIES INC,20260901,0,4956,2026-09-02
STKS,ONE GROUP HOSPITALITY INC/TH,20260901,0,4956,2026-09-02
STLA,STELLANTIS NV,20260901,0,4956,2026-09-02
STLD,STEEL DYNAMICS INC,20260901,0,4956,2026-09-02
STLN,STARLING ONCOLOGY INC,20260901,0,4956,2026-09-02
STN,STANTEC INC,20260901,0,4956,2026-09-02
STNE,STONECO LTD-A,20260901,0,4956,2026-09-02
STNG,SCORPIO TANKERS INC,20260901,0,4956,2026-09-02
STOK,STOKE THERAPEUTICS INC,20260901,0,4956,2026-09-02
STRA,STRATEGIC EDUCATION INC,20260901,0,4956,2026-09-02
STRL,STERLING INFRASTRUCTURE INC,20260901,0,4956,2026-09-02
STRO,SUTRO BIOPHARMA INC,20260901,0,4956,2026-09-02
STRR,STAR EQUITY HOLDINGS INC,20260901,0,4956,2026-09-02
STRT,STRATTEC SECURITY CORP,20260901,0,4956,2026-09-02
STRZ,STARZ ENTERTAINMENT CORP,20260901,0,4956,2026-09-02
STT,STATE STREET CORP,20260901,0,4956,2026-09-02
STTK,SHATTUCK LABS INC,20260901,0,4956,2026-09-02
STUB,STUBHUB HOLDINGS INC-CLASS A,20260901,0,4956,2026-09-02
STVN,STEVANATO GROUP SPA,20260901,0,4956,2026-09-02
STX,SEAGATE TECHNOLOGY HOLDINGS,20260901,0,4956,2026-09-02
STXS,STEREOTAXIS INC,20260901,0,4956,2026-09-02
STZ,CONSTELLATION BRANDS INC-A,20260901,0,4956,2026-09-02
SU,SUNCOR ENERGY INC,20260901,0,4956,2026-09-02
SUGP,SU GROUP HOLDINGS LTD-A,20260901,0,4956,2026-09-02
SUIG,SUI GROUP HOLDINGS LTD,20260901,0,4956,2026-09-02
SUJA,SUJA LIFE INC CL A,20260901,0,4956,2026-09-02
SUMA,SUMA ACQUISITION CORP-A,20260901,0,4956,2026-09-02
SUNB,SUNBELT RENTALS HOLDINGS INC,20260901,0,4956,2026-09-02
SUNC,SUNOCOCORP LLC,20260901,0,4956,2026-09-02
SUNE,SUNATION ENERGY INC,20260901,0,4956,2026-09-02
SUPN,SUPERNUS PHARMACEUTICALS INC,20260901,0,4956,2026-09-02
SUPX,SUPERX AI TECHNOLOGY LTD,20260901,0,4956,2026-09-02
SURG,SURGEPAYS INC,20260901,0,4956,2026-09-02
SVA,SINOVAC BIOTECH LTD,20260901,0,4956,2026-09-02
SVAQ,SILICON VALLEY ACQUISIT-CL A,20260901,0,4956,2026-09-02
SVCC,STELLAR V CAPITAL CORP-CL A,20260901,0,4956,2026-09-02
SVCO,SILVACO GROUP INC,20260901,0,4956,2026-09-02
SVIV,SPRING VALLEY ACQUISITIO-A,20260901,0,4956,2026-09-02
SVM,SILVERCORP METALS INC,20260901,0,4956,2026-09-02
SVRA,SAVARA INC,20260901,0,4956,2026-09-02
SVRN,SVRN INC,20260901,0,4956,2026-09-02
SVV,SAVERS VALUE VILLAGE INC,20260901,0,4956,2026-09-02
SW,SMURFIT WESTROCK PLC,20260901,0,4956,2026-09-02
SWAG,STRAN & CO INC,20260901,0,4956,2026-09-02
SWBI,SMITH & WESSON BRANDS INC,20260901,0,4956,2026-09-02
SWIM,LATHAM GROUP INC,20260901,0,4956,2026-09-02
SWK,STANLEY BLACK & DECKER INC,20260901,0,4956,2026-09-02
SWKS,SKYWORKS SOLUTIONS INC,20260901,0,4956,2026-09-02
SWMR,SWARMER INC,20260901,0,4956,2026-09-02
SWVL,SWVL HOLDINGS CORP,20260901,0,4956,2026-09-02
SWX,SOUTHWEST GAS HOLDINGS INC,20260901,0,4956,2026-09-02
SXC,SUNCOKE ENERGY INC,20260901,0,4956,2026-09-02
SXI,STANDEX INTERNATIONAL CORP,20260901,0,4956,2026-09-02
SXT,SENSIENT TECHNOLOGIES CORP,20260901,0,4956,2026-09-02
SXTC,CHINA SXT PHARMACEUTICALS-A,20260901,0,4956,2026-09-02
SXTP,60 DEGREES PHARMA INC,20260901,0,4956,2026-09-02
SYBT,STOCK YARDS BANCORP INC,20260901,0,4956,2026-09-02
SYF,SYNCHRONY FINANCIAL,20260901,0,4956,2026-09-02
SYK,STRYKER CORP,20260901,0,4956,2026-09-02
SYM,SYMBOTIC INC,20260901,0,4956,2026-09-02
SYNA,SYNAPTICS INC,20260901,0,4956,2026-09-02
SYNX,SILYNXCOM LTD,20260901,0,4956,2026-09-02
SYPR,SYPRIS SOLUTIONS INC,20260901,0,4956,2026-09-02
SYRE,SPYRE THERAPEUTICS INC,20260901,0,4956,2026-09-02
SYY,SYSCO CORP,20260901,0,4956,2026-09-02
SZZL,SIZZLE ACQUISITION CORP-CL A,20260901,0,4956,2026-09-02
T,AT&T INC,20260901,0,4956,2026-09-02
TAC,TRANSALTA CORP,20260901,0,4956,2026-09-02
TACH,TITAN ACQUISITION CORP-CL A,20260901,0,4956,2026-09-02
TACO,BERTO ACQUISITION CORP,20260901,0,4956,2026-09-02
TACT,TRANSACT TECHNOLOGIES INC,20260901,0,4956,2026-09-02
TALO,TALOS ENERGY INC,20260901,0,4956,2026-09-02
TANH,TANTECH HOLDINGS LTD-A,20260901,0,4956,2026-09-02
TAOP,TAOPING INC,20260901,0,4956,2026-09-02
TAOX,TAO SYNERGIES INC,20260901,0,4956,2026-09-02
TAP,MOLSON COORS BEVERAGE CO - B,20260901,0,4956,2026-09-02
TARA,PROTARA THERAPEUTIC INC,20260901,0,4956,2026-09-02
TARS,TARSUS PHARMACEUTICALS INC,20260901,0,4956,2026-09-02
TASK,TASKUS INC-A,20260901,0,4956,2026-09-02
TATT,TAT TECHNOLOGIES LTD,20260901,0,4956,2026-09-02
TAVI,TAVIA ACQUISITION CORP,20260901,0,4956,2026-09-02
TAYD,TAYLOR DEVICES INC,20260901,0,4956,2026-09-02
TBBB,BBB FOODS INC-CLASS A,20260901,0,4956,2026-09-02
TBBK,BANCORP INC/THE,20260901,0,4956,2026-09-02
TBCH,TURTLE BEACH CORP,20260901,0,4956,2026-09-02
TBI,TRUEBLUE INC,20260901,0,4956,2026-09-02
TBLA,TABOOLA.COM LTD,20260901,0,4956,2026-09-02
TBN,TAMBORAN RESOURCES CORP,20260901,0,4956,2026-09-02
TBPH,THERAVANCE BIOPHARMA INC,20260901,0,4956,2026-09-02
TCBI,TEXAS CAPITAL BANCSHARES INC,20260901,0,4956,2026-09-02
TCBK,TRICO BANCSHARES,20260901,0,4956,2026-09-02
TCBS,TEXAS COMMUNITY BANCSHARES,20260901,0,4956,2026-09-02
TCBX,THIRD COAST BANCSHARES INC,20260901,0,4956,2026-09-02
TCGX,TCGX ACQUISITION CORP-A,20260901,0,4956,2026-09-02
TCI,TRANSCONTINENTAL REALTY INV,20260901,0,4956,2026-09-02
TCMD,TACTILE SYSTEMS TECHNOLOGY I,20260901,0,4956,2026-09-02
TCPC,BLACKROCK TCP CAPITAL CORP,20260901,0,4956,2026-09-02
TCRT,ALAUNOS THERAPEUTICS INC,20260901,0,4956,2026-09-02
TCRX,TSCAN THERAPEUTICS INC,20260901,0,4956,2026-09-02
TCX,TUCOWS INC-CLASS A,20260901,0,4956,2026-09-02
TD,TORONTO-DOMINION BANK,20260901,0,4956,2026-09-02
TDAC,TRANSLATIONAL DEVELOPMENT AC,20260901,0,4956,2026-09-02
TDAY,USA TODAY CO INC,20260901,0,4956,2026-09-02
TDC,TERADATA CORP,20260901,0,4956,2026-09-02
TDG,TRANSDIGM GROUP INC,20260901,0,4956,2026-09-02
TDIC,DREAMLAND LTD-A,20260901,0,4956,2026-09-02
TDOC,TELADOC HEALTH INC,20260901,0,4956,2026-09-02
TDS,TELEPHONE AND DATA SYSTEMS,20260901,0,4956,2026-09-02
TDTH,TRIDENT DIGITAL TECH HLDGS-B,20260901,0,4956,2026-09-02
TDUP,THREDUP INC - CLASS A,20260901,0,4956,2026-09-02
TDW,TIDEWATER INC,20260901,0,4956,2026-09-02
TDWD,TAILWIND 2.0 ACQUISITIO-CL A,20260901,0,4956,2026-09-02
TDY,TELEDYNE TECHNOLOGIES INC,20260901,0,4956,2026-09-02
TE,T1 ENERGY INC,20260901,0,4956,2026-09-02
TEAD,TEADS HOLDING CO,20260901,0,4956,2026-09-02
TEAM,ATLASSIAN CORP-CL A,20260901,0,4956,2026-09-02
TECH,BIO-TECHNE CORP,20260901,0,4956,2026-09-02
TECK,TECK RESOURCES LTD-CLS B,20260901,0,4956,2026-09-02
TECX,TECTONIC THERAPEUTIC INC,20260901,0,4956,2026-09-02
TEL,TE CONNECTIVITY PLC,20260901,0,4956,2026-09-02
TELA,TELA BIO INC,20260901,0,4956,2026-09-02
TELO,TELOMIR PHARMACEUTICALS INC,20260901,0,4956,2026-09-02
TEM,TEMPUS AI INC-CL A,20260901,0,4956,2026-09-02
TEN,TSAKOS ENERGY NAVIGATION LTD,20260901,0,4956,2026-09-02
TENB,TENABLE HOLDINGS INC,20260901,0,4956,2026-09-02
TENX,TENAX THERAPEUTICS INC,20260901,0,4956,2026-09-02
TER,TERADYNE INC,20260901,0,4956,2026-09-02
TEX,TEREX CORP,20260901,0,4956,2026-09-02
TFC,TRUIST FINANCIAL CORP,20260901,0,4956,2026-09-02
TFII,TFI INTERNATIONAL INC,20260901,0,4956,2026-09-02
TFIN,TRIUMPH FINANCIAL INC,20260901,0,4956,2026-09-02
TFPM,TRIPLE FLAG PRECIOUS MET,20260901,0,4956,2026-09-02
TFSL,TFS FINANCIAL CORP,20260901,0,4956,2026-09-02
TFX,TELEFLEX INC,20260901,0,4956,2026-09-02
TG,TREDEGAR CORP,20260901,0,4956,2026-09-02
TGB,TREKOR METALS LTD,20260901,0,4956,2026-09-02
TGE,GENERATION ESSENTIALS GROU-A,20260901,0,4956,2026-09-02
TGEN,TECOGEN INC/WALTHAM MA,20260901,0,4956,2026-09-02
TGHL,GROWHUB LTD/THE-CLASS A,20260901,0,4956,2026-09-02
TGL,TREASURE GLOBAL INC,20260901,0,4956,2026-09-02
TGLS,TECNOGLASS HOLDINGS INC,20260901,0,4956,2026-09-02
TGT,TARGET CORP,20260901,0,4956,2026-09-02
TGTX,TG THERAPEUTICS INC,20260901,0,4956,2026-09-02
TH,TARGET HOSPITALITY CORP,20260901,0,4956,2026-09-02
THC,TENET HEALTHCARE CORP,20260901,0,4956,2026-09-02
THCH,TH INTERNATIONAL LTD/CAYMAN,20260901,0,4956,2026-09-02
THEO,BOA ACQUISITION CORP II-CL A,20260901,0,4956,2026-09-02
THFF,FIRST FINANCIAL CORP,20260901,0,4956,2026-09-02
THG,HANOVER INSURANCE GROUP INC/,20260901,0,4956,2026-09-02
THH,TRYHARD HOLDINGS LTD,20260901,0,4956,2026-09-02
THM,INTL TOWER HILL MINES LTD,20260901,0,4956,2026-09-02
THO,THOR INDUSTRIES INC,20260901,0,4956,2026-09-02
THRM,GENTHERM INC,20260901,0,4956,2026-09-02
THRY,THRYV HOLDINGS INC,20260901,0,4956,2026-09-02
TIC,TIC SOLUTIONS INC,20260901,0,4956,2026-09-02
TIGO,MILLICOM INTL CELLULAR S.A.,20260901,0,4956,2026-09-02
TII,TITAN MINING CORP,20260901,0,4956,2026-09-02
TIL,INSTIL BIO INC,20260901,0,4956,2026-09-02
TILE,INTERFACE INC,20260901,0,4956,2026-09-02
TIPT,TIPTREE INC,20260901,0,4956,2026-09-02
TISI,TEAM INC,20260901,0,4956,2026-09-02
TITN,TITAN MACHINERY INC,20260901,0,4956,2026-09-02
TJGC,TJGC GROUP LTD-A,20260901,0,4956,2026-09-02
TJX,TJX COMPANIES INC,20260901,0,4956,2026-09-02
TK,TEEKAY CORP LTD,20260901,0,4956,2026-09-02
TKNO,ALPHA TEKNOVA INC,20260901,0,4956,2026-09-02
TKO,TKO GROUP HOLDINGS INC,20260901,0,4956,2026-09-02
TKR,TIMKEN CO,20260901,0,4956,2026-09-02
TLF,TANDY LEATHER FACTORY INC,20260901,0,4956,2026-09-02
TLIH,TEN-LEAGUE INTERNATIONAL HLD,20260901,0,4956,2026-09-02
TLN,TALEN ENERGY CORP,20260901,0,4956,2026-09-02
TLNC,TALON CAPITAL CORP-CL A,20260901,0,4956,2026-09-02
TLPH,TALPHERA INC,20260901,0,4956,2026-09-02
TLRY,TILRAY BRANDS INC,20260901,0,4956,2026-09-02
TLS,TELOS CORPORATION,20260901,0,4956,2026-09-02
TLSA,TIZIANA LIFE SCIENCES LTD,20260901,0,4956,2026-09-02
TLSI,TRISALUS LIFE SCIENCES INC,20260901,0,4956,2026-09-02
TLYS,TILLY'S INC-CLASS A SHRS,20260901,0,4956,2026-09-02
TMC,TMC THE METALS CO INC,20260901,0,4956,2026-09-02
TMCI,TREACE MEDICAL CONCEPTS INC,20260901,0,4956,2026-09-02
TMCR,METALS ROYALTY CO INC/THE,20260901,0,4956,2026-09-02
TMDE,TMD ENERGY LTD,20260901,0,4956,2026-09-02
TMDX,TRANSMEDICS GROUP INC,20260901,0,4956,2026-09-02
TMO,THERMO FISHER SCIENTIFIC INC,20260901,0,4956,2026-09-02
TMP,TOMPKINS FINANCIAL CORP,20260901,0,4956,2026-09-02
TMQ,TRILOGY METALS INC,20260901,0,4956,2026-09-02
TMS,TEAMSHARES INC,20260901,0,4956,2026-09-02
TMTS,SPARTACUS ACQUISITION C-CL A,20260901,0,4956,2026-09-02
TMUS,T-MOBILE US INC,20260901,0,4956,2026-09-02
TNC,TENNANT CO,20260901,0,4956,2026-09-02
TNDM,TANDEM DIABETES CARE INC,20260901,0,4956,2026-09-02
TNET,TRINET GROUP INC,20260901,0,4956,2026-09-02
TNGX,TANGO THERAPEUTICS INC,20260901,0,4956,2026-09-02
TNK,TEEKAY TANKERS LTD-CLASS A,20260901,0,4956,2026-09-02
TNL,TRAVEL + LEISURE CO,20260901,0,4956,2026-09-02
TNMG,TNL MEDIAGENE,20260901,0,4956,2026-09-02
TNON,TENON MEDICAL INC,20260901,0,4956,2026-09-02
TNXP,TONIX PHARMACEUTICALS HOLDIN,20260901,0,4956,2026-09-02
TNYA,TENAYA THERAPEUTICS INC,20260901,0,4956,2026-09-02
TOL,TOLL BROTHERS INC,20260901,0,4956,2026-09-02
TOMZ,TOMI ENVIRONMENTAL SOLUTIONS,20260901,0,4956,2026-09-02
TONT,GRAF GLOBAL CORP-CL A,20260901,0,4956,2026-09-02
TONX,TON STRATEGY CO,20260901,0,4956,2026-09-02
TOON,KARTOON STUDIOS INC,20260901,0,4956,2026-09-02
TOP,TOP FINANCIAL GROUP LTD A,20260901,0,4956,2026-09-02
TOPP,TOPPOINT HOLDINGS INC,20260901,0,4956,2026-09-02
TOPS,TOP SHIPS INC,20260901,0,4956,2026-09-02
TORO,TORO CORP,20260901,0,4956,2026-09-02
TOST,TOAST INC-CLASS A,20260901,0,4956,2026-09-02
TOVX,THERIVA BIOLOGICS INC,20260901,0,4956,2026-09-02
TOWN,TOWNE BANK,20260901,0,4956,2026-09-02
TOYO,TOYO CO LTD,20260901,0,4956,2026-09-02
TP,TICKETPLUS LTD,20260901,0,4956,2026-09-02
TPB,TURNING POINT BRANDS INC,20260901,0,4956,2026-09-02
TPC,TUTOR PERINI CORP,20260901,0,4956,2026-09-02
TPCS,TECHPRECISION CORP,20260901,0,4956,2026-09-02
TPET,TRIO PETROLEUM CORP,20260901,0,4956,2026-09-02
TPG,TPG INC,20260901,0,4956,2026-09-02
TPL,TEXAS PACIFIC LAND CORP,20260901,0,4956,2026-09-02
TPR,TAPESTRY INC,20260901,0,4956,2026-09-02
TPST,TEMPEST THERAPEUTICS INC,20260901,0,4956,2026-09-02
TPVG,TRIPLEPOINT VENTURE GROWTH B,20260901,0,4956,2026-09-02
TR,TOOTSIE ROLL INDS,20260901,0,4956,2026-09-02
TRAD,APEX TECH ACQUISITION INC,20260901,0,4956,2026-09-02
TRAK,REPOSITRAK INC,20260901,0,4956,2026-09-02
TRAW,TRAWS PHARMA INC,20260901,0,4956,2026-09-02
TRAX,FIRST TRACKS BIOTHERAPEUTICS,20260901,0,4956,2026-09-02
TRBG,TURBOGEN LTD,20260901,0,4956,2026-09-02
TRC,TEJON RANCH CO,20260901,0,4956,2026-09-02
TRDA,ENTRADA THERAPEUTICS INC,20260901,0,4956,2026-09-02
TREE,LENDINGTREE INC,20260901,0,4956,2026-09-02
TREO,TACTICAL RESOURCES CORP,20260901,0,4956,2026-09-02
TREX,TREX COMPANY INC,20260901,0,4956,2026-09-02
TRGP,TARGA RESOURCES CORP,20260901,0,4956,2026-09-02
TRGS,TRG LATIN AMERICA CL A,20260901,0,4956,2026-09-02
TRI,THOMSON REUTERS CORP,20260901,0,4956,2026-09-02
TRIN,TRINITY CAPITAL INC,20260901,0,4956,2026-09-02
TRIP,TRIPADVISOR INC,20260901,0,4956,2026-09-02
TRLV,TRULIEVE CANNABIS CORP,20260901,0,4956,2026-09-02
TRMB,TRIMBLE INC,20260901,0,4956,2026-09-02
TRMD,TORM PLC-A,20260901,0,4956,2026-09-02
TRMK,TRUSTMARK CORP,20260901,0,4956,2026-09-02
TRN,TRINITY INDUSTRIES INC,20260901,0,4956,2026-09-02
TRNR,INTERACTIVE STRENGTH INC,20260901,0,4956,2026-09-02
TRNS,TRANSCAT INC,20260901,0,4956,2026-09-02
TRON,TRON INC,20260901,0,4956,2026-09-02
TROO,TROOPS INC,20260901,0,4956,2026-09-02
TROW,T ROWE PRICE GROUP INC,20260901,0,4956,2026-09-02
TROX,TRONOX HOLDINGS PLC,20260901,0,4956,2026-09-02
TRP,TC ENERGY CORP,20260901,0,4956,2026-09-02
TRS,TRIMAS CORP,20260901,0,4956,2026-09-02
TRSG,TUNGRAY TECHNOLOGIES INC-A,20260901,0,4956,2026-09-02
TRST,TRUSTCO BANK CORP NY,20260901,0,4956,2026-09-02
TRT,TRIO-TECH INTERNATIONAL,20260901,0,4956,2026-09-02
TRU,TRANSUNION,20260901,0,4956,2026-09-02
TRUG,TRUGOLF HOLDINGS INC-CL A,20260901,0,4956,2026-09-02
TRUP,TRUPANION INC,20260901,0,4956,2026-09-02
TRV,TRAVELERS COS INC/THE,20260901,0,4956,2026-09-02
TRVI,TREVI THERAPEUTICS INC,20260901,0,4956,2026-09-02
TRX,TRX GOLD CORP,20260901,0,4956,2026-09-02
TSAT,TELESAT CORP,20260901,0,4956,2026-09-02
TSBK,TIMBERLAND BANCORP INC,20260901,0,4956,2026-09-02
TSCO,TRACTOR SUPPLY COMPANY,20260901,0,4956,2026-09-02
TSEM,TOWER SEMICONDUCTOR LTD,20260901,0,4956,2026-09-02
TSHA,TAYSHA GENE THERAPIES INC,20260901,0,4956,2026-09-02
TSLA,TESLA INC,20260901,0,4956,2026-09-02
TSLX,SIXTH STREET SPECIALTY LENDI,20260901,0,4956,2026-09-02
TSN,TYSON FOODS INC-CL A,20260901,0,4956,2026-09-02
TSQ,TOWNSQUARE MEDIA INC - CL A,20260901,0,4956,2026-09-02
TSSI,TSS INC,20260901,0,4956,2026-09-02
TT,TRANE TECHNOLOGIES PLC,20260901,0,4956,2026-09-02
TTAM,TITAN AMERICA SA,20260901,0,4956,2026-09-02
TTAN,SERVICETITAN INC-A,20260901,0,4956,2026-09-02
TTC,TORO CO,20260901,0,4956,2026-09-02
TTD,TRADE DESK INC/THE -CLASS A,20260901,0,4956,2026-09-02
TTE,TOTALENERGIES SE,20260901,0,4956,2026-09-02
TTEC,TTEC HOLDINGS INC,20260901,0,4956,2026-09-02
TTEK,TETRA TECH INC,20260901,0,4956,2026-09-02
TTGT,TECHTARGET INC,20260901,0,4956,2026-09-02
TTI,TETRA TECHNOLOGIES INC,20260901,0,4956,2026-09-02
TTMI,TTM TECHNOLOGIES,20260901,0,4956,2026-09-02
TTRX,TURN THERAPEUTICS INC,20260901,0,4956,2026-09-02
TTWO,TAKE-TWO INTERACTIVE SOFTWRE,20260901,0,4956,2026-09-02
TU,TELUS CORP,20260901,0,4956,2026-09-02
TULP,BLOOMIA HOLDINGS INC,20260901,0,4956,2026-09-02
TUSK,MAMMOTH ENERGY SERVICES INC,20260901,0,4956,2026-09-02
TVA,TEXAS VENTURES ACQUISITION-A,20260901,0,4956,2026-09-02
TVAI,THAYER VENTURES ACQUIS CL A,20260901,0,4956,2026-09-02
TVGN,TEVOGEN INC,20260901,0,4956,2026-09-02
TVIV,TEXAS VENTURES ACQUISITION-A,20260901,0,4956,2026-09-02
TVRD,TVARDI THERAPEUTICS INC,20260901,0,4956,2026-09-02
TVTX,TRAVERE THERAPEUTICS INC,20260901,0,4956,2026-09-02
TW,TRADEWEB MARKETS INC-CLASS A,20260901,0,4956,2026-09-02
TWAV,TAOWEAVE INC,20260901,0,4956,2026-09-02
TWFG,TWFG INC,20260901,0,4956,2026-09-02
TWG,TOP WEALTH GROUP HLDNG LTD-A,20260901,0,4956,2026-09-02
TWI,TITAN INTERNATIONAL INC,20260901,0,4956,2026-09-02
TWIN,TWIN DISC INC,20260901,0,4956,2026-09-02
TWLO,TWILIO INC - A,20260901,0,4956,2026-09-02
TWLV,TWELVE SEAS INVESTMENT CO-A,20260901,0,4956,2026-09-02
TWST,TWIST BIOSCIENCE CORP,20260901,0,4956,2026-09-02
TXG,10X GENOMICS INC-CLASS A,20260901,0,4956,2026-09-02
TXMD,THERAPEUTICSMD INC,20260901,0,4956,2026-09-02
TXN,TEXAS INSTRUMENTS INC,20260901,0,4956,2026-09-02
TXNM,TXNM ENERGY INC,20260901,0,4956,2026-09-02
TXRH,TEXAS ROADHOUSE INC,20260901,0,4956,2026-09-02
TXT,TEXTRON INC,20260901,0,4956,2026-09-02
TYGO,TIGO ENERGY INC,20260901,0,4956,2026-09-02
TYL,TYLER TECHNOLOGIES INC,20260901,0,4956,2026-09-02
TYRA,TYRA BIOSCIENCES INC,20260901,0,4956,2026-09-02
TZOO,TRAVELZOO,20260901,0,4956,2026-09-02
U,UNITY SOFTWARE INC,20260901,0,4956,2026-09-02
UA,UNDER ARMOUR INC-CLASS C,20260901,0,4956,2026-09-02
UAA,UNDER ARMOUR INC-CLASS A,20260901,0,4956,2026-09-02
UAC,UNITED ACQUISITION CORP I-A,20260901,0,4956,2026-09-02
UAL,UNITED AIRLINES HOLDINGS INC,20260901,0,4956,2026-09-02
UAMY,UNITED STATES ANTIMONY CORP,20260901,0,4956,2026-09-02
UAVS,AGEAGLE AERIAL SYSTEMS INC,20260901,0,4956,2026-09-02
UBCP,UNITED BANCORP INC/OHIO,20260901,0,4956,2026-09-02
UBER,UBER TECHNOLOGIES INC,20260901,0,4956,2026-09-02
UBS,UBS GROUP AG-REG,20260901,0,4956,2026-09-02
UBSI,UNITED BANKSHARES INC,20260901,0,4956,2026-09-02
UCAR,U POWER LTD-A,20260901,0,4956,2026-09-02
UCB,UNITED COMMUNITY BANKS/GA,20260901,0,4956,2026-09-02
UCFI,CN HEALTHY FOOD TECH GROUP C,20260901,0,4956,2026-09-02
UCTT,ULTRA CLEAN HOLDINGS INC,20260901,0,4956,2026-09-02
UEC,URANIUM ENERGY CORP,20260901,0,4956,2026-09-02
UEIC,UNIVERSAL ELECTRONICS INC,20260901,0,4956,2026-09-02
UFCS,UNITED FIRE GROUP INC,20260901,0,4956,2026-09-02
UFG,UNI-FUELS HOLDINGS LTD,20260901,0,4956,2026-09-02
UFI,UNIFI INC,20260901,0,4956,2026-09-02
UFPI,UFP INDUSTRIES INC,20260901,0,4956,2026-09-02
UFPT,UFP TECHNOLOGIES INC,20260901,0,4956,2026-09-02
UG,UNITED GUARDIAN INC,20260901,0,4956,2026-09-02
UGI,UGI CORP,20260901,0,4956,2026-09-02
UHAL,U-HAUL HOLDING CO,20260901,0,4956,2026-09-02
UHS,UNIVERSAL HEALTH SERVICES-B,20260901,0,4956,2026-09-02
UI,UBIQUITI INC,20260901,0,4956,2026-09-02
UIS,UNISYS CORP,20260901,0,4956,2026-09-02
UK,UCOMMUNE INTERNATIONAL LTD-A,20260901,0,4956,2026-09-02
ULBI,ULTRALIFE CORP,20260901,0,4956,2026-09-02
ULCC,FRONTIER GROUP HOLDINGS INC,20260901,0,4956,2026-09-02
ULH,UNIVERSAL LOGISTICS HOLDINGS,20260901,0,4956,2026-09-02
ULS,UL SOLUTIONS INC - CLASS A,20260901,0,4956,2026-09-02
ULTA,ULTA BEAUTY INC,20260901,0,4956,2026-09-02
UMAC,UNUSUAL MACHINES INC /US,20260901,0,4956,2026-09-02
UMBF,UMB FINANCIAL CORP,20260901,0,4956,2026-09-02
UNB,UNION BANKSHARES INC /VT,20260901,0,4956,2026-09-02
UNCY,UNICYCIVE THERAPEUTICS INC,20260901,0,4956,2026-09-02
UNF,UNIFIRST CORP/MA,20260901,0,4956,2026-09-02
UNFI,UNITED NATURAL FOODS INC,20260901,0,4956,2026-09-02
UNH,UNITEDHEALTH GROUP INC,20260901,0,4956,2026-09-02
UNIT,UNITI GROUP INC,20260901,0,4956,2026-09-02
UNM,UNUM GROUP,20260901,0,4956,2026-09-02
UNP,UNION PACIFIC CORP,20260901,0,4956,2026-09-02
UNTY,UNITY BANCORP INC,20260901,0,4956,2026-09-02
UONE,URBAN ONE INC,20260901,0,4956,2026-09-02
UONEK,URBAN ONE INC,20260901,0,4956,2026-09-02
UP,WHEELS UP EXPERIENCE INC,20260901,0,4956,2026-09-02
UPB,UPSTREAM BIO INC,20260901,0,4956,2026-09-02
UPBD,UPBOUND GROUP INC,20260901,0,4956,2026-09-02
UPC,UNIVERSE PHARMACEUTICAL-CL A,20260901,0,4956,2026-09-02
UPLD,UPLAND SOFTWARE INC,20260901,0,4956,2026-09-02
UPS,UNITED PARCEL SERVICE-CL B,20260901,0,4956,2026-09-02
UPST,UPSTART HOLDINGS INC,20260901,0,4956,2026-09-02
UPWK,UPWORK INC,20260901,0,4956,2026-09-02
UPXI,UPEXI INC,20260901,0,4956,2026-09-02
URBN,URBAN OUTFITTERS INC,20260901,0,4956,2026-09-02
URG,UR-ENERGY INC,20260901,0,4956,2026-09-02
URGN,UROGEN PHARMA LTD,20260901,0,4956,2026-09-02
URI,UNITED RENTALS INC,20260901,0,4956,2026-09-02
UROY,URANIUM ROYALTY CORP,20260901,0,4956,2026-09-02
USAR,USA RARE EARTH INC,20260901,0,4956,2026-09-02
USAS,AMERICAS GOLD AND SILVER COR,20260901,0,4956,2026-09-02
USAU,US GOLD CORP,20260901,0,4956,2026-09-02
USB,US BANCORP,20260901,0,4956,2026-09-02
USBC,USBC INC,20260901,0,4956,2026-09-02
USCB,USCB FINANCIAL HOLDINGS INC,20260901,0,4956,2026-09-02
USDE,STABLECOINX INC,20260901,0,4956,2026-09-02
USEA,UNITED MARITIME CORP,20260901,0,4956,2026-09-02
USFD,US FOODS HOLDING CORP,20260901,0,4956,2026-09-02
USGO,US GOLDMINING INC,20260901,0,4956,2026-09-02
USIO,USIO INC,20260901,0,4956,2026-09-02
USLM,UNITED STATES LIME & MINERAL,20260901,0,4956,2026-09-02
USNA,USANA HEALTH SCIENCES INC,20260901,0,4956,2026-09-02
USPH,U.S. PHYSICAL THERAPY INC,20260901,0,4956,2026-09-02
UTHR,UNITED THERAPEUTICS CORP,20260901,0,4956,2026-09-02
UTI,UNIVERSAL TECHNICAL INSTITUT,20260901,0,4956,2026-09-02
UTL,UNITIL CORP,20260901,0,4956,2026-09-02
UTMD,UTAH MEDICAL PRODUCTS INC,20260901,0,4956,2026-09-02
UTSI,UTSTARCOM HOLDINGS CORP,20260901,0,4956,2026-09-02
UTZ,UTZ BRANDS INC,20260901,0,4956,2026-09-02
UUU,UNIVERSAL SAFETY PRODUCTS IN,20260901,0,4956,2026-09-02
UUUU,ENERGY FUELS INC,20260901,0,4956,2026-09-02
UVE,UNIVERSAL INSURANCE HOLDINGS,20260901,0,4956,2026-09-02
UVSP,UNIVEST FINANCIAL CORP,20260901,0,4956,2026-09-02
UVV,UNIVERSAL CORP/VA,20260901,0,4956,2026-09-02
UWMC,UWM HOLDINGS CORP,20260901,0,4956,2026-09-02
UYSC,UY SCUTI ACQUISITION CORP,20260901,0,4956,2026-09-02
UZX,LINKAGE GLOBAL INC,20260901,0,4956,2026-09-02
V,VISA INC-CLASS A SHARES,20260901,0,4956,2026-09-02
VABK,VIRGINIA NATIONAL BANKSHARES,20260901,0,4956,2026-09-02
VAC,MARRIOTT VACATIONS WORLD,20260901,0,4956,2026-09-02
VACI,VIKING ACQUISITION CORP - A,20260901,0,4956,2026-09-02
VAI,VALOR ENERGY INCORPORATED,20260901,0,4956,2026-09-02
VAL,VALARIS LTD,20260901,0,4956,2026-09-02
VALU,VALUE LINE INC,20260901,0,4956,2026-09-02
VANI,VIVANI MEDICAL INC,20260901,0,4956,2026-09-02
VATE,INNOVATE CORP,20260901,0,4956,2026-09-02
VBIO,VALION BIO INC,20260901,0,4956,2026-09-02
VBNK,VERSABANK,20260901,0,4956,2026-09-02
VC,VISTEON CORP,20260901,0,4956,2026-09-02
VCEL,VERICEL CORP,20260901,0,4956,2026-09-02
VCIG,VCI GLOBAL LTD,20260901,0,4956,2026-09-02
VCTR,VICTORY CAPITAL HOLDING - A,20260901,0,4956,2026-09-02
VCYT,VERACYTE INC,20260901,0,4956,2026-09-02
VECA,VERNAL CAPITAL ACQUI CORP,20260901,0,4956,2026-09-02
VECO,VEECO INSTRUMENTS INC,20260901,0,4956,2026-09-02
VEEA,VEEA INC,20260901,0,4956,2026-09-02
VEEE,TWIN VEE POWERCATS CO,20260901,0,4956,2026-09-02
VEEV,VEEVA SYSTEMS INC-CLASS A,20260901,0,4956,2026-09-02
VEL,VELOCITY FINANCIAL INC,20260901,0,4956,2026-09-02
VELO,VELO3D INC,20260901,0,4956,2026-09-02
VENU,VENU HOLDING CORP,20260901,0,4956,2026-09-02
VERA,VERA THERAPEUTICS INC,20260901,0,4956,2026-09-02
VERI,VERITONE INC,20260901,0,4956,2026-09-02
VERU,VERU INC,20260901,0,4956,2026-09-02
VERX,VERTEX INC - CLASS A,20260901,0,4956,2026-09-02
VET,VERMILION ENERGY INC,20260901,0,4956,2026-09-02
VFC,VF CORP,20260901,0,4956,2026-09-02
VFF,VILLAGE FARMS INTERNATIONAL,20260901,0,4956,2026-09-02
VFS,VINFAST AUTO LTD,20260901,0,4956,2026-09-02
VG,VENTURE GLOBAL INC-CL A,20260901,0,4956,2026-09-02
VGAS,VERDE CLEAN FUELS INC,20260901,0,4956,2026-09-02
VGNT,VERSIGENT PLC,20260901,0,4956,2026-09-02
VGZ,VISTA GOLD CORP,20260901,0,4956,2026-09-02
VHC,VIRNETX HOLDING CORP,20260901,0,4956,2026-09-02
VHCP,VINE HILL CAPITAL INVES-CL A,20260901,0,4956,2026-09-02
VHI,VALHI INC,20260901,0,4956,2026-09-02
VHUB,VENHUB GLOBAL INC,20260901,0,4956,2026-09-02
VIA,VIA TRANSPORTATION INC-CL A,20260901,0,4956,2026-09-02
VIAV,VIAVI SOLUTIONS INC,20260901,0,4956,2026-09-02
VICR,VICOR CORP,20260901,0,4956,2026-09-02
VIDA,VIDA GLOBAL INC CL-A,20260901,0,4956,2026-09-02
VII,VIKING ACQUISITION CORP II-A,20260901,0,4956,2026-09-02
VIK,VIKING HOLDINGS LTD,20260901,0,4956,2026-09-02
VINP,VINCI COMPASS INVESTMENTS LT,20260901,0,4956,2026-09-02
VIP,VULCAN INFRASTRUCTURE AND PO,20260901,0,4956,2026-09-02
VIR,VIR BIOTECHNOLOGY INC,20260901,0,4956,2026-09-02
VIRC,VIRCO MFG CORPORATION,20260901,0,4956,2026-09-02
VIRT,VIRTU FINANCIAL INC-CLASS A,20260901,0,4956,2026-09-02
VISN,VISTANCE NETWORKS INC,20260901,0,4956,2026-09-02
VITL,VITAL FARMS INC,20260901,0,4956,2026-09-02
VIVK,VIVAKOR INC,20260901,0,4956,2026-09-02
VIVO,VIVOPOWER PLC-CLASS A,20260901,0,4956,2026-09-02
VIVS,VIVOSIM LABS INC,20260901,0,4956,2026-09-02
VKTX,VIKING THERAPEUTICS INC,20260901,0,4956,2026-09-02
VLGEA,VILLAGE SUPER MARKET-CLASS A,20260901,0,4956,2026-09-02
VLN,VALENS SEMICONDUCTOR LTD,20260901,0,4956,2026-09-02
VLO,VALERO ENERGY CORP,20260901,0,4956,2026-09-02
VLOS,VELOS ACQUISITION I CORP,20260901,0,4956,2026-09-02
VLTO,VERALTO CORP,20260901,0,4956,2026-09-02
VLY,VALLEY NATIONAL BANCORP,20260901,0,4956,2026-09-02
VMAR,VISION MARINE TECHNOLOGIES,20260901,0,4956,2026-09-02
VMC,VULCAN MATERIALS CO,20260901,0,4956,2026-09-02
VMD,VIEMED HEALTHCARE INC,20260901,0,4956,2026-09-02
VMET,VERSAMET ROYALTIES CORP,20260901,0,4956,2026-09-02
VMI,VALMONT INDUSTRIES,20260901,0,4956,2026-09-02
VNCE,VINCE HOLDING CORP,20260901,0,4956,2026-09-02
VNDA,VANDA PHARMACEUTICALS INC,20260901,0,4956,2026-09-02
VNME,VENDOME ACQUISITION CORP-A,20260901,0,4956,2026-09-02
VNOM,VIPER ENERGY INC-CL A,20260901,0,4956,2026-09-02
VNRX,VOLITIONRX LTD,20260901,0,4956,2026-09-02
VNT,VONTIER CORP,20260901,0,4956,2026-09-02
VNTG,VANTAGE CORP-CL A,20260901,0,4956,2026-09-02
VOGX,VOGENX INC,20260901,0,4956,2026-09-02
VOR,VOR BIOPHARMA INC,20260901,0,4956,2026-09-02
VOXR,VOX ROYALTY CORP,20260901,0,4956,2026-09-02
VOYA,VOYA FINANCIAL INC,20260901,0,4956,2026-09-02
VOYG,VOYAGER TECHNOLOGIES INC-A,20260901,0,4956,2026-09-02
VPG,VISHAY PRECISION GROUP,20260901,0,4956,2026-09-02
VRA,VERA BRADLEY INC,20260901,0,4956,2026-09-02
VRAX,VIRAX BIOLABS GROUP LTD,20260901,0,4956,2026-09-02
VRCA,VERRICA PHARMACEUTICALS INC,20260901,0,4956,2026-09-02
VRDN,VIRIDIAN THERAPEUTICS INC,20260901,0,4956,2026-09-02
VREX,VAREX IMAGING CORP,20260901,0,4956,2026-09-02
VRM,VROOM INC,20260901,0,4956,2026-09-02
VRME,VERIFYME INC,20260901,0,4956,2026-09-02
VRNS,VARONIS SYSTEMS INC,20260901,0,4956,2026-09-02
VRRM,VERRA MOBILITY CORP,20260901,0,4956,2026-09-02
VRSK,VERISK ANALYTICS INC,20260901,0,4956,2026-09-02
VRSN,VERISIGN INC,20260901,0,4956,2026-09-02
VRT,VERTIV HOLDINGS CO-A,20260901,0,4956,2026-09-02
VRTS,VIRTUS INVESTMENT PARTNERS,20260901,0,4956,2026-09-02
VRTX,VERTEX PHARMACEUTICALS INC,20260901,0,4956,2026-09-02
VRXA,VERAXA BIOTECH HOLDING AG,20260901,0,4956,2026-09-02
VS,VERSUS SYSTEMS INC,20260901,0,4956,2026-09-02
VSAT,VIASAT INC,20260901,0,4956,2026-09-02
VSEC,VSE CORP,20260901,0,4956,2026-09-02
VSH,VISHAY INTERTECHNOLOGY INC,20260901,0,4956,2026-09-02
VSME,VS MEDIA HOLDINGS LTD-CL A,20260901,0,4956,2026-09-02
VSNT,VERSANT MEDIA GROUP INC,20260901,0,4956,2026-09-02
VST,VISTRA CORP,20260901,0,4956,2026-09-02
VSTM,VERASTEM INC,20260901,0,4956,2026-09-02
VSTS,VESTIS CORP,20260901,0,4956,2026-09-02
VSXY,VICTORIA'S SECRET & CO,20260901,0,4956,2026-09-02
VTA,VITTORIA LTD,20260901,0,4956,2026-09-02
VTAK,CATHETER PRECISION INC,20260901,0,4956,2026-09-02
VTEX,VTEX -CLASS A,20260901,0,4956,2026-09-02
VTGN,VISTAGEN THERAPEUTICS INC,20260901,0,4956,2026-09-02
VTIX,VIRTUIX HOLDINGS INC-CL A,20260901,0,4956,2026-09-02
VTOL,BRISTOW GROUP INC,20260901,0,4956,2026-09-02
VTRS,VIATRIS INC,20260901,0,4956,2026-09-02
VTS,VITESSE ENERGY INC,20260901,0,4956,2026-09-02
VTSI,VIRTRA INC,20260901,0,4956,2026-09-02
VTVT,VTV THERAPEUTICS INC- CL A,20260901,0,4956,2026-09-02
VUZI,VUZIX CORP,20260901,0,4956,2026-09-02
VVOS,VIVOS THERAPEUTICS INC,20260901,0,4956,2026-09-02
VVV,VALVOLINE INC,20260901,0,4956,2026-09-02
VVX,V2X INC,20260901,0,4956,2026-09-02
VWAV,VISIONWAVE HOLDINGS INC,20260901,0,4956,2026-09-02
VYGR,VOYAGER THERAPEUTICS INC,20260901,0,4956,2026-09-02
VYX,NCR VOYIX CORP,20260901,0,4956,2026-09-02
VZ,VERIZON COMMUNICATIONS INC,20260901,0,4956,2026-09-02
VZLA,VIZSLA SILVER CORP,20260901,0,4956,2026-09-02
W,WAYFAIR INC- CLASS A,20260901,0,4956,2026-09-02
WAB,WABTEC CORP,20260901,0,4956,2026-09-02
WABC,WESTAMERICA BANCORPORATION,20260901,0,4956,2026-09-02
WAFD,WAFD INC,20260901,0,4956,2026-09-02
WAFU,WAH FU EDUCATION GROUP LTD,20260901,0,4956,2026-09-02
WAL,WESTERN ALLIANCE BANCORP,20260901,0,4956,2026-09-02
WALD,WALDENCAST PLC-A,20260901,0,4956,2026-09-02
WASH,WASHINGTON TRUST BANCORP,20260901,0,4956,2026-09-02
WAT,WATERS CORP,20260901,0,4956,2026-09-02
WATR,AIR WATER VENTURES LTD,20260901,0,4956,2026-09-02
WATT,ENERGOUS CORP,20260901,0,4956,2026-09-02
WAY,WAYSTAR HOLDING CORP,20260901,0,4956,2026-09-02
WBD,WARNER BROS DISCOVERY INC,20260901,0,4956,2026-09-02
WBI,WATERBRIDGE INFRASTRUC-CL A,20260901,0,4956,2026-09-02
WBTN,WEBTOON ENTERTAINMENT INC,20260901,0,4956,2026-09-02
WBUY,WEBUY GLOBAL LTD-CL A,20260901,0,4956,2026-09-02
WBX,WALLBOX NV,20260901,0,4956,2026-09-02
WCC,WESCO INTERNATIONAL INC,20260901,0,4956,2026-09-02
WCN,WASTE CONNECTIONS INC,20260901,0,4956,2026-09-02
WCT,WELLCHANGE HOLDINGS CO LTD-A,20260901,0,4956,2026-09-02
WD,WALKER & DUNLOP INC,20260901,0,4956,2026-09-02
WDAY,WORKDAY INC-CLASS A,20260901,0,4956,2026-09-02
WDC,WESTERN DIGITAL CORP,20260901,0,4956,2026-09-02
WDFC,WD-40 CO,20260901,0,4956,2026-09-02
WEAV,WEAVE COMMUNICATIONS INC,20260901,0,4956,2026-09-02
WEC,WEC ENERGY GROUP INC,20260901,0,4956,2026-09-02
WEN,WENDY'S CO/THE,20260901,0,4956,2026-09-02
WENC,WEST ENCLAVE MERGER CORP,20260901,0,4956,2026-09-02
WENN,WEN ACQUISITION CORP-A,20260901,0,4956,2026-09-02
WERN,WERNER ENTERPRISES INC,20260901,0,4956,2026-09-02
WEST,WESTROCK COFFEE CO,20260901,0,4956,2026-09-02
WETH,WETOUCH TECHNOLOGY INC,20260901,0,4956,2026-09-02
WETO,WETOUR ROBOTICS LTD,20260901,0,4956,2026-09-02
WEX,WEX INC,20260901,0,4956,2026-09-02
WEYS,WEYCO GROUP INC,20260901,0,4956,2026-09-02
WFC,WELLS FARGO & CO,20260901,0,4956,2026-09-02
WFCF,WHERE FOOD COMES FROM INC,20260901,0,4956,2026-09-02
WFF,WF HOLDING LTD/MY,20260901,0,4956,2026-09-02
WFG,WEST FRASER TIMBER CO LTD,20260901,0,4956,2026-09-02
WFRD,WEATHERFORD INTERNATIONAL PL,20260901,0,4956,2026-09-02
WGO,WINNEBAGO INDUSTRIES,20260901,0,4956,2026-09-02
WGS,GENEDX HOLDINGS CORP,20260901,0,4956,2026-09-02
WH,WYNDHAM HOTELS & RESORTS INC,20260901,0,4956,2026-09-02
WHD,CACTUS INC - A,20260901,0,4956,2026-09-02
WHF,WHITEHORSE FINANCE INC,20260901,0,4956,2026-09-02
WHG,WESTWOOD HOLDINGS GROUP INC,20260901,0,4956,2026-09-02
WHK,WHITEHAWK MINERALS CORP-CL A,20260901,0,4956,2026-09-02
WHR,WHIRLPOOL CORP,20260901,0,4956,2026-09-02
WHWK,WHITEHAWK THERAPEUTICS INC,20260901,0,4956,2026-09-02
WIMI,WIMI HOLOGRAM CLOUD INC-B,20260901,0,4956,2026-09-02
WINA,WINMARK CORP,20260901,0,4956,2026-09-02
WING,WINGSTOP INC,20260901,0,4956,2026-09-02
WIX,WIX.COM LTD,20260901,0,4956,2026-09-02
WK,WORKIVA INC,20260901,0,4956,2026-09-02
WKC,WORLD KINECT CORP,20260901,0,4956,2026-09-02
WKHS,WORKHORSE GROUP INC,20260901,0,4956,2026-09-02
WKSP,WORKSPORT LTD,20260901,0,4956,2026-09-02
WLCO,WILCO 63 CORP-A,20260901,0,4956,2026-09-02
WLDN,WILLDAN GROUP INC,20260901,0,4956,2026-09-02
WLDS,WEARABLE DEVICES LTD,20260901,0,4956,2026-09-02
WLFC,WILLIS LEASE FINANCE CORP,20260901,0,4956,2026-09-02
WLII,WILLOW LANE ACQUISITION-CL A,20260901,0,4956,2026-09-02
WLK,WESTLAKE CORP,20260901,0,4956,2026-09-02
WLTH,WEALTHFRONT CORP,20260901,0,4956,2026-09-02
WLY,WILEY (JOHN) & SONS-CLASS A,20260901,0,4956,2026-09-02
WLYB,WILEY (JOHN) & SONS-CL B,20260901,0,4956,2026-09-02
WM,WASTE MANAGEMENT INC,20260901,0,4956,2026-09-02
WMB,WILLIAMS COS INC,20260901,0,4956,2026-09-02
WMG,WARNER MUSIC GROUP CORP-CL A,20260901,0,4956,2026-09-02
WMK,WEIS MARKETS INC,20260901,0,4956,2026-09-02
WMS,ADVANCED DRAINAGE SYSTEMS IN,20260901,0,4956,2026-09-02
WMT,WALMART INC,20260901,0,4956,2026-09-02
WNC,WABASH NATIONAL CORP,20260901,0,4956,2026-09-02
WNEB,WESTERN NEW ENGLAND BANCORP,20260901,0,4956,2026-09-02
WNW,MEIWU TECHNOLOGY CO LTD,20260901,0,4956,2026-09-02
WOK,WORK MEDICAL TECHNOLOGY GR-A,20260901,0,4956,2026-09-02
WOLF,WOLFSPEED INC,20260901,0,4956,2026-09-02
WOOF,PETCO HEALTH AND WELLNESS CO,20260901,0,4956,2026-09-02
WOR,WORTHINGTON ENTERPRISES INC,20260901,0,4956,2026-09-02
WPAC,WHITE PEARL ACQUISITION CO-A,20260901,0,4956,2026-09-02
WPM,WHEATON PRECIOUS METALS CORP,20260901,0,4956,2026-09-02
WPRT,WESTPORT FUEL SYSTEMS INC,20260901,0,4956,2026-09-02
WRAP,WRAP TECHNOLOGIES INC,20260901,0,4956,2026-09-02
WRB,WR BERKLEY CORP,20260901,0,4956,2026-09-02
WRBY,WARBY PARKER INC-CLASS A,20260901,0,4956,2026-09-02
WRLD,WORLD ACCEPTANCE CORP,20260901,0,4956,2026-09-02
WRN,WESTERN COPPER AND GOLD CORP,20260901,0,4956,2026-09-02
WS,WORTHINGTON STEEL INC,20260901,0,4956,2026-09-02
WSBC,WESBANCO INC,20260901,0,4956,2026-09-02
WSBF,WATERSTONE FINANCIAL INC,20260901,0,4956,2026-09-02
WSBK,WINCHESTER BANCORP INC,20260901,0,4956,2026-09-02
WSC,WILLSCOT HOLDINGS CORP,20260901,0,4956,2026-09-02
WSE,WISE GROUP PLC-CL A,20260901,0,4956,2026-09-02
WSFS,WSFS FINANCIAL CORP,20260901,0,4956,2026-09-02
WSHP,WESHOP HOLDINGS LTD-CL A,20260901,0,4956,2026-09-02
WSM,WILLIAMS-SONOMA INC,20260901,0,4956,2026-09-02
WSO,WATSCO INC,20260901,0,4956,2026-09-02
WST,WEST PHARMACEUTICAL SERVICES,20260901,0,4956,2026-09-02
WSTN,WESTIN ACQUISITION CORP-A,20260901,0,4956,2026-09-02
WT,WISDOMTREE INC,20260901,0,4956,2026-09-02
WTBA,WEST BANCORPORATION,20260901,0,4956,2026-09-02
WTF,WATON FINANCIAL LTD,20260901,0,4956,2026-09-02
WTFC,WINTRUST FINANCIAL CORP,20260901,0,4956,2026-09-02
WTG,WINTERGREEN ACQUISITION CORP,20260901,0,4956,2026-09-02
WTI,W&T OFFSHORE INC,20260901,0,4956,2026-09-02
WTM,WHITE MOUNTAINS INSURANCE GP,20260901,0,4956,2026-09-02
WTRG,ESSENTIAL UTILITIES INC,20260901,0,4956,2026-09-02
WTS,WATTS WATER TECHNOLOGIES-A,20260901,0,4956,2026-09-02
WTTR,SELECT WATER SOLUTIONS INC,20260901,0,4956,2026-09-02
WTW,WILLIS TOWERS WATSON PLC,20260901,0,4956,2026-09-02
WU,WESTERN UNION CO,20260901,0,4956,2026-09-02
WULF,TERAWULF INC,20260901,0,4956,2026-09-02
WVE,WAVE LIFE SCIENCES INC,20260901,0,4956,2026-09-02
WVVI,WILLAMETTE VALLEY VINEYARDS,20260901,0,4956,2026-09-02
WW,WW INTERNATIONAL INC-NEW,20260901,0,4956,2026-09-02
WWD,WOODWARD INC,20260901,0,4956,2026-09-02
WWR,WESTWATER RESOURCES INC,20260901,0,4956,2026-09-02
WWW,WOLVERINE WORLD WIDE INC,20260901,0,4956,2026-09-02
WXM,WF INTERNATIONAL LTD,20260901,0,4956,2026-09-02
WYFI,WHITEFIBER INC,20260901,0,4956,2026-09-02
WYNN,WYNN RESORTS LTD,20260901,0,4956,2026-09-02
WYY,WIDEPOINT CORP,20260901,0,4956,2026-09-02
XAIR,BEYOND AIR INC,20260901,0,4956,2026-09-02
XBIO,XENETIC BIOSCIENCES INC,20260901,0,4956,2026-09-02
XBIT,XBIOTECH INC,20260901,0,4956,2026-09-02
XBP,XBP GLOBAL HOLDINGS INC,20260901,0,4956,2026-09-02
XCBE,X3 ACQUISITION CORP LTD-CL A,20260901,0,4956,2026-09-02
XCUR,EXICURE INC,20260901,0,4956,2026-09-02
XE,X-ENERGY INC,20260901,0,4956,2026-09-02
XEL,XCEL ENERGY INC,20260901,0,4956,2026-09-02
XELB,XCEL BRANDS INC,20260901,0,4956,2026-09-02
XENE,XENON PHARMACEUTICALS INC,20260901,0,4956,2026-09-02
XERS,XERIS BIOPHARMA HOLDINGS INC,20260901,0,4956,2026-09-02
XFLH,XFLH CAPITAL CORP,20260901,0,4956,2026-09-02
XFOR,X4 PHARMACEUTICALS INC,20260901,0,4956,2026-09-02
XGN,EXAGEN INC,20260901,0,4956,2026-09-02
XHLD,TEN HOLDINGS INC,20260901,0,4956,2026-09-02
XIFR,XPLR INFRASTRUCTURE LP,20260901,0,4956,2026-09-02
XLAB,EXASCALE LABS HOLDINGS INC,20260901,0,4956,2026-09-02
XLO,XILIO THERAPEUTICS INC,20260901,0,4956,2026-09-02
XMAX,XMAX INC,20260901,0,4956,2026-09-02
XMTR,XOMETRY INC-A,20260901,0,4956,2026-09-02
XNCR,XENCOR INC,20260901,0,4956,2026-09-02
XNDU,XANADU QUANTUM TECHNOLO-CL B,20260901,0,4956,2026-09-02
XOM,EXXONMOBIL HOLDINGS CORP,20260901,0,4956,2026-09-02
XOS,XOS INC,20260901,0,4956,2026-09-02
XP,XP INC - CLASS A,20260901,0,4956,2026-09-02
XPEL,XPEL INC,20260901,0,4956,2026-09-02
XPER,XPERI INC,20260901,0,4956,2026-09-02
XPL,SOLITARIO RESOURCES CORP,20260901,0,4956,2026-09-02
XPO,XPO INC,20260901,0,4956,2026-09-02
XPOF,XPONENTIAL FITNESS INC-A,20260901,0,4956,2026-09-02
XPON,EXPION ENERGY INC,20260901,0,4956,2026-09-02
XPRO,EXPRO LTD,20260901,0,4956,2026-09-02
XRAY,DENTSPLY SIRONA INC,20260901,0,4956,2026-09-02
XRPN,ARMADA ACQUISITION -CLASS A,20260901,0,4956,2026-09-02
XRTX,XORTX THERAPEUTICS INC,20260901,0,4956,2026-09-02
XRX,XEROX HOLDINGS CORP,20260901,0,4956,2026-09-02
XSLL,XSOLLA SPAC 1-CL A,20260901,0,4956,2026-09-02
XTER,KARMAN LINE ACQUISITION-CL A,20260901,0,4956,2026-09-02
XTIA,XTI AEROSPACE INC,20260901,0,4956,2026-09-02
XTNT,XTANT MEDICAL HOLDINGS INC,20260901,0,4956,2026-09-02
XWEL,XWELL INC,20260901,0,4956,2026-09-02
XXI,TWENTY ONE CAPITAL INC-CL A,20260901,0,4956,2026-09-02
XXII,22ND CENTURY GROUP INC,20260901,0,4956,2026-09-02
XYL,XYLEM INC,20260901,0,4956,2026-09-02
XYZ,BLOCK INC,20260901,0,4956,2026-09-02
XZO,EXZEO GROUP INC,20260901,0,4956,2026-09-02
YAAS,YOUXIN TECHNOLOGY LTD-CL A,20260901,0,4956,2026-09-02
YARW,YARROW BIOSCIENCE INC,20260901,0,4956,2026-09-02
YCBD,CBDMD INC,20260901,0,4956,2026-09-02
YCY,AA MISSION ACQUISITION-A,20260901,0,4956,2026-09-02
YDDL,ONE AND ONE GREEN TECH-CL A,20260901,0,4956,2026-09-02
YDES,YD BIO LTD,20260901,0,4956,2026-09-02
YDKG,YUEDA DIGITAL HOLDING-CL A,20260901,0,4956,2026-09-02
YELP,YELP INC,20260901,0,4956,2026-09-02
YETI,YETI HOLDINGS INC,20260901,0,4956,2026-09-02
YEXT,YEXT INC,20260901,0,4956,2026-09-02
YHC,LQR HOUSE INC,20260901,0,4956,2026-09-02
YHGJ,YUNHONG GREEN CTI LTD,20260901,0,4956,2026-09-02
YHNA,YHN ACQUISITION I LTD,20260901,0,4956,2026-09-02
YIBO,PLANET IMAGE INTERNATIONAL L,20260901,0,4956,2026-09-02
YICC,YORKVILLE INTERNATIONAL CA-A,20260901,0,4956,2026-09-02
YMAT,J-STAR HOLDING CO LTD-A,20260901,0,4956,2026-09-02
YORW,YORK WATER CO,20260901,0,4956,2026-09-02
YOU,CLEAR SECURE INC -CLASS A,20260901,0,4956,2026-09-02
YSS,YORK SPACE SYSTEMS INC,20260901,0,4956,2026-09-02
YSWY,YESWAY INC-A,20260901,0,4956,2026-09-02
YSXT,YSX TECH CO LTD,20260901,0,4956,2026-09-02
YTRA,YATRA ONLINE INC,20260901,0,4956,2026-09-02
YUM,YUM! BRANDS INC,20260901,0,4956,2026-09-02
YUMC,YUM CHINA HOLDINGS INC,20260901,0,4956,2026-09-02
YYAI,AIRWA INC,20260901,0,4956,2026-09-02
YYGH,YY GROUP HOLDING LTD-CLASS A,20260901,0,4956,2026-09-02
Z,ZILLOW GROUP INC - C,20260901,0,4956,2026-09-02
ZBAO,ZHIBAO TECHNOLOGY INC,20260901,0,4956,2026-09-02
ZBH,ZIMMER BIOMET HOLDINGS INC,20260901,0,4956,2026-09-02
ZBIO,ZENAS BIOPHARMA INC,20260901,0,4956,2026-09-02
ZBRA,ZEBRA TECHNOLOGIES CORP-CL A,20260901,0,4956,2026-09-02
ZCMD,ZHONGCHAO INC-CLASS A,20260901,0,4956,2026-09-02
ZD,ZIFF DAVIS INC,20260901,0,4956,2026-09-02
ZDAI,DIRECTBOOKING TECHNOLOGY- A,20260901,0,4956,2026-09-02
ZDGE,ZEDGE INC-CL B,20260901,0,4956,2026-09-02
ZENA,ZENATECH INC,20260901,0,4956,2026-09-02
ZEO,ZEO ENERGY CORP,20260901,0,4956,2026-09-02
ZETA,ZETA GLOBAL HOLDINGS CORP-A,20260901,0,4956,2026-09-02
ZG,ZILLOW GROUP INC - A,20260901,0,4956,2026-09-02
ZGN,ERMENEGILDO ZEGNA NV,20260901,0,4956,2026-09-02
ZIM,ZIM INTEGRATED SHIPPING SERV,20260901,0,4956,2026-09-02
ZION,ZIONS BANCORP NA,20260901,0,4956,2026-09-02
ZIP,ZIPRECRUITER INC-A,20260901,0,4956,2026-09-02
ZJK,ZJK INDUSTRIAL CO LTD-A,20260901,0,4956,2026-09-02
ZJYL,JIN MEDICAL INTERNATIONAL-A,20260901,0,4956,2026-09-02
ZKIN,ZK INTERNATIONAL GROUP CO LT,20260901,0,4956,2026-09-02
ZKP,LAFAYETTE DIGITAL ACQUISITIO,20260901,0,4956,2026-09-02
ZM,ZOOM COMMUNICATIONS INC,20260901,0,4956,2026-09-02
ZNB,ZETA NETWORK GROUP,20260901,0,4956,2026-09-02
ZNTL,ZENTALIS PHARMACEUTICALS INC,20260901,0,4956,2026-09-02
ZONE,ZONE FRONTIER INC,20260901,0,4956,2026-09-02
ZOOZ,ZOOZ STRATEGY LTD,20260901,0,4956,2026-09-02
ZS,ZSCALER INC,20260901,0,4956,2026-09-02
ZSQR,Z SQUARED INC,20260901,0,4956,2026-09-02
ZSTK,ZEROSTACK CORP,20260901,0,4956,2026-09-02
ZTEK,ZENTEK LTD,20260901,0,4956,2026-09-02
ZTG,ZENTA GROUP CO LTD-CL A,20260901,0,4956,2026-09-02
ZTS,ZOETIS INC,20260901,0,4956,2026-09-02
ZUMZ,ZUMIEZ INC,20260901,0,4956,2026-09-02
ZURA,ZURA BIO LTD,20260901,0,4956,2026-09-02
ZVIA,ZEVIA PBC-A,20260901,0,4956,2026-09-02
ZVRA,ZEVRA THERAPEUTICS INC,20260901,0,4956,2026-09-02
ZWS,ZURN ELKAY WATER SOLUTIONS C,20260901,0,4956,2026-09-02
ZYBT,ZHENGYE BIOTECHNOLOGY-A,20260901,0,4956,2026-09-02
ZYME,ZYMEWORKS INC,20260901,0,4956,2026-09-02
